[05/Aug/2026 11:51:23] "HEAD / HTTP/1.1" 200 -
[05/Aug/2026 11:51:56] "GET / HTTP/1.1" 200 -
[05/Aug/2026 11:51:56] "GET /api/photos HTTP/1.1" 200 -
[05/Aug/2026 11:51:56] code 404, message File not found
[05/Aug/2026 11:51:56] "GET /favicon.ico HTTP/1.1" 404 -
[05/Aug/2026 11:51:56] "GET /Photos/2022/2022-02_%E9%AB%98%E9%9B%84%E5%B8%82/IMG_0936.jpeg HTTP/1.1" 200 -
[05/Aug/2026 11:51:56] "GET /Photos/2022/2022-06_%E9%A6%AC%E5%85%AC%E5%B8%82/IMG_8448.JPG HTTP/1.1" 200 -
[05/Aug/2026 11:51:56] "GET /Photos/2022/2022-06_%E9%A6%AC%E5%85%AC%E5%B8%82/IMG_8460.JPG HTTP/1.1" 200 -
[05/Aug/2026 11:51:56] "GET /Photos/2022/2022-04_%E6%96%B0%E5%9F%8E%E9%84%89/IMG_1673.jpeg HTTP/1.1" 200 -
[05/Aug/2026 11:51:56] "GET /Photos/2022/2022-02_%E9%AB%98%E9%9B%84%E5%B8%82/IMG_1223.jpeg HTTP/1.1" 200 -
[05/Aug/2026 11:51:56] "GET /Photos/2022/2022-05_%E6%9C%AA%E7%9F%A5%E5%9C%B0%E9%BB%9E/IMG_2039.JPG HTTP/1.1" 200 -
[05/Aug/2026 11:51:56] "GET /Photos/2022/2022-02_%E5%A4%AA%E9%BA%BB%E9%87%8C%E9%84%89/IMG_1262.jpeg HTTP/1.1" 200 -
[05/Aug/2026 11:51:56] "GET /Photos/2022/2022-05_%E6%9C%AA%E7%9F%A5%E5%9C%B0%E9%BB%9E/IMG_2038.JPG HTTP/1.1" 200 -
[05/Aug/2026 11:51:56] "GET /Photos/2022/2022-05_%E5%8D%97%E7%AB%BF%E9%84%89/IMG_1976.jpeg HTTP/1.1" 200 -
[05/Aug/2026 11:51:56] "GET /Photos/2022/2022-05_%E5%8D%97%E7%AB%BF%E9%84%89/IMG_1833.jpeg HTTP/1.1" 200 -
[05/Aug/2026 11:51:56] "GET /Photos/2022/2022-06_%E8%87%BA%E4%B8%AD%E5%B8%82/IMG_2120.jpeg HTTP/1.1" 200 -
[05/Aug/2026 11:51:56] "GET /Photos/2022/2022-02_%E9%AB%98%E9%9B%84%E5%B8%82/IMG_1219.jpeg HTTP/1.1" 200 -
[05/Aug/2026 11:51:56] "GET /Photos/2022/2022-06_%E9%A6%AC%E5%85%AC%E5%B8%82/IMG_8487.jpeg HTTP/1.1" 200 -
[05/Aug/2026 11:51:56] "GET /Photos/2022/2022-05_%E6%9D%B1%E5%BC%95%E9%84%89/IMG_1921.jpeg HTTP/1.1" 200 -
[05/Aug/2026 11:51:56] "GET /Photos/2022/2022-02_%E5%A4%AA%E9%BA%BB%E9%87%8C%E9%84%89/IMG_1258.jpeg HTTP/1.1" 200 -
[05/Aug/2026 11:51:56] "GET /Photos/2022/2022-05_%E5%8D%97%E7%AB%BF%E9%84%89/IMG_1960.jpeg HTTP/1.1" 200 -
[05/Aug/2026 11:51:56] "GET /Photos/2022/2022-02_%E5%A3%BD%E8%B1%90%E9%84%89/IMG_1063.jpeg HTTP/1.1" 200 -
[05/Aug/2026 11:51:56] "GET /Photos/2022/2022-06_%E9%A6%AC%E5%85%AC%E5%B8%82/IMG_8449.JPG HTTP/1.1" 200 -
[05/Aug/2026 11:51:56] "GET /Photos/2022/2022-06_%E9%A6%AC%E5%85%AC%E5%B8%82/IMG_8491.jpeg HTTP/1.1" 200 -
[05/Aug/2026 11:51:56] "GET /Photos/2022/2022-06_%E8%87%BA%E4%B8%AD%E5%B8%82/IMG_2116.jpeg HTTP/1.1" 200 -
[05/Aug/2026 11:51:56] "GET /Photos/2022/2022-04_%E6%96%B0%E5%9F%8E%E9%84%89/IMG_8761.jpeg HTTP/1.1" 200 -
[05/Aug/2026 11:51:56] "GET /Photos/2022/2022-12_%E8%87%BA%E5%8C%97%E5%B8%82/IMG_2803.jpeg HTTP/1.1" 200 -
[05/Aug/2026 11:51:56] "GET /Photos/2022/2022-02_%E9%AB%98%E9%9B%84%E5%B8%82/IMG_1215.jpeg HTTP/1.1" 200 -
[05/Aug/2026 11:51:56] "GET /Photos/2022/2022-02_%E9%AB%98%E9%9B%84%E5%B8%82/IMG_0957.jpeg HTTP/1.1" 200 -
[05/Aug/2026 11:51:56] "GET /Photos/2022/2022-02_%E5%9F%94%E9%87%8C%E9%8E%AE/IMG_1350.jpeg HTTP/1.1" 200 -
[05/Aug/2026 11:51:57] "GET /Photos/2022/2022-08_%E5%9F%BA%E9%9A%86%E5%B8%82/IMG_2481.jpeg HTTP/1.1" 200 -
[05/Aug/2026 11:51:57] "GET /Photos/2022/2022-02_%E5%A3%BD%E8%B1%90%E9%84%89/IMG_1307.jpeg HTTP/1.1" 200 -
[05/Aug/2026 11:51:57] "GET /Photos/2022/2022-05_%E9%80%A3%E6%B1%9F%E7%B8%A3/IMG_1887.jpeg HTTP/1.1" 200 -
[05/Aug/2026 11:51:57] "GET /Photos/2022/2022-05_%E5%8C%97%E7%AB%BF%E9%84%89/IMG_1891.jpeg HTTP/1.1" 200 -
[05/Aug/2026 11:51:57] "GET /Photos/2022/2022-06_%E9%A6%AC%E5%85%AC%E5%B8%82/IMG_8476.JPG HTTP/1.1" 200 -
[05/Aug/2026 11:51:57] "GET /Photos/2022/2022-02_%E9%AB%98%E9%9B%84%E5%B8%82/IMG_0943.JPG HTTP/1.1" 200 -
[05/Aug/2026 11:51:57] "GET /Photos/2022/2022-05_%E5%8D%97%E7%AB%BF%E9%84%89/IMG_1983.jpeg HTTP/1.1" 200 -
[05/Aug/2026 12:50:31] "GET /api/photos HTTP/1.1" 200 -
[05/Aug/2026 12:50:31] "GET /Photos/2022/2022-05_%E5%8D%97%E7%AB%BF%E9%84%89/IMG_1976.jpeg HTTP/1.1" 200 -
[05/Aug/2026 12:50:31] "GET /Photos/2022/2022-06_%E8%87%BA%E4%B8%AD%E5%B8%82/IMG_2116.jpeg HTTP/1.1" 200 -
[05/Aug/2026 12:50:31] "GET /Photos/2022/2022-05_%E9%80%A3%E6%B1%9F%E7%B8%A3/IMG_1887.jpeg HTTP/1.1" 200 -
[05/Aug/2026 12:50:32] "GET /Photos/2022/2022-05_%E5%8D%97%E7%AB%BF%E9%84%89/IMG_1983.jpeg HTTP/1.1" 200 -
[05/Aug/2026 12:50:34] "GET /Photos/2022/2022-04_%E6%96%B0%E5%9F%8E%E9%84%89/IMG_8760.jpeg HTTP/1.1" 200 -
[05/Aug/2026 12:50:34] "GET /Photos/2022/2022-12_%E8%87%BA%E5%8C%97%E5%B8%82/IMG_2802.jpeg HTTP/1.1" 200 -
[05/Aug/2026 12:50:34] "GET /Photos/2022/2022-04_%E6%96%B0%E5%9F%8E%E9%84%89/IMG_1672.jpeg HTTP/1.1" 200 -
[05/Aug/2026 12:50:34] "GET /Photos/2022/2022-02_%E9%AB%98%E9%9B%84%E5%B8%82/IMG_1222.jpeg HTTP/1.1" 200 -
[05/Aug/2026 12:50:34] "GET /Photos/2022/2022-02_%E7%A7%80%E6%9E%97%E9%84%89/IMG_6112.jpeg HTTP/1.1" 200 -
[05/Aug/2026 12:50:34] "GET /Photos/2022/2022-02_%E9%AB%98%E9%9B%84%E5%B8%82/IMG_0951.jpeg HTTP/1.1" 200 -
[05/Aug/2026 12:50:34] "GET /Photos/2022/2022-04_%E6%96%B0%E5%9F%8E%E9%84%89/IMG_1675.jpeg HTTP/1.1" 200 -
[05/Aug/2026 12:50:34] "GET /Photos/2022/2022-04_%E6%96%B0%E5%9F%8E%E9%84%89/IMG_1706.jpeg HTTP/1.1" 200 -
[05/Aug/2026 12:50:34] "GET /Photos/2022/2022-05_%E6%9C%AA%E7%9F%A5%E5%9C%B0%E9%BB%9E/IMG_2048.JPG HTTP/1.1" 200 -
[05/Aug/2026 12:50:34] "GET /Photos/2022/2022-04_%E6%96%B0%E5%9F%8E%E9%84%89/IMG_8827.JPG HTTP/1.1" 200 -
[05/Aug/2026 12:50:34] "GET /Photos/2022/2022-04_%E6%96%B0%E5%9F%8E%E9%84%89/IMG_8818.JPG HTTP/1.1" 200 -
[05/Aug/2026 12:50:34] "GET /Photos/2022/2022-05_%E6%9C%AA%E7%9F%A5%E5%9C%B0%E9%BB%9E/IMG_2049.JPG HTTP/1.1" 200 -
[05/Aug/2026 12:50:34] "GET /Photos/2022/2022-04_%E6%96%B0%E5%9F%8E%E9%84%89/IMG_1674.jpeg HTTP/1.1" 200 -
[05/Aug/2026 12:50:34] "GET /Photos/2022/2022-04_%E6%96%B0%E5%9F%8E%E9%84%89/IMG_8809.JPG HTTP/1.1" 200 -
[05/Aug/2026 12:50:34] "GET /Photos/2022/2022-04_%E6%96%B0%E5%9F%8E%E9%84%89/IMG_8837.JPG HTTP/1.1" 200 -
[05/Aug/2026 12:50:34] "GET /Photos/2022/2022-02_%E7%A7%80%E6%9E%97%E9%84%89/IMG_6113.jpeg HTTP/1.1" 200 -
[05/Aug/2026 12:50:34] "GET /Photos/2022/2022-05_%E6%9C%AA%E7%9F%A5%E5%9C%B0%E9%BB%9E/IMG_2084.JPG HTTP/1.1" 200 -
[05/Aug/2026 12:50:34] "GET /Photos/2022/2022-04_%E6%96%B0%E5%9F%8E%E9%84%89/IMG_1704.jpeg HTTP/1.1" 200 -
[05/Aug/2026 12:50:34] "GET /Photos/2022/2022-04_%E6%96%B0%E5%9F%8E%E9%84%89/IMG_8765.jpeg HTTP/1.1" 200 -
[05/Aug/2026 12:50:34] "GET /Photos/2022/2022-05_%E6%9C%AA%E7%9F%A5%E5%9C%B0%E9%BB%9E/IMG_2082.JPG HTTP/1.1" 200 -
[05/Aug/2026 12:50:34] "GET /Photos/2022/2022-05_%E6%9C%AA%E7%9F%A5%E5%9C%B0%E9%BB%9E/IMG_2083.JPG HTTP/1.1" 200 -
[05/Aug/2026 12:50:34] "GET /Photos/2022/2022-04_%E6%96%B0%E5%9F%8E%E9%84%89/IMG_8800.JPG HTTP/1.1" 200 -
[05/Aug/2026 12:50:34] "GET /Photos/2022/2022-04_%E6%96%B0%E5%9F%8E%E9%84%89/IMG_8764.jpeg HTTP/1.1" 200 -
[05/Aug/2026 12:50:34] "GET /Photos/2022/2022-04_%E6%96%B0%E5%9F%8E%E9%84%89/IMG_1705.jpeg HTTP/1.1" 200 -
[05/Aug/2026 12:50:34] "GET /Photos/2022/2022-02_%E9%AB%98%E9%9B%84%E5%B8%82/IMG_0952.jpeg HTTP/1.1" 200 -
[05/Aug/2026 12:50:34] "GET /Photos/2022/2022-04_%E6%96%B0%E5%9F%8E%E9%84%89/IMG_1671.jpeg HTTP/1.1" 200 -
[05/Aug/2026 12:50:34] "GET /Photos/2022/2022-04_%E6%96%B0%E5%9F%8E%E9%84%89/IMG_8759.jpeg HTTP/1.1" 200 -
[05/Aug/2026 12:50:38] "GET /Photos/2022/2022-02_%E9%AB%98%E9%9B%84%E5%B8%82/IMG_0955.jpeg HTTP/1.1" 200 -
[05/Aug/2026 12:50:38] "GET /Photos/2022/2022-04_%E6%96%B0%E5%9F%8E%E9%84%89/IMG_8763.jpeg HTTP/1.1" 200 -
[05/Aug/2026 12:50:38] "GET /Photos/2022/2022-12_%E8%87%BA%E5%8C%97%E5%B8%82/IMG_2800.jpeg HTTP/1.1" 200 -
[05/Aug/2026 12:50:38] "GET /Photos/2022/2022-04_%E6%96%B0%E5%9F%8E%E9%84%89/IMG_8762.jpeg HTTP/1.1" 200 -
[05/Aug/2026 12:50:38] "GET /Photos/2022/2022-04_%E6%96%B0%E5%9F%8E%E9%84%89/IMG_1703.jpeg HTTP/1.1" 200 -
[05/Aug/2026 12:50:38] "GET /Photos/2022/2022-02_%E9%AB%98%E9%9B%84%E5%B8%82/IMG_0954.jpeg HTTP/1.1" 200 -
[05/Aug/2026 12:50:38] "GET /Photos/2022/2022-02_%E9%AB%98%E9%9B%84%E5%B8%82/IMG_0958.jpeg HTTP/1.1" 200 -
[05/Aug/2026 12:50:38] "GET /Photos/2014/2014-01_%E6%9C%AA%E7%9F%A5%E5%9C%B0%E9%BB%9E/DF418703-B031-4312-ABA7-AEFCE4462FCE.jpeg HTTP/1.1" 200 -
[05/Aug/2026 12:50:38] "GET /Photos/2014/2014-01_%E6%9C%AA%E7%9F%A5%E5%9C%B0%E9%BB%9E/E8579411-CD1B-49F6-9F8E-D1076DC9D5A4.jpeg HTTP/1.1" 200 -
[05/Aug/2026 12:50:38] "GET /Photos/2014/2014-01_%E6%9C%AA%E7%9F%A5%E5%9C%B0%E9%BB%9E/8931FA6D-22B3-4DC5-BBD7-6D45ECB9D16F_1_201_a.jpeg HTTP/1.1" 200 -
[05/Aug/2026 12:50:38] "GET /Photos/2014/2014-07_%E6%9C%AA%E7%9F%A5%E5%9C%B0%E9%BB%9E/03DB2F13-FEE4-48DD-BE8B-9C3E1C3B9E91.jpeg HTTP/1.1" 200 -
[05/Aug/2026 12:50:38] "GET /Photos/2014/2014-01_%E6%9C%AA%E7%9F%A5%E5%9C%B0%E9%BB%9E/DA27E1B8-0DA1-456F-A776-EB9E0A123619.jpeg HTTP/1.1" 200 -
[05/Aug/2026 12:50:38] "GET /Photos/2014/2014-11_%E6%9C%AA%E7%9F%A5%E5%9C%B0%E9%BB%9E/8865F82A-7B30-482F-95DF-F07D59A4A7B0_1_201_a.jpeg HTTP/1.1" 200 -
[05/Aug/2026 12:50:38] "GET /Photos/2014/2014-11_%E6%9C%AA%E7%9F%A5%E5%9C%B0%E9%BB%9E/36AF1EAC-F78A-47CD-9578-7A8A7845795E.jpeg HTTP/1.1" 200 -
[05/Aug/2026 12:50:38] "GET /Photos/2014/2014-11_%E6%9C%AA%E7%9F%A5%E5%9C%B0%E9%BB%9E/B895BE78-8A82-4488-8293-73581CAB59FF.jpeg HTTP/1.1" 200 -
[05/Aug/2026 12:50:38] "GET /Photos/2014/2014-10_%E6%9C%AA%E7%9F%A5%E5%9C%B0%E9%BB%9E/01D230A6-E82C-4954-B673-6CCE2998DF15.jpeg HTTP/1.1" 200 -
[05/Aug/2026 12:50:38] "GET /Photos/2014/2014-10_%E6%9C%AA%E7%9F%A5%E5%9C%B0%E9%BB%9E/3BC0F4B9-AB00-475D-8A5F-1A8284D309F8.jpeg HTTP/1.1" 200 -
[05/Aug/2026 12:50:38] "GET /Photos/2014/2014-10_%E6%9C%AA%E7%9F%A5%E5%9C%B0%E9%BB%9E/4522884A-DAAB-45A2-976B-13718FC035AC.jpeg HTTP/1.1" 200 -
[05/Aug/2026 12:50:38] "GET /Photos/2014/2014-10_%E6%9C%AA%E7%9F%A5%E5%9C%B0%E9%BB%9E/487B05D1-62E2-46B8-9D9D-8A906E929C0F.jpeg HTTP/1.1" 200 -
[05/Aug/2026 12:50:38] "GET /Photos/2014/2014-10_%E6%9C%AA%E7%9F%A5%E5%9C%B0%E9%BB%9E/306A572D-A0C3-440F-AC66-E072C4A9A47E.jpeg HTTP/1.1" 200 -
[05/Aug/2026 12:50:38] "GET /Photos/2014/2014-10_%E6%9C%AA%E7%9F%A5%E5%9C%B0%E9%BB%9E/09DE5551-D988-4088-81A1-9C078BA53D05.jpeg HTTP/1.1" 200 -
[05/Aug/2026 12:50:38] "GET /Photos/2014/2014-10_%E6%9C%AA%E7%9F%A5%E5%9C%B0%E9%BB%9E/ACE485FF-C1AD-4523-8E34-338EC4F72B9A.jpeg HTTP/1.1" 200 -
[05/Aug/2026 12:50:38] "GET /Photos/2014/2014-10_%E6%9C%AA%E7%9F%A5%E5%9C%B0%E9%BB%9E/CE87E9AA-D164-447F-9FE2-AFC8694C935F.jpeg HTTP/1.1" 200 -
[05/Aug/2026 12:50:38] "GET /Photos/2014/2014-10_%E6%9C%AA%E7%9F%A5%E5%9C%B0%E9%BB%9E/6D79DDCF-23A0-48F4-AC48-49F1AA620008_1_201_a.jpeg HTTP/1.1" 200 -
[05/Aug/2026 12:50:38] "GET /Photos/2014/2014-10_%E6%9C%AA%E7%9F%A5%E5%9C%B0%E9%BB%9E/87E61128-8850-42EE-8B87-F30C0CA20DF8.jpeg HTTP/1.1" 200 -
[05/Aug/2026 12:50:38] "GET /Photos/2014/2014-09_%E6%9C%AA%E7%9F%A5%E5%9C%B0%E9%BB%9E/B0B9767A-4402-49D7-BD49-57A91E0B6611.jpeg HTTP/1.1" 200 -
[05/Aug/2026 12:50:38] "GET /Photos/2014/2014-10_%E6%9C%AA%E7%9F%A5%E5%9C%B0%E9%BB%9E/64EBE622-FF52-4A49-89F1-4F0839A19AE5.jpeg HTTP/1.1" 200 -
[05/Aug/2026 12:50:38] "GET /Photos/2014/2014-09_%E6%9C%AA%E7%9F%A5%E5%9C%B0%E9%BB%9E/F43FD08A-2900-4603-BF10-3898BF5B0642.jpeg HTTP/1.1" 200 -
[05/Aug/2026 12:50:38] "GET /Photos/2014/2014-05_%E6%9C%AA%E7%9F%A5%E5%9C%B0%E9%BB%9E/FBE9B881-1C22-4C5E-A304-D7A9B9F4EA60.jpeg HTTP/1.1" 200 -
[05/Aug/2026 12:50:38] "GET /Photos/2014/2014-05_%E6%9C%AA%E7%9F%A5%E5%9C%B0%E9%BB%9E/13E5F047-B20C-473F-BF27-91B75398038C_1_201_a.jpeg HTTP/1.1" 200 -
[05/Aug/2026 12:50:38] "GET /Photos/2014/2014-05_%E6%9C%AA%E7%9F%A5%E5%9C%B0%E9%BB%9E/1193CA18-8F53-454D-B5FC-72460889BD04_1_201_a.jpeg HTTP/1.1" 200 -
[05/Aug/2026 12:50:38] "GET /Photos/2014/2014-05_%E6%9C%AA%E7%9F%A5%E5%9C%B0%E9%BB%9E/6BE35E04-55B3-46AE-B080-F49C3B14E14E_1_201_a.jpeg HTTP/1.1" 200 -
[05/Aug/2026 12:50:38] "GET /Photos/2014/2014-05_%E6%9C%AA%E7%9F%A5%E5%9C%B0%E9%BB%9E/3DCD28C2-848B-46E9-A594-83EB4240DBEA_1_201_a.jpeg HTTP/1.1" 200 -
[05/Aug/2026 12:50:38] "GET /Photos/2014/2014-05_%E6%9C%AA%E7%9F%A5%E5%9C%B0%E9%BB%9E/5B353DD9-5179-491C-A510-A95B2A5499F4_1_201_a.jpeg HTTP/1.1" 200 -
[05/Aug/2026 12:50:38] "GET /Photos/2014/2014-05_%E6%9C%AA%E7%9F%A5%E5%9C%B0%E9%BB%9E/BF8A43DB-2BAA-4071-9EDC-7EDA89CCC700_1_201_a.jpeg HTTP/1.1" 200 -
[05/Aug/2026 12:50:38] "GET /Photos/2014/2014-05_%E6%9C%AA%E7%9F%A5%E5%9C%B0%E9%BB%9E/B59C44FE-95F5-4FB5-9157-FF2CDACAAE9F_1_201_a.jpeg HTTP/1.1" 200 -
[05/Aug/2026 12:50:38] "GET /Photos/2014/2014-05_%E6%9C%AA%E7%9F%A5%E5%9C%B0%E9%BB%9E/F1E2E237-10B8-45D5-9EC9-281740FAA91E_1_201_a.jpeg HTTP/1.1" 200 -
[05/Aug/2026 12:50:38] "GET /Photos/2014/2014-05_%E6%9C%AA%E7%9F%A5%E5%9C%B0%E9%BB%9E/9B84D6F0-8A63-42BE-9F32-0C5CA2B1DA7E.jpeg HTTP/1.1" 200 -
[05/Aug/2026 12:50:38] "GET /Photos/2014/2014-04_%E6%9C%AA%E7%9F%A5%E5%9C%B0%E9%BB%9E/ACE983F6-9279-471D-95A2-82A2BFADC563.jpeg HTTP/1.1" 200 -
[05/Aug/2026 12:50:38] "GET /Photos/2014/2014-04_%E6%9C%AA%E7%9F%A5%E5%9C%B0%E9%BB%9E/8A53FE94-9C15-4545-8CBD-7327C07794AA.jpeg HTTP/1.1" 200 -
[05/Aug/2026 12:50:38] "GET /Photos/2014/2014-04_%E6%9C%AA%E7%9F%A5%E5%9C%B0%E9%BB%9E/581C9CED-F0CA-43DB-9BB4-DC9BAEB1C6D5.jpeg HTTP/1.1" 200 -
[05/Aug/2026 12:50:38] "GET /Photos/2014/2014-04_%E6%9C%AA%E7%9F%A5%E5%9C%B0%E9%BB%9E/0F4834D6-610A-42BA-8131-F1B9EB30A34A.jpeg HTTP/1.1" 200 -
[05/Aug/2026 12:50:38] "GET /Photos/2014/2014-04_%E6%9C%AA%E7%9F%A5%E5%9C%B0%E9%BB%9E/1F6355FF-AFC9-4BBF-AD11-FD91CB2B1CF9.jpeg HTTP/1.1" 200 -
[05/Aug/2026 12:50:38] "GET /Photos/2014/2014-04_%E6%9C%AA%E7%9F%A5%E5%9C%B0%E9%BB%9E/F526ED26-3023-4C8D-AE6B-CB5B4EF20431_1_201_a.jpeg HTTP/1.1" 200 -
[05/Aug/2026 12:50:38] "GET /Photos/2014/2014-04_%E6%9C%AA%E7%9F%A5%E5%9C%B0%E9%BB%9E/A7831F54-5003-4266-BC23-1DA34F178DD0.jpeg HTTP/1.1" 200 -
[05/Aug/2026 12:50:38] "GET /Photos/2014/2014-04_%E6%9C%AA%E7%9F%A5%E5%9C%B0%E9%BB%9E/CA6762D1-BC11-4922-BEAA-060F28324D00.jpeg HTTP/1.1" 200 -
[05/Aug/2026 12:50:38] "GET /Photos/2014/2014-04_%E6%9C%AA%E7%9F%A5%E5%9C%B0%E9%BB%9E/6C6A20E1-10CB-40C3-BE1D-3D146DD1441F.jpeg HTTP/1.1" 200 -
[05/Aug/2026 12:50:38] "GET /Photos/2014/2014-04_%E6%9C%AA%E7%9F%A5%E5%9C%B0%E9%BB%9E/A9CDE83B-6A5C-49AB-B913-3903AF52AD74.jpeg HTTP/1.1" 200 -
[05/Aug/2026 12:50:38] "GET /Photos/2014/2014-04_%E6%9C%AA%E7%9F%A5%E5%9C%B0%E9%BB%9E/82B4B58C-88ED-4F80-A4FF-C1D0C5EC5477.jpeg HTTP/1.1" 200 -
[05/Aug/2026 12:50:38] "GET /Photos/2014/2014-12_%E6%9C%AA%E7%9F%A5%E5%9C%B0%E9%BB%9E/102B244C-BAFD-4C15-BB6C-9E3B52B12B3F.jpeg HTTP/1.1" 200 -
[05/Aug/2026 12:50:38] "GET /Photos/2014/2014-12_%E6%9C%AA%E7%9F%A5%E5%9C%B0%E9%BB%9E/0E38DC45-A1C0-4F11-BE2A-0BF14C59B55C.jpeg HTTP/1.1" 200 -
[05/Aug/2026 12:50:38] "GET /Photos/2014/2014-12_%E6%9C%AA%E7%9F%A5%E5%9C%B0%E9%BB%9E/B61756EF-173F-4AA3-869C-6A402282E817.jpeg HTTP/1.1" 200 -
[05/Aug/2026 12:50:38] "GET /Photos/2014/2014-12_%E6%9C%AA%E7%9F%A5%E5%9C%B0%E9%BB%9E/44070BF5-8EFF-4FA0-AEC8-B3F51B904F3E.jpeg HTTP/1.1" 200 -
[05/Aug/2026 12:50:38] "GET /Photos/2014/2014-12_%E6%9C%AA%E7%9F%A5%E5%9C%B0%E9%BB%9E/8EC19966-7109-41D0-89CB-FDFFA2D5DC2C.jpeg HTTP/1.1" 200 -
[05/Aug/2026 12:50:38] "GET /Photos/2014/2014-12_%E6%9C%AA%E7%9F%A5%E5%9C%B0%E9%BB%9E/B1EBEF79-FD86-473E-986B-B6A416BF8F96.jpeg HTTP/1.1" 200 -
[05/Aug/2026 12:50:38] "GET /Photos/2014/2014-12_%E6%9C%AA%E7%9F%A5%E5%9C%B0%E9%BB%9E/E55031CA-573E-4E79-9333-9AD71E68B616.jpeg HTTP/1.1" 200 -
[05/Aug/2026 12:50:39] "GET /Photos/2014/2014-12_%E6%9C%AA%E7%9F%A5%E5%9C%B0%E9%BB%9E/5960C2FC-9560-449C-A069-DFDBCAD62929.jpeg HTTP/1.1" 200 -
[05/Aug/2026 12:50:39] "GET /Photos/2014/2014-12_%E6%9C%AA%E7%9F%A5%E5%9C%B0%E9%BB%9E/960293AA-4B85-4178-882C-53115A6F0C5A.jpeg HTTP/1.1" 200 -
[05/Aug/2026 12:50:39] "GET /Photos/2014/2014-12_%E6%9C%AA%E7%9F%A5%E5%9C%B0%E9%BB%9E/67134D98-D3F7-49C6-8DB6-4527807921DB.jpeg HTTP/1.1" 200 -
[05/Aug/2026 12:50:39] "GET /Photos/2014/2014-12_%E6%9C%AA%E7%9F%A5%E5%9C%B0%E9%BB%9E/5994D638-E0F7-4C87-BD02-76CD4998643B.jpeg HTTP/1.1" 200 -
[05/Aug/2026 12:50:39] "GET /Photos/2014/2014-12_%E6%9C%AA%E7%9F%A5%E5%9C%B0%E9%BB%9E/52DD6471-8F78-4CF9-B0E7-5E11DBE14463.jpeg HTTP/1.1" 200 -
[05/Aug/2026 12:50:39] "GET /Photos/2014/2014-12_%E6%9C%AA%E7%9F%A5%E5%9C%B0%E9%BB%9E/16B3EE8B-1876-4E86-A5CA-03B0FF29A6BC.jpeg HTTP/1.1" 200 -
[05/Aug/2026 12:50:39] "GET /Photos/2014/2014-12_%E6%9C%AA%E7%9F%A5%E5%9C%B0%E9%BB%9E/38586C0D-C9A0-4C03-92C7-7CABCEC85881.jpeg HTTP/1.1" 200 -
[05/Aug/2026 12:50:39] "GET /Photos/2014/2014-12_%E6%9C%AA%E7%9F%A5%E5%9C%B0%E9%BB%9E/3A6ECDA9-5884-408B-98D1-3C1DD2274C93.jpeg HTTP/1.1" 200 -
[05/Aug/2026 12:50:39] "GET /Photos/2014/2014-12_%E6%9C%AA%E7%9F%A5%E5%9C%B0%E9%BB%9E/D98F0742-28E5-4003-BBE0-2A0297E90E6C.jpeg HTTP/1.1" 200 -
[05/Aug/2026 12:50:39] "GET /Photos/2014/2014-12_%E6%9C%AA%E7%9F%A5%E5%9C%B0%E9%BB%9E/9EB0D04A-F8E9-43AF-BBA5-33149513291B.jpeg HTTP/1.1" 200 -
[05/Aug/2026 12:50:39] "GET /Photos/2014/2014-12_%E6%9C%AA%E7%9F%A5%E5%9C%B0%E9%BB%9E/F16D28A0-B84E-4D89-B3A0-4B9EAC92A853.jpeg HTTP/1.1" 200 -
[05/Aug/2026 12:50:39] "GET /Photos/2014/2014-12_%E6%9C%AA%E7%9F%A5%E5%9C%B0%E9%BB%9E/CC41068C-A378-4626-BD7C-8A72932BB15E.jpeg HTTP/1.1" 200 -
[05/Aug/2026 12:50:39] "GET /Photos/2014/2014-12_%E6%9C%AA%E7%9F%A5%E5%9C%B0%E9%BB%9E/41ECB071-EF13-4215-844C-34F73C594B09.jpeg HTTP/1.1" 200 -
[05/Aug/2026 12:50:39] "GET /Photos/2014/2014-12_%E6%9C%AA%E7%9F%A5%E5%9C%B0%E9%BB%9E/24D30C99-3920-4460-B1CE-CC14D882A276.jpeg HTTP/1.1" 200 -
[05/Aug/2026 12:50:39] "GET /Photos/2014/2014-12_%E6%9C%AA%E7%9F%A5%E5%9C%B0%E9%BB%9E/5984A6A0-932C-4155-85B3-249F06CF965B.jpeg HTTP/1.1" 200 -
[05/Aug/2026 12:50:39] "GET /Photos/2014/2014-12_%E6%9C%AA%E7%9F%A5%E5%9C%B0%E9%BB%9E/E38D1A82-C81D-4EA1-BE19-4D1CB4FE92CF.jpeg HTTP/1.1" 200 -
[05/Aug/2026 12:50:40] "GET /Photos/2014/2014-12_%E6%9C%AA%E7%9F%A5%E5%9C%B0%E9%BB%9E/0936FF8B-AEE1-4B51-B6DB-20F22F9A9B71.jpeg HTTP/1.1" 200 -
[05/Aug/2026 12:50:40] "GET /Photos/2014/2014-12_%E6%9C%AA%E7%9F%A5%E5%9C%B0%E9%BB%9E/11B40644-7C0C-4648-976A-B1D4F0BBEA5E.jpeg HTTP/1.1" 200 -
[05/Aug/2026 12:50:40] "GET /Photos/2014/2014-12_%E6%9C%AA%E7%9F%A5%E5%9C%B0%E9%BB%9E/D1AB7E40-B81F-4D43-9CF0-BBA4313AC050.jpeg HTTP/1.1" 200 -
[05/Aug/2026 12:50:40] "GET /Photos/2014/2014-12_%E6%9C%AA%E7%9F%A5%E5%9C%B0%E9%BB%9E/76C9F87C-788A-48E0-B758-D00E18559A85.jpeg HTTP/1.1" 200 -
[05/Aug/2026 12:50:40] "GET /Photos/2014/2014-12_%E6%9C%AA%E7%9F%A5%E5%9C%B0%E9%BB%9E/17398D2D-0FD3-4ACA-86EB-E2EFFC9D4C82.jpeg HTTP/1.1" 200 -
[05/Aug/2026 12:50:40] "GET /Photos/2014/2014-12_%E6%9C%AA%E7%9F%A5%E5%9C%B0%E9%BB%9E/30ED87D9-2C19-4FCB-A983-865FBC056964.jpeg HTTP/1.1" 200 -
[05/Aug/2026 12:50:40] "GET /Photos/2014/2014-12_%E6%9C%AA%E7%9F%A5%E5%9C%B0%E9%BB%9E/DB1887D5-8566-462A-B473-307E13E83061.jpeg HTTP/1.1" 200 -
[05/Aug/2026 12:50:40] "GET /Photos/2014/2014-12_%E6%9C%AA%E7%9F%A5%E5%9C%B0%E9%BB%9E/164C05F5-F6C0-4E28-BC2A-7E00779DC267.jpeg HTTP/1.1" 200 -
[05/Aug/2026 12:50:40] "GET /Photos/2014/2014-12_%E6%9C%AA%E7%9F%A5%E5%9C%B0%E9%BB%9E/8D3FEE49-2F68-434C-9141-3D3905DE864E.jpeg HTTP/1.1" 200 -
[05/Aug/2026 12:50:40] "GET /Photos/2014/2014-12_%E6%9C%AA%E7%9F%A5%E5%9C%B0%E9%BB%9E/7FA8E402-A90A-4EAD-B9EC-C4287C0ACA4D.jpeg HTTP/1.1" 200 -
[05/Aug/2026 12:50:40] "GET /Photos/2014/2014-12_%E6%9C%AA%E7%9F%A5%E5%9C%B0%E9%BB%9E/1300C9CD-518B-4F0F-8047-9516816A388A.jpeg HTTP/1.1" 200 -
[05/Aug/2026 12:50:40] "GET /Photos/2014/2014-12_%E6%9C%AA%E7%9F%A5%E5%9C%B0%E9%BB%9E/8AF726C7-BBFF-4FDF-BF28-FDC362037CCA.jpeg HTTP/1.1" 200 -
[05/Aug/2026 12:50:40] "GET /Photos/2014/2014-12_%E6%9C%AA%E7%9F%A5%E5%9C%B0%E9%BB%9E/E9F0A2F4-9AB4-4047-97C7-8181164CE0EB.jpeg HTTP/1.1" 200 -
[05/Aug/2026 12:50:40] "GET /Photos/2014/2014-12_%E6%9C%AA%E7%9F%A5%E5%9C%B0%E9%BB%9E/1A1E1A00-733B-4AD3-99EE-25FF26A512FE.jpeg HTTP/1.1" 200 -
[05/Aug/2026 12:50:40] "GET /Photos/2014/2014-12_%E6%9C%AA%E7%9F%A5%E5%9C%B0%E9%BB%9E/6A078090-AC4C-4ED6-9FCC-0BFD6A6A3166.jpeg HTTP/1.1" 200 -
[05/Aug/2026 12:50:40] "GET /Photos/2014/2014-12_%E6%9C%AA%E7%9F%A5%E5%9C%B0%E9%BB%9E/C09FCEB0-9312-437E-B6B2-158FED93CA74.jpeg HTTP/1.1" 200 -
[05/Aug/2026 12:50:40] "GET /Photos/2014/2014-12_%E6%9C%AA%E7%9F%A5%E5%9C%B0%E9%BB%9E/5048F534-01DB-4ADE-860F-6A465534A6C1.jpeg HTTP/1.1" 200 -
[05/Aug/2026 12:50:40] "GET /Photos/2014/2014-12_%E6%9C%AA%E7%9F%A5%E5%9C%B0%E9%BB%9E/7C72A833-0289-4ABF-9BC0-16D2AA37864F.jpeg HTTP/1.1" 200 -
[05/Aug/2026 12:50:40] "GET /Photos/2014/2014-12_%E6%9C%AA%E7%9F%A5%E5%9C%B0%E9%BB%9E/5C6FA681-6030-4DED-ACED-ACDB09D6359B.jpeg HTTP/1.1" 200 -
[05/Aug/2026 12:50:40] "GET /Photos/2014/2014-12_%E6%9C%AA%E7%9F%A5%E5%9C%B0%E9%BB%9E/957A0EAD-8DEA-4CB3-8D70-D459D4DDCA5B.jpeg HTTP/1.1" 200 -
[05/Aug/2026 12:50:40] "GET /Photos/2014/2014-08_%E6%9C%AA%E7%9F%A5%E5%9C%B0%E9%BB%9E/652D5764-CB8D-4DE8-919C-4486341E8CBD.jpeg HTTP/1.1" 200 -
[05/Aug/2026 12:50:40] "GET /Photos/2014/2014-08_%E6%9C%AA%E7%9F%A5%E5%9C%B0%E9%BB%9E/1E76CA58-C2EB-4143-8557-E69F37BB5FD4.jpeg HTTP/1.1" 200 -
[05/Aug/2026 12:50:40] "GET /Photos/2014/2014-08_%E6%9C%AA%E7%9F%A5%E5%9C%B0%E9%BB%9E/ED773ADA-4F4C-4A01-BBAC-654AB1CE3639.jpeg HTTP/1.1" 200 -
[05/Aug/2026 12:50:40] "GET /Photos/2014/2014-08_%E6%9C%AA%E7%9F%A5%E5%9C%B0%E9%BB%9E/9DA2D871-AF52-4826-BC2E-E709A3C24BF7.jpeg HTTP/1.1" 200 -
[05/Aug/2026 12:50:40] "GET /Photos/2014/2014-03_%E6%9C%AA%E7%9F%A5%E5%9C%B0%E9%BB%9E/575699AB-7450-4E42-AF5B-3932B4D9F4AE.jpeg HTTP/1.1" 200 -
[05/Aug/2026 12:50:40] "GET /Photos/2014/2014-03_%E6%9C%AA%E7%9F%A5%E5%9C%B0%E9%BB%9E/CD57BE3F-E3B0-4D78-A27B-16BE29FC5076.jpeg HTTP/1.1" 200 -
[05/Aug/2026 12:50:40] "GET /Photos/2014/2014-03_%E6%9C%AA%E7%9F%A5%E5%9C%B0%E9%BB%9E/0716522C-2B72-4449-9B4C-2FA67095015F.jpeg HTTP/1.1" 200 -
[05/Aug/2026 12:50:40] "GET /Photos/2014/2014-03_%E6%9C%AA%E7%9F%A5%E5%9C%B0%E9%BB%9E/1099A546-B091-4DFC-A50A-2100069E28CF.jpeg HTTP/1.1" 200 -
[05/Aug/2026 12:50:40] "GET /Photos/2014/2014-03_%E6%9C%AA%E7%9F%A5%E5%9C%B0%E9%BB%9E/A45BDB78-DFE3-4D4A-995E-70E3C138E9D0.jpeg HTTP/1.1" 200 -
[05/Aug/2026 12:50:40] "GET /Photos/2014/2014-03_%E6%9C%AA%E7%9F%A5%E5%9C%B0%E9%BB%9E/F21EC8B0-1648-41C5-82F6-4FAFDA416E16.jpeg HTTP/1.1" 200 -
[05/Aug/2026 12:50:40] "GET /Photos/2014/2014-03_%E6%9C%AA%E7%9F%A5%E5%9C%B0%E9%BB%9E/05107094-AD6B-4380-ACC8-776F94BEA355.jpeg HTTP/1.1" 200 -
[05/Aug/2026 12:50:40] "GET /Photos/2014/2014-02_%E6%9C%AA%E7%9F%A5%E5%9C%B0%E9%BB%9E/069EA691-B3DA-4039-8ECF-720801345B9E.jpeg HTTP/1.1" 200 -
[05/Aug/2026 12:50:40] "GET /Photos/2014/2014-02_%E6%9C%AA%E7%9F%A5%E5%9C%B0%E9%BB%9E/0888E135-A48E-46AB-AECB-7CE1D0717A88.jpeg HTTP/1.1" 200 -
[05/Aug/2026 12:50:40] "GET /Photos/2014/2014-02_%E6%9C%AA%E7%9F%A5%E5%9C%B0%E9%BB%9E/72B0248B-2A15-4C8B-B8DF-705CF1D1E97D.jpeg HTTP/1.1" 200 -
[05/Aug/2026 12:50:40] "GET /Photos/2015/2015-01_%E6%9C%AA%E7%9F%A5%E5%9C%B0%E9%BB%9E/006E115A-C855-411A-8EEC-0D007D0F2717.jpeg HTTP/1.1" 200 -
[05/Aug/2026 12:50:40] "GET /Photos/2014/2014-02_%E6%9C%AA%E7%9F%A5%E5%9C%B0%E9%BB%9E/5285378A-9483-4115-8E95-9FAC80907975.jpeg HTTP/1.1" 200 -
[05/Aug/2026 12:50:40] "GET /Photos/2015/2015-01_%E6%9C%AA%E7%9F%A5%E5%9C%B0%E9%BB%9E/FF7ADD92-A314-45C7-A42B-A8DEA7C04E9B.jpeg HTTP/1.1" 200 -
[05/Aug/2026 12:50:40] "GET /Photos/2015/2015-01_%E6%9C%AA%E7%9F%A5%E5%9C%B0%E9%BB%9E/31560909-CFAA-4EFF-838E-8E040138AE98.jpeg HTTP/1.1" 200 -
[05/Aug/2026 12:50:40] "GET /Photos/2015/2015-01_%E6%9C%AA%E7%9F%A5%E5%9C%B0%E9%BB%9E/7FB04777-84FD-4C9A-AFBC-CBAA2AEC212C.jpeg HTTP/1.1" 200 -
[05/Aug/2026 12:50:40] "GET /Photos/2015/2015-01_%E6%9C%AA%E7%9F%A5%E5%9C%B0%E9%BB%9E/F29DEB04-F737-4E28-982B-CBE6A81C48F2.jpeg HTTP/1.1" 200 -
[05/Aug/2026 12:50:40] "GET /Photos/2015/2015-01_%E6%9C%AA%E7%9F%A5%E5%9C%B0%E9%BB%9E/76311E34-EE11-4F0E-96BC-60C5CD38396C.jpeg HTTP/1.1" 200 -
[05/Aug/2026 12:50:40] "GET /Photos/2015/2015-01_%E6%9C%AA%E7%9F%A5%E5%9C%B0%E9%BB%9E/2EBF7EBA-9563-4BBC-9090-334E8676FC89.jpeg HTTP/1.1" 200 -
[05/Aug/2026 12:50:40] "GET /Photos/2015/2015-01_%E6%9C%AA%E7%9F%A5%E5%9C%B0%E9%BB%9E/1A30119A-3A05-4B51-BE85-C5B3CA5986E7.jpeg HTTP/1.1" 200 -
[05/Aug/2026 12:50:40] "GET /Photos/2015/2015-01_%E6%9C%AA%E7%9F%A5%E5%9C%B0%E9%BB%9E/793EF672-148F-482B-AC21-56225B213BAF.jpeg HTTP/1.1" 200 -
[05/Aug/2026 12:50:40] "GET /Photos/2015/2015-01_%E6%9C%AA%E7%9F%A5%E5%9C%B0%E9%BB%9E/D0AC7A2D-97FE-4FC6-AC5B-90C6F934A343.jpeg HTTP/1.1" 200 -
[05/Aug/2026 12:50:40] "GET /Photos/2015/2015-01_%E6%9C%AA%E7%9F%A5%E5%9C%B0%E9%BB%9E/87051BFF-7882-4F2A-B074-392EABE47D65.jpeg HTTP/1.1" 200 -
[05/Aug/2026 12:50:40] "GET /Photos/2015/2015-01_%E6%9C%AA%E7%9F%A5%E5%9C%B0%E9%BB%9E/8ED4369D-D4EB-4554-B844-7F1F136963ED.jpeg HTTP/1.1" 200 -
[05/Aug/2026 12:50:40] "GET /Photos/2015/2015-01_%E6%9C%AA%E7%9F%A5%E5%9C%B0%E9%BB%9E/84AED7CE-E3E5-4BD0-B073-A3CBEDA10EC2.jpeg HTTP/1.1" 200 -
[05/Aug/2026 12:50:40] "GET /Photos/2015/2015-06_%E6%9C%AA%E7%9F%A5%E5%9C%B0%E9%BB%9E/4482DF17-E2B8-4D8D-86D6-4FBCE72E8175.jpeg HTTP/1.1" 200 -
[05/Aug/2026 12:50:40] "GET /Photos/2015/2015-06_%E6%9C%AA%E7%9F%A5%E5%9C%B0%E9%BB%9E/D8835F65-AC99-4818-AB1C-700CED1C6A8A.jpeg HTTP/1.1" 200 -
[05/Aug/2026 12:50:40] "GET /Photos/2015/2015-04_%E6%9C%AA%E7%9F%A5%E5%9C%B0%E9%BB%9E/59D0B759-B92A-4B8E-A31D-5520D3DE5AC2.jpeg HTTP/1.1" 200 -
[05/Aug/2026 12:50:40] "GET /Photos/2015/2015-07_%E6%9C%AA%E7%9F%A5%E5%9C%B0%E9%BB%9E/9702D3FF-7019-4ED5-9B41-A9528108BFEC.jpeg HTTP/1.1" 200 -
[05/Aug/2026 12:50:40] "GET /Photos/2015/2015-02_%E6%9C%AA%E7%9F%A5%E5%9C%B0%E9%BB%9E/F35B261F-40E3-4EDD-BE07-D8AC3279879A.jpeg HTTP/1.1" 200 -
[05/Aug/2026 12:50:40] "GET /Photos/2015/2015-05_%E6%9C%AA%E7%9F%A5%E5%9C%B0%E9%BB%9E/7808F3E5-4D94-498B-82EC-46E3C3914EBC.jpeg HTTP/1.1" 200 -
[05/Aug/2026 12:50:40] "GET /Photos/2015/2015-05_%E6%9C%AA%E7%9F%A5%E5%9C%B0%E9%BB%9E/32029F66-0A27-4B50-B020-6974F483910C.jpeg HTTP/1.1" 200 -
[05/Aug/2026 12:50:40] "GET /Photos/2015/2015-02_%E6%9C%AA%E7%9F%A5%E5%9C%B0%E9%BB%9E/ACDD9A0C-15FB-4A9A-A9BD-51B596A76BE4.jpeg HTTP/1.1" 200 -
[05/Aug/2026 12:50:40] "GET /Photos/2015/2015-02_%E6%9C%AA%E7%9F%A5%E5%9C%B0%E9%BB%9E/CA6259C3-45EB-4353-B5E3-47DA751E68DD.jpeg HTTP/1.1" 200 -
[05/Aug/2026 12:50:40] "GET /Photos/2015/2015-02_%E6%9C%AA%E7%9F%A5%E5%9C%B0%E9%BB%9E/0FD90030-40E9-482E-B19C-3D9FB5FAB3EF.jpeg HTTP/1.1" 200 -
[05/Aug/2026 12:50:40] "GET /Photos/2015/2015-02_%E6%9C%AA%E7%9F%A5%E5%9C%B0%E9%BB%9E/CEE68055-0899-4DD3-A481-702F35DAF867.jpeg HTTP/1.1" 200 -
[05/Aug/2026 12:50:40] "GET /Photos/2015/2015-02_%E6%9C%AA%E7%9F%A5%E5%9C%B0%E9%BB%9E/58E0CC38-DCAC-4BA5-BEA6-75E47144CD26.jpeg HTTP/1.1" 200 -
[05/Aug/2026 12:50:40] "GET /Photos/2015/2015-02_%E6%9C%AA%E7%9F%A5%E5%9C%B0%E9%BB%9E/E4B6F00A-24CF-498A-A081-32217C20E423.jpeg HTTP/1.1" 200 -
[05/Aug/2026 12:50:40] "GET /Photos/2015/2015-02_%E6%9C%AA%E7%9F%A5%E5%9C%B0%E9%BB%9E/3488B8F8-846A-4E89-85E8-7EEE470E96EA.jpeg HTTP/1.1" 200 -
[05/Aug/2026 12:50:40] "GET /Photos/2015/2015-02_%E6%9C%AA%E7%9F%A5%E5%9C%B0%E9%BB%9E/99E55416-402E-4230-99D9-7C285EC2CFB8.jpeg HTTP/1.1" 200 -
[05/Aug/2026 12:50:40] "GET /Photos/2015/2015-02_%E6%9C%AA%E7%9F%A5%E5%9C%B0%E9%BB%9E/E4109D4F-AE58-4163-A28B-E7B633342992.jpeg HTTP/1.1" 200 -
[05/Aug/2026 12:50:41] "GET /Photos/2015/2015-02_%E6%9C%AA%E7%9F%A5%E5%9C%B0%E9%BB%9E/E40A3E4F-2F12-4E11-ADD6-E694873E975E.jpeg HTTP/1.1" 200 -
[05/Aug/2026 12:50:41] "GET /Photos/2015/2015-02_%E6%9C%AA%E7%9F%A5%E5%9C%B0%E9%BB%9E/70380B23-3BFB-4408-9E98-D53CE7F30204.jpeg HTTP/1.1" 200 -
[05/Aug/2026 12:50:41] "GET /Photos/2015/2015-02_%E6%9C%AA%E7%9F%A5%E5%9C%B0%E9%BB%9E/43A5A4CA-1B51-4C77-BD60-B87B467907FA.jpeg HTTP/1.1" 200 -
[05/Aug/2026 12:50:41] "GET /Photos/2015/2015-02_%E6%9C%AA%E7%9F%A5%E5%9C%B0%E9%BB%9E/1E55B732-7073-4B50-86DB-7CC25DB35DC6.jpeg HTTP/1.1" 200 -
[05/Aug/2026 12:50:41] "GET /Photos/2015/2015-02_%E6%9C%AA%E7%9F%A5%E5%9C%B0%E9%BB%9E/0B210180-7DC5-4C4C-8C6D-300587BC4EAD.jpeg HTTP/1.1" 200 -
[05/Aug/2026 12:50:41] "GET /Photos/2015/2015-02_%E6%9C%AA%E7%9F%A5%E5%9C%B0%E9%BB%9E/DA9CB962-EC79-4EA6-83A7-D98186758C63.jpeg HTTP/1.1" 200 -
[05/Aug/2026 12:50:41] "GET /Photos/2015/2015-02_%E6%9C%AA%E7%9F%A5%E5%9C%B0%E9%BB%9E/1AC406CA-53B6-4A3E-8CBE-5FEEC8D0608C.jpeg HTTP/1.1" 200 -
[05/Aug/2026 12:50:41] "GET /Photos/2015/2015-02_%E6%9C%AA%E7%9F%A5%E5%9C%B0%E9%BB%9E/710BB200-55AC-41E6-883D-041D75C481D7.jpeg HTTP/1.1" 200 -
[05/Aug/2026 12:50:41] "GET /Photos/2015/2015-02_%E6%9C%AA%E7%9F%A5%E5%9C%B0%E9%BB%9E/3AC3C0BB-A315-49E6-863E-E11AFB2A6E8E.jpeg HTTP/1.1" 200 -
[05/Aug/2026 12:50:41] "GET /Photos/2015/2015-02_%E6%9C%AA%E7%9F%A5%E5%9C%B0%E9%BB%9E/9C86BCD9-9401-43CB-BDFA-E2EF003E3E57.jpeg HTTP/1.1" 200 -
[05/Aug/2026 12:50:41] "GET /Photos/2015/2015-02_%E6%9C%AA%E7%9F%A5%E5%9C%B0%E9%BB%9E/B60DD657-7B35-4953-BD41-75D6BC0E2002.jpeg HTTP/1.1" 200 -
[05/Aug/2026 12:50:41] "GET /Photos/2015/2015-02_%E6%9C%AA%E7%9F%A5%E5%9C%B0%E9%BB%9E/CDB9546C-D11D-4BC0-8FFE-7EB0C2B38DDA.jpeg HTTP/1.1" 200 -
[05/Aug/2026 12:50:41] "GET /Photos/2015/2015-03_%E6%9C%AA%E7%9F%A5%E5%9C%B0%E9%BB%9E/FA2ACC47-ABC4-4962-B9A8-C9E1A8AF4018.jpeg HTTP/1.1" 200 -
[05/Aug/2026 12:50:41] "GET /Photos/2015/2015-10_%E5%8F%B0%E5%8C%97/%E5%9F%BA%E9%9A%86/9C483A21-1FBE-4917-B107-A18361A7AF1A.jpeg HTTP/1.1" 200 -
[05/Aug/2026 12:50:41] "GET /Photos/2015/2015-10_%E5%8F%B0%E5%8C%97/%E5%9F%BA%E9%9A%86/CF99EA7C-16F9-4786-81DF-27FF3F46A2E2.jpeg HTTP/1.1" 200 -
[05/Aug/2026 12:50:41] "GET /Photos/2015/2015-10_%E5%8F%B0%E5%8C%97/%E5%9F%BA%E9%9A%86/5B7E092D-E0BE-4600-A4BF-66C43A989418.jpeg HTTP/1.1" 200 -
[05/Aug/2026 12:50:41] "GET /Photos/2015/2015-10_%E5%8F%B0%E5%8C%97/%E5%9F%BA%E9%9A%86/CC106756-7B9B-40A1-82E6-40F1C08E1062.jpeg HTTP/1.1" 200 -
[05/Aug/2026 12:50:41] "GET /Photos/2015/2015-10_%E5%8F%B0%E5%8C%97/%E5%9F%BA%E9%9A%86/AC1132BD-5518-4443-B558-72836EC2E5ED.jpeg HTTP/1.1" 200 -
[05/Aug/2026 12:50:41] "GET /Photos/2015/2015-10_%E5%8F%B0%E5%8C%97/%E5%9F%BA%E9%9A%86/3EBDFF0E-0F24-4725-8605-BBCF5415A7E5.jpeg HTTP/1.1" 200 -
[05/Aug/2026 12:50:41] "GET /Photos/2015/2015-10_%E5%8F%B0%E5%8C%97/%E5%9F%BA%E9%9A%86/715C44A9-653A-40C5-BD66-D67591C3EEF0.jpeg HTTP/1.1" 200 -
[05/Aug/2026 12:50:41] "GET /Photos/2015/2015-10_%E5%8F%B0%E5%8C%97/%E5%9F%BA%E9%9A%86/3F5A6B9C-851F-4993-BC5F-0F94D91FD48C.jpeg HTTP/1.1" 200 -
[05/Aug/2026 12:50:41] "GET /Photos/2015/2015-10_%E5%8F%B0%E5%8C%97/%E5%9F%BA%E9%9A%86/E573EDCD-F75D-4A8B-A0FD-8F1319B38D2D.jpeg HTTP/1.1" 200 -
[05/Aug/2026 12:50:41] "GET /Photos/2015/2015-10_%E5%8F%B0%E5%8C%97/%E5%9F%BA%E9%9A%86/73143875-809A-46A1-98DE-2A327ED18AF3.jpeg HTTP/1.1" 200 -
[05/Aug/2026 12:50:41] "GET /Photos/2015/2015-04_%E5%8F%B0%E5%8C%97/%E5%9F%BA%E9%9A%86/AD7B8B95-2F07-4165-97CB-012E8FA13DA4.jpeg HTTP/1.1" 200 -
[05/Aug/2026 12:50:41] "GET /Photos/2015/2015-04_%E5%8F%B0%E5%8C%97/%E5%9F%BA%E9%9A%86/B3BBB049-A6CB-455D-8758-5E360AD06964.jpeg HTTP/1.1" 200 -
[05/Aug/2026 12:50:41] "GET /Photos/2015/2015-04_%E5%8F%B0%E5%8C%97/%E5%9F%BA%E9%9A%86/5ACF20D5-D4BC-4DB9-B095-6F61B4E7E95F.jpeg HTTP/1.1" 200 -
[05/Aug/2026 12:50:41] "GET /Photos/2015/2015-04_%E5%8F%B0%E5%8C%97/%E5%9F%BA%E9%9A%86/4E8398BE-99AD-4925-BCE2-4591AF338B53.jpeg HTTP/1.1" 200 -
[05/Aug/2026 12:50:41] "GET /Photos/2015/2015-04_%E5%8F%B0%E5%8C%97/%E5%9F%BA%E9%9A%86/059B2E3F-E746-453E-A460-DC1924F058D3.jpeg HTTP/1.1" 200 -
[05/Aug/2026 12:50:41] "GET /Photos/2015/2015-04_%E5%8F%B0%E5%8C%97/%E5%9F%BA%E9%9A%86/6049812F-B6C8-4C99-869E-F56AFCE01FDB.jpeg HTTP/1.1" 200 -
[05/Aug/2026 12:50:41] "GET /Photos/2015/2015-04_%E5%8F%B0%E5%8C%97/%E5%9F%BA%E9%9A%86/C2680284-5AC9-44E4-8075-9582D384FB15.jpeg HTTP/1.1" 200 -
[05/Aug/2026 12:50:41] "GET /Photos/2015/2015-04_%E5%8F%B0%E5%8C%97/%E5%9F%BA%E9%9A%86/CF687F1F-2819-4622-B57E-637258C607C9.jpeg HTTP/1.1" 200 -
[05/Aug/2026 12:50:41] "GET /Photos/2015/2015-04_%E5%8F%B0%E5%8C%97/%E5%9F%BA%E9%9A%86/B2A906AA-5C8F-48E5-B770-D6B48268F322.jpeg HTTP/1.1" 200 -
[05/Aug/2026 12:50:41] "GET /Photos/2015/2015-04_%E5%8F%B0%E5%8C%97/%E5%9F%BA%E9%9A%86/D359FF00-1A5A-4C7F-843B-8BA82906BA4A.jpeg HTTP/1.1" 200 -
[05/Aug/2026 12:50:41] "GET /Photos/2015/2015-04_%E5%8F%B0%E5%8C%97/%E5%9F%BA%E9%9A%86/FE9ED042-278F-4A64-9B69-7C214CFA1445.jpeg HTTP/1.1" 200 -
[05/Aug/2026 12:50:41] "GET /Photos/2015/2015-04_%E5%8F%B0%E5%8C%97/%E5%9F%BA%E9%9A%86/E5E294C7-36E9-42AE-9AD2-A936D54780EA.jpeg HTTP/1.1" 200 -
[05/Aug/2026 12:50:41] "GET /Photos/2015/2015-04_%E5%8F%B0%E5%8C%97/%E5%9F%BA%E9%9A%86/82412B7D-B6CB-49A5-B1C5-3C199BF1967F.jpeg HTTP/1.1" 200 -
[05/Aug/2026 12:50:41] "GET /Photos/2015/2015-04_%E5%8F%B0%E5%8C%97/%E5%9F%BA%E9%9A%86/76FEADAB-3E44-4913-ABA4-09B33AB15801.jpeg HTTP/1.1" 200 -
[05/Aug/2026 12:50:41] "GET /Photos/2015/2015-04_%E5%8F%B0%E5%8C%97/%E5%9F%BA%E9%9A%86/15B3701D-E5A7-4B50-B98F-ABF796F62C9A.jpeg HTTP/1.1" 200 -
[05/Aug/2026 12:50:41] "GET /Photos/2015/2015-04_%E5%8F%B0%E5%8C%97/%E5%9F%BA%E9%9A%86/68C9FCF5-0D2D-4E9B-BB0A-721A2B6286A0.jpeg HTTP/1.1" 200 -
[05/Aug/2026 12:50:41] "GET /Photos/2015/2015-04_%E5%8F%B0%E5%8C%97/%E5%9F%BA%E9%9A%86/E0C1185B-D9F3-4498-9AB1-C2A9F84DCBAD.jpeg HTTP/1.1" 200 -
[05/Aug/2026 12:50:41] "GET /Photos/2015/2015-04_%E5%8F%B0%E5%8C%97/%E5%9F%BA%E9%9A%86/2FE75354-3A49-44C2-906A-CD2A1763D701.jpeg HTTP/1.1" 200 -
[05/Aug/2026 12:50:41] "GET /Photos/2015/2015-04_%E5%8F%B0%E5%8C%97/%E5%9F%BA%E9%9A%86/90E7D4B9-5975-4FB9-9A77-CD0930ACF800.jpeg HTTP/1.1" 200 -
[05/Aug/2026 12:50:41] "GET /Photos/2015/2015-11_%E5%8F%B0%E5%8C%97/%E5%9F%BA%E9%9A%86/48FF6198-0BC1-4F6D-BC22-EC8BB976D826.jpeg HTTP/1.1" 200 -
[05/Aug/2026 12:50:41] "GET /Photos/2015/2015-01_%E5%8F%B0%E5%8C%97/%E5%9F%BA%E9%9A%86/806AE9D8-1B16-4110-B06A-5217BFC8B756.jpeg HTTP/1.1" 200 -
[05/Aug/2026 12:50:41] "GET /Photos/2015/2015-12_%E5%8F%B0%E5%8C%97/%E5%9F%BA%E9%9A%86/27803205-619B-44D4-B25E-0E89123F2CF0.jpeg HTTP/1.1" 200 -
[05/Aug/2026 12:50:41] "GET /Photos/2015/2015-12_%E5%8F%B0%E5%8C%97/%E5%9F%BA%E9%9A%86/92A851FA-C581-471A-A0F9-1FB5944386AF.jpeg HTTP/1.1" 200 -
[05/Aug/2026 12:50:41] "GET /Photos/2015/2015-12_%E5%8F%B0%E5%8C%97/%E5%9F%BA%E9%9A%86/33139364-F460-4589-BB52-40A8408C6077.jpeg HTTP/1.1" 200 -
[05/Aug/2026 12:50:41] "GET /Photos/2015/2015-12_%E5%8F%B0%E5%8C%97/%E5%9F%BA%E9%9A%86/C58E6441-5230-4F5A-A5AF-CFA51C5E3925.jpeg HTTP/1.1" 200 -
[05/Aug/2026 12:50:41] "GET /Photos/2015/2015-12_%E5%8F%B0%E5%8C%97/%E5%9F%BA%E9%9A%86/8ED0193A-B750-4969-B9F7-A2E153FA26C5.jpeg HTTP/1.1" 200 -
[05/Aug/2026 12:50:41] "GET /Photos/2015/2015-12_%E5%8F%B0%E5%8C%97/%E5%9F%BA%E9%9A%86/B419F494-FBE5-4C07-8218-55494C3B17E9.jpeg HTTP/1.1" 200 -
[05/Aug/2026 12:50:41] "GET /Photos/2015/2015-12_%E5%8F%B0%E5%8C%97/%E5%9F%BA%E9%9A%86/296B8FFB-3075-458E-A802-CE974B040BD1.jpeg HTTP/1.1" 200 -
[05/Aug/2026 12:50:41] "GET /Photos/2015/2015-12_%E5%8F%B0%E5%8C%97/%E5%9F%BA%E9%9A%86/BB3697E1-13D5-4BC5-9CB0-7F68CFE0238D.jpeg HTTP/1.1" 200 -
[05/Aug/2026 12:50:41] "GET /Photos/2015/2015-12_%E5%8F%B0%E5%8C%97/%E5%9F%BA%E9%9A%86/0057EEB6-32C0-44C2-BE40-CFCEF84652AC.jpeg HTTP/1.1" 200 -
[05/Aug/2026 12:50:41] "GET /Photos/2015/2015-12_%E5%8F%B0%E5%8C%97/%E5%9F%BA%E9%9A%86/8CF1E349-0BEB-47E6-BA15-8450F4D812D2.jpeg HTTP/1.1" 200 -
[05/Aug/2026 12:50:41] "GET /Photos/2015/2015-03_%E5%8F%B0%E5%8C%97/%E5%9F%BA%E9%9A%86/54C12BF8-AB67-4579-94E9-2EE4E4547109.jpeg HTTP/1.1" 200 -
[05/Aug/2026 12:50:41] "GET /Photos/2015/2015-03_%E5%8F%B0%E5%8C%97/%E5%9F%BA%E9%9A%86/EA5B0679-EE2A-4282-946B-0E7D23707DC7.jpeg HTTP/1.1" 200 -
[05/Aug/2026 12:50:41] "GET /Photos/2015/2015-03_%E5%8F%B0%E5%8C%97/%E5%9F%BA%E9%9A%86/47D8352A-7D3E-4D0D-9116-97B255E9549A.jpeg HTTP/1.1" 200 -
[05/Aug/2026 12:50:41] "GET /Photos/2015/2015-03_%E5%8F%B0%E5%8C%97/%E5%9F%BA%E9%9A%86/F0342F35-1709-4EAF-8716-120030FACA29.jpeg HTTP/1.1" 200 -
[05/Aug/2026 12:50:41] "GET /Photos/2015/2015-03_%E5%8F%B0%E5%8C%97/%E5%9F%BA%E9%9A%86/CEED0BA9-DE16-431E-B275-CDCCBA152F3C.jpeg HTTP/1.1" 200 -
[05/Aug/2026 12:50:41] "GET /Photos/2015/2015-03_%E5%8F%B0%E5%8C%97/%E5%9F%BA%E9%9A%86/0FFD55B3-04DD-4DCD-9CAD-4EB8B4157281.jpeg HTTP/1.1" 200 -
[05/Aug/2026 12:50:41] "GET /Photos/2015/2015-03_%E5%8F%B0%E5%8C%97/%E5%9F%BA%E9%9A%86/B06893B1-16FA-49B9-986E-4A30A7F562B2.jpeg HTTP/1.1" 200 -
[05/Aug/2026 12:50:41] "GET /Photos/2015/2015-07_%E5%8F%B0%E5%8C%97/%E5%9F%BA%E9%9A%86/B8644ECC-A8BA-4320-983C-3CE1A8CE850E.jpeg HTTP/1.1" 200 -
[05/Aug/2026 12:50:41] "GET /Photos/2015/2015-07_%E5%8F%B0%E5%8C%97/%E5%9F%BA%E9%9A%86/632E109A-EF58-47E3-BAED-F87F8DE6FE05.jpeg HTTP/1.1" 200 -
[05/Aug/2026 12:50:41] "GET /Photos/2015/2015-07_%E5%8F%B0%E5%8C%97/%E5%9F%BA%E9%9A%86/A1BD4251-91DE-40A2-A606-4412F56F042E.jpeg HTTP/1.1" 200 -
[05/Aug/2026 12:50:41] "GET /Photos/2015/2015-07_%E5%8F%B0%E5%8C%97/%E5%9F%BA%E9%9A%86/A6DDBA2E-385F-4AC3-AAA5-AC56783A5071.jpeg HTTP/1.1" 200 -
[05/Aug/2026 12:50:41] "GET /Photos/2015/2015-07_%E5%8F%B0%E5%8C%97/%E5%9F%BA%E9%9A%86/9CAD056E-CC95-40D4-8C79-480EDA49CC2D.jpeg HTTP/1.1" 200 -
[05/Aug/2026 12:50:41] "GET /Photos/2015/2015-07_%E5%8F%B0%E5%8C%97/%E5%9F%BA%E9%9A%86/6B1F9902-AEBF-44F8-883E-72A66E8E12F3.jpeg HTTP/1.1" 200 -
[05/Aug/2026 12:50:41] "GET /Photos/2015/2015-07_%E5%8F%B0%E5%8C%97/%E5%9F%BA%E9%9A%86/DBBF1484-2F16-4859-B844-AC4554AC593E.jpeg HTTP/1.1" 200 -
[05/Aug/2026 12:50:41] "GET /Photos/2015/2015-07_%E5%8F%B0%E5%8C%97/%E5%9F%BA%E9%9A%86/9D8EE421-6E3F-4F4F-934B-BF7E7D528B77.jpeg HTTP/1.1" 200 -
[05/Aug/2026 12:50:41] "GET /Photos/2015/2015-07_%E5%8F%B0%E5%8C%97/%E5%9F%BA%E9%9A%86/87895665-109E-4496-B27F-D5A0EBBC4FD8.jpeg HTTP/1.1" 200 -
[05/Aug/2026 12:50:41] "GET /Photos/2015/2015-07_%E5%8F%B0%E5%8C%97/%E5%9F%BA%E9%9A%86/FB393C7C-CC63-41D9-BE38-A6912D8FC674_1_201_a.jpeg HTTP/1.1" 200 -
[05/Aug/2026 12:50:41] "GET /Photos/2015/2015-07_%E5%8F%B0%E5%8C%97/%E5%9F%BA%E9%9A%86/2B4F0D35-B22F-425B-A8B9-FE3882324C52_1_201_a.jpeg HTTP/1.1" 200 -
[05/Aug/2026 12:50:41] "GET /Photos/2015/2015-07_%E5%8F%B0%E5%8C%97/%E5%9F%BA%E9%9A%86/FA71263C-282C-4F73-A449-76AC863EA155.jpeg HTTP/1.1" 200 -
[05/Aug/2026 12:50:41] "GET /Photos/2015/2015-07_%E5%8F%B0%E5%8C%97/%E5%9F%BA%E9%9A%86/FBD45FB9-8243-44AE-87DE-50E7E5CAA695.jpeg HTTP/1.1" 200 -
[05/Aug/2026 12:50:41] "GET /Photos/2015/2015-07_%E5%8F%B0%E5%8C%97/%E5%9F%BA%E9%9A%86/265771DF-6EB6-455D-B64F-E5E27C58BB30_1_201_a.jpeg HTTP/1.1" 200 -
[05/Aug/2026 12:50:41] "GET /Photos/2015/2015-07_%E5%8F%B0%E5%8C%97/%E5%9F%BA%E9%9A%86/6D2244C3-0F39-41D2-9DFB-9855F211B7CB.jpeg HTTP/1.1" 200 -
[05/Aug/2026 12:50:41] "GET /Photos/2015/2015-07_%E5%8F%B0%E5%8C%97/%E5%9F%BA%E9%9A%86/A00D441D-FDF0-4109-A18E-B335F879504B.jpeg HTTP/1.1" 200 -
[05/Aug/2026 12:50:41] "GET /Photos/2015/2015-07_%E5%8F%B0%E5%8C%97/%E5%9F%BA%E9%9A%86/6A087F0E-0F09-4968-AC92-CAEBDFCE8CEE.jpeg HTTP/1.1" 200 -
[05/Aug/2026 12:50:41] "GET /Photos/2015/2015-07_%E5%8F%B0%E5%8C%97/%E5%9F%BA%E9%9A%86/8E0C92A8-A1AD-45CE-807D-D090BACDC5A2.jpeg HTTP/1.1" 200 -
[05/Aug/2026 12:50:41] "GET /Photos/2015/2015-07_%E5%8F%B0%E5%8C%97/%E5%9F%BA%E9%9A%86/03E8EE1D-3FA3-4FB4-AF62-046B423430A6.jpeg HTTP/1.1" 200 -
[05/Aug/2026 12:50:41] "GET /Photos/2015/2015-07_%E5%8F%B0%E5%8C%97/%E5%9F%BA%E9%9A%86/5C3C070A-2DE5-4617-A07B-74C9BA65F70E.jpeg HTTP/1.1" 200 -
[05/Aug/2026 12:50:41] "GET /Photos/2015/2015-07_%E5%8F%B0%E5%8C%97/%E5%9F%BA%E9%9A%86/B633ACBF-4C6E-4400-AD95-AAE045C60894.jpeg HTTP/1.1" 200 -
[05/Aug/2026 12:50:41] "GET /Photos/2015/2015-07_%E5%8F%B0%E5%8C%97/%E5%9F%BA%E9%9A%86/C526A6F1-4F69-4E00-B66E-A7A9466F1A32.jpeg HTTP/1.1" 200 -
[05/Aug/2026 12:50:41] "GET /Photos/2015/2015-07_%E5%8F%B0%E5%8C%97/%E5%9F%BA%E9%9A%86/0A894D17-0A10-4DDD-A774-F1DC2F658FB6.jpeg HTTP/1.1" 200 -
[05/Aug/2026 12:50:41] "GET /Photos/2015/2015-07_%E5%8F%B0%E5%8C%97/%E5%9F%BA%E9%9A%86/FA11E3B6-E0CC-4C70-BB22-527A2E3A01AF.jpeg HTTP/1.1" 200 -
[05/Aug/2026 12:50:41] "GET /Photos/2015/2015-06_%E6%96%B0%E7%AB%B9/%E5%8F%B0%E4%B8%AD/00D36AE9-B28D-42BE-8073-F1EB8B4D8BDE.jpeg HTTP/1.1" 200 -
[05/Aug/2026 12:50:41] "GET /Photos/2015/2015-06_%E6%96%B0%E7%AB%B9/%E5%8F%B0%E4%B8%AD/CC010CA4-EB43-4D53-A021-671C1045D4EF.jpeg HTTP/1.1" 200 -
[05/Aug/2026 12:50:41] "GET /Photos/2015/2015-06_%E6%96%B0%E7%AB%B9/%E5%8F%B0%E4%B8%AD/8B5D892E-F9F8-488D-AB7A-870BB68CD04B.jpeg HTTP/1.1" 200 -
[05/Aug/2026 12:50:41] "GET /Photos/2015/2015-06_%E6%96%B0%E7%AB%B9/%E5%8F%B0%E4%B8%AD/0F109D5C-5D2C-4B29-AB30-405E5825E62A.jpeg HTTP/1.1" 200 -
[05/Aug/2026 12:50:41] "GET /Photos/2015/2015-06_%E6%96%B0%E7%AB%B9/%E5%8F%B0%E4%B8%AD/CE34B7E2-678E-4940-BDE2-A22872E5C0CA.jpeg HTTP/1.1" 200 -
[05/Aug/2026 12:50:41] "GET /Photos/2015/2015-02_%E6%96%B0%E7%AB%B9/%E5%8F%B0%E4%B8%AD/FA13EA80-80B3-430D-A23E-498D397E036E.jpeg HTTP/1.1" 200 -
[05/Aug/2026 12:50:41] "GET /Photos/2015/2015-02_%E6%96%B0%E7%AB%B9/%E5%8F%B0%E4%B8%AD/CA3A60BC-E315-4087-853B-47BE0765B6EF.jpeg HTTP/1.1" 200 -
[05/Aug/2026 12:50:41] "GET /Photos/2015/2015-02_%E6%96%B0%E7%AB%B9/%E5%8F%B0%E4%B8%AD/D706AAE5-28EB-4EB8-9AD3-550CB3BE0846.jpeg HTTP/1.1" 200 -
[05/Aug/2026 12:50:41] "GET /Photos/2015/2015-02_%E6%96%B0%E7%AB%B9/%E5%8F%B0%E4%B8%AD/4EDA847C-54A7-47A2-BDFC-DB5B59DBD78E.jpeg HTTP/1.1" 200 -
[05/Aug/2026 12:50:41] "GET /Photos/2015/2015-02_%E6%96%B0%E7%AB%B9/%E5%8F%B0%E4%B8%AD/C7791B2F-52AF-4FA5-B45A-2FB623CC0DAB.jpeg HTTP/1.1" 200 -
[05/Aug/2026 12:50:41] "GET /Photos/2015/2015-08_%E5%BD%B0%E5%8C%96/%E5%98%89%E7%BE%A9/505C6C4A-681A-478C-B58F-4ECFBD2E9248.jpeg HTTP/1.1" 200 -
[05/Aug/2026 12:50:41] "GET /Photos/2012/2012-05_%E6%9C%AA%E7%9F%A5%E5%9C%B0%E9%BB%9E/1D3277D2-B7E2-44C7-BFA0-B2B005286007.jpeg HTTP/1.1" 200 -
[05/Aug/2026 12:50:41] "GET /Photos/2012/2012-01_%E6%9C%AA%E7%9F%A5%E5%9C%B0%E9%BB%9E/7D09F73C-8109-403A-A77C-7AB5FB6E2C5D.jpeg HTTP/1.1" 200 -
[05/Aug/2026 12:50:41] "GET /Photos/2012/2012-05_%E6%9C%AA%E7%9F%A5%E5%9C%B0%E9%BB%9E/15B0D08F-1456-47D0-A084-9F1E6394D43D.jpeg HTTP/1.1" 200 -
[05/Aug/2026 12:50:41] "GET /Photos/2012/2012-01_%E6%9C%AA%E7%9F%A5%E5%9C%B0%E9%BB%9E/9B6CE7D1-B9DD-499D-845B-E478728A9935.jpeg HTTP/1.1" 200 -
[05/Aug/2026 12:50:42] "GET /Photos/2012/2012-01_%E6%9C%AA%E7%9F%A5%E5%9C%B0%E9%BB%9E/A3326D2C-FC3D-4345-84A2-B3C0F2494320.jpeg HTTP/1.1" 200 -
[05/Aug/2026 12:50:42] "GET /Photos/2012/2012-07_%E6%9C%AA%E7%9F%A5%E5%9C%B0%E9%BB%9E/438F1146-0EBF-48A3-9454-46CBA522525E.jpeg HTTP/1.1" 200 -
[05/Aug/2026 12:50:42] "GET /Photos/2008/2008-04_%E6%9C%AA%E7%9F%A5%E5%9C%B0%E9%BB%9E/1CDBB5E8-150B-4C10-AD09-D4B3898DD192.jpeg HTTP/1.1" 200 -
[05/Aug/2026 12:50:42] "GET /Photos/2008/2008-04_%E6%9C%AA%E7%9F%A5%E5%9C%B0%E9%BB%9E/541BDF92-089C-451C-A376-49D290E40A7B.jpeg HTTP/1.1" 200 -
[05/Aug/2026 12:50:42] "GET /Photos/2000/2000-10_%E6%9C%AA%E7%9F%A5%E5%9C%B0%E9%BB%9E/4F3F4E8A-A496-4D93-BEC6-1DA52D533E6A_1_201_a.jpeg HTTP/1.1" 200 -
[05/Aug/2026 12:50:42] "GET /Photos/2017/2017-10_%E6%9C%AA%E7%9F%A5%E5%9C%B0%E9%BB%9E/FBA111BA-C4F2-4ACC-94EC-2C342D0557A9.jpeg HTTP/1.1" 200 -
[05/Aug/2026 12:50:42] "GET /Photos/2017/2017-10_%E6%9C%AA%E7%9F%A5%E5%9C%B0%E9%BB%9E/A5469372-2B75-43F1-BBA8-8D8C90213079.jpeg HTTP/1.1" 200 -
[05/Aug/2026 12:50:42] "GET /Photos/2017/2017-10_%E6%9C%AA%E7%9F%A5%E5%9C%B0%E9%BB%9E/3853552F-9190-4712-909D-55065D2243CB.jpeg HTTP/1.1" 200 -
[05/Aug/2026 12:50:42] "GET /Photos/2017/2017-10_%E6%9C%AA%E7%9F%A5%E5%9C%B0%E9%BB%9E/60BA1C01-7309-4C41-BEB7-3DB4E9028A16.jpeg HTTP/1.1" 200 -
[05/Aug/2026 12:50:42] "GET /Photos/2017/2017-10_%E6%9C%AA%E7%9F%A5%E5%9C%B0%E9%BB%9E/D35C7E08-D53D-4050-84A8-AEDC5A915B08.jpeg HTTP/1.1" 200 -
[05/Aug/2026 12:50:42] "GET /Photos/2017/2017-10_%E6%9C%AA%E7%9F%A5%E5%9C%B0%E9%BB%9E/F5BB70D9-9118-490C-AF2C-949C75E03469.jpeg HTTP/1.1" 200 -
[05/Aug/2026 12:50:42] "GET /Photos/2017/2017-10_%E6%9C%AA%E7%9F%A5%E5%9C%B0%E9%BB%9E/F63780F0-90DB-4367-AFCE-80DB5490F187.jpeg HTTP/1.1" 200 -
[05/Aug/2026 12:50:42] "GET /Photos/2017/2017-10_%E6%9C%AA%E7%9F%A5%E5%9C%B0%E9%BB%9E/9603721F-C807-4853-BB65-DDECE2F03841.jpeg HTTP/1.1" 200 -
[05/Aug/2026 12:50:42] "GET /Photos/2017/2017-10_%E6%9C%AA%E7%9F%A5%E5%9C%B0%E9%BB%9E/A378DC13-63A7-46C1-B1DF-563894619988.jpeg HTTP/1.1" 200 -
[05/Aug/2026 12:50:42] "GET /Photos/2017/2017-10_%E6%9C%AA%E7%9F%A5%E5%9C%B0%E9%BB%9E/262E3428-612B-41AC-9AD1-BA6C7E10D00D.jpeg HTTP/1.1" 200 -
[05/Aug/2026 12:50:42] "GET /Photos/2017/2017-10_%E6%9C%AA%E7%9F%A5%E5%9C%B0%E9%BB%9E/5DF60CE3-873E-4536-A3AE-DD50D29EE30B.jpeg HTTP/1.1" 200 -
[05/Aug/2026 12:50:42] "GET /Photos/2017/2017-10_%E6%9C%AA%E7%9F%A5%E5%9C%B0%E9%BB%9E/12F5EBF9-2849-4918-9E77-8C549E5D7DA4.jpeg HTTP/1.1" 200 -
[05/Aug/2026 12:50:42] "GET /Photos/2017/2017-10_%E6%9C%AA%E7%9F%A5%E5%9C%B0%E9%BB%9E/864F0C5B-1FB8-445D-B549-74A61DC7B49F.jpeg HTTP/1.1" 200 -
[05/Aug/2026 12:50:42] "GET /Photos/2017/2017-10_%E6%9C%AA%E7%9F%A5%E5%9C%B0%E9%BB%9E/AD354012-839A-4048-9D74-612CAF99103C.jpeg HTTP/1.1" 200 -
[05/Aug/2026 12:50:42] "GET /Photos/2017/2017-10_%E6%9C%AA%E7%9F%A5%E5%9C%B0%E9%BB%9E/311D8EFD-1B7A-4DBC-8871-A619D0DE2A55.jpeg HTTP/1.1" 200 -
[05/Aug/2026 12:50:42] "GET /Photos/2017/2017-10_%E6%9C%AA%E7%9F%A5%E5%9C%B0%E9%BB%9E/4655EEE2-4AF6-4961-9464-9AAABC18B46C.jpeg HTTP/1.1" 200 -
[05/Aug/2026 12:50:42] "GET /Photos/2017/2017-10_%E6%9C%AA%E7%9F%A5%E5%9C%B0%E9%BB%9E/1924E344-5B72-4B85-8EDA-867841C9974F.jpeg HTTP/1.1" 200 -
[05/Aug/2026 12:50:42] "GET /Photos/2017/2017-10_%E6%9C%AA%E7%9F%A5%E5%9C%B0%E9%BB%9E/B0F2973B-9BB7-48A3-80D4-4403415AD8C1.jpeg HTTP/1.1" 200 -
[05/Aug/2026 12:50:42] "GET /Photos/2017/2017-10_%E6%9C%AA%E7%9F%A5%E5%9C%B0%E9%BB%9E/356E1314-C6AA-4AA3-99BC-7341464C58F7.jpeg HTTP/1.1" 200 -
[05/Aug/2026 12:50:42] "GET /Photos/2017/2017-10_%E6%9C%AA%E7%9F%A5%E5%9C%B0%E9%BB%9E/160B4D70-1CEE-40F3-8A2A-FFBF289C58F4.jpeg HTTP/1.1" 200 -
[05/Aug/2026 12:50:42] "GET /Photos/2017/2017-10_%E6%9C%AA%E7%9F%A5%E5%9C%B0%E9%BB%9E/19954787-2FE2-43B4-8C9A-E2FF277E04C0.jpeg HTTP/1.1" 200 -
[05/Aug/2026 12:50:42] "GET /Photos/2017/2017-10_%E6%9C%AA%E7%9F%A5%E5%9C%B0%E9%BB%9E/9523A9A3-6D58-4EC1-8BBD-444C754050AD.jpeg HTTP/1.1" 200 -
[05/Aug/2026 12:50:42] "GET /Photos/2017/2017-10_%E6%9C%AA%E7%9F%A5%E5%9C%B0%E9%BB%9E/E07C5AC3-E4ED-43C5-A808-DD7E779359A8.jpeg HTTP/1.1" 200 -
[05/Aug/2026 12:50:42] "GET /Photos/2017/2017-10_%E6%9C%AA%E7%9F%A5%E5%9C%B0%E9%BB%9E/F92B6718-EB6A-42BB-8E7A-86352728B127.jpeg HTTP/1.1" 200 -
[05/Aug/2026 12:50:42] "GET /Photos/2017/2017-10_%E6%9C%AA%E7%9F%A5%E5%9C%B0%E9%BB%9E/2A127987-7405-4E2F-BFB8-D3A34D5D115E.jpeg HTTP/1.1" 200 -
[05/Aug/2026 12:50:42] "GET /Photos/2017/2017-10_%E6%9C%AA%E7%9F%A5%E5%9C%B0%E9%BB%9E/A4BB32A3-7722-4014-8DB0-C8149784A428.jpeg HTTP/1.1" 200 -
[05/Aug/2026 12:50:42] "GET /Photos/2017/2017-10_%E6%9C%AA%E7%9F%A5%E5%9C%B0%E9%BB%9E/FD864357-D169-4DA6-A1D1-C7B71BF0854D.jpeg HTTP/1.1" 200 -
[05/Aug/2026 12:50:42] "GET /Photos/2017/2017-10_%E6%9C%AA%E7%9F%A5%E5%9C%B0%E9%BB%9E/E3927D27-D5EE-4CAF-92D1-8D1399CEBC75.jpeg HTTP/1.1" 200 -
[05/Aug/2026 12:50:42] "GET /Photos/2017/2017-03_%E6%9C%AA%E7%9F%A5%E5%9C%B0%E9%BB%9E/1C3214B7-AC4D-4F39-AB5E-AEA41E460808.jpeg HTTP/1.1" 200 -
[05/Aug/2026 12:50:42] "GET /Photos/2017/2017-03_%E6%9C%AA%E7%9F%A5%E5%9C%B0%E9%BB%9E/7995AF95-4E52-4E94-A91A-4BD88749A235.jpeg HTTP/1.1" 200 -
[05/Aug/2026 12:50:42] "GET /Photos/2017/2017-02_%E6%9C%AA%E7%9F%A5%E5%9C%B0%E9%BB%9E/963A5220-2DBE-4B46-BC50-3644275D4716.jpeg HTTP/1.1" 200 -
[05/Aug/2026 12:50:42] "GET /Photos/2017/2017-02_%E6%9C%AA%E7%9F%A5%E5%9C%B0%E9%BB%9E/A5F653B0-4942-455D-BB92-1DD2AF7ABB0C.jpeg HTTP/1.1" 200 -
[05/Aug/2026 12:50:42] "GET /Photos/2017/2017-02_%E6%9C%AA%E7%9F%A5%E5%9C%B0%E9%BB%9E/2584B234-0BE6-4B9B-A79B-218771B4CCB8.jpeg HTTP/1.1" 200 -
[05/Aug/2026 12:50:42] "GET /Photos/2017/2017-12_%E6%9C%AA%E7%9F%A5%E5%9C%B0%E9%BB%9E/06CF8206-2281-4E2E-BC4E-99952784DE39.jpeg HTTP/1.1" 200 -
[05/Aug/2026 12:50:42] "GET /Photos/2017/2017-04_%E6%9C%AA%E7%9F%A5%E5%9C%B0%E9%BB%9E/07DB6C6D-E53D-4BD2-9B7F-6F7A40BACC84.jpeg HTTP/1.1" 200 -
[05/Aug/2026 12:50:42] "GET /Photos/2017/2017-04_%E6%9C%AA%E7%9F%A5%E5%9C%B0%E9%BB%9E/F705AE30-9A2A-4E66-97C0-795FC253FBDF.jpeg HTTP/1.1" 200 -
[05/Aug/2026 12:50:42] "GET /Photos/2017/2017-04_%E5%8F%B0%E5%8C%97/%E5%9F%BA%E9%9A%86/8789768D-0278-4B5C-85D9-A28E2B7C79CF.jpeg HTTP/1.1" 200 -
[05/Aug/2026 12:50:42] "GET /Photos/2017/2017-04_%E5%8F%B0%E5%8C%97/%E5%9F%BA%E9%9A%86/3EF617E3-76B3-483F-932E-86E5BE6A35B1.jpeg HTTP/1.1" 200 -
[05/Aug/2026 12:50:42] "GET /Photos/2017/2017-04_%E5%8F%B0%E5%8C%97/%E5%9F%BA%E9%9A%86/E65E8A91-D463-4B84-824E-0B226DFEFA0A.jpeg HTTP/1.1" 200 -
[05/Aug/2026 12:50:42] "GET /Photos/2017/2017-04_%E5%8F%B0%E5%8C%97/%E5%9F%BA%E9%9A%86/6DFD4500-A18B-4B4F-B49B-BBA53E7015C4.jpeg HTTP/1.1" 200 -
[05/Aug/2026 12:50:42] "GET /Photos/2017/2017-04_%E5%8F%B0%E5%8C%97/%E5%9F%BA%E9%9A%86/43F8A53B-83D0-4730-A77C-FFEDD1DA414B.jpeg HTTP/1.1" 200 -
[05/Aug/2026 12:50:42] "GET /Photos/2017/2017-04_%E5%8F%B0%E5%8C%97/%E5%9F%BA%E9%9A%86/86934B0F-317C-4C78-8E37-FA622F456C4C.jpeg HTTP/1.1" 200 -
[05/Aug/2026 12:50:42] "GET /Photos/2017/2017-04_%E5%8F%B0%E5%8C%97/%E5%9F%BA%E9%9A%86/4D17F09A-226F-4DF8-8113-031D2BAFF4DB.jpeg HTTP/1.1" 200 -
[05/Aug/2026 12:50:42] "GET /Photos/2017/2017-04_%E5%8F%B0%E5%8C%97/%E5%9F%BA%E9%9A%86/65DEA84E-22DF-4D00-A404-CE37573A0E64.jpeg HTTP/1.1" 200 -
[05/Aug/2026 12:50:42] "GET /Photos/2017/2017-04_%E5%8F%B0%E5%8C%97/%E5%9F%BA%E9%9A%86/C1545862-97D1-4116-97CC-8E8C9A2110E3.jpeg HTTP/1.1" 200 -
[05/Aug/2026 12:50:42] "GET /Photos/2017/2017-04_%E5%8F%B0%E5%8C%97/%E5%9F%BA%E9%9A%86/25CCEB46-F1B5-44A3-B6F7-9C66683322E0.jpeg HTTP/1.1" 200 -
[05/Aug/2026 12:50:42] "GET /Photos/2017/2017-04_%E5%8F%B0%E5%8C%97/%E5%9F%BA%E9%9A%86/76D8B1EB-F736-415D-8B20-72BBE1DDADC2.jpeg HTTP/1.1" 200 -
[05/Aug/2026 12:50:42] "GET /Photos/2017/2017-04_%E5%8F%B0%E5%8C%97/%E5%9F%BA%E9%9A%86/541F9492-7080-4EEE-BFD3-8BC4A3BD4944_1_201_a.jpeg HTTP/1.1" 200 -
[05/Aug/2026 12:50:42] "GET /Photos/2017/2017-04_%E5%8F%B0%E5%8C%97/%E5%9F%BA%E9%9A%86/718046FD-E65A-4515-91AD-3EF055C6A937.jpeg HTTP/1.1" 200 -
[05/Aug/2026 12:50:42] "GET /Photos/2017/2017-04_%E5%8F%B0%E5%8C%97/%E5%9F%BA%E9%9A%86/33EF1E01-EF5D-4EAA-99B3-26AC2B5FB632.jpeg HTTP/1.1" 200 -
[05/Aug/2026 12:50:42] "GET /Photos/2017/2017-04_%E5%8F%B0%E5%8C%97/%E5%9F%BA%E9%9A%86/590D2E03-3839-440E-9960-61002C24BB91.jpeg HTTP/1.1" 200 -
[05/Aug/2026 12:50:42] "GET /Photos/2017/2017-04_%E5%8F%B0%E5%8C%97/%E5%9F%BA%E9%9A%86/1A900AB5-8E03-4021-9001-4CF3FB879044.jpeg HTTP/1.1" 200 -
[05/Aug/2026 12:50:42] "GET /Photos/2017/2017-04_%E5%8F%B0%E5%8C%97/%E5%9F%BA%E9%9A%86/89C85C85-4744-4F10-B5F5-6F438D026234.jpeg HTTP/1.1" 200 -
[05/Aug/2026 12:50:42] "GET /Photos/2017/2017-04_%E5%8F%B0%E5%8C%97/%E5%9F%BA%E9%9A%86/275AF46E-F1BA-4BBF-8013-3E7ADCE76A5B.jpeg HTTP/1.1" 200 -
[05/Aug/2026 12:50:42] "GET /Photos/2017/2017-04_%E5%8F%B0%E5%8C%97/%E5%9F%BA%E9%9A%86/EF5CF0BC-44AF-4B8A-9279-8E6706BA30D7.jpeg HTTP/1.1" 200 -
[05/Aug/2026 12:50:42] "GET /Photos/2017/2017-04_%E5%8F%B0%E5%8C%97/%E5%9F%BA%E9%9A%86/DD63CDD3-DA10-4FB3-82DB-26DCEE1010E4.jpeg HTTP/1.1" 200 -
[05/Aug/2026 12:50:42] "GET /Photos/2017/2017-10_%E5%8F%B0%E5%8C%97/%E5%9F%BA%E9%9A%86/8C0EC61C-2095-407F-8033-26FEB7BE241B_1_201_a.jpeg HTTP/1.1" 200 -
[05/Aug/2026 12:50:42] "GET /Photos/2017/2017-10_%E5%8F%B0%E5%8C%97/%E5%9F%BA%E9%9A%86/01ADCDD6-C4C1-4BB2-8DEC-7EE7D5509398_1_201_a.jpeg HTTP/1.1" 200 -
[05/Aug/2026 12:50:42] "GET /Photos/2017/2017-10_%E5%8F%B0%E5%8C%97/%E5%9F%BA%E9%9A%86/8A5A429C-220E-4446-B71F-8FEB586A7291.jpeg HTTP/1.1" 200 -
[05/Aug/2026 12:50:42] "GET /Photos/2017/2017-10_%E5%8F%B0%E5%8C%97/%E5%9F%BA%E9%9A%86/750C2118-CAE8-43B5-9187-66C499B856BF_1_201_a.jpeg HTTP/1.1" 200 -
[05/Aug/2026 12:50:42] "GET /Photos/2017/2017-10_%E5%8F%B0%E5%8C%97/%E5%9F%BA%E9%9A%86/FB94F3E8-BB00-451E-B630-A2300C23F8C3_1_201_a.jpeg HTTP/1.1" 200 -
[05/Aug/2026 12:50:42] "GET /Photos/2017/2017-10_%E5%8F%B0%E5%8C%97/%E5%9F%BA%E9%9A%86/8480F92D-CB06-4D6D-9952-A40F458340EB_1_201_a.jpeg HTTP/1.1" 200 -
[05/Aug/2026 12:50:42] "GET /Photos/2017/2017-01_%E5%8F%B0%E5%8C%97/%E5%9F%BA%E9%9A%86/7BD98997-2343-4901-89F0-DF6539AD135A.jpeg HTTP/1.1" 200 -
[05/Aug/2026 12:50:42] "GET /Photos/2017/2017-01_%E5%8F%B0%E5%8C%97/%E5%9F%BA%E9%9A%86/7C120F24-D15D-4828-A827-2543BA2A3FEF.jpeg HTTP/1.1" 200 -
[05/Aug/2026 12:50:42] "GET /Photos/2017/2017-01_%E5%8F%B0%E5%8C%97/%E5%9F%BA%E9%9A%86/A51CB6D4-2ABB-4F41-940B-1973CC84CFC5.jpeg HTTP/1.1" 200 -
[05/Aug/2026 12:50:42] "GET /Photos/2017/2017-01_%E5%8F%B0%E5%8C%97/%E5%9F%BA%E9%9A%86/7418BA34-4600-42CD-A164-DCF56E234A61.jpeg HTTP/1.1" 200 -
[05/Aug/2026 12:50:42] "GET /Photos/2017/2017-01_%E5%8F%B0%E5%8C%97/%E5%9F%BA%E9%9A%86/A6D1EAB2-0D61-4DA5-A4E3-DAF5FF0AD560.jpeg HTTP/1.1" 200 -
[05/Aug/2026 12:50:42] "GET /Photos/2017/2017-01_%E5%8F%B0%E5%8C%97/%E5%9F%BA%E9%9A%86/474A4B87-2E33-4B4E-8CCF-94B9E22BA43B.jpeg HTTP/1.1" 200 -
[05/Aug/2026 12:50:42] "GET /Photos/2017/2017-01_%E5%8F%B0%E5%8C%97/%E5%9F%BA%E9%9A%86/9C87D730-EC10-4767-A392-0A29F570D27E.jpeg HTTP/1.1" 200 -
[05/Aug/2026 12:50:42] "GET /Photos/2017/2017-05_%E5%8F%B0%E5%8C%97/%E5%9F%BA%E9%9A%86/4B49A852-8C23-46D4-8D01-8A1AAC841EBF.jpeg HTTP/1.1" 200 -
[05/Aug/2026 12:50:42] "GET /Photos/2017/2017-05_%E5%8F%B0%E5%8C%97/%E5%9F%BA%E9%9A%86/C5EC07B2-BCBA-4174-9332-75636E7BD1E2.jpeg HTTP/1.1" 200 -
[05/Aug/2026 12:50:42] "GET /Photos/2017/2017-02_%E5%8F%B0%E5%8C%97/%E5%9F%BA%E9%9A%86/2DE2A7C2-6E10-4540-AC48-A74C7242E286.jpeg HTTP/1.1" 200 -
[05/Aug/2026 12:50:42] "GET /Photos/2017/2017-12_%E5%8F%B0%E5%8C%97/%E5%9F%BA%E9%9A%86/7835DD69-07E0-4744-BE15-9375A260E8CE.jpeg HTTP/1.1" 200 -
[05/Aug/2026 12:50:42] "GET /Photos/2017/2017-12_%E5%8F%B0%E5%8C%97/%E5%9F%BA%E9%9A%86/6367A7C3-9025-4D37-B11C-EB2729C5AD99.jpeg HTTP/1.1" 200 -
[05/Aug/2026 12:50:42] "GET /Photos/2017/2017-12_%E5%8F%B0%E5%8C%97/%E5%9F%BA%E9%9A%86/09032B9A-7385-4B1F-8FAF-092CFE1E8AA4.jpeg HTTP/1.1" 200 -
[05/Aug/2026 12:50:42] "GET /Photos/2017/2017-12_%E5%8F%B0%E5%8C%97/%E5%9F%BA%E9%9A%86/45752BA3-6844-4369-8FA8-8732DD0F32CA_1_201_a.jpeg HTTP/1.1" 200 -
[05/Aug/2026 12:50:42] "GET /Photos/2017/2017-12_%E5%8F%B0%E5%8C%97/%E5%9F%BA%E9%9A%86/48E9C488-C5E7-44FB-B374-5DC1A6B498AC.jpeg HTTP/1.1" 200 -
[05/Aug/2026 12:50:42] "GET /Photos/2017/2017-12_%E5%8F%B0%E5%8C%97/%E5%9F%BA%E9%9A%86/26520940-A010-48FF-935F-5855E5949085.jpeg HTTP/1.1" 200 -
[05/Aug/2026 12:50:42] "GET /Photos/2017/2017-12_%E5%8F%B0%E5%8C%97/%E5%9F%BA%E9%9A%86/7E663BE3-CC48-4716-8AA9-A7F6C3F517A5.jpeg HTTP/1.1" 200 -
[05/Aug/2026 12:50:42] "GET /Photos/2017/2017-12_%E5%8F%B0%E5%8C%97/%E5%9F%BA%E9%9A%86/85928917-E6F9-4BBC-AF91-9E0E38F01223.jpeg HTTP/1.1" 200 -
[05/Aug/2026 12:50:42] "GET /Photos/2017/2017-12_%E5%8F%B0%E5%8C%97/%E5%9F%BA%E9%9A%86/A7172B1C-8975-451C-8406-33C14281F4B0_1_201_a.jpeg HTTP/1.1" 200 -
[05/Aug/2026 12:50:42] "GET /Photos/2017/2017-12_%E5%8F%B0%E5%8C%97/%E5%9F%BA%E9%9A%86/08C93A6D-68B7-474E-92F7-F278469DC9E1_1_201_a.jpeg HTTP/1.1" 200 -
[05/Aug/2026 12:50:42] "GET /Photos/2017/2017-12_%E5%8F%B0%E5%8C%97/%E5%9F%BA%E9%9A%86/5CB2773B-E313-44D6-8302-41BD6A13139F.jpeg HTTP/1.1" 200 -
[05/Aug/2026 12:50:42] "GET /Photos/2017/2017-12_%E5%8F%B0%E5%8C%97/%E5%9F%BA%E9%9A%86/508623D2-5A94-453B-8D84-B55F3D0BF626.jpeg HTTP/1.1" 200 -
[05/Aug/2026 12:50:42] "GET /Photos/2017/2017-12_%E5%8F%B0%E5%8C%97/%E5%9F%BA%E9%9A%86/71DBB1DD-5076-475E-8FC9-4C9731148CAA_1_201_a.jpeg HTTP/1.1" 200 -
[05/Aug/2026 12:50:42] "GET /Photos/2017/2017-12_%E5%8F%B0%E5%8C%97/%E5%9F%BA%E9%9A%86/07495DFF-2591-4BD9-AD9D-3C5E8A9D6AAC.jpeg HTTP/1.1" 200 -
[05/Aug/2026 12:50:42] "GET /Photos/2017/2017-12_%E5%8F%B0%E5%8C%97/%E5%9F%BA%E9%9A%86/9D8BB487-67F6-40AE-9CB8-E7433DCEA174.jpeg HTTP/1.1" 200 -
[05/Aug/2026 12:50:42] "GET /Photos/2017/2017-12_%E5%8F%B0%E5%8C%97/%E5%9F%BA%E9%9A%86/08278434-7CA3-44F2-8AA9-CB5C071AB414.jpeg HTTP/1.1" 200 -
[05/Aug/2026 12:50:42] "GET /Photos/2017/2017-12_%E5%8F%B0%E5%8C%97/%E5%9F%BA%E9%9A%86/8092EEE7-0247-4B3E-A152-8214A13422FF.jpeg HTTP/1.1" 200 -
[05/Aug/2026 12:50:42] "GET /Photos/2017/2017-12_%E5%8F%B0%E5%8C%97/%E5%9F%BA%E9%9A%86/A4C7D703-B9DF-4B80-A9DB-6C50B44F02F5.jpeg HTTP/1.1" 200 -
[05/Aug/2026 12:50:42] "GET /Photos/2017/2017-12_%E5%8F%B0%E5%8C%97/%E5%9F%BA%E9%9A%86/FA943632-30E7-4989-9F4A-FACBE4B8F7D6.jpeg HTTP/1.1" 200 -
[05/Aug/2026 12:50:42] "GET /Photos/2017/2017-12_%E5%8F%B0%E5%8C%97/%E5%9F%BA%E9%9A%86/2AEA22E2-A30C-42E3-8224-D02C0D77E5AD.jpeg HTTP/1.1" 200 -
[05/Aug/2026 12:50:42] "GET /Photos/2017/2017-12_%E5%8F%B0%E5%8C%97/%E5%9F%BA%E9%9A%86/E5A45545-595C-4912-947B-C9CD6F75D2B7.jpeg HTTP/1.1" 200 -
[05/Aug/2026 12:50:42] "GET /Photos/2017/2017-12_%E5%8F%B0%E5%8C%97/%E5%9F%BA%E9%9A%86/4D7C1AE6-7F8F-49DE-96B5-897C70DF2797.jpeg HTTP/1.1" 200 -
[05/Aug/2026 12:50:42] "GET /Photos/2017/2017-12_%E5%8F%B0%E5%8C%97/%E5%9F%BA%E9%9A%86/ED8D2CB9-4643-4EA6-94BF-FE0529A0A17C.jpeg HTTP/1.1" 200 -
[05/Aug/2026 12:50:43] "GET /Photos/2017/2017-12_%E5%8F%B0%E5%8C%97/%E5%9F%BA%E9%9A%86/42322957-46A2-4B48-8059-8B7AB43341F8.jpeg HTTP/1.1" 200 -
[05/Aug/2026 12:50:43] "GET /Photos/2017/2017-12_%E5%8F%B0%E5%8C%97/%E5%9F%BA%E9%9A%86/4204A11F-3278-4370-A466-E91BF9418956.jpeg HTTP/1.1" 200 -
[05/Aug/2026 12:50:43] "GET /Photos/2017/2017-12_%E5%8F%B0%E5%8C%97/%E5%9F%BA%E9%9A%86/BFB1B31B-2C95-4289-AAEC-C9C769005972.jpeg HTTP/1.1" 200 -
[05/Aug/2026 12:50:43] "GET /Photos/2017/2017-12_%E5%8F%B0%E5%8C%97/%E5%9F%BA%E9%9A%86/478AFF67-BEA8-434A-B4D1-10A544D9C148_1_201_a.jpeg HTTP/1.1" 200 -
[05/Aug/2026 12:50:43] "GET /Photos/2017/2017-12_%E5%8F%B0%E5%8C%97/%E5%9F%BA%E9%9A%86/001CB0C4-5D4E-4DDE-9C11-984CC94F9B76.jpeg HTTP/1.1" 200 -
[05/Aug/2026 12:50:43] "GET /Photos/2017/2017-12_%E5%8F%B0%E5%8C%97/%E5%9F%BA%E9%9A%86/19E35FE6-2782-48AC-B915-D19E389AB241.jpeg HTTP/1.1" 200 -
[05/Aug/2026 12:50:43] "GET /Photos/2017/2017-12_%E5%8F%B0%E5%8C%97/%E5%9F%BA%E9%9A%86/DB56A732-5B07-4DE4-AEC9-D40DAFC05251.jpeg HTTP/1.1" 200 -
[05/Aug/2026 12:50:43] "GET /Photos/2017/2017-12_%E5%8F%B0%E5%8C%97/%E5%9F%BA%E9%9A%86/FA4428AD-30A4-45A3-BD9C-6E6C010E4C03_1_201_a.jpeg HTTP/1.1" 200 -
[05/Aug/2026 12:50:43] "GET /Photos/2017/2017-12_%E5%8F%B0%E5%8C%97/%E5%9F%BA%E9%9A%86/DCC52D6F-4046-4EE1-8471-33440FABD65D.jpeg HTTP/1.1" 200 -
[05/Aug/2026 12:50:43] "GET /Photos/2017/2017-12_%E5%8F%B0%E5%8C%97/%E5%9F%BA%E9%9A%86/F311310A-FF93-44AD-A84F-6749D4E08B64.jpeg HTTP/1.1" 200 -
[05/Aug/2026 12:50:43] "GET /Photos/2017/2017-12_%E5%8F%B0%E5%8C%97/%E5%9F%BA%E9%9A%86/2317C0C1-E359-4E98-81B5-C2834262AB03_1_201_a.jpeg HTTP/1.1" 200 -
[05/Aug/2026 12:50:43] "GET /Photos/2017/2017-12_%E5%8F%B0%E5%8C%97/%E5%9F%BA%E9%9A%86/E74EBE92-B135-4AAD-AA43-6822975F8894.jpeg HTTP/1.1" 200 -
[05/Aug/2026 12:50:43] "GET /Photos/2017/2017-12_%E5%8F%B0%E5%8C%97/%E5%9F%BA%E9%9A%86/095C0A84-769A-4D16-B575-871B38075313.jpeg HTTP/1.1" 200 -
[05/Aug/2026 12:50:43] "GET /Photos/2017/2017-12_%E5%8F%B0%E5%8C%97/%E5%9F%BA%E9%9A%86/C3DB1740-4794-40CF-B80C-3D81F4AA8968.jpeg HTTP/1.1" 200 -
[05/Aug/2026 12:50:43] "GET /Photos/2017/2017-12_%E5%8F%B0%E5%8C%97/%E5%9F%BA%E9%9A%86/E1F6F8DA-273F-489D-9299-33E4E2658856.jpeg HTTP/1.1" 200 -
[05/Aug/2026 12:50:43] "GET /Photos/2017/2017-12_%E5%8F%B0%E5%8C%97/%E5%9F%BA%E9%9A%86/322C09D1-130C-4755-8556-313BDA9BCD4A.jpeg HTTP/1.1" 200 -
[05/Aug/2026 12:50:43] "GET /Photos/2017/2017-12_%E5%8F%B0%E5%8C%97/%E5%9F%BA%E9%9A%86/EF3E90A1-3C60-4F39-9BDB-05C037790552.jpeg HTTP/1.1" 200 -
[05/Aug/2026 12:50:43] "GET /Photos/2017/2017-12_%E5%8F%B0%E5%8C%97/%E5%9F%BA%E9%9A%86/CBB35903-5D14-4135-9AC0-C444CF300772.jpeg HTTP/1.1" 200 -
[05/Aug/2026 12:50:43] "GET /Photos/2017/2017-12_%E5%8F%B0%E5%8C%97/%E5%9F%BA%E9%9A%86/8B915AD4-36EE-40A7-A610-40151C1F1D08.jpeg HTTP/1.1" 200 -
[05/Aug/2026 12:50:43] "GET /Photos/2017/2017-12_%E5%8F%B0%E5%8C%97/%E5%9F%BA%E9%9A%86/A636F616-748B-4634-A659-CBE8042B3145.jpeg HTTP/1.1" 200 -
[05/Aug/2026 12:50:43] "GET /Photos/2017/2017-12_%E5%8F%B0%E5%8C%97/%E5%9F%BA%E9%9A%86/DB0A8E37-3A49-47F4-B07D-41631D6FF405.jpeg HTTP/1.1" 200 -
[05/Aug/2026 12:50:43] "GET /Photos/2017/2017-12_%E5%8F%B0%E5%8C%97/%E5%9F%BA%E9%9A%86/062E9446-21DC-49B7-899B-3354D2FE42C9.jpeg HTTP/1.1" 200 -
[05/Aug/2026 12:50:43] "GET /Photos/2017/2017-12_%E5%8F%B0%E5%8C%97/%E5%9F%BA%E9%9A%86/3B8D8E10-A86B-4807-8A54-0FEA79701C01.jpeg HTTP/1.1" 200 -
[05/Aug/2026 12:50:43] "GET /Photos/2017/2017-12_%E5%8F%B0%E5%8C%97/%E5%9F%BA%E9%9A%86/9C7E0851-1004-46D2-8817-4F74ECCE8DAA.jpeg HTTP/1.1" 200 -
[05/Aug/2026 12:50:43] "GET /Photos/2017/2017-12_%E5%8F%B0%E5%8C%97/%E5%9F%BA%E9%9A%86/5CDCFCAD-8202-4B74-900E-460A9E4F7237.jpeg HTTP/1.1" 200 -
[05/Aug/2026 12:50:43] "GET /Photos/2017/2017-12_%E5%8F%B0%E5%8C%97/%E5%9F%BA%E9%9A%86/CABE304E-EED7-448C-B8A9-2B9DB2811D39.jpeg HTTP/1.1" 200 -
[05/Aug/2026 12:50:43] "GET /Photos/2017/2017-12_%E5%8F%B0%E5%8C%97/%E5%9F%BA%E9%9A%86/1D24E9C2-964C-4694-A34F-CDDDDB01EDCA.jpeg HTTP/1.1" 200 -
[05/Aug/2026 12:50:43] "GET /Photos/2017/2017-12_%E5%8F%B0%E5%8C%97/%E5%9F%BA%E9%9A%86/69CEA4E6-0CF1-4185-9DE6-96619752D7DD_1_201_a.jpeg HTTP/1.1" 200 -
[05/Aug/2026 12:50:43] "GET /Photos/2017/2017-12_%E5%8F%B0%E5%8C%97/%E5%9F%BA%E9%9A%86/EF9FFBCC-0235-4C06-A323-24995636CC23_1_201_a.jpeg HTTP/1.1" 200 -
[05/Aug/2026 12:50:43] "GET /Photos/2017/2017-12_%E5%8F%B0%E5%8C%97/%E5%9F%BA%E9%9A%86/0AFA3E5F-E7C6-44CD-8D08-34336A7E26D6.jpeg HTTP/1.1" 200 -
[05/Aug/2026 12:50:43] "GET /Photos/2017/2017-12_%E5%8F%B0%E5%8C%97/%E5%9F%BA%E9%9A%86/55A183D5-8A9F-4233-A5E0-883E01C76E86.jpeg HTTP/1.1" 200 -
[05/Aug/2026 12:50:43] "GET /Photos/2017/2017-12_%E5%8F%B0%E5%8C%97/%E5%9F%BA%E9%9A%86/D5EE4F7B-CC8D-45FF-B425-FBDECB902321.jpeg HTTP/1.1" 200 -
[05/Aug/2026 12:50:43] "GET /Photos/2017/2017-12_%E5%8F%B0%E5%8C%97/%E5%9F%BA%E9%9A%86/2724F2E9-A820-4B6E-AB3C-9D33CC4E8A88.jpeg HTTP/1.1" 200 -
[05/Aug/2026 12:50:43] "GET /Photos/2017/2017-12_%E5%8F%B0%E5%8C%97/%E5%9F%BA%E9%9A%86/3AE1EA79-DE49-44C3-ABA3-4F0F21F970DC.jpeg HTTP/1.1" 200 -
[05/Aug/2026 12:50:43] "GET /Photos/2017/2017-12_%E5%8F%B0%E5%8C%97/%E5%9F%BA%E9%9A%86/CBE14C54-7FE2-4CC2-8D07-2FE107614428.jpeg HTTP/1.1" 200 -
[05/Aug/2026 12:50:43] "GET /Photos/2017/2017-07_%E5%8F%B0%E5%8C%97/%E5%9F%BA%E9%9A%86/FC9BAB9A-C283-4D6C-B114-D440CF13945C.jpeg HTTP/1.1" 200 -
[05/Aug/2026 12:50:43] "GET /Photos/2017/2017-07_%E5%8F%B0%E5%8C%97/%E5%9F%BA%E9%9A%86/1FE99BD6-7788-4E58-9A3C-5A6C813869C0_1_201_a.jpeg HTTP/1.1" 200 -
[05/Aug/2026 12:50:43] "GET /Photos/2017/2017-07_%E5%8F%B0%E5%8C%97/%E5%9F%BA%E9%9A%86/5B698F13-6562-4C90-BE28-1C8E7BC1FBFC.jpeg HTTP/1.1" 200 -
[05/Aug/2026 12:50:43] "GET /Photos/2017/2017-07_%E5%8F%B0%E5%8C%97/%E5%9F%BA%E9%9A%86/1DD34D31-2547-481A-97C6-99C90ED0FAC9.jpeg HTTP/1.1" 200 -
[05/Aug/2026 12:50:43] "GET /Photos/2017/2017-07_%E5%8F%B0%E5%8C%97/%E5%9F%BA%E9%9A%86/94454B0F-A7C2-4132-8031-33D92E4439AF.jpeg HTTP/1.1" 200 -
[05/Aug/2026 12:50:43] "GET /Photos/2017/2017-07_%E5%8F%B0%E5%8C%97/%E5%9F%BA%E9%9A%86/DECAB988-8320-436F-967D-92DDDFE73C5F.jpeg HTTP/1.1" 200 -
[05/Aug/2026 12:50:43] "GET /Photos/2017/2017-07_%E5%8F%B0%E5%8C%97/%E5%9F%BA%E9%9A%86/F76BAF8D-6845-423B-879E-D114ACBB033C_1_201_a.jpeg HTTP/1.1" 200 -
[05/Aug/2026 12:50:43] "GET /Photos/2017/2017-07_%E5%8F%B0%E5%8C%97/%E5%9F%BA%E9%9A%86/5B8DBC14-7538-40F6-8247-9164175C4FCE_1_201_a.jpeg HTTP/1.1" 200 -
[05/Aug/2026 12:50:43] "GET /Photos/2017/2017-07_%E5%8F%B0%E5%8C%97/%E5%9F%BA%E9%9A%86/6A06863D-76AD-48DA-9E1B-2B3CDD689085_1_201_a.jpeg HTTP/1.1" 200 -
[05/Aug/2026 12:50:43] "GET /Photos/2017/2017-07_%E5%8F%B0%E5%8C%97/%E5%9F%BA%E9%9A%86/CAAAF776-4CB0-42A9-87D5-5A249EA4FB02.jpeg HTTP/1.1" 200 -
[05/Aug/2026 12:50:43] "GET /Photos/2017/2017-07_%E5%8F%B0%E5%8C%97/%E5%9F%BA%E9%9A%86/1B1D5E83-C4D6-4A41-AD42-CB736EEAA27B_1_201_a.jpeg HTTP/1.1" 200 -
[05/Aug/2026 12:50:43] "GET /Photos/2017/2017-07_%E5%8F%B0%E5%8C%97/%E5%9F%BA%E9%9A%86/748ADA9F-C8F6-464C-B341-7BFCFE635E73.jpeg HTTP/1.1" 200 -
[05/Aug/2026 12:50:43] "GET /Photos/2017/2017-07_%E5%8F%B0%E5%8C%97/%E5%9F%BA%E9%9A%86/8FD16D50-79DC-40CB-8FF0-43999194BC87.jpeg HTTP/1.1" 200 -
[05/Aug/2026 12:50:43] "GET /Photos/2017/2017-07_%E5%8F%B0%E5%8C%97/%E5%9F%BA%E9%9A%86/4F290A24-14E6-4A4F-BF5B-284F36CD1841.jpeg HTTP/1.1" 200 -
[05/Aug/2026 12:50:43] "GET /Photos/2017/2017-03_%E5%8F%B0%E5%8C%97/%E5%9F%BA%E9%9A%86/927CBA8B-FB86-4F68-8963-133B9C3374D0.jpeg HTTP/1.1" 200 -
[05/Aug/2026 12:50:43] "GET /Photos/2017/2017-03_%E5%8F%B0%E5%8C%97/%E5%9F%BA%E9%9A%86/0533E87C-5668-4F11-83A9-8DC23820F34E_1_201_a.jpeg HTTP/1.1" 200 -
[05/Aug/2026 12:50:43] "GET /Photos/2017/2017-03_%E5%8F%B0%E5%8C%97/%E5%9F%BA%E9%9A%86/DFF75813-CAC7-48B1-AA7B-7F6A2AC48594.jpeg HTTP/1.1" 200 -
[05/Aug/2026 12:50:43] "GET /Photos/2017/2017-03_%E5%8F%B0%E5%8C%97/%E5%9F%BA%E9%9A%86/DE3DD104-8CB6-47A2-9B94-288E50D61082_1_201_a.jpeg HTTP/1.1" 200 -
[05/Aug/2026 12:50:43] "GET /Photos/2017/2017-03_%E5%8F%B0%E5%8C%97/%E5%9F%BA%E9%9A%86/30921F4E-A51E-4A2E-B843-AD9B1379C914.jpeg HTTP/1.1" 200 -
[05/Aug/2026 12:50:43] "GET /Photos/2017/2017-03_%E5%8F%B0%E5%8C%97/%E5%9F%BA%E9%9A%86/57C0FB18-B4DE-405E-94F8-139AFDDA90C8.jpeg HTTP/1.1" 200 -
[05/Aug/2026 12:50:43] "GET /Photos/2017/2017-08_%E5%8F%B0%E5%8C%97/%E5%9F%BA%E9%9A%86/CF72A771-8ECF-4034-93F9-D6E7C0138B04.jpeg HTTP/1.1" 200 -
[05/Aug/2026 12:50:43] "GET /Photos/2017/2017-08_%E5%8F%B0%E5%8C%97/%E5%9F%BA%E9%9A%86/DE3B82F6-DF5D-4223-9A77-12E48062075D.jpeg HTTP/1.1" 200 -
[05/Aug/2026 12:50:43] "GET /Photos/2017/2017-08_%E5%8F%B0%E5%8C%97/%E5%9F%BA%E9%9A%86/7D88554E-F2C5-4DAA-B1D9-2D4C8DA58B7B.jpeg HTTP/1.1" 200 -
[05/Aug/2026 12:50:43] "GET /Photos/2017/2017-08_%E5%8F%B0%E5%8C%97/%E5%9F%BA%E9%9A%86/6AA11BFB-FB3D-4DB6-89DD-FF3D615285FA.jpeg HTTP/1.1" 200 -
[05/Aug/2026 12:50:43] "GET /Photos/2017/2017-02_%E6%96%B0%E7%AB%B9/%E5%8F%B0%E4%B8%AD/27701D02-CEFE-4F72-B893-F3BC541D8BA3.jpeg HTTP/1.1" 200 -
[05/Aug/2026 12:50:43] "GET /Photos/2019/2019-02_%E6%9C%AA%E7%9F%A5%E5%9C%B0%E9%BB%9E/E52DF5F0-02A6-44D7-B63A-D1922CD0E674.jpeg HTTP/1.1" 200 -
[05/Aug/2026 12:50:43] "GET /Photos/2017/2017-02_%E6%96%B0%E7%AB%B9/%E5%8F%B0%E4%B8%AD/FB81E17B-867E-4EDD-897D-BBC7AF268795.jpeg HTTP/1.1" 200 -
[05/Aug/2026 12:50:43] "GET /Photos/2019/2019-02_%E6%9C%AA%E7%9F%A5%E5%9C%B0%E9%BB%9E/1AF18944-22D4-4AA5-A2BF-891D282F869B.jpeg HTTP/1.1" 200 -
[05/Aug/2026 12:50:43] "GET /Photos/2019/2019-02_%E6%9C%AA%E7%9F%A5%E5%9C%B0%E9%BB%9E/A83BC596-615B-448C-8176-E034118E2621.jpeg HTTP/1.1" 200 -
[05/Aug/2026 12:50:43] "GET /Photos/2019/2019-02_%E6%9C%AA%E7%9F%A5%E5%9C%B0%E9%BB%9E/27C534EC-E0EE-4823-BE76-1A6A13CE9F3C.jpeg HTTP/1.1" 200 -
[05/Aug/2026 12:50:43] "GET /Photos/2019/2019-02_%E6%9C%AA%E7%9F%A5%E5%9C%B0%E9%BB%9E/09881A87-F607-47D4-A4F9-D80A6B28E376.jpeg HTTP/1.1" 200 -
[05/Aug/2026 12:50:43] "GET /Photos/2019/2019-02_%E6%9C%AA%E7%9F%A5%E5%9C%B0%E9%BB%9E/5B62EE34-2B8F-4499-992D-FD203AC3C766.jpeg HTTP/1.1" 200 -
[05/Aug/2026 12:50:43] "GET /Photos/2019/2019-02_%E6%9C%AA%E7%9F%A5%E5%9C%B0%E9%BB%9E/07D3AAAD-C84A-4CDE-A7A5-CF1768497F79.jpeg HTTP/1.1" 200 -
[05/Aug/2026 12:50:43] "GET /Photos/2019/2019-05_%E6%9C%AA%E7%9F%A5%E5%9C%B0%E9%BB%9E/7662182C-CD68-4128-8A21-F5A0105CD33C.jpeg HTTP/1.1" 200 -
[05/Aug/2026 12:50:43] "GET /Photos/2019/2019-02_%E6%9C%AA%E7%9F%A5%E5%9C%B0%E9%BB%9E/78DCEF5E-A668-40FD-AE60-59F9457405A6.jpeg HTTP/1.1" 200 -
[05/Aug/2026 12:50:43] "GET /Photos/2019/2019-05_%E6%9C%AA%E7%9F%A5%E5%9C%B0%E9%BB%9E/E4C5A519-4A40-4920-A715-723FE6D375D3.jpeg HTTP/1.1" 200 -
[05/Aug/2026 12:50:43] "GET /Photos/2019/2019-05_%E6%9C%AA%E7%9F%A5%E5%9C%B0%E9%BB%9E/954AEF60-9B61-4345-B4A4-7B81AB6A77C0.jpeg HTTP/1.1" 200 -
[05/Aug/2026 12:50:43] "GET /Photos/2019/2019-05_%E6%9C%AA%E7%9F%A5%E5%9C%B0%E9%BB%9E/7464721C-6A4E-40C2-BA83-526E95002A47.jpeg HTTP/1.1" 200 -
[05/Aug/2026 12:50:43] "GET /Photos/2019/2019-05_%E6%9C%AA%E7%9F%A5%E5%9C%B0%E9%BB%9E/6CB8B244-062C-447D-9DE4-C68410799192.jpeg HTTP/1.1" 200 -
[05/Aug/2026 12:50:43] "GET /Photos/2019/2019-05_%E6%9C%AA%E7%9F%A5%E5%9C%B0%E9%BB%9E/FB2641EE-8BFB-4F7B-9359-AE94DDD66E63.jpeg HTTP/1.1" 200 -
[05/Aug/2026 12:50:43] "GET /Photos/2019/2019-05_%E6%9C%AA%E7%9F%A5%E5%9C%B0%E9%BB%9E/C3795D3B-C5A7-4599-B4EE-AE74147D6975.jpeg HTTP/1.1" 200 -
[05/Aug/2026 12:50:43] "GET /Photos/2019/2019-05_%E6%9C%AA%E7%9F%A5%E5%9C%B0%E9%BB%9E/390B4E75-1401-487E-A38B-3B26A0E65C06.jpeg HTTP/1.1" 200 -
[05/Aug/2026 12:50:43] "GET /Photos/2019/2019-05_%E6%9C%AA%E7%9F%A5%E5%9C%B0%E9%BB%9E/E4D3B260-ADCE-4AA3-B9BC-3E2A135C694C.jpeg HTTP/1.1" 200 -
[05/Aug/2026 12:50:43] "GET /Photos/2019/2019-05_%E6%9C%AA%E7%9F%A5%E5%9C%B0%E9%BB%9E/BA838C23-E750-490E-9130-9AD936F25135.jpeg HTTP/1.1" 200 -
[05/Aug/2026 12:50:43] "GET /Photos/2019/2019-05_%E6%9C%AA%E7%9F%A5%E5%9C%B0%E9%BB%9E/D8A64E40-527B-4CA4-9534-BB8AE4C8F984.jpeg HTTP/1.1" 200 -
[05/Aug/2026 12:50:43] "GET /Photos/2019/2019-05_%E6%9C%AA%E7%9F%A5%E5%9C%B0%E9%BB%9E/0BBB7B48-F686-435E-9947-B5A91F682320.jpeg HTTP/1.1" 200 -
[05/Aug/2026 12:50:43] "GET /Photos/2019/2019-05_%E6%9C%AA%E7%9F%A5%E5%9C%B0%E9%BB%9E/F984CBB3-A56B-47D1-8F68-7347812AA2D0.jpeg HTTP/1.1" 200 -
[05/Aug/2026 12:50:43] "GET /Photos/2019/2019-05_%E6%9C%AA%E7%9F%A5%E5%9C%B0%E9%BB%9E/AA1CAEC4-5000-4066-B68A-C49FA9B07643.jpeg HTTP/1.1" 200 -
[05/Aug/2026 12:50:43] "GET /Photos/2019/2019-05_%E6%9C%AA%E7%9F%A5%E5%9C%B0%E9%BB%9E/EFED684D-7878-411C-84FF-BC6312942F48.jpeg HTTP/1.1" 200 -
[05/Aug/2026 12:50:43] "GET /Photos/2019/2019-05_%E6%9C%AA%E7%9F%A5%E5%9C%B0%E9%BB%9E/49E2850D-D428-46D3-96E2-397365C84059.jpeg HTTP/1.1" 200 -
[05/Aug/2026 12:50:43] "GET /Photos/2019/2019-05_%E6%9C%AA%E7%9F%A5%E5%9C%B0%E9%BB%9E/93D75F24-7454-4383-86B1-931B726660F2.jpeg HTTP/1.1" 200 -
[05/Aug/2026 12:50:43] "GET /Photos/2019/2019-05_%E6%9C%AA%E7%9F%A5%E5%9C%B0%E9%BB%9E/91865555-7943-4AEC-A708-6DD62EC4F70F.jpeg HTTP/1.1" 200 -
[05/Aug/2026 12:50:43] "GET /Photos/2019/2019-05_%E6%9C%AA%E7%9F%A5%E5%9C%B0%E9%BB%9E/14B5123E-AC56-4434-A2DF-9C8F2D2EDD2B.jpeg HTTP/1.1" 200 -
[05/Aug/2026 12:50:43] "GET /Photos/2019/2019-05_%E6%9C%AA%E7%9F%A5%E5%9C%B0%E9%BB%9E/FEFD3996-52D4-4CC4-BA5C-9E5BBD31FB49.jpeg HTTP/1.1" 200 -
[05/Aug/2026 12:50:43] "GET /Photos/2019/2019-05_%E6%9C%AA%E7%9F%A5%E5%9C%B0%E9%BB%9E/8FEB4AC0-3606-408A-A29B-EE4025A2A350.jpeg HTTP/1.1" 200 -
[05/Aug/2026 12:50:43] "GET /Photos/2019/2019-05_%E6%9C%AA%E7%9F%A5%E5%9C%B0%E9%BB%9E/BFF416AF-45F3-4091-A868-6D57E1BF6200.jpeg HTTP/1.1" 200 -
[05/Aug/2026 12:50:43] "GET /Photos/2019/2019-05_%E6%9C%AA%E7%9F%A5%E5%9C%B0%E9%BB%9E/31C37275-2027-46A8-8B1F-539FF553F270.jpeg HTTP/1.1" 200 -
[05/Aug/2026 12:50:44] "GET /Photos/2019/2019-05_%E6%9C%AA%E7%9F%A5%E5%9C%B0%E9%BB%9E/6F5BD965-C698-468C-9A5A-B9607790E6F3.jpeg HTTP/1.1" 200 -
[05/Aug/2026 12:50:44] "GET /Photos/2019/2019-05_%E6%9C%AA%E7%9F%A5%E5%9C%B0%E9%BB%9E/FE4E022C-D243-4A42-9F5F-925FCD61929D.jpeg HTTP/1.1" 200 -
[05/Aug/2026 12:50:44] "GET /Photos/2019/2019-05_%E6%9C%AA%E7%9F%A5%E5%9C%B0%E9%BB%9E/D1A0092B-BCC4-452C-8FB2-2374FFD458CD.jpeg HTTP/1.1" 200 -
[05/Aug/2026 12:50:44] "GET /Photos/2019/2019-05_%E6%9C%AA%E7%9F%A5%E5%9C%B0%E9%BB%9E/B92D27F4-F7FC-4C75-AB26-02CA4F06120D.jpeg HTTP/1.1" 200 -
[05/Aug/2026 12:50:44] "GET /Photos/2019/2019-05_%E6%9C%AA%E7%9F%A5%E5%9C%B0%E9%BB%9E/1C3C4697-44D5-4F00-923B-A0E64B68DA56.jpeg HTTP/1.1" 200 -
[05/Aug/2026 12:50:44] "GET /Photos/2019/2019-05_%E6%9C%AA%E7%9F%A5%E5%9C%B0%E9%BB%9E/8616716E-C196-4F91-B605-51EDB85786EA.jpeg HTTP/1.1" 200 -
[05/Aug/2026 12:50:44] "GET /Photos/2019/2019-05_%E6%9C%AA%E7%9F%A5%E5%9C%B0%E9%BB%9E/D1298C51-7C35-4FF1-ACA6-211BEC486734.jpeg HTTP/1.1" 200 -
[05/Aug/2026 12:50:44] "GET /Photos/2019/2019-05_%E6%9C%AA%E7%9F%A5%E5%9C%B0%E9%BB%9E/F3B04AF6-6818-49B8-8BC9-8FA3B946ACF4.jpeg HTTP/1.1" 200 -
[05/Aug/2026 12:50:44] "GET /Photos/2019/2019-05_%E6%9C%AA%E7%9F%A5%E5%9C%B0%E9%BB%9E/9B487C90-C764-4302-9DC5-A8034AFBFF29.jpeg HTTP/1.1" 200 -
[05/Aug/2026 12:50:44] "GET /Photos/2019/2019-05_%E6%9C%AA%E7%9F%A5%E5%9C%B0%E9%BB%9E/6CA48627-A2BF-42CC-BECF-3478E0970C29.jpeg HTTP/1.1" 200 -
[05/Aug/2026 12:50:44] "GET /Photos/2019/2019-05_%E6%9C%AA%E7%9F%A5%E5%9C%B0%E9%BB%9E/3AEB18D9-DA89-40A1-AAED-DB1FEF4F71DD.jpeg HTTP/1.1" 200 -
[05/Aug/2026 12:50:44] "GET /Photos/2019/2019-05_%E6%9C%AA%E7%9F%A5%E5%9C%B0%E9%BB%9E/A8AD8476-CC41-467F-A9FB-9031CA730052.jpeg HTTP/1.1" 200 -
[05/Aug/2026 12:50:44] "GET /Photos/2019/2019-05_%E6%9C%AA%E7%9F%A5%E5%9C%B0%E9%BB%9E/9FCB0E43-D5B7-4DAB-B60D-13B13782DEF1.jpeg HTTP/1.1" 200 -
[05/Aug/2026 12:50:44] "GET /Photos/2019/2019-05_%E6%9C%AA%E7%9F%A5%E5%9C%B0%E9%BB%9E/B4D78D43-3587-4FC9-AFC5-4EE3183EA8B4.jpeg HTTP/1.1" 200 -
[05/Aug/2026 12:50:44] "GET /Photos/2019/2019-05_%E6%9C%AA%E7%9F%A5%E5%9C%B0%E9%BB%9E/01D1B8C4-536A-425A-8CF2-19D77DA015EA.jpeg HTTP/1.1" 200 -
[05/Aug/2026 12:50:44] "GET /Photos/2019/2019-05_%E6%9C%AA%E7%9F%A5%E5%9C%B0%E9%BB%9E/D9F902C2-9B25-40BC-8B5E-E3DF95A3FC15.jpeg HTTP/1.1" 200 -
[05/Aug/2026 12:50:44] "GET /Photos/2019/2019-05_%E6%9C%AA%E7%9F%A5%E5%9C%B0%E9%BB%9E/322B787F-3261-4D11-B0B0-8D20C416200D.jpeg HTTP/1.1" 200 -
[05/Aug/2026 12:50:44] "GET /Photos/2019/2019-05_%E6%9C%AA%E7%9F%A5%E5%9C%B0%E9%BB%9E/7B60BEAF-C66B-4BB5-95A1-C1BF00B9CF72.jpeg HTTP/1.1" 200 -
[05/Aug/2026 12:50:44] "GET /Photos/2019/2019-05_%E6%9C%AA%E7%9F%A5%E5%9C%B0%E9%BB%9E/3B6CBAF6-68DB-4EE0-BEA3-5A21E8EE2319.jpeg HTTP/1.1" 200 -
[05/Aug/2026 12:50:44] "GET /Photos/2019/2019-05_%E6%9C%AA%E7%9F%A5%E5%9C%B0%E9%BB%9E/AF0FFD83-3026-45AA-BEA2-26908F5ABB68.jpeg HTTP/1.1" 200 -
[05/Aug/2026 12:50:44] "GET /Photos/2019/2019-05_%E6%9C%AA%E7%9F%A5%E5%9C%B0%E9%BB%9E/DCDA95A6-BE8F-4462-9446-2C678EC6A655.jpeg HTTP/1.1" 200 -
[05/Aug/2026 12:50:44] "GET /Photos/2019/2019-11_%E6%9C%AA%E7%9F%A5%E5%9C%B0%E9%BB%9E/3BD11E3C-6D50-435A-92B4-93245795F7B4.jpeg HTTP/1.1" 200 -
[05/Aug/2026 12:50:44] "GET /Photos/2019/2019-11_%E6%9C%AA%E7%9F%A5%E5%9C%B0%E9%BB%9E/33003577-E6AD-4775-8ACE-CD942E605B15.jpeg HTTP/1.1" 200 -
[05/Aug/2026 12:50:44] "GET /Photos/2019/2019-07_%E6%9C%AA%E7%9F%A5%E5%9C%B0%E9%BB%9E/A975ADE5-3FFF-4DAB-9840-303291DD2CAC.jpeg HTTP/1.1" 200 -
[05/Aug/2026 12:50:44] "GET /Photos/2019/2019-06_%E6%9C%AA%E7%9F%A5%E5%9C%B0%E9%BB%9E/F2AF084E-664B-4310-B894-EC85922C8AA8.jpeg HTTP/1.1" 200 -
[05/Aug/2026 12:50:44] "GET /Photos/2019/2019-09_%E5%8F%B0%E5%8C%97/%E5%9F%BA%E9%9A%86/0E0211D7-F094-4348-9CD6-B0314706BB7B.jpeg HTTP/1.1" 200 -
[05/Aug/2026 12:50:44] "GET /Photos/2019/2019-02_%E6%96%B0%E7%AB%B9/%E5%8F%B0%E4%B8%AD/B3B8FCD2-B2C6-47F1-8154-B8679A6E40ED.jpeg HTTP/1.1" 200 -
[05/Aug/2026 12:50:44] "GET /Photos/2019/2019-02_%E6%96%B0%E7%AB%B9/%E5%8F%B0%E4%B8%AD/907CCFBB-4A30-4DCF-B378-61BBFECAE0C5.jpeg HTTP/1.1" 200 -
[05/Aug/2026 12:50:44] "GET /Photos/2019/2019-02_%E6%96%B0%E7%AB%B9/%E5%8F%B0%E4%B8%AD/DA33CC4F-F54C-43EB-8520-0A683A41DF46.jpeg HTTP/1.1" 200 -
[05/Aug/2026 12:50:44] "GET /Photos/2019/2019-07_%E5%8F%B0%E5%8C%97/%E5%9F%BA%E9%9A%86/0BE388FF-5499-4C51-9847-540108EE7256.jpeg HTTP/1.1" 200 -
[05/Aug/2026 12:50:44] "GET /Photos/2019/2019-07_%E5%8F%B0%E5%8C%97/%E5%9F%BA%E9%9A%86/77757EFD-C876-4BF0-9F53-0174FF71C755.jpeg HTTP/1.1" 200 -
[05/Aug/2026 12:50:44] "GET /Photos/2019/2019-07_%E5%8F%B0%E5%8C%97/%E5%9F%BA%E9%9A%86/132751A6-DDB3-4CFE-A3ED-64E40BE4548A.jpeg HTTP/1.1" 200 -
[05/Aug/2026 12:50:44] "GET /Photos/2019/2019-07_%E5%8F%B0%E5%8C%97/%E5%9F%BA%E9%9A%86/B2A2AEB2-9390-4412-BDFD-D5B061883111.jpeg HTTP/1.1" 200 -
[05/Aug/2026 12:50:44] "GET /Photos/2019/2019-07_%E5%8F%B0%E5%8C%97/%E5%9F%BA%E9%9A%86/B0485DE7-5DD3-4BCE-81A8-C95F9C335304.jpeg HTTP/1.1" 200 -
[05/Aug/2026 12:50:44] "GET /Photos/2019/2019-07_%E5%8F%B0%E5%8C%97/%E5%9F%BA%E9%9A%86/2448593C-843F-48E1-BAD9-67CBD4C3E4C7.jpeg HTTP/1.1" 200 -
[05/Aug/2026 12:50:44] "GET /Photos/2019/2019-07_%E5%8F%B0%E5%8C%97/%E5%9F%BA%E9%9A%86/114844B6-1AA8-4E16-80DF-2A3A069BDE3E.jpeg HTTP/1.1" 200 -
[05/Aug/2026 12:50:44] "GET /Photos/2019/2019-07_%E5%8F%B0%E5%8C%97/%E5%9F%BA%E9%9A%86/319AE68D-75DF-4011-B68F-1C1EF213588E.jpeg HTTP/1.1" 200 -
[05/Aug/2026 12:50:44] "GET /Photos/2019/2019-07_%E5%8F%B0%E5%8C%97/%E5%9F%BA%E9%9A%86/7E2B2F13-89FA-4CC0-A2F6-B7BBE05B1A9F.jpeg HTTP/1.1" 200 -
[05/Aug/2026 12:50:44] "GET /Photos/2019/2019-07_%E5%8F%B0%E5%8C%97/%E5%9F%BA%E9%9A%86/F1DB4E26-7E14-48D5-81A4-431821D9133C.jpeg HTTP/1.1" 200 -
[05/Aug/2026 12:50:44] "GET /Photos/2019/2019-07_%E5%8F%B0%E5%8C%97/%E5%9F%BA%E9%9A%86/EC441D2D-0B52-447C-901F-8F0814BF8438.jpeg HTTP/1.1" 200 -
[05/Aug/2026 12:50:44] "GET /Photos/2019/2019-07_%E5%8F%B0%E5%8C%97/%E5%9F%BA%E9%9A%86/AD6F2BF8-241B-4B2C-9B4F-725F43EAB5DF.jpeg HTTP/1.1" 200 -
[05/Aug/2026 12:50:44] "GET /Photos/2019/2019-07_%E5%8F%B0%E5%8C%97/%E5%9F%BA%E9%9A%86/BB9EAF90-6C59-4FAE-801D-E1B6FFB457EB.jpeg HTTP/1.1" 200 -
[05/Aug/2026 12:50:44] "GET /Photos/2019/2019-07_%E5%8F%B0%E5%8C%97/%E5%9F%BA%E9%9A%86/7529F7EB-1DB0-4F71-9EBD-D9F3C0F67980.jpeg HTTP/1.1" 200 -
[05/Aug/2026 12:50:44] "GET /Photos/2019/2019-07_%E5%8F%B0%E5%8C%97/%E5%9F%BA%E9%9A%86/D7D66A1F-B810-4061-82B8-07FF6C6A8562.jpeg HTTP/1.1" 200 -
[05/Aug/2026 12:50:44] "GET /Photos/2019/2019-07_%E5%8F%B0%E5%8C%97/%E5%9F%BA%E9%9A%86/68EB8226-9C17-42B2-9A27-9168B51BF7B9.jpeg HTTP/1.1" 200 -
[05/Aug/2026 12:50:44] "GET /Photos/2019/2019-07_%E5%8F%B0%E5%8C%97/%E5%9F%BA%E9%9A%86/165E4019-A5BB-4AF8-910F-D94C768BFC40.jpeg HTTP/1.1" 200 -
[05/Aug/2026 12:50:44] "GET /Photos/2019/2019-07_%E5%8F%B0%E5%8C%97/%E5%9F%BA%E9%9A%86/2CA6266D-DB9F-4809-88C4-46809A1D002C.jpeg HTTP/1.1" 200 -
[05/Aug/2026 12:50:44] "GET /Photos/2019/2019-07_%E5%8F%B0%E5%8C%97/%E5%9F%BA%E9%9A%86/35EB2CB8-407C-4AE4-A8E4-F39A38166F34.jpeg HTTP/1.1" 200 -
[05/Aug/2026 12:50:44] "GET /Photos/2019/2019-03_%E5%8F%B0%E5%8C%97/%E5%9F%BA%E9%9A%86/9A87FDAD-5044-4380-A36F-82857241AB4B.jpeg HTTP/1.1" 200 -
[05/Aug/2026 12:50:44] "GET /Photos/2019/2019-03_%E5%8F%B0%E5%8C%97/%E5%9F%BA%E9%9A%86/0D57FD2B-CFF4-4B76-992D-1D1E351F5D17.jpeg HTTP/1.1" 200 -
[05/Aug/2026 12:50:44] "GET /Photos/2019/2019-07_%E5%BD%B0%E5%8C%96/%E5%98%89%E7%BE%A9/0B04D8FD-4C8C-44FB-9FF1-33039B4AE16A.jpeg HTTP/1.1" 200 -
[05/Aug/2026 12:50:44] "GET /Photos/2019/2019-07_%E5%BD%B0%E5%8C%96/%E5%98%89%E7%BE%A9/9C0703C8-C422-4D8E-B5BE-5944DE9B3CF1.jpeg HTTP/1.1" 200 -
[05/Aug/2026 12:50:44] "GET /Photos/2019/2019-02_%E5%8F%B0%E5%8C%97/%E5%9F%BA%E9%9A%86/6E398131-7688-4B8D-9E2D-9751F4658E9D.jpeg HTTP/1.1" 200 -
[05/Aug/2026 12:50:44] "GET /Photos/2019/2019-02_%E5%8F%B0%E5%8C%97/%E5%9F%BA%E9%9A%86/4ABB53C8-011D-47C4-BFB2-D0BD42091AF3.jpeg HTTP/1.1" 200 -
[05/Aug/2026 12:50:44] "GET /Photos/2019/2019-02_%E5%8F%B0%E5%8C%97/%E5%9F%BA%E9%9A%86/7F721850-B1DE-4C70-A38F-7530EED33248.jpeg HTTP/1.1" 200 -
[05/Aug/2026 12:50:44] "GET /Photos/2019/2019-02_%E5%8F%B0%E5%8C%97/%E5%9F%BA%E9%9A%86/D1375AAF-F74C-4633-81A9-D9F688CE42C3.jpeg HTTP/1.1" 200 -
[05/Aug/2026 12:50:44] "GET /Photos/2019/2019-02_%E5%8F%B0%E5%8C%97/%E5%9F%BA%E9%9A%86/F9A49511-C3D7-4D36-B59F-3D6DBBFDAE8A_1_201_a.jpeg HTTP/1.1" 200 -
[05/Aug/2026 12:50:44] "GET /Photos/2019/2019-02_%E5%8F%B0%E5%8C%97/%E5%9F%BA%E9%9A%86/7BE32421-F7EC-431C-8953-DB23E82DD9A5.jpeg HTTP/1.1" 200 -
[05/Aug/2026 12:50:44] "GET /Photos/2019/2019-02_%E5%8F%B0%E5%8C%97/%E5%9F%BA%E9%9A%86/58E7DDCB-583F-4AA7-A4F1-410D84CDD5CE.jpeg HTTP/1.1" 200 -
[05/Aug/2026 12:50:44] "GET /Photos/2019/2019-02_%E5%8F%B0%E5%8C%97/%E5%9F%BA%E9%9A%86/8CECF3D1-CCE6-42D3-B67C-91212D74B69B.jpeg HTTP/1.1" 200 -
[05/Aug/2026 12:50:44] "GET /Photos/2019/2019-12_%E5%8F%B0%E5%8C%97/%E5%9F%BA%E9%9A%86/769F9E7B-83A1-4CDC-A3CB-5AF9C9B9118C.jpeg HTTP/1.1" 200 -
[05/Aug/2026 12:50:44] "GET /Photos/2019/2019-12_%E5%8F%B0%E5%8C%97/%E5%9F%BA%E9%9A%86/0D5ACE4F-A3E9-4C97-B6CE-AEF41BE82378.jpeg HTTP/1.1" 200 -
[05/Aug/2026 12:50:44] "GET /Photos/2019/2019-12_%E5%8F%B0%E5%8C%97/%E5%9F%BA%E9%9A%86/FE3B682E-33CF-441D-9BA9-0B3EB95FD761.jpeg HTTP/1.1" 200 -
[05/Aug/2026 12:50:44] "GET /Photos/2019/2019-12_%E5%8F%B0%E5%8C%97/%E5%9F%BA%E9%9A%86/7EFD372A-BEF1-4662-9835-51F18EFDDE74.jpeg HTTP/1.1" 200 -
[05/Aug/2026 12:50:44] "GET /Photos/2019/2019-12_%E5%8F%B0%E5%8C%97/%E5%9F%BA%E9%9A%86/5AC7151F-179F-4BD1-9AEC-19AEC34455BD.jpeg HTTP/1.1" 200 -
[05/Aug/2026 12:50:44] "GET /Photos/2019/2019-12_%E5%8F%B0%E5%8C%97/%E5%9F%BA%E9%9A%86/651E0D51-A70E-4988-B8BC-50A6DE513C8B.jpeg HTTP/1.1" 200 -
[05/Aug/2026 12:50:44] "GET /Photos/2019/2019-12_%E5%8F%B0%E5%8C%97/%E5%9F%BA%E9%9A%86/BC7713BC-284C-4403-A9C8-C7CE068EF669.jpeg HTTP/1.1" 200 -
[05/Aug/2026 12:50:44] "GET /Photos/2019/2019-12_%E5%8F%B0%E5%8C%97/%E5%9F%BA%E9%9A%86/25E940C5-6BD7-4103-B83D-42004FC807B4.jpeg HTTP/1.1" 200 -
[05/Aug/2026 12:50:44] "GET /Photos/2019/2019-12_%E5%8F%B0%E5%8C%97/%E5%9F%BA%E9%9A%86/249292D9-679C-4CE2-B2E9-B495724132C2.jpeg HTTP/1.1" 200 -
[05/Aug/2026 12:50:44] "GET /Photos/2019/2019-12_%E5%8F%B0%E5%8C%97/%E5%9F%BA%E9%9A%86/0C30CF17-3B7D-437E-B8B2-D6920CD03669.jpeg HTTP/1.1" 200 -
[05/Aug/2026 12:50:44] "GET /Photos/2019/2019-12_%E5%8F%B0%E5%8C%97/%E5%9F%BA%E9%9A%86/2B0AB1CB-5D1F-4BF7-AB44-53EC9A1A5F13.jpeg HTTP/1.1" 200 -
[05/Aug/2026 12:50:44] "GET /Photos/2019/2019-12_%E5%8F%B0%E5%8C%97/%E5%9F%BA%E9%9A%86/1BA6EE19-9DB5-483C-810E-1A1F3D7559DE.jpeg HTTP/1.1" 200 -
[05/Aug/2026 12:50:44] "GET /Photos/2019/2019-12_%E5%8F%B0%E5%8C%97/%E5%9F%BA%E9%9A%86/EE0EF0E3-31D6-403B-A47C-24CB8AEB1ECD_1_201_a.jpeg HTTP/1.1" 200 -
[05/Aug/2026 12:50:44] "GET /Photos/2019/2019-12_%E5%8F%B0%E5%8C%97/%E5%9F%BA%E9%9A%86/FEEF7D79-2210-417D-902A-E70CE5665D69.jpeg HTTP/1.1" 200 -
[05/Aug/2026 12:50:44] "GET /Photos/2019/2019-12_%E5%8F%B0%E5%8C%97/%E5%9F%BA%E9%9A%86/57AA2E3F-0770-49E6-A82C-796527E3282F.jpeg HTTP/1.1" 200 -
[05/Aug/2026 12:50:44] "GET /Photos/2019/2019-12_%E5%8F%B0%E5%8C%97/%E5%9F%BA%E9%9A%86/D0D37C07-FE50-4AD6-94DB-05E1126EC6FE.jpeg HTTP/1.1" 200 -
[05/Aug/2026 12:50:44] "GET /Photos/2019/2019-12_%E5%8F%B0%E5%8C%97/%E5%9F%BA%E9%9A%86/FF5B5A74-BA99-43F8-BAF6-53073E00ED2B.jpeg HTTP/1.1" 200 -
[05/Aug/2026 12:50:44] "GET /Photos/2019/2019-12_%E5%8F%B0%E5%8C%97/%E5%9F%BA%E9%9A%86/E1C785C0-7173-4EB7-8F6C-32359FBFB651.jpeg HTTP/1.1" 200 -
[05/Aug/2026 12:50:44] "GET /Photos/2019/2019-12_%E5%8F%B0%E5%8C%97/%E5%9F%BA%E9%9A%86/EB134EE1-5D59-430B-A8ED-E9D039CD8A11.jpeg HTTP/1.1" 200 -
[05/Aug/2026 12:50:44] "GET /Photos/2019/2019-12_%E5%8F%B0%E5%8C%97/%E5%9F%BA%E9%9A%86/A7CD46E9-EC4F-4825-BDF0-F86D7B31566E_1_201_a.jpeg HTTP/1.1" 200 -
[05/Aug/2026 12:50:44] "GET /Photos/2019/2019-03_%E5%BD%B0%E5%8C%96/%E5%98%89%E7%BE%A9/1E222474-9F05-4670-BB33-F4B9A5B7F4C3.jpeg HTTP/1.1" 200 -
[05/Aug/2026 12:50:44] "GET /Photos/2019/2019-03_%E5%BD%B0%E5%8C%96/%E5%98%89%E7%BE%A9/BE232681-D6D6-42BD-A508-6458BA35DF56.jpeg HTTP/1.1" 200 -
[05/Aug/2026 12:50:44] "GET /Photos/2019/2019-03_%E5%BD%B0%E5%8C%96/%E5%98%89%E7%BE%A9/407052E7-C370-4EC1-8F55-F70D360A9226.jpeg HTTP/1.1" 200 -
[05/Aug/2026 12:50:44] "GET /Photos/2019/2019-03_%E5%BD%B0%E5%8C%96/%E5%98%89%E7%BE%A9/75505122-21DD-464D-B68B-614600CE7FF9.jpeg HTTP/1.1" 200 -
[05/Aug/2026 12:50:44] "GET /Photos/2019/2019-03_%E5%BD%B0%E5%8C%96/%E5%98%89%E7%BE%A9/D73AC750-FBC4-458C-8A4D-E822AD23C11F.jpeg HTTP/1.1" 200 -
[05/Aug/2026 12:50:44] "GET /Photos/2019/2019-03_%E5%BD%B0%E5%8C%96/%E5%98%89%E7%BE%A9/BEE75680-6997-4C6D-BCFE-DA62DB8F14C6.jpeg HTTP/1.1" 200 -
[05/Aug/2026 12:50:44] "GET /Photos/2019/2019-03_%E5%BD%B0%E5%8C%96/%E5%98%89%E7%BE%A9/948B0FE4-C8A4-4434-A5A3-4882517BDE9C.jpeg HTTP/1.1" 200 -
[05/Aug/2026 12:50:44] "GET /Photos/2019/2019-03_%E5%BD%B0%E5%8C%96/%E5%98%89%E7%BE%A9/052791DF-18B0-4598-BDF7-878571CA5896.jpeg HTTP/1.1" 200 -
[05/Aug/2026 12:50:44] "GET /Photos/2019/2019-03_%E5%BD%B0%E5%8C%96/%E5%98%89%E7%BE%A9/90C068DB-F4F0-4EE1-AEBC-60C99B930AEC.jpeg HTTP/1.1" 200 -
[05/Aug/2026 12:50:44] "GET /Photos/2019/2019-03_%E5%BD%B0%E5%8C%96/%E5%98%89%E7%BE%A9/1F93C973-AC4D-4E60-8766-C40A059FA960.jpeg HTTP/1.1" 200 -
[05/Aug/2026 12:50:44] "GET /Photos/2019/2019-03_%E5%BD%B0%E5%8C%96/%E5%98%89%E7%BE%A9/11785BDB-B866-4376-9791-AA937BAF9023.jpeg HTTP/1.1" 200 -
[05/Aug/2026 12:50:44] "GET /Photos/2019/2019-03_%E5%BD%B0%E5%8C%96/%E5%98%89%E7%BE%A9/FB2F9E0A-E4CD-4BAE-A493-234A1B836F5F.jpeg HTTP/1.1" 200 -
[05/Aug/2026 12:50:44] "GET /Photos/2019/2019-03_%E5%BD%B0%E5%8C%96/%E5%98%89%E7%BE%A9/4BC60A32-5D53-4719-A67B-AD84078721CE.jpeg HTTP/1.1" 200 -
[05/Aug/2026 12:50:44] "GET /Photos/2019/2019-06_%E5%8F%B0%E5%8C%97/%E5%9F%BA%E9%9A%86/0308230D-9FE4-4465-8BDD-87A08F2C0445_1_201_a.jpeg HTTP/1.1" 200 -
[05/Aug/2026 12:50:44] "GET /Photos/2019/2019-01_%E5%8F%B0%E5%8C%97/%E5%9F%BA%E9%9A%86/B82E5E6B-ACC5-4AA7-9953-7824F0D5D2AE.jpeg HTTP/1.1" 200 -
[05/Aug/2026 12:50:44] "GET /Photos/2019/2019-11_%E5%8F%B0%E5%8C%97/%E5%9F%BA%E9%9A%86/6EC9EAFA-6C8C-4206-968D-897D84EDBEF8.jpeg HTTP/1.1" 200 -
[05/Aug/2026 12:50:45] "GET /Photos/2019/2019-11_%E5%8F%B0%E5%8C%97/%E5%9F%BA%E9%9A%86/B5CA5E2F-977B-4746-AB09-56E02B535270.jpeg HTTP/1.1" 200 -
[05/Aug/2026 12:50:45] "GET /Photos/2019/2019-11_%E5%8F%B0%E5%8C%97/%E5%9F%BA%E9%9A%86/BF88FCEE-835E-4327-B7A1-1C21B0D95059.jpeg HTTP/1.1" 200 -
[05/Aug/2026 12:50:45] "GET /Photos/2019/2019-11_%E5%8F%B0%E5%8C%97/%E5%9F%BA%E9%9A%86/1C1F1247-0643-4F18-9078-0F21808599F3.jpeg HTTP/1.1" 200 -
[05/Aug/2026 12:50:45] "GET /Photos/2019/2019-11_%E5%8F%B0%E5%8C%97/%E5%9F%BA%E9%9A%86/63EDE4C4-5848-429E-95AE-0F00B9C466B6.jpeg HTTP/1.1" 200 -
[05/Aug/2026 12:50:45] "GET /Photos/2019/2019-11_%E5%8F%B0%E5%8C%97/%E5%9F%BA%E9%9A%86/041CF916-BF68-45C6-A9E8-20A2F70AB16F.jpeg HTTP/1.1" 200 -
[05/Aug/2026 12:50:45] "GET /Photos/2019/2019-11_%E5%8F%B0%E5%8C%97/%E5%9F%BA%E9%9A%86/BD00B923-E717-482F-997B-2053D53BA63E.jpeg HTTP/1.1" 200 -
[05/Aug/2026 12:50:45] "GET /Photos/2019/2019-11_%E5%8F%B0%E5%8C%97/%E5%9F%BA%E9%9A%86/83EC7FD6-87AC-4EAF-81F9-DABFAC73DD3D.jpeg HTTP/1.1" 200 -
[05/Aug/2026 12:50:45] "GET /Photos/2019/2019-05_%E5%8F%B0%E5%8C%97/%E5%9F%BA%E9%9A%86/4874E6A4-3FA0-4FC3-8E2C-102B463AE81F.jpeg HTTP/1.1" 200 -
[05/Aug/2026 12:50:45] "GET /Photos/2019/2019-11_%E5%8F%B0%E5%8C%97/%E5%9F%BA%E9%9A%86/3E2D3EC4-8B33-44A3-B6F2-85E65F773DC0.jpeg HTTP/1.1" 200 -
[05/Aug/2026 12:50:45] "GET /Photos/2019/2019-05_%E5%8F%B0%E5%8C%97/%E5%9F%BA%E9%9A%86/E489B687-0A66-4228-B0C4-3FA15965C594.jpeg HTTP/1.1" 200 -
[05/Aug/2026 12:50:45] "GET /Photos/2019/2019-05_%E5%8F%B0%E5%8C%97/%E5%9F%BA%E9%9A%86/E68BBE9F-57F0-41E1-9299-262B6A7049B9.jpeg HTTP/1.1" 200 -
[05/Aug/2026 12:50:45] "GET /Photos/2019/2019-05_%E5%8F%B0%E5%8C%97/%E5%9F%BA%E9%9A%86/7ABFC89F-1703-41DA-BFE4-751F3D555CA3_1_201_a.jpeg HTTP/1.1" 200 -
[05/Aug/2026 12:50:45] "GET /Photos/2019/2019-05_%E5%8F%B0%E5%8C%97/%E5%9F%BA%E9%9A%86/FB24A7AF-846E-4973-A9E4-66540036EDA0.jpeg HTTP/1.1" 200 -
[05/Aug/2026 12:50:45] "GET /Photos/2019/2019-05_%E5%8F%B0%E5%8C%97/%E5%9F%BA%E9%9A%86/14F471E2-862E-4930-AFF2-E664CA01A225.jpeg HTTP/1.1" 200 -
[05/Aug/2026 12:50:45] "GET /Photos/2019/2019-05_%E5%8F%B0%E5%8C%97/%E5%9F%BA%E9%9A%86/F228817E-92FF-41CB-939D-D7C13270AA83.jpeg HTTP/1.1" 200 -
[05/Aug/2026 12:50:45] "GET /Photos/2019/2019-05_%E5%8F%B0%E5%8C%97/%E5%9F%BA%E9%9A%86/9C106834-4999-432B-AB80-C81F1704395F_1_201_a.jpeg HTTP/1.1" 200 -
[05/Aug/2026 12:50:45] "GET /Photos/2019/2019-01_%E5%BD%B0%E5%8C%96/%E5%98%89%E7%BE%A9/040562E0-B6D1-4172-BA53-C15D8E55E0AB.jpeg HTTP/1.1" 200 -
[05/Aug/2026 12:50:45] "GET /Photos/2019/2019-04_%E5%8F%B0%E5%8C%97/%E5%9F%BA%E9%9A%86/C4B87766-8713-437C-887A-A855004A5C02_1_201_a.jpeg HTTP/1.1" 200 -
[05/Aug/2026 12:50:45] "GET /Photos/2019/2019-04_%E5%8F%B0%E5%8C%97/%E5%9F%BA%E9%9A%86/7010782D-6202-4AD7-842F-8C99985B7E07.jpeg HTTP/1.1" 200 -
[05/Aug/2026 12:50:45] "GET /Photos/2019/2019-04_%E5%8F%B0%E5%8C%97/%E5%9F%BA%E9%9A%86/B48E4DC0-B2A4-4EAC-9DE6-E679B531AEAD.jpeg HTTP/1.1" 200 -
[05/Aug/2026 12:50:45] "GET /Photos/2019/2019-04_%E5%8F%B0%E5%8C%97/%E5%9F%BA%E9%9A%86/D8F7FF97-BE67-408C-8BFD-D654F0EA75AE.jpeg HTTP/1.1" 200 -
[05/Aug/2026 12:50:45] "GET /Photos/2019/2019-04_%E5%8F%B0%E5%8C%97/%E5%9F%BA%E9%9A%86/5A651751-FF25-487B-ACE8-7EE6D9997EFB.jpeg HTTP/1.1" 200 -
[05/Aug/2026 12:50:45] "GET /Photos/2019/2019-04_%E5%8F%B0%E5%8C%97/%E5%9F%BA%E9%9A%86/F11FF671-A0F9-479C-91E2-352B951BCC20.jpeg HTTP/1.1" 200 -
[05/Aug/2026 12:50:45] "GET /Photos/2019/2019-04_%E5%8F%B0%E5%8C%97/%E5%9F%BA%E9%9A%86/6D5D287D-4CBB-4555-A2CD-45EBDACC71F2.jpeg HTTP/1.1" 200 -
[05/Aug/2026 12:50:45] "GET /Photos/2019/2019-04_%E5%8F%B0%E5%8C%97/%E5%9F%BA%E9%9A%86/7B7E5D2D-071C-41BA-823A-AC84DFD8FFDB.jpeg HTTP/1.1" 200 -
[05/Aug/2026 12:50:45] "GET /Photos/2019/2019-04_%E5%8F%B0%E5%8C%97/%E5%9F%BA%E9%9A%86/66030801-ABD4-4382-93A6-A6A0F63DC62E.jpeg HTTP/1.1" 200 -
[05/Aug/2026 12:50:45] "GET /Photos/2019/2019-10_%E5%8F%B0%E5%8C%97/%E5%9F%BA%E9%9A%86/AB6F5959-072B-4CC0-8F92-364D6FF5126D.jpeg HTTP/1.1" 200 -
[05/Aug/2026 12:50:45] "GET /Photos/2019/2019-10_%E5%8F%B0%E5%8C%97/%E5%9F%BA%E9%9A%86/5815F537-40F6-4C46-9001-8E811378E3A9.jpeg HTTP/1.1" 200 -
[05/Aug/2026 12:50:45] "GET /Photos/2019/2019-10_%E5%8F%B0%E5%8C%97/%E5%9F%BA%E9%9A%86/88FFE24E-FABD-4851-B59F-FE46C48DE121.jpeg HTTP/1.1" 200 -
[05/Aug/2026 12:50:45] "GET /Photos/2019/2019-10_%E5%8F%B0%E5%8C%97/%E5%9F%BA%E9%9A%86/7790F52E-CB38-4E0E-8698-371DFEEFD823.jpeg HTTP/1.1" 200 -
[05/Aug/2026 12:50:45] "GET /Photos/2019/2019-10_%E5%8F%B0%E5%8C%97/%E5%9F%BA%E9%9A%86/BCC8D646-6CC2-4E8D-911D-C41D39D2758D.jpeg HTTP/1.1" 200 -
[05/Aug/2026 12:50:45] "GET /Photos/2019/2019-10_%E5%8F%B0%E5%8C%97/%E5%9F%BA%E9%9A%86/986A6BAC-AACA-4585-8A79-E1BF0DAAA6DE.jpeg HTTP/1.1" 200 -
[05/Aug/2026 12:50:45] "GET /Photos/2019/2019-10_%E5%8F%B0%E5%8C%97/%E5%9F%BA%E9%9A%86/8BC5308E-87F6-4B5D-A918-2494B9F02F27.jpeg HTTP/1.1" 200 -
[05/Aug/2026 12:50:45] "GET /Photos/2019/2019-10_%E5%8F%B0%E5%8C%97/%E5%9F%BA%E9%9A%86/21AD468D-A574-4BD4-BB43-33526D2F9B0C.jpeg HTTP/1.1" 200 -
[05/Aug/2026 12:50:45] "GET /Photos/2019/2019-10_%E5%8F%B0%E5%8C%97/%E5%9F%BA%E9%9A%86/59C4A80C-EBBB-48C1-832F-F8DD88833953.jpeg HTTP/1.1" 200 -
[05/Aug/2026 12:50:45] "GET /Photos/2019/2019-10_%E5%8F%B0%E5%8C%97/%E5%9F%BA%E9%9A%86/6F87F6A5-4CBD-4FCE-8B18-866CCF6F7616.jpeg HTTP/1.1" 200 -
[05/Aug/2026 12:50:45] "GET /Photos/2019/2019-10_%E5%8F%B0%E5%8C%97/%E5%9F%BA%E9%9A%86/9A122913-2F63-4A42-964C-EE6E8C85D663.jpeg HTTP/1.1" 200 -
[05/Aug/2026 12:50:45] "GET /Photos/2019/2019-10_%E5%8F%B0%E5%8C%97/%E5%9F%BA%E9%9A%86/6D96A80B-0A84-4324-9A5C-C7955C47689D.jpeg HTTP/1.1" 200 -
[05/Aug/2026 12:50:45] "GET /Photos/2019/2019-10_%E5%8F%B0%E5%8C%97/%E5%9F%BA%E9%9A%86/992D244F-96C4-4754-ACBA-35F8D2C31B43.jpeg HTTP/1.1" 200 -
[05/Aug/2026 12:50:45] "GET /Photos/2021/2021-12_%E5%8F%B0%E5%8C%97/%E5%9F%BA%E9%9A%86/IMG_1020.JPG HTTP/1.1" 200 -
[05/Aug/2026 12:50:45] "GET /Photos/2019/2019-10_%E5%8F%B0%E5%8C%97/%E5%9F%BA%E9%9A%86/6C6B306E-1CE7-4339-A697-545B6F086FD3.jpeg HTTP/1.1" 200 -
[05/Aug/2026 12:50:45] "GET /Photos/2021/2021-12_%E5%8F%B0%E5%8C%97/%E5%9F%BA%E9%9A%86/IMG_1018.JPG HTTP/1.1" 200 -
[05/Aug/2026 12:50:45] "GET /Photos/2021/2021-12_%E5%8F%B0%E5%8C%97/%E5%9F%BA%E9%9A%86/IMG_1027.JPG HTTP/1.1" 200 -
[05/Aug/2026 12:50:45] "GET /Photos/2021/2021-12_%E5%8F%B0%E5%8C%97/%E5%9F%BA%E9%9A%86/IMG_1013.jpeg HTTP/1.1" 200 -
[05/Aug/2026 12:50:45] "GET /Photos/2021/2021-12_%E5%8F%B0%E5%8C%97/%E5%9F%BA%E9%9A%86/IMG_1016.JPG HTTP/1.1" 200 -
[05/Aug/2026 12:50:45] "GET /Photos/2021/2021-12_%E5%8F%B0%E5%8C%97/%E5%9F%BA%E9%9A%86/IMG_1017.JPG HTTP/1.1" 200 -
[05/Aug/2026 12:50:45] "GET /Photos/2021/2021-12_%E5%8F%B0%E5%8C%97/%E5%9F%BA%E9%9A%86/IMG_1015.JPG HTTP/1.1" 200 -
[05/Aug/2026 12:50:45] "GET /Photos/2021/2021-12_%E5%8F%B0%E5%8C%97/%E5%9F%BA%E9%9A%86/IMG_1014.JPG HTTP/1.1" 200 -
[05/Aug/2026 12:50:45] "GET /Photos/2021/2021-12_%E5%8F%B0%E5%8C%97/%E5%9F%BA%E9%9A%86/IMG_1011.jpeg HTTP/1.1" 200 -
[05/Aug/2026 12:50:45] "GET /Photos/2021/2021-08_%E8%87%BA%E4%B8%AD%E5%B8%82/IMG_9750.jpeg HTTP/1.1" 200 -
[05/Aug/2026 12:50:45] "GET /Photos/2021/2021-08_%E8%87%BA%E4%B8%AD%E5%B8%82/IMG_9746.jpeg HTTP/1.1" 200 -
[05/Aug/2026 12:50:45] "GET /Photos/2021/2021-12_%E5%A4%AA%E9%BA%BB%E9%87%8C%E9%84%89/IMG_0392.jpeg HTTP/1.1" 200 -
[05/Aug/2026 12:50:45] "GET /Photos/2021/2021-12_%E5%A4%AA%E9%BA%BB%E9%87%8C%E9%84%89/IMG_0412.jpeg HTTP/1.1" 200 -
[05/Aug/2026 12:50:45] "GET /Photos/2021/2021-12_%E5%A4%AA%E9%BA%BB%E9%87%8C%E9%84%89/IMG_0393.jpeg HTTP/1.1" 200 -
[05/Aug/2026 12:50:45] "GET /Photos/2021/2021-12_%E5%A4%AA%E9%BA%BB%E9%87%8C%E9%84%89/IMG_0394.jpeg HTTP/1.1" 200 -
[05/Aug/2026 12:50:45] "GET /Photos/2021/2021-12_%E5%A4%AA%E9%BA%BB%E9%87%8C%E9%84%89/IMG_0422.jpeg HTTP/1.1" 200 -
[05/Aug/2026 12:50:45] "GET /Photos/2021/2021-12_%E5%A4%AA%E9%BA%BB%E9%87%8C%E9%84%89/IMG_0419.jpeg HTTP/1.1" 200 -
[05/Aug/2026 12:50:45] "GET /Photos/2021/2021-12_%E5%A4%AA%E9%BA%BB%E9%87%8C%E9%84%89/IMG_0395.jpeg HTTP/1.1" 200 -
[05/Aug/2026 12:50:45] "GET /Photos/2021/2021-12_%E5%A4%AA%E9%BA%BB%E9%87%8C%E9%84%89/IMG_0416.jpeg HTTP/1.1" 200 -
[05/Aug/2026 12:50:45] "GET /Photos/2021/2021-12_%E5%A4%AA%E9%BA%BB%E9%87%8C%E9%84%89/IMG_0396.jpeg HTTP/1.1" 200 -
[05/Aug/2026 12:50:45] "GET /Photos/2021/2021-12_%E5%A4%AA%E9%BA%BB%E9%87%8C%E9%84%89/IMG_0421.jpeg HTTP/1.1" 200 -
[05/Aug/2026 12:50:45] "GET /Photos/2021/2021-12_%E5%A4%AA%E9%BA%BB%E9%87%8C%E9%84%89/IMG_0426.jpeg HTTP/1.1" 200 -
[05/Aug/2026 12:50:45] "GET /Photos/2021/2021-12_%E5%A4%AA%E9%BA%BB%E9%87%8C%E9%84%89/IMG_0397.jpeg HTTP/1.1" 200 -
[05/Aug/2026 12:50:45] "GET /Photos/2021/2021-12_%E5%A4%AA%E9%BA%BB%E9%87%8C%E9%84%89/IMG_0391.jpeg HTTP/1.1" 200 -
[05/Aug/2026 12:50:45] "GET /Photos/2021/2021-10_%E6%9C%AA%E7%9F%A5%E5%9C%B0%E9%BB%9E/IMG_0070.JPG HTTP/1.1" 200 -
[05/Aug/2026 12:50:45] "GET /Photos/2021/2021-03_%E5%8F%B0%E5%8C%97/%E5%9F%BA%E9%9A%86/IMG_8686.jpeg HTTP/1.1" 200 -
[05/Aug/2026 12:50:45] "GET /Photos/2021/2021-03_%E5%8F%B0%E5%8C%97/%E5%9F%BA%E9%9A%86/IMG_8690.jpeg HTTP/1.1" 200 -
[05/Aug/2026 12:50:45] "GET /Photos/2021/2021-03_%E5%8F%B0%E5%8C%97/%E5%9F%BA%E9%9A%86/IMG_8701.jpeg HTTP/1.1" 200 -
[05/Aug/2026 12:50:45] "GET /Photos/2021/2021-03_%E5%8F%B0%E5%8C%97/%E5%9F%BA%E9%9A%86/IMG_8687.jpeg HTTP/1.1" 200 -
[05/Aug/2026 12:50:45] "GET /Photos/2021/2021-03_%E5%8F%B0%E5%8C%97/%E5%9F%BA%E9%9A%86/IMG_8696.jpeg HTTP/1.1" 200 -
[05/Aug/2026 12:50:45] "GET /Photos/2021/2021-03_%E5%8F%B0%E5%8C%97/%E5%9F%BA%E9%9A%86/IMG_8694.jpeg HTTP/1.1" 200 -
[05/Aug/2026 12:50:45] "GET /Photos/2021/2021-03_%E5%8F%B0%E5%8C%97/%E5%9F%BA%E9%9A%86/IMG_8695.jpeg HTTP/1.1" 200 -
[05/Aug/2026 12:50:45] "GET /Photos/2021/2021-03_%E5%8F%B0%E5%8C%97/%E5%9F%BA%E9%9A%86/IMG_8688.jpeg HTTP/1.1" 200 -
[05/Aug/2026 12:50:45] "GET /Photos/2021/2021-03_%E5%8F%B0%E5%8C%97/%E5%9F%BA%E9%9A%86/IMG_8684.jpeg HTTP/1.1" 200 -
[05/Aug/2026 12:50:45] "GET /Photos/2021/2021-03_%E5%8F%B0%E5%8C%97/%E5%9F%BA%E9%9A%86/IMG_8685.jpeg HTTP/1.1" 200 -
[05/Aug/2026 12:50:45] "GET /Photos/2021/2021-03_%E5%8F%B0%E5%8C%97/%E5%9F%BA%E9%9A%86/IMG_8693.jpeg HTTP/1.1" 200 -
[05/Aug/2026 12:50:45] "GET /Photos/2021/2021-03_%E5%8F%B0%E5%8C%97/%E5%9F%BA%E9%9A%86/IMG_8703.jpeg HTTP/1.1" 200 -
[05/Aug/2026 12:50:45] "GET /Photos/2021/2021-09_%E7%A4%81%E6%BA%AA%E9%84%89/IMG_9957.jpeg HTTP/1.1" 200 -
[05/Aug/2026 12:50:45] "GET /Photos/2021/2021-09_%E7%A4%81%E6%BA%AA%E9%84%89/IMG_9956.jpeg HTTP/1.1" 200 -
[05/Aug/2026 12:50:45] "GET /Photos/2021/2021-09_%E7%A4%81%E6%BA%AA%E9%84%89/IMG_9955.jpeg HTTP/1.1" 200 -
[05/Aug/2026 12:50:45] "GET /Photos/2021/2021-09_%E7%A4%81%E6%BA%AA%E9%84%89/IMG_9954.jpeg HTTP/1.1" 200 -
[05/Aug/2026 12:50:45] "GET /Photos/2021/2021-12_%E4%BB%81%E6%84%9B%E9%84%89/IMG_0701.jpeg HTTP/1.1" 200 -
[05/Aug/2026 12:50:45] "GET /Photos/2021/2021-12_%E4%BB%81%E6%84%9B%E9%84%89/IMG_0669.jpeg HTTP/1.1" 200 -
[05/Aug/2026 12:50:45] "GET /Photos/2021/2021-12_%E4%BB%81%E6%84%9B%E9%84%89/IMG_0768.jpeg HTTP/1.1" 200 -
[05/Aug/2026 12:50:45] "GET /Photos/2021/2021-12_%E4%BB%81%E6%84%9B%E9%84%89/IMG_0764.jpeg HTTP/1.1" 200 -
[05/Aug/2026 12:50:46] "GET /Photos/2021/2021-11_%E8%87%BA%E5%8C%97%E5%B8%82/IMG_0146.jpeg HTTP/1.1" 200 -
[05/Aug/2026 12:50:46] "GET /Photos/2021/2021-12_%E4%BB%81%E6%84%9B%E9%84%89/IMG_0734.jpeg HTTP/1.1" 200 -
[05/Aug/2026 12:50:46] "GET /Photos/2021/2021-12_%E4%BB%81%E6%84%9B%E9%84%89/IMG_0704.jpeg HTTP/1.1" 200 -
[05/Aug/2026 12:50:46] "GET /Photos/2021/2021-12_%E4%BB%81%E6%84%9B%E9%84%89/IMG_0769.jpeg HTTP/1.1" 200 -
[05/Aug/2026 12:50:46] "GET /Photos/2021/2021-12_%E4%BB%81%E6%84%9B%E9%84%89/IMG_0763.jpeg HTTP/1.1" 200 -
[05/Aug/2026 12:50:46] "GET /Photos/2021/2021-12_%E4%BB%81%E6%84%9B%E9%84%89/IMG_0702.jpeg HTTP/1.1" 200 -
[05/Aug/2026 12:50:46] "GET /Photos/2021/2021-12_%E4%BB%81%E6%84%9B%E9%84%89/IMG_0744.jpeg HTTP/1.1" 200 -
[05/Aug/2026 12:50:46] "GET /Photos/2021/2021-11_%E8%87%BA%E5%8C%97%E5%B8%82/IMG_0154.jpeg HTTP/1.1" 200 -
[05/Aug/2026 12:50:46] "GET /Photos/2021/2021-12_%E4%BB%81%E6%84%9B%E9%84%89/IMG_0743.jpeg HTTP/1.1" 200 -
[05/Aug/2026 12:50:46] "GET /Photos/2021/2021-08_%E4%BB%81%E6%84%9B%E9%84%89/IMG_9828.jpeg HTTP/1.1" 200 -
[05/Aug/2026 12:50:46] "GET /Photos/2021/2021-12_%E4%BB%81%E6%84%9B%E9%84%89/IMG_0703.jpeg HTTP/1.1" 200 -
[05/Aug/2026 12:50:46] "GET /Photos/2021/2021-08_%E4%BB%81%E6%84%9B%E9%84%89/IMG_9829.jpeg HTTP/1.1" 200 -
[05/Aug/2026 12:50:46] "GET /Photos/2021/2021-08_%E4%BB%81%E6%84%9B%E9%84%89/IMG_9825.jpeg HTTP/1.1" 200 -
[05/Aug/2026 12:50:46] "GET /Photos/2021/2021-08_%E4%BB%81%E6%84%9B%E9%84%89/IMG_9789.jpeg HTTP/1.1" 200 -
[05/Aug/2026 12:50:46] "GET /Photos/2021/2021-08_%E4%BB%81%E6%84%9B%E9%84%89/IMG_9852.jpeg HTTP/1.1" 200 -
[05/Aug/2026 12:50:46] "GET /Photos/2021/2021-08_%E4%BB%81%E6%84%9B%E9%84%89/IMG_9851.jpeg HTTP/1.1" 200 -
[05/Aug/2026 12:50:46] "GET /Photos/2021/2021-08_%E4%BB%81%E6%84%9B%E9%84%89/IMG_9792.jpeg HTTP/1.1" 200 -
[05/Aug/2026 12:50:46] "GET /Photos/2021/2021-08_%E4%BB%81%E6%84%9B%E9%84%89/IMG_9791.jpeg HTTP/1.1" 200 -
[05/Aug/2026 12:50:46] "GET /Photos/2021/2021-08_%E4%BB%81%E6%84%9B%E9%84%89/IMG_9790.jpeg HTTP/1.1" 200 -
[05/Aug/2026 12:50:46] "GET /Photos/2021/2021-11_%E7%A4%81%E6%BA%AA%E9%84%89/IMG_0231.jpeg HTTP/1.1" 200 -
[05/Aug/2026 12:50:46] "GET /Photos/2021/2021-11_%E9%A0%AD%E5%9F%8E%E9%8E%AE/IMG_0188.jpeg HTTP/1.1" 200 -
[05/Aug/2026 12:50:46] "GET /Photos/2021/2021-08_%E6%96%B0%E7%AB%B9%E5%B8%82/IMG_9861.jpeg HTTP/1.1" 200 -
[05/Aug/2026 12:50:46] "GET /Photos/2021/2021-08_%E4%BB%81%E6%84%9B%E9%84%89/IMG_9827.jpeg HTTP/1.1" 200 -
[05/Aug/2026 12:50:46] "GET /Photos/2021/2021-08_%E4%BB%81%E6%84%9B%E9%84%89/IMG_9830.jpeg HTTP/1.1" 200 -
[05/Aug/2026 12:50:46] "GET /Photos/2021/2021-11_%E7%A4%81%E6%BA%AA%E9%84%89/IMG_0230.jpeg HTTP/1.1" 200 -
[05/Aug/2026 12:50:46] "GET /Photos/2021/2021-08_%E6%96%B0%E7%AB%B9%E5%B8%82/IMG_9862.jpeg HTTP/1.1" 200 -
[05/Aug/2026 12:50:46] "GET /Photos/2021/2021-08_%E6%96%B0%E7%AB%B9%E5%B8%82/IMG_9860.jpeg HTTP/1.1" 200 -
[05/Aug/2026 12:50:46] "GET /Photos/2021/2021-08_%E4%BB%81%E6%84%9B%E9%84%89/IMG_9831.jpeg HTTP/1.1" 200 -
[05/Aug/2026 12:50:46] "GET /Photos/2021/2021-08_%E4%BB%81%E6%84%9B%E9%84%89/IMG_9850.jpeg HTTP/1.1" 200 -
[05/Aug/2026 12:50:46] "GET /Photos/2021/2021-11_%E9%A0%AD%E5%9F%8E%E9%8E%AE/IMG_0195.jpeg HTTP/1.1" 200 -
[05/Aug/2026 12:50:46] "GET /Photos/2021/2021-08_%E4%BB%81%E6%84%9B%E9%84%89/IMG_9826.jpeg HTTP/1.1" 200 -
[05/Aug/2026 12:50:46] "GET /Photos/2021/2021-11_%E9%A0%AD%E5%9F%8E%E9%8E%AE/IMG_0187.jpeg HTTP/1.1" 200 -
[05/Aug/2026 12:50:46] "GET /Photos/2021/2021-11_%E9%A0%AD%E5%9F%8E%E9%8E%AE/IMG_0196.jpeg HTTP/1.1" 200 -
[05/Aug/2026 12:50:46] "GET /Photos/2021/2021-11_%E9%A0%AD%E5%9F%8E%E9%8E%AE/IMG_0220.jpeg HTTP/1.1" 200 -
[05/Aug/2026 12:50:46] "GET /Photos/2021/2021-11_%E9%A0%AD%E5%9F%8E%E9%8E%AE/IMG_0194.jpeg HTTP/1.1" 200 -
[05/Aug/2026 12:50:46] "GET /Photos/2021/2021-12_%E6%81%86%E6%98%A5%E9%8E%AE/IMG_0575.jpeg HTTP/1.1" 200 -
[05/Aug/2026 12:50:46] "GET /Photos/2021/2021-11_%E9%A0%AD%E5%9F%8E%E9%8E%AE/IMG_0186.jpeg HTTP/1.1" 200 -
[05/Aug/2026 12:50:46] "GET /Photos/2021/2021-12_%E6%81%86%E6%98%A5%E9%8E%AE/IMG_0576.jpeg HTTP/1.1" 200 -
[05/Aug/2026 12:50:46] "GET /Photos/2021/2021-12_%E6%81%86%E6%98%A5%E9%8E%AE/IMG_0577.jpeg HTTP/1.1" 200 -
[05/Aug/2026 12:50:46] "GET /Photos/2021/2021-11_%E5%A3%BD%E8%B1%90%E9%84%89/IMG_0275.jpeg HTTP/1.1" 200 -
[05/Aug/2026 12:50:46] "GET /Photos/2021/2021-12_%E5%A4%A7%E6%AD%A6%E9%84%89/IMG_0456.jpeg HTTP/1.1" 200 -
[05/Aug/2026 12:50:46] "GET /Photos/2021/2021-11_%E5%A3%BD%E8%B1%90%E9%84%89/IMG_0267.jpeg HTTP/1.1" 200 -
[05/Aug/2026 12:50:46] "GET /Photos/2021/2021-11_%E5%A3%BD%E8%B1%90%E9%84%89/IMG_0266.jpeg HTTP/1.1" 200 -
[05/Aug/2026 12:50:46] "GET /Photos/2021/2021-12_%E6%9C%AA%E7%9F%A5%E5%9C%B0%E9%BB%9E/IMG_0788.JPG HTTP/1.1" 200 -
[05/Aug/2026 12:50:46] "GET /Photos/2021/2021-12_%E6%9C%AA%E7%9F%A5%E5%9C%B0%E9%BB%9E/IMG_0789.JPG HTTP/1.1" 200 -
[05/Aug/2026 12:50:46] "GET /Photos/2021/2021-11_%E5%A3%BD%E8%B1%90%E9%84%89/IMG_0276.jpeg HTTP/1.1" 200 -
[05/Aug/2026 12:50:46] "GET /Photos/2021/2021-12_%E6%9C%AA%E7%9F%A5%E5%9C%B0%E9%BB%9E/IMG_0670.JPG HTTP/1.1" 200 -
[05/Aug/2026 12:50:46] "GET /Photos/2021/2021-12_%E6%9C%AA%E7%9F%A5%E5%9C%B0%E9%BB%9E/IMG_0476.JPG HTTP/1.1" 200 -
[05/Aug/2026 12:50:46] "GET /Photos/2021/2021-12_%E6%9C%AA%E7%9F%A5%E5%9C%B0%E9%BB%9E/IMG_0784.JPG HTTP/1.1" 200 -
[05/Aug/2026 12:50:46] "GET /Photos/2021/2021-12_%E6%9C%AA%E7%9F%A5%E5%9C%B0%E9%BB%9E/IMG_0785.JPG HTTP/1.1" 200 -
[05/Aug/2026 12:50:46] "GET /Photos/2021/2021-12_%E6%9C%AA%E7%9F%A5%E5%9C%B0%E9%BB%9E/IMG_0787.JPG HTTP/1.1" 200 -
[05/Aug/2026 12:50:46] "GET /Photos/2021/2021-08_%E6%9C%AA%E7%9F%A5%E5%9C%B0%E9%BB%9E/IMG_9720.JPG HTTP/1.1" 200 -
[05/Aug/2026 12:50:46] "GET /Photos/2021/2021-12_%E6%9C%AA%E7%9F%A5%E5%9C%B0%E9%BB%9E/IMG_0783.JPG HTTP/1.1" 200 -
[05/Aug/2026 12:50:46] "GET /Photos/2021/2021-12_%E6%9C%AA%E7%9F%A5%E5%9C%B0%E9%BB%9E/IMG_0786.JPG HTTP/1.1" 200 -
[05/Aug/2026 12:50:46] "GET /Photos/2021/2021-08_%E6%9C%AA%E7%9F%A5%E5%9C%B0%E9%BB%9E/IMG_9721.JPG HTTP/1.1" 200 -
[05/Aug/2026 12:50:46] "GET /Photos/2021/2021-08_%E6%9C%AA%E7%9F%A5%E5%9C%B0%E9%BB%9E/IMG_9718.JPG HTTP/1.1" 200 -
[05/Aug/2026 12:50:46] "GET /Photos/2021/2021-08_%E6%9C%AA%E7%9F%A5%E5%9C%B0%E9%BB%9E/IMG_9719.JPG HTTP/1.1" 200 -
[05/Aug/2026 12:50:46] "GET /Photos/2021/2021-08_%E6%9C%AA%E7%9F%A5%E5%9C%B0%E9%BB%9E/IMG_9722.JPG HTTP/1.1" 200 -
[05/Aug/2026 12:50:46] "GET /Photos/2021/2021-08_%E6%9C%AA%E7%9F%A5%E5%9C%B0%E9%BB%9E/IMG_9723.JPG HTTP/1.1" 200 -
[05/Aug/2026 12:50:46] "GET /Photos/2021/2021-08_%E6%9C%AA%E7%9F%A5%E5%9C%B0%E9%BB%9E/IMG_9714.JPG HTTP/1.1" 200 -
[05/Aug/2026 12:50:46] "GET /Photos/2021/2021-08_%E6%9C%AA%E7%9F%A5%E5%9C%B0%E9%BB%9E/IMG_9717.JPG HTTP/1.1" 200 -
[05/Aug/2026 12:50:46] "GET /Photos/2021/2021-08_%E6%9C%AA%E7%9F%A5%E5%9C%B0%E9%BB%9E/IMG_9715.JPG HTTP/1.1" 200 -
[05/Aug/2026 12:50:46] "GET /Photos/2021/2021-08_%E6%9C%AA%E7%9F%A5%E5%9C%B0%E9%BB%9E/IMG_9716.JPG HTTP/1.1" 200 -
[05/Aug/2026 12:50:46] "GET /Photos/2021/2021-10_%E5%8F%B0%E5%8C%97/%E5%9F%BA%E9%9A%86/IMG_0035.jpeg HTTP/1.1" 200 -
[05/Aug/2026 12:50:46] "GET /Photos/2021/2021-11_%E5%A4%AA%E9%BA%BB%E9%87%8C%E9%84%89/IMG_0340.jpeg HTTP/1.1" 200 -
[05/Aug/2026 12:50:46] "GET /Photos/2021/2021-08_%E5%BD%B0%E5%8C%96/%E5%98%89%E7%BE%A9/IMG_9757.jpeg HTTP/1.1" 200 -
[05/Aug/2026 12:50:46] "GET /Photos/2021/2021-08_%E5%BD%B0%E5%8C%96/%E5%98%89%E7%BE%A9/IMG_9764.jpeg HTTP/1.1" 200 -
[05/Aug/2026 12:50:46] "GET /Photos/2021/2021-10_%E5%8F%B0%E5%8C%97/%E5%9F%BA%E9%9A%86/IMG_0033.jpeg HTTP/1.1" 200 -
[05/Aug/2026 12:50:46] "GET /Photos/2021/2021-10_%E5%8F%B0%E5%8C%97/%E5%9F%BA%E9%9A%86/IMG_0034.jpeg HTTP/1.1" 200 -
[05/Aug/2026 12:50:46] "GET /Photos/2021/2021-10_%E5%8F%B0%E5%8C%97/%E5%9F%BA%E9%9A%86/IMG_0039.jpeg HTTP/1.1" 200 -
[05/Aug/2026 12:50:46] "GET /Photos/2021/2021-10_%E5%8F%B0%E5%8C%97/%E5%9F%BA%E9%9A%86/IMG_0038.jpeg HTTP/1.1" 200 -
[05/Aug/2026 12:50:46] "GET /Photos/2021/2021-10_%E5%8F%B0%E5%8C%97/%E5%9F%BA%E9%9A%86/IMG_0040.jpeg HTTP/1.1" 200 -
[05/Aug/2026 12:50:46] "GET /Photos/2021/2021-11_%E5%8F%B0%E5%8C%97/%E5%9F%BA%E9%9A%86/IMG_0115.jpeg HTTP/1.1" 200 -
[05/Aug/2026 12:50:46] "GET /Photos/2021/2021-11_%E5%8F%B0%E5%8C%97/%E5%9F%BA%E9%9A%86/IMG_0114.jpeg HTTP/1.1" 200 -
[05/Aug/2026 12:50:46] "GET /Photos/2021/2021-11_%E5%8F%B0%E5%8C%97/%E5%9F%BA%E9%9A%86/IMG_0168.jpeg HTTP/1.1" 200 -
[05/Aug/2026 12:50:46] "GET /Photos/2021/2021-10_%E5%8F%B0%E5%8C%97/%E5%9F%BA%E9%9A%86/IMG_0037.jpeg HTTP/1.1" 200 -
[05/Aug/2026 12:50:46] "GET /Photos/2021/2021-11_%E5%8F%B0%E5%8C%97/%E5%9F%BA%E9%9A%86/IMG_0113.jpeg HTTP/1.1" 200 -
[05/Aug/2026 12:50:46] "GET /Photos/2021/2021-10_%E5%8F%B0%E5%8C%97/%E5%9F%BA%E9%9A%86/IMG_0036.jpeg HTTP/1.1" 200 -
[05/Aug/2026 12:50:46] "GET /Photos/2021/2021-10_%E5%8F%B0%E5%8C%97/%E5%9F%BA%E9%9A%86/IMG_0041.jpeg HTTP/1.1" 200 -
[05/Aug/2026 12:50:46] "GET /Photos/2020/2020-10_%E6%96%B0%E7%AB%B9/%E5%8F%B0%E4%B8%AD/AFEE410F-9DFB-4A43-A1A8-95C0F7878284_1_105_c.jpeg HTTP/1.1" 200 -
[05/Aug/2026 12:50:46] "GET /Photos/2020/2020-11_%E6%9C%AA%E7%9F%A5%E5%9C%B0%E9%BB%9E/9993370D-BCA0-4E4B-A538-11C86B679E09.jpeg HTTP/1.1" 200 -
[05/Aug/2026 12:50:46] "GET /Photos/2021/2021-11_%E5%8F%B0%E5%8C%97/%E5%9F%BA%E9%9A%86/IMG_0112.jpeg HTTP/1.1" 200 -
[05/Aug/2026 12:50:46] "GET /Photos/2021/2021-11_%E5%8F%B0%E5%8C%97/%E5%9F%BA%E9%9A%86/IMG_0169.jpeg HTTP/1.1" 200 -
[05/Aug/2026 12:50:46] "GET /Photos/2020/2020-10_%E6%96%B0%E7%AB%B9/%E5%8F%B0%E4%B8%AD/C9589C0B-6841-4033-9E88-56282AD90979_1_105_c.jpeg HTTP/1.1" 200 -
[05/Aug/2026 12:50:46] "GET /Photos/2020/2020-10_%E6%96%B0%E7%AB%B9/%E5%8F%B0%E4%B8%AD/87A033A8-A790-4B16-BB44-A75470AD0276_1_105_c.jpeg HTTP/1.1" 200 -
[05/Aug/2026 12:50:46] "GET /Photos/2018/2018-02_%E6%9C%AA%E7%9F%A5%E5%9C%B0%E9%BB%9E/2946EBCC-CB43-46BE-8037-714147BFC4EA.jpeg HTTP/1.1" 200 -
[05/Aug/2026 12:50:46] "GET /Photos/2018/2018-02_%E6%9C%AA%E7%9F%A5%E5%9C%B0%E9%BB%9E/12A39A9C-6C3D-4A85-8B66-A00D1D82F9B0.jpeg HTTP/1.1" 200 -
[05/Aug/2026 12:50:46] "GET /Photos/2018/2018-12_%E6%9C%AA%E7%9F%A5%E5%9C%B0%E9%BB%9E/DEB7B45A-83DA-4351-B961-420027C4627B.jpeg HTTP/1.1" 200 -
[05/Aug/2026 12:50:46] "GET /Photos/2018/2018-02_%E6%9C%AA%E7%9F%A5%E5%9C%B0%E9%BB%9E/464A9266-833F-46FC-AF2C-F249671D368C.jpeg HTTP/1.1" 200 -
[05/Aug/2026 12:50:46] "GET /Photos/2018/2018-12_%E6%9C%AA%E7%9F%A5%E5%9C%B0%E9%BB%9E/304BFD77-B204-41DA-9D76-E8CB919B6474.jpeg HTTP/1.1" 200 -
[05/Aug/2026 12:50:46] "GET /Photos/2018/2018-03_%E6%9C%AA%E7%9F%A5%E5%9C%B0%E9%BB%9E/AE68A418-A247-4561-AABA-0160CC65CFD8.jpeg HTTP/1.1" 200 -
[05/Aug/2026 12:50:46] "GET /Photos/2018/2018-04_%E6%9C%AA%E7%9F%A5%E5%9C%B0%E9%BB%9E/BEB4199E-6E22-45D0-988D-AD9F8100F9D0.jpeg HTTP/1.1" 200 -
[05/Aug/2026 12:50:46] "GET /Photos/2018/2018-12_%E6%9C%AA%E7%9F%A5%E5%9C%B0%E9%BB%9E/A98421F6-ECDE-4DD9-A3E8-A6A2305596BF.jpeg HTTP/1.1" 200 -
[05/Aug/2026 12:50:46] "GET /Photos/2018/2018-12_%E6%9C%AA%E7%9F%A5%E5%9C%B0%E9%BB%9E/7523ABAD-ECA6-4361-BA5A-72AB542D4D5E.jpeg HTTP/1.1" 200 -
[05/Aug/2026 12:50:46] "GET /Photos/2018/2018-12_%E6%9C%AA%E7%9F%A5%E5%9C%B0%E9%BB%9E/4ED04919-CB44-4A3B-939C-6EF6CD8FF157.jpeg HTTP/1.1" 200 -
[05/Aug/2026 12:50:46] "GET /Photos/2018/2018-11_%E6%9C%AA%E7%9F%A5%E5%9C%B0%E9%BB%9E/D116192C-0120-4BFC-B083-A657357FEC9C.jpeg HTTP/1.1" 200 -
[05/Aug/2026 12:50:46] "GET /Photos/2018/2018-04_%E6%9C%AA%E7%9F%A5%E5%9C%B0%E9%BB%9E/B1BA94FF-8374-4505-92FA-0817205A0899.jpeg HTTP/1.1" 200 -
[05/Aug/2026 12:50:46] "GET /Photos/2018/2018-10_%E6%9C%AA%E7%9F%A5%E5%9C%B0%E9%BB%9E/0146185A-AB45-4005-BE0E-03076EB217D4.jpeg HTTP/1.1" 200 -
[05/Aug/2026 12:50:46] "GET /Photos/2018/2018-11_%E6%9C%AA%E7%9F%A5%E5%9C%B0%E9%BB%9E/A6DC47FE-4288-4EC9-9CA9-8503A59E5BED.jpeg HTTP/1.1" 200 -
[05/Aug/2026 12:50:46] "GET /Photos/2018/2018-07_%E6%9C%AA%E7%9F%A5%E5%9C%B0%E9%BB%9E/C36A5808-4B2A-4875-A80D-5489AED42318.jpeg HTTP/1.1" 200 -
[05/Aug/2026 12:50:46] "GET /Photos/2018/2018-03_%E5%8F%B0%E5%8C%97/%E5%9F%BA%E9%9A%86/5F328C60-D608-4EA6-A8CF-1F8DB93F7744_1_201_a.jpeg HTTP/1.1" 200 -
[05/Aug/2026 12:50:46] "GET /Photos/2018/2018-03_%E5%8F%B0%E5%8C%97/%E5%9F%BA%E9%9A%86/2875B7C5-218B-4F04-8B67-8359335274FA_1_201_a.jpeg HTTP/1.1" 200 -
[05/Aug/2026 12:50:46] "GET /Photos/2018/2018-07_%E5%8F%B0%E5%8C%97/%E5%9F%BA%E9%9A%86/296660F0-2239-4F0F-BE07-76871CD21FE9.jpeg HTTP/1.1" 200 -
[05/Aug/2026 12:50:46] "GET /Photos/2018/2018-07_%E5%8F%B0%E5%8C%97/%E5%9F%BA%E9%9A%86/1C87D965-02B8-4D1F-A90A-E32C17EB3C66.jpeg HTTP/1.1" 200 -
[05/Aug/2026 12:50:46] "GET /Photos/2018/2018-07_%E5%8F%B0%E5%8C%97/%E5%9F%BA%E9%9A%86/E67841B4-20BA-4FE1-AF4E-C7718D09C77C.jpeg HTTP/1.1" 200 -
[05/Aug/2026 12:50:46] "GET /Photos/2018/2018-07_%E5%8F%B0%E5%8C%97/%E5%9F%BA%E9%9A%86/7993A057-0C3A-4FC6-82D5-CCF51D0B0823.jpeg HTTP/1.1" 200 -
[05/Aug/2026 12:50:46] "GET /Photos/2018/2018-07_%E5%8F%B0%E5%8C%97/%E5%9F%BA%E9%9A%86/2B5DA7EC-7544-4F7C-BB2F-D7B5EFC319AD.jpeg HTTP/1.1" 200 -
[05/Aug/2026 12:50:46] "GET /Photos/2018/2018-07_%E5%8F%B0%E5%8C%97/%E5%9F%BA%E9%9A%86/F0C5F6A4-870F-420C-93F5-D8FC38CBD24D.jpeg HTTP/1.1" 200 -
[05/Aug/2026 12:50:46] "GET /Photos/2018/2018-07_%E5%8F%B0%E5%8C%97/%E5%9F%BA%E9%9A%86/8631D0B3-19E4-45B2-8E89-D2B2BD88EECC.jpeg HTTP/1.1" 200 -
[05/Aug/2026 12:50:46] "GET /Photos/2018/2018-07_%E5%8F%B0%E5%8C%97/%E5%9F%BA%E9%9A%86/765CFDCB-E9F9-4D97-9BF1-D65E742CDC63.jpeg HTTP/1.1" 200 -
[05/Aug/2026 12:50:46] "GET /Photos/2018/2018-07_%E5%8F%B0%E5%8C%97/%E5%9F%BA%E9%9A%86/49FC7A5E-2D54-409A-B482-D982D587502A.jpeg HTTP/1.1" 200 -
[05/Aug/2026 12:50:46] "GET /Photos/2018/2018-07_%E5%8F%B0%E5%8C%97/%E5%9F%BA%E9%9A%86/3012AF0F-347B-4E9E-88D2-B65EAA2F8B2C.jpeg HTTP/1.1" 200 -
[05/Aug/2026 12:50:46] "GET /Photos/2018/2018-07_%E5%8F%B0%E5%8C%97/%E5%9F%BA%E9%9A%86/A4A74760-4B91-4CFE-8305-224F92DF69EC.jpeg HTTP/1.1" 200 -
[05/Aug/2026 12:50:46] "GET /Photos/2018/2018-07_%E5%8F%B0%E5%8C%97/%E5%9F%BA%E9%9A%86/4CB41CB3-7D24-4068-9FD0-676D695D30E3.jpeg HTTP/1.1" 200 -
[05/Aug/2026 12:50:46] "GET /Photos/2018/2018-07_%E5%8F%B0%E5%8C%97/%E5%9F%BA%E9%9A%86/4316B80E-B215-4986-A95D-FD38AE9036A8.jpeg HTTP/1.1" 200 -
[05/Aug/2026 12:50:46] "GET /Photos/2018/2018-07_%E5%8F%B0%E5%8C%97/%E5%9F%BA%E9%9A%86/C41C3CAB-01B9-48F7-B0F0-16F3C7C01898.jpeg HTTP/1.1" 200 -
[05/Aug/2026 12:50:46] "GET /Photos/2018/2018-07_%E5%8F%B0%E5%8C%97/%E5%9F%BA%E9%9A%86/C7D8840B-DF04-428A-BE17-4D1ED35C3554.jpeg HTTP/1.1" 200 -
[05/Aug/2026 12:50:46] "GET /Photos/2018/2018-07_%E5%8F%B0%E5%8C%97/%E5%9F%BA%E9%9A%86/75CF860F-34D7-4293-84D7-A8CB14B57A0C.jpeg HTTP/1.1" 200 -
[05/Aug/2026 12:50:46] "GET /Photos/2018/2018-07_%E5%8F%B0%E5%8C%97/%E5%9F%BA%E9%9A%86/10C1C13A-7FE6-4AC1-9798-3D8D450A7381.jpeg HTTP/1.1" 200 -
[05/Aug/2026 12:50:46] "GET /Photos/2018/2018-07_%E5%8F%B0%E5%8C%97/%E5%9F%BA%E9%9A%86/6E58AD65-71F1-408D-A643-08310766D90F.jpeg HTTP/1.1" 200 -
[05/Aug/2026 12:50:46] "GET /Photos/2018/2018-07_%E5%8F%B0%E5%8C%97/%E5%9F%BA%E9%9A%86/5BC5A5F9-DFCA-401B-94D1-03D2A880626A.jpeg HTTP/1.1" 200 -
[05/Aug/2026 12:50:46] "GET /Photos/2018/2018-07_%E5%8F%B0%E5%8C%97/%E5%9F%BA%E9%9A%86/36F418B5-10D7-4F1D-ADAC-1F999E8D0E2C.jpeg HTTP/1.1" 200 -
[05/Aug/2026 12:50:47] "GET /Photos/2018/2018-07_%E5%8F%B0%E5%8C%97/%E5%9F%BA%E9%9A%86/6949DAF5-C1A2-41C6-9A22-6D1A95168422_1_201_a.jpeg HTTP/1.1" 200 -
[05/Aug/2026 12:50:47] "GET /Photos/2018/2018-07_%E5%8F%B0%E5%8C%97/%E5%9F%BA%E9%9A%86/F72E5E29-42A6-4CDB-AD51-BAE8635B1DA0.jpeg HTTP/1.1" 200 -
[05/Aug/2026 12:50:47] "GET /Photos/2018/2018-06_%E5%8F%B0%E5%8C%97/%E5%9F%BA%E9%9A%86/96E8DAC7-6330-4A77-976B-43A8C1B63721_1_201_a.jpeg HTTP/1.1" 200 -
[05/Aug/2026 12:50:47] "GET /Photos/2018/2018-06_%E5%8F%B0%E5%8C%97/%E5%9F%BA%E9%9A%86/E310D4E9-945A-4DFD-A4EC-384EF7A42CB3.jpeg HTTP/1.1" 200 -
[05/Aug/2026 12:50:47] "GET /Photos/2018/2018-06_%E5%8F%B0%E5%8C%97/%E5%9F%BA%E9%9A%86/7A0C414F-9037-46FE-86DA-F3E8E3BA1AFF.jpeg HTTP/1.1" 200 -
[05/Aug/2026 12:50:47] "GET /Photos/2018/2018-06_%E5%8F%B0%E5%8C%97/%E5%9F%BA%E9%9A%86/0CF0374E-7B3D-4F83-9C38-61CD3C94490B.jpeg HTTP/1.1" 200 -
[05/Aug/2026 12:50:47] "GET /Photos/2018/2018-06_%E5%8F%B0%E5%8C%97/%E5%9F%BA%E9%9A%86/25F76AC4-429F-4CF8-A7BF-C98397F07954.jpeg HTTP/1.1" 200 -
[05/Aug/2026 12:50:47] "GET /Photos/2018/2018-06_%E5%8F%B0%E5%8C%97/%E5%9F%BA%E9%9A%86/C7B483D8-DA3A-467E-A8AF-E22F7BE0B44E.jpeg HTTP/1.1" 200 -
[05/Aug/2026 12:50:47] "GET /Photos/2018/2018-06_%E5%8F%B0%E5%8C%97/%E5%9F%BA%E9%9A%86/7CDE0FB1-2130-4D0E-BD90-BE8354B85239.jpeg HTTP/1.1" 200 -
[05/Aug/2026 12:50:47] "GET /Photos/2018/2018-06_%E5%8F%B0%E5%8C%97/%E5%9F%BA%E9%9A%86/5480AB29-4E85-41C5-A4B0-BEAA8D8B36B9.jpeg HTTP/1.1" 200 -
[05/Aug/2026 12:50:47] "GET /Photos/2018/2018-06_%E5%8F%B0%E5%8C%97/%E5%9F%BA%E9%9A%86/69065668-6518-4EA6-A345-D90B26E0EB0A.jpeg HTTP/1.1" 200 -
[05/Aug/2026 12:50:47] "GET /Photos/2018/2018-06_%E5%8F%B0%E5%8C%97/%E5%9F%BA%E9%9A%86/06ED4209-4D09-4C32-87D8-4C82AAE0409D.jpeg HTTP/1.1" 200 -
[05/Aug/2026 12:50:47] "GET /Photos/2018/2018-06_%E5%8F%B0%E5%8C%97/%E5%9F%BA%E9%9A%86/A69CA8E5-1BD9-4F9D-A19A-A735344476C1.jpeg HTTP/1.1" 200 -
[05/Aug/2026 12:50:47] "GET /Photos/2018/2018-06_%E5%8F%B0%E5%8C%97/%E5%9F%BA%E9%9A%86/D18F01AD-54A0-420E-A9F5-90AFE5231AD1.jpeg HTTP/1.1" 200 -
[05/Aug/2026 12:50:47] "GET /Photos/2018/2018-06_%E5%8F%B0%E5%8C%97/%E5%9F%BA%E9%9A%86/29672A06-5641-47A2-83EF-BA40BFD0D46A.jpeg HTTP/1.1" 200 -
[05/Aug/2026 12:50:47] "GET /Photos/2018/2018-06_%E5%8F%B0%E5%8C%97/%E5%9F%BA%E9%9A%86/2F65E7F4-879E-495E-A09E-F9E97042CB0D.jpeg HTTP/1.1" 200 -
[05/Aug/2026 12:50:47] "GET /Photos/2018/2018-02_%E5%8F%B0%E5%8C%97/%E5%9F%BA%E9%9A%86/54F09243-3E3A-4C09-A380-7AED04528086.jpeg HTTP/1.1" 200 -
[05/Aug/2026 12:50:47] "GET /Photos/2018/2018-02_%E5%8F%B0%E5%8C%97/%E5%9F%BA%E9%9A%86/8B179819-F746-4E31-BDD6-BFCCA9C14348.jpeg HTTP/1.1" 200 -
[05/Aug/2026 12:50:47] "GET /Photos/2018/2018-02_%E5%8F%B0%E5%8C%97/%E5%9F%BA%E9%9A%86/CCB47490-B330-48EC-AC28-5738CC6B4869.jpeg HTTP/1.1" 200 -
[05/Aug/2026 12:50:47] "GET /Photos/2018/2018-02_%E5%8F%B0%E5%8C%97/%E5%9F%BA%E9%9A%86/286E9B4E-7DA2-45DC-92B7-F86EDB1DD449.jpeg HTTP/1.1" 200 -
[05/Aug/2026 12:50:47] "GET /Photos/2018/2018-12_%E5%8F%B0%E5%8C%97/%E5%9F%BA%E9%9A%86/49D569DA-40EA-4DA0-86E7-AFD91BB89CF5.jpeg HTTP/1.1" 200 -
[05/Aug/2026 12:50:47] "GET /Photos/2018/2018-12_%E5%8F%B0%E5%8C%97/%E5%9F%BA%E9%9A%86/B97DBB9B-1FAF-4DF7-B7BB-EAAE5AF4A2E2.jpeg HTTP/1.1" 200 -
[05/Aug/2026 12:50:47] "GET /Photos/2018/2018-12_%E5%8F%B0%E5%8C%97/%E5%9F%BA%E9%9A%86/DE7209A9-0BA7-437D-81F8-B1CEE8BF71A3.jpeg HTTP/1.1" 200 -
[05/Aug/2026 12:50:47] "GET /Photos/2018/2018-12_%E5%8F%B0%E5%8C%97/%E5%9F%BA%E9%9A%86/0DCDE12F-6AD5-401E-8BC3-0DC4499B0D85.jpeg HTTP/1.1" 200 -
[05/Aug/2026 12:50:47] "GET /Photos/2018/2018-12_%E5%8F%B0%E5%8C%97/%E5%9F%BA%E9%9A%86/2B8CA72D-7FBF-4BA4-95F7-A8C1F752CC5D.jpeg HTTP/1.1" 200 -
[05/Aug/2026 12:50:47] "GET /Photos/2018/2018-12_%E5%8F%B0%E5%8C%97/%E5%9F%BA%E9%9A%86/788628BB-C979-4112-98C5-CA7CFA00D36D.jpeg HTTP/1.1" 200 -
[05/Aug/2026 12:50:47] "GET /Photos/2018/2018-12_%E5%8F%B0%E5%8C%97/%E5%9F%BA%E9%9A%86/830B7731-E6DF-44CB-A1BD-A66D0CBB0611.jpeg HTTP/1.1" 200 -
[05/Aug/2026 12:50:47] "GET /Photos/2018/2018-12_%E5%8F%B0%E5%8C%97/%E5%9F%BA%E9%9A%86/5868A5EB-5E90-48C3-A690-51B11F41F396.jpeg HTTP/1.1" 200 -
[05/Aug/2026 12:50:47] "GET /Photos/2018/2018-12_%E5%8F%B0%E5%8C%97/%E5%9F%BA%E9%9A%86/C74AF6AA-B2D7-4DC1-8865-527D9BDC5A66.jpeg HTTP/1.1" 200 -
[05/Aug/2026 12:50:47] "GET /Photos/2018/2018-12_%E5%8F%B0%E5%8C%97/%E5%9F%BA%E9%9A%86/6329DA5D-7923-4AF5-9509-9F62B2CBA8F4.jpeg HTTP/1.1" 200 -
[05/Aug/2026 12:50:47] "GET /Photos/2018/2018-12_%E5%8F%B0%E5%8C%97/%E5%9F%BA%E9%9A%86/8179F473-D3ED-4834-9A56-1DC45E36796D.jpeg HTTP/1.1" 200 -
[05/Aug/2026 12:50:47] "GET /Photos/2018/2018-12_%E5%8F%B0%E5%8C%97/%E5%9F%BA%E9%9A%86/AC42DB5F-B538-4CE4-8AC5-DA1240FFB0FC.jpeg HTTP/1.1" 200 -
[05/Aug/2026 12:50:47] "GET /Photos/2018/2018-12_%E5%8F%B0%E5%8C%97/%E5%9F%BA%E9%9A%86/025631D4-0DB5-4B0D-9F63-C0352A5F6E22.jpeg HTTP/1.1" 200 -
[05/Aug/2026 12:50:47] "GET /Photos/2018/2018-12_%E5%8F%B0%E5%8C%97/%E5%9F%BA%E9%9A%86/16315DD4-8ED0-4DF0-A25E-B3E68145D712.jpeg HTTP/1.1" 200 -
[05/Aug/2026 12:50:47] "GET /Photos/2018/2018-12_%E5%8F%B0%E5%8C%97/%E5%9F%BA%E9%9A%86/F72A0B10-42D1-4FAB-907D-869C9912BAB7.jpeg HTTP/1.1" 200 -
[05/Aug/2026 12:50:47] "GET /Photos/2018/2018-02_%E6%96%B0%E7%AB%B9/%E5%8F%B0%E4%B8%AD/061CAF0E-7BE3-4441-AE52-41D14E2626C4.jpeg HTTP/1.1" 200 -
[05/Aug/2026 12:50:47] "GET /Photos/2018/2018-02_%E6%96%B0%E7%AB%B9/%E5%8F%B0%E4%B8%AD/31D97DC1-CAA7-45FE-8D3C-43859ACF9191.jpeg HTTP/1.1" 200 -
[05/Aug/2026 12:50:47] "GET /Photos/2018/2018-08_%E5%8F%B0%E5%8C%97/%E5%9F%BA%E9%9A%86/148AF2D1-5009-4022-B1A2-A7E4E8D3F891.jpeg HTTP/1.1" 200 -
[05/Aug/2026 12:50:47] "GET /Photos/2018/2018-08_%E5%8F%B0%E5%8C%97/%E5%9F%BA%E9%9A%86/E35A3EEC-EFC6-40C2-B73B-2FDF9FF840B9.jpeg HTTP/1.1" 200 -
[05/Aug/2026 12:50:47] "GET /Photos/2018/2018-08_%E5%8F%B0%E5%8C%97/%E5%9F%BA%E9%9A%86/1D21817C-FB2A-4280-AF6E-7CAAAE1C2173.jpeg HTTP/1.1" 200 -
[05/Aug/2026 12:50:47] "GET /Photos/2018/2018-08_%E5%8F%B0%E5%8C%97/%E5%9F%BA%E9%9A%86/FD01EB6D-D6FB-4336-8ECC-D2BEA40DB0DE.jpeg HTTP/1.1" 200 -
[05/Aug/2026 12:50:47] "GET /Photos/2018/2018-08_%E5%8F%B0%E5%8C%97/%E5%9F%BA%E9%9A%86/319E06EC-4569-46DB-B7CA-0E9BF54F377C.jpeg HTTP/1.1" 200 -
[05/Aug/2026 12:50:47] "GET /Photos/2018/2018-08_%E5%8F%B0%E5%8C%97/%E5%9F%BA%E9%9A%86/C2580E5A-CDD3-492E-9AD8-0E2A734D8C17.jpeg HTTP/1.1" 200 -
[05/Aug/2026 12:50:47] "GET /Photos/2018/2018-08_%E5%8F%B0%E5%8C%97/%E5%9F%BA%E9%9A%86/8B2649C4-B381-4337-8A99-83C113DEA0A8.jpeg HTTP/1.1" 200 -
[05/Aug/2026 12:50:47] "GET /Photos/2018/2018-08_%E5%8F%B0%E5%8C%97/%E5%9F%BA%E9%9A%86/7196D3E7-AF8F-4AD2-9AB5-FE7948B9BE14_1_201_a.jpeg HTTP/1.1" 200 -
[05/Aug/2026 12:50:47] "GET /Photos/2018/2018-08_%E5%8F%B0%E5%8C%97/%E5%9F%BA%E9%9A%86/4B81B5F6-9932-48C7-81BA-268A53A6AAF2.jpeg HTTP/1.1" 200 -
[05/Aug/2026 12:50:47] "GET /Photos/2018/2018-08_%E5%8F%B0%E5%8C%97/%E5%9F%BA%E9%9A%86/C2146B76-8252-40F7-8CD8-9B595124FD9E.jpeg HTTP/1.1" 200 -
[05/Aug/2026 12:50:47] "GET /Photos/2018/2018-08_%E5%8F%B0%E5%8C%97/%E5%9F%BA%E9%9A%86/05266200-7F47-43CA-BC2D-72A14F61E945.jpeg HTTP/1.1" 200 -
[05/Aug/2026 12:50:47] "GET /Photos/2018/2018-08_%E5%8F%B0%E5%8C%97/%E5%9F%BA%E9%9A%86/C933A4B6-97C8-4372-8CB7-2CDD44073A9D.jpeg HTTP/1.1" 200 -
[05/Aug/2026 12:50:47] "GET /Photos/2018/2018-08_%E5%8F%B0%E5%8C%97/%E5%9F%BA%E9%9A%86/9B9F8786-8FDD-4ED6-AA1D-0164D355C1F4.jpeg HTTP/1.1" 200 -
[05/Aug/2026 12:50:47] "GET /Photos/2018/2018-08_%E5%8F%B0%E5%8C%97/%E5%9F%BA%E9%9A%86/CC04B9D9-9C9D-4EAB-824D-354B367F2C00_1_201_a.jpeg HTTP/1.1" 200 -
[05/Aug/2026 12:50:47] "GET /Photos/2018/2018-08_%E5%8F%B0%E5%8C%97/%E5%9F%BA%E9%9A%86/72505A55-5090-4BF3-A601-11ED938EDF76_1_201_a.jpeg HTTP/1.1" 200 -
[05/Aug/2026 12:50:47] "GET /Photos/2018/2018-08_%E5%8F%B0%E5%8C%97/%E5%9F%BA%E9%9A%86/92E2B9F4-8850-437D-A3B7-B13C999D0E37.jpeg HTTP/1.1" 200 -
[05/Aug/2026 12:50:47] "GET /Photos/2018/2018-11_%E6%96%B0%E7%AB%B9/%E5%8F%B0%E4%B8%AD/9C429D85-B80C-4D20-A800-47B42AA3B27A.jpeg HTTP/1.1" 200 -
[05/Aug/2026 12:50:47] "GET /Photos/2018/2018-11_%E6%96%B0%E7%AB%B9/%E5%8F%B0%E4%B8%AD/D56DBC28-C8BE-4B7E-9E67-5630CFA82EC1.jpeg HTTP/1.1" 200 -
[05/Aug/2026 12:50:47] "GET /Photos/2018/2018-11_%E6%96%B0%E7%AB%B9/%E5%8F%B0%E4%B8%AD/01C4F065-7B98-4E87-A236-5DDC86140141.jpeg HTTP/1.1" 200 -
[05/Aug/2026 12:50:47] "GET /Photos/2018/2018-11_%E6%96%B0%E7%AB%B9/%E5%8F%B0%E4%B8%AD/56F6D652-445F-46F6-B0F5-72182E5E4010.jpeg HTTP/1.1" 200 -
[05/Aug/2026 12:50:47] "GET /Photos/2018/2018-05_%E5%8F%B0%E5%8C%97/%E5%9F%BA%E9%9A%86/C71FA187-6A78-4BA0-BA87-1DCF60B93FC4.jpeg HTTP/1.1" 200 -
[05/Aug/2026 12:50:47] "GET /Photos/2018/2018-05_%E5%8F%B0%E5%8C%97/%E5%9F%BA%E9%9A%86/8D6986F6-3EFF-4887-B533-68CC2EBCEAE4.jpeg HTTP/1.1" 200 -
[05/Aug/2026 12:50:47] "GET /Photos/2018/2018-05_%E5%8F%B0%E5%8C%97/%E5%9F%BA%E9%9A%86/C61E92AA-8960-44D2-A129-73D47BE09CED.jpeg HTTP/1.1" 200 -
[05/Aug/2026 12:50:47] "GET /Photos/2018/2018-01_%E5%8F%B0%E5%8C%97/%E5%9F%BA%E9%9A%86/D056444A-4296-4164-95C4-D9D70DB1D100.jpeg HTTP/1.1" 200 -
[05/Aug/2026 12:50:47] "GET /Photos/2018/2018-01_%E5%8F%B0%E5%8C%97/%E5%9F%BA%E9%9A%86/6B973780-C9F8-4F9B-B77F-F128C58B9AB0_1_201_a.jpeg HTTP/1.1" 200 -
[05/Aug/2026 12:50:47] "GET /Photos/2018/2018-01_%E5%8F%B0%E5%8C%97/%E5%9F%BA%E9%9A%86/D089054C-068B-471E-BEA4-C2AB97C2E6C5.jpeg HTTP/1.1" 200 -
[05/Aug/2026 12:50:47] "GET /Photos/2018/2018-01_%E5%8F%B0%E5%8C%97/%E5%9F%BA%E9%9A%86/FB5A2B4F-927B-4291-B6D0-6B3424A13179.jpeg HTTP/1.1" 200 -
[05/Aug/2026 12:50:47] "GET /Photos/2018/2018-01_%E5%8F%B0%E5%8C%97/%E5%9F%BA%E9%9A%86/55844B81-7BBE-4BFD-B9D5-53F8955A9CF6.jpeg HTTP/1.1" 200 -
[05/Aug/2026 12:50:47] "GET /Photos/2018/2018-11_%E5%8F%B0%E5%8C%97/%E5%9F%BA%E9%9A%86/39BAE66E-0770-4E2B-8A40-02CA57D2A18C.jpeg HTTP/1.1" 200 -
[05/Aug/2026 12:50:47] "GET /Photos/2018/2018-10_%E5%8F%B0%E5%8C%97/%E5%9F%BA%E9%9A%86/FD699FEA-25CD-4F97-8747-2656C72CC998.jpeg HTTP/1.1" 200 -
[05/Aug/2026 12:50:47] "GET /Photos/2018/2018-10_%E5%8F%B0%E5%8C%97/%E5%9F%BA%E9%9A%86/716F92B8-091A-4897-A93E-FC4290D07090.jpeg HTTP/1.1" 200 -
[05/Aug/2026 12:50:47] "GET /Photos/2018/2018-04_%E5%8F%B0%E5%8C%97/%E5%9F%BA%E9%9A%86/795AF6A5-3692-4613-8FF9-5139D56DD9E3.jpeg HTTP/1.1" 200 -
[05/Aug/2026 12:50:47] "GET /Photos/2018/2018-10_%E5%8F%B0%E5%8C%97/%E5%9F%BA%E9%9A%86/C6611408-76ED-4389-954B-E191F07C6A24.jpeg HTTP/1.1" 200 -
[05/Aug/2026 12:50:47] "GET /Photos/2018/2018-04_%E5%8F%B0%E5%8C%97/%E5%9F%BA%E9%9A%86/F01E531A-8E79-49F6-AD13-F1EE9AA43D2F.jpeg HTTP/1.1" 200 -
[05/Aug/2026 12:50:47] "GET /Photos/2018/2018-04_%E5%8F%B0%E5%8C%97/%E5%9F%BA%E9%9A%86/47A675EB-BB48-4BD1-8A9B-EDD543FE4E53.jpeg HTTP/1.1" 200 -
[05/Aug/2026 12:50:47] "GET /Photos/2018/2018-04_%E5%8F%B0%E5%8C%97/%E5%9F%BA%E9%9A%86/5C3CC47B-0ABA-4323-B373-7B395D4CB414.jpeg HTTP/1.1" 200 -
[05/Aug/2026 12:50:47] "GET /Photos/2018/2018-04_%E5%8F%B0%E5%8C%97/%E5%9F%BA%E9%9A%86/9CBEE742-EE9F-4794-B35B-E7FEA425652B.jpeg HTTP/1.1" 200 -
[05/Aug/2026 12:50:47] "GET /Photos/2018/2018-04_%E5%8F%B0%E5%8C%97/%E5%9F%BA%E9%9A%86/132F98F7-64B0-428B-B900-7C6DDCC953B8.jpeg HTTP/1.1" 200 -
[05/Aug/2026 12:50:47] "GET /Photos/2018/2018-04_%E5%8F%B0%E5%8C%97/%E5%9F%BA%E9%9A%86/2D4BA39B-E97B-49CD-B314-7C0C824386B0.jpeg HTTP/1.1" 200 -
[05/Aug/2026 12:50:47] "GET /Photos/2018/2018-04_%E5%8F%B0%E5%8C%97/%E5%9F%BA%E9%9A%86/6B4FE86E-5900-4F0B-855A-6DC465BC71FE_1_201_a.jpeg HTTP/1.1" 200 -
[05/Aug/2026 12:50:47] "GET /Photos/2018/2018-04_%E5%8F%B0%E5%8C%97/%E5%9F%BA%E9%9A%86/CDE09356-1BE8-4DEC-9617-E3A748B8764C.jpeg HTTP/1.1" 200 -
[05/Aug/2026 12:50:47] "GET /Photos/2018/2018-04_%E5%8F%B0%E5%8C%97/%E5%9F%BA%E9%9A%86/99442EC3-6F09-46AB-A915-DBF55CB3349A.jpeg HTTP/1.1" 200 -
[05/Aug/2026 12:50:47] "GET /Photos/2018/2018-04_%E5%8F%B0%E5%8C%97/%E5%9F%BA%E9%9A%86/158E2313-0349-416E-A370-B4C7B78C1E51.jpeg HTTP/1.1" 200 -
[05/Aug/2026 12:50:47] "GET /Photos/2018/2018-11_%E5%BD%B0%E5%8C%96/%E5%98%89%E7%BE%A9/6DAAECA2-EE8F-4181-AA63-240BE6320887.jpeg HTTP/1.1" 200 -
[05/Aug/2026 12:50:47] "GET /Photos/2018/2018-11_%E5%BD%B0%E5%8C%96/%E5%98%89%E7%BE%A9/06779581-5679-48BF-9068-2476B03C2A15.jpeg HTTP/1.1" 200 -
[05/Aug/2026 12:50:47] "GET /Photos/2018/2018-11_%E5%BD%B0%E5%8C%96/%E5%98%89%E7%BE%A9/8E2E2193-721E-428A-801F-B6EC16C2BDC7.jpeg HTTP/1.1" 200 -
[05/Aug/2026 12:50:47] "GET /Photos/2018/2018-11_%E5%BD%B0%E5%8C%96/%E5%98%89%E7%BE%A9/F4B4445F-25BA-4847-8225-03C1855AF0EC.jpeg HTTP/1.1" 200 -
[05/Aug/2026 12:50:47] "GET /Photos/2018/2018-11_%E5%BD%B0%E5%8C%96/%E5%98%89%E7%BE%A9/3C57DBA6-FE10-4322-95D9-76CE995539AC.jpeg HTTP/1.1" 200 -
[05/Aug/2026 12:50:47] "GET /Photos/2018/2018-11_%E5%BD%B0%E5%8C%96/%E5%98%89%E7%BE%A9/727FB0BC-8027-4FFF-B0E8-86F2C3464F44.jpeg HTTP/1.1" 200 -
[05/Aug/2026 12:50:47] "GET /Photos/2018/2018-11_%E5%BD%B0%E5%8C%96/%E5%98%89%E7%BE%A9/E7C1E906-E997-471F-A2A0-1D6439062902.jpeg HTTP/1.1" 200 -
[05/Aug/2026 12:50:47] "GET /Photos/2018/2018-11_%E5%BD%B0%E5%8C%96/%E5%98%89%E7%BE%A9/2A8B7BD0-4ABF-4965-8CE7-61DE52FFDA0F.jpeg HTTP/1.1" 200 -
[05/Aug/2026 12:50:47] "GET /Photos/2016/2016-10_%E6%9C%AA%E7%9F%A5%E5%9C%B0%E9%BB%9E/73575870-79E0-47A1-816A-5CC58A83C5A1.jpeg HTTP/1.1" 200 -
[05/Aug/2026 12:50:47] "GET /Photos/2016/2016-10_%E6%9C%AA%E7%9F%A5%E5%9C%B0%E9%BB%9E/937249F0-A793-49A5-9332-EFF561779481.jpeg HTTP/1.1" 200 -
[05/Aug/2026 12:50:47] "GET /Photos/2016/2016-10_%E6%9C%AA%E7%9F%A5%E5%9C%B0%E9%BB%9E/38EE3BD9-018E-4C76-95DC-71A8391320F4.jpeg HTTP/1.1" 200 -
[05/Aug/2026 12:50:47] "GET /Photos/2016/2016-10_%E6%9C%AA%E7%9F%A5%E5%9C%B0%E9%BB%9E/65386FE7-A0D2-4534-BAC5-2CF008E267C0.jpeg HTTP/1.1" 200 -
[05/Aug/2026 12:50:47] "GET /Photos/2016/2016-03_%E6%9C%AA%E7%9F%A5%E5%9C%B0%E9%BB%9E/B389B1B3-DA33-4EA3-9624-BBA51CBB3056.jpeg HTTP/1.1" 200 -
[05/Aug/2026 12:50:47] "GET /Photos/2016/2016-01_%E6%9C%AA%E7%9F%A5%E5%9C%B0%E9%BB%9E/8FE79041-AEC3-43CC-AC8E-DC7102B1E18A.jpeg HTTP/1.1" 200 -
[05/Aug/2026 12:50:47] "GET /Photos/2016/2016-01_%E6%9C%AA%E7%9F%A5%E5%9C%B0%E9%BB%9E/F70336E3-3621-4167-809F-2CEB27117965.jpeg HTTP/1.1" 200 -
[05/Aug/2026 12:50:47] "GET /Photos/2016/2016-03_%E6%9C%AA%E7%9F%A5%E5%9C%B0%E9%BB%9E/E6A1C26D-3FD5-4480-815D-F5089AEF15AB.jpeg HTTP/1.1" 200 -
[05/Aug/2026 12:50:47] "GET /Photos/2016/2016-03_%E6%9C%AA%E7%9F%A5%E5%9C%B0%E9%BB%9E/3243E69B-11E8-482F-9462-D6E5E57BD4D2.jpeg HTTP/1.1" 200 -
[05/Aug/2026 12:50:48] "GET /Photos/2016/2016-10_%E5%8F%B0%E5%8C%97/%E5%9F%BA%E9%9A%86/9DF62CDD-69A6-416A-9496-05C552FEE402.jpeg HTTP/1.1" 200 -
[05/Aug/2026 12:50:48] "GET /Photos/2016/2016-10_%E5%8F%B0%E5%8C%97/%E5%9F%BA%E9%9A%86/69AF671E-D9F3-474D-88D1-631AD020FB65.jpeg HTTP/1.1" 200 -
[05/Aug/2026 12:50:48] "GET /Photos/2016/2016-04_%E5%8F%B0%E5%8C%97/%E5%9F%BA%E9%9A%86/C3E2C07C-AC54-451A-A2B3-EAC6D80F6322.jpeg HTTP/1.1" 200 -
[05/Aug/2026 12:50:48] "GET /Photos/2016/2016-04_%E5%8F%B0%E5%8C%97/%E5%9F%BA%E9%9A%86/95811C91-E9BA-48E3-ABC4-8CC872A1FB0D.jpeg HTTP/1.1" 200 -
[05/Aug/2026 12:50:48] "GET /Photos/2016/2016-04_%E5%8F%B0%E5%8C%97/%E5%9F%BA%E9%9A%86/2D03FE0C-D5CD-42DC-A066-D26414166293.jpeg HTTP/1.1" 200 -
[05/Aug/2026 12:50:48] "GET /Photos/2016/2016-04_%E5%8F%B0%E5%8C%97/%E5%9F%BA%E9%9A%86/4EB56ABB-D7F3-47F2-90FC-B3F7C6FB87C1.jpeg HTTP/1.1" 200 -
[05/Aug/2026 12:50:48] "GET /Photos/2016/2016-04_%E5%8F%B0%E5%8C%97/%E5%9F%BA%E9%9A%86/A7FB5C90-7982-467E-A036-652FB61EE11F.jpeg HTTP/1.1" 200 -
[05/Aug/2026 12:50:48] "GET /Photos/2016/2016-04_%E5%8F%B0%E5%8C%97/%E5%9F%BA%E9%9A%86/3ECAC658-C593-4D64-A47D-26AB67A2A6B2.jpeg HTTP/1.1" 200 -
[05/Aug/2026 12:50:48] "GET /Photos/2016/2016-04_%E5%8F%B0%E5%8C%97/%E5%9F%BA%E9%9A%86/186F4F93-6C43-4457-89AA-225507017457.jpeg HTTP/1.1" 200 -
[05/Aug/2026 12:50:48] "GET /Photos/2016/2016-04_%E5%8F%B0%E5%8C%97/%E5%9F%BA%E9%9A%86/3D146860-C303-4E5E-8526-86AAA733EC47.jpeg HTTP/1.1" 200 -
[05/Aug/2026 12:50:48] "GET /Photos/2016/2016-04_%E5%8F%B0%E5%8C%97/%E5%9F%BA%E9%9A%86/D84E0DC2-039B-4C2F-B4F5-2C10CC81FC9F.jpeg HTTP/1.1" 200 -
[05/Aug/2026 12:50:48] "GET /Photos/2016/2016-04_%E5%8F%B0%E5%8C%97/%E5%9F%BA%E9%9A%86/B82A518F-6EAD-4CE2-80BA-051EC937B2D7.jpeg HTTP/1.1" 200 -
[05/Aug/2026 12:50:48] "GET /Photos/2016/2016-04_%E5%8F%B0%E5%8C%97/%E5%9F%BA%E9%9A%86/88A85CA9-2A08-43BE-B411-5D80FEE4CC9D.jpeg HTTP/1.1" 200 -
[05/Aug/2026 12:50:48] "GET /Photos/2016/2016-04_%E5%8F%B0%E5%8C%97/%E5%9F%BA%E9%9A%86/6BD6C694-241F-4BBB-A795-30649B404909.jpeg HTTP/1.1" 200 -
[05/Aug/2026 12:50:48] "GET /Photos/2016/2016-04_%E5%8F%B0%E5%8C%97/%E5%9F%BA%E9%9A%86/BB9D587E-4C06-4BB0-BEF5-D98160A9E6DE.jpeg HTTP/1.1" 200 -
[05/Aug/2026 12:50:48] "GET /Photos/2016/2016-04_%E5%8F%B0%E5%8C%97/%E5%9F%BA%E9%9A%86/149C4688-B7D8-4F36-AF88-F4B6675E7C8F.jpeg HTTP/1.1" 200 -
[05/Aug/2026 12:50:48] "GET /Photos/2016/2016-04_%E5%8F%B0%E5%8C%97/%E5%9F%BA%E9%9A%86/EBA04493-F3BC-4646-AA49-AE31CB7A0472.jpeg HTTP/1.1" 200 -
[05/Aug/2026 12:50:48] "GET /Photos/2016/2016-04_%E5%8F%B0%E5%8C%97/%E5%9F%BA%E9%9A%86/E9EE0EB5-3822-4C89-8CB3-6E40FB49D49C.jpeg HTTP/1.1" 200 -
[05/Aug/2026 12:50:48] "GET /Photos/2016/2016-04_%E5%8F%B0%E5%8C%97/%E5%9F%BA%E9%9A%86/D9B61043-7FBB-4E03-BF5C-F4CBC9375333.jpeg HTTP/1.1" 200 -
[05/Aug/2026 12:50:48] "GET /Photos/2016/2016-11_%E5%8F%B0%E5%8C%97/%E5%9F%BA%E9%9A%86/C64FA04C-6FA7-4DF2-9171-926FEB52035D.jpeg HTTP/1.1" 200 -
[05/Aug/2026 12:50:48] "GET /Photos/2016/2016-04_%E5%8F%B0%E5%8C%97/%E5%9F%BA%E9%9A%86/DB23685C-60A7-480F-AC04-708E543BA8B4.jpeg HTTP/1.1" 200 -
[05/Aug/2026 12:50:48] "GET /Photos/2016/2016-01_%E5%8F%B0%E5%8C%97/%E5%9F%BA%E9%9A%86/052A60D1-6D76-4192-96BE-C801AAA6B0D3.jpeg HTTP/1.1" 200 -
[05/Aug/2026 12:50:48] "GET /Photos/2016/2016-11_%E5%8F%B0%E5%8C%97/%E5%9F%BA%E9%9A%86/2B8B7180-37D5-4902-B146-418EC1263DD8.jpeg HTTP/1.1" 200 -
[05/Aug/2026 12:50:48] "GET /Photos/2016/2016-02_%E6%96%B0%E7%AB%B9/%E5%8F%B0%E4%B8%AD/D724F5D0-8E99-4FD9-9907-1205896352D5.jpeg HTTP/1.1" 200 -
[05/Aug/2026 12:50:48] "GET /Photos/2016/2016-02_%E6%96%B0%E7%AB%B9/%E5%8F%B0%E4%B8%AD/7ABB2137-F4DA-4461-BB98-6E08A959F7D2.jpeg HTTP/1.1" 200 -
[05/Aug/2026 12:50:48] "GET /Photos/2016/2016-02_%E6%96%B0%E7%AB%B9/%E5%8F%B0%E4%B8%AD/51CA55E7-F898-43EB-8CFB-2CF2DBE84243.jpeg HTTP/1.1" 200 -
[05/Aug/2026 12:50:48] "GET /Photos/2016/2016-02_%E6%96%B0%E7%AB%B9/%E5%8F%B0%E4%B8%AD/594149DC-FDA1-4082-AD28-92DAF7DC0CE0.jpeg HTTP/1.1" 200 -
[05/Aug/2026 12:50:48] "GET /Photos/2016/2016-02_%E6%96%B0%E7%AB%B9/%E5%8F%B0%E4%B8%AD/390E1893-411B-4114-9125-3ADE91D6F2EC.jpeg HTTP/1.1" 200 -
[05/Aug/2026 12:50:48] "GET /Photos/2016/2016-02_%E6%96%B0%E7%AB%B9/%E5%8F%B0%E4%B8%AD/964ED5AA-9505-4600-B389-B8DB14291160.jpeg HTTP/1.1" 200 -
[05/Aug/2026 12:50:48] "GET /Photos/2016/2016-02_%E6%96%B0%E7%AB%B9/%E5%8F%B0%E4%B8%AD/5C6D737B-4F58-4417-9360-C04B59F7FB36.jpeg HTTP/1.1" 200 -
[05/Aug/2026 12:50:48] "GET /Photos/2016/2016-02_%E6%96%B0%E7%AB%B9/%E5%8F%B0%E4%B8%AD/85CD17C5-29F4-4335-99B5-4007D1E48C5D.jpeg HTTP/1.1" 200 -
[05/Aug/2026 12:50:48] "GET /Photos/2016/2016-02_%E6%96%B0%E7%AB%B9/%E5%8F%B0%E4%B8%AD/959FA0DE-463B-436F-B16B-5DEDD1EEF306.jpeg HTTP/1.1" 200 -
[05/Aug/2026 12:50:48] "GET /Photos/2016/2016-08_%E5%8F%B0%E5%8C%97/%E5%9F%BA%E9%9A%86/3508D3C5-C4FC-4201-AA1D-3EF2D9A14218.jpeg HTTP/1.1" 200 -
[05/Aug/2026 12:50:48] "GET /Photos/2016/2016-08_%E5%8F%B0%E5%8C%97/%E5%9F%BA%E9%9A%86/F8B2D5BF-8407-4E9F-8A10-9764ACC0CC95.jpeg HTTP/1.1" 200 -
[05/Aug/2026 12:50:48] "GET /Photos/2016/2016-08_%E5%8F%B0%E5%8C%97/%E5%9F%BA%E9%9A%86/6F3E8563-1B6B-490F-B317-469AD3D7DFA0.jpeg HTTP/1.1" 200 -
[05/Aug/2026 12:50:48] "GET /Photos/2016/2016-08_%E5%8F%B0%E5%8C%97/%E5%9F%BA%E9%9A%86/31A4C6A1-DB4E-4D22-93FE-8B96F68F884A.jpeg HTTP/1.1" 200 -
[05/Aug/2026 12:50:48] "GET /Photos/2016/2016-08_%E5%8F%B0%E5%8C%97/%E5%9F%BA%E9%9A%86/ED68D6AE-F753-407A-AF55-0778D7C0A162.jpeg HTTP/1.1" 200 -
[05/Aug/2026 12:50:48] "GET /Photos/2016/2016-08_%E5%8F%B0%E5%8C%97/%E5%9F%BA%E9%9A%86/B718E700-D81B-44C2-9AAD-0BEEE0FF31EC.jpeg HTTP/1.1" 200 -
[05/Aug/2026 12:50:48] "GET /Photos/2016/2016-06_%E5%8F%B0%E5%8C%97/%E5%9F%BA%E9%9A%86/91AF34D5-D813-4B41-B0FF-A9C36CA6325E.jpeg HTTP/1.1" 200 -
[05/Aug/2026 12:50:48] "GET /Photos/2016/2016-06_%E5%8F%B0%E5%8C%97/%E5%9F%BA%E9%9A%86/A2A20BBC-811B-4B8D-83DF-6BD85263F929.jpeg HTTP/1.1" 200 -
[05/Aug/2026 12:50:48] "GET /Photos/2016/2016-06_%E5%8F%B0%E5%8C%97/%E5%9F%BA%E9%9A%86/0667CFF0-8298-41E9-8B2D-BFBA463ABB30.jpeg HTTP/1.1" 200 -
[05/Aug/2026 12:50:48] "GET /Photos/2016/2016-02_%E5%8F%B0%E5%8C%97/%E5%9F%BA%E9%9A%86/153B59C5-C85F-4ADF-87D2-3E7A4DEB9C15.jpeg HTTP/1.1" 200 -
[05/Aug/2026 12:50:48] "GET /Photos/2016/2016-02_%E5%8F%B0%E5%8C%97/%E5%9F%BA%E9%9A%86/10CF8AD8-3DC2-471D-8D61-9A5D6F49AD8A.jpeg HTTP/1.1" 200 -
[05/Aug/2026 12:50:48] "GET /Photos/2016/2016-02_%E5%8F%B0%E5%8C%97/%E5%9F%BA%E9%9A%86/DDA0B8B8-2328-4C82-95E3-7EC923C653FB.jpeg HTTP/1.1" 200 -
[05/Aug/2026 12:50:48] "GET /Photos/2016/2016-02_%E5%8F%B0%E5%8C%97/%E5%9F%BA%E9%9A%86/29BD0BEB-C133-4A9D-B6EC-790B00E9A921.jpeg HTTP/1.1" 200 -
[05/Aug/2026 12:50:48] "GET /Photos/2016/2016-02_%E5%8F%B0%E5%8C%97/%E5%9F%BA%E9%9A%86/6F425B12-0BD8-4C25-80AE-CF07FEC7DC01.jpeg HTTP/1.1" 200 -
[05/Aug/2026 12:50:48] "GET /Photos/2016/2016-02_%E5%8F%B0%E5%8C%97/%E5%9F%BA%E9%9A%86/F1A16DCB-465E-432C-908C-3F4945BAE12D.jpeg HTTP/1.1" 200 -
[05/Aug/2026 12:50:48] "GET /Photos/2016/2016-02_%E5%8F%B0%E5%8C%97/%E5%9F%BA%E9%9A%86/7174F57F-5EAB-48E0-9625-3661703AAADA.jpeg HTTP/1.1" 200 -
[05/Aug/2026 12:50:48] "GET /Photos/2016/2016-02_%E5%8F%B0%E5%8C%97/%E5%9F%BA%E9%9A%86/CB07B1DD-173A-486D-83FD-4AE9E98027DF.jpeg HTTP/1.1" 200 -
[05/Aug/2026 12:50:48] "GET /Photos/2016/2016-03_%E5%8F%B0%E5%8C%97/%E5%9F%BA%E9%9A%86/0ED0F1A9-0206-44A1-B821-C7CF9D800384.jpeg HTTP/1.1" 200 -
[05/Aug/2026 12:50:48] "GET /Photos/2016/2016-02_%E5%8F%B0%E5%8C%97/%E5%9F%BA%E9%9A%86/2EBC45C2-884D-4A8D-AA39-EE040E91FFA1.jpeg HTTP/1.1" 200 -
[05/Aug/2026 12:50:48] "GET /Photos/2016/2016-03_%E5%8F%B0%E5%8C%97/%E5%9F%BA%E9%9A%86/57FBC8C9-F6F8-439F-A830-5065BF897B91.jpeg HTTP/1.1" 200 -
[05/Aug/2026 12:50:48] "GET /Photos/2016/2016-03_%E5%8F%B0%E5%8C%97/%E5%9F%BA%E9%9A%86/8A5BFE74-AB31-4CD4-9553-282D5E35BDB9.jpeg HTTP/1.1" 200 -
[05/Aug/2026 12:50:48] "GET /Photos/2016/2016-03_%E5%8F%B0%E5%8C%97/%E5%9F%BA%E9%9A%86/2A20B3A4-0958-4C3F-A3A3-E7886EAF81B9.jpeg HTTP/1.1" 200 -
[05/Aug/2026 12:50:48] "GET /Photos/2016/2016-03_%E5%8F%B0%E5%8C%97/%E5%9F%BA%E9%9A%86/E82A4530-5280-4BDE-9E2C-DC736DBC3DAB.jpeg HTTP/1.1" 200 -
[05/Aug/2026 12:50:48] "GET /Photos/2016/2016-03_%E5%8F%B0%E5%8C%97/%E5%9F%BA%E9%9A%86/EAD2933C-62BE-4629-8528-84D160673D28.jpeg HTTP/1.1" 200 -
[05/Aug/2026 12:50:48] "GET /Photos/2016/2016-03_%E5%8F%B0%E5%8C%97/%E5%9F%BA%E9%9A%86/040C7568-A566-4D00-8934-095B2BF4962C.jpeg HTTP/1.1" 200 -
[05/Aug/2026 12:50:48] "GET /Photos/2022/2022-05_%E5%8F%B0%E5%A4%A7%E5%85%AC%E8%A1%9B/IMG_2049.JPG HTTP/1.1" 200 -
[05/Aug/2026 12:50:48] "GET /Photos/2022/2022-05_%E5%8F%B0%E5%A4%A7%E5%85%AC%E8%A1%9B/IMG_2048.JPG HTTP/1.1" 200 -
[05/Aug/2026 12:50:48] "GET /Photos/2022/2022-05_%E5%8F%B0%E5%A4%A7%E5%85%AC%E8%A1%9B/IMG_2083.JPG HTTP/1.1" 200 -
[05/Aug/2026 12:50:48] "GET /Photos/2022/2022-05_%E5%8F%B0%E5%A4%A7%E5%85%AC%E8%A1%9B/IMG_2082.JPG HTTP/1.1" 200 -
[05/Aug/2026 12:50:48] "GET /Photos/2022/2022-05_%E5%8F%B0%E5%A4%A7%E5%85%AC%E8%A1%9B/IMG_2084.JPG HTTP/1.1" 200 -
[05/Aug/2026 12:50:48] "GET /Photos/2022/2022-07_%E5%8F%B0%E5%A4%A7%E6%A0%A1%E5%9C%92%E7%95%A2%E6%A5%AD%E7%85%A7/IMG_2373.JPG HTTP/1.1" 200 -
[05/Aug/2026 12:50:48] "GET /Photos/2022/2022-07_%E5%8F%B0%E5%A4%A7%E6%A0%A1%E5%9C%92%E7%95%A2%E6%A5%AD%E7%85%A7/IMG_2372.JPG HTTP/1.1" 200 -
[05/Aug/2026 12:50:48] "GET /Photos/2022/2022-07_%E5%8F%B0%E5%A4%A7%E6%A0%A1%E5%9C%92%E7%95%A2%E6%A5%AD%E7%85%A7/4773787789729682352.2fa829ff5958e5731021ec7a4618513e.22071815.JPG HTTP/1.1" 200 -
[05/Aug/2026 12:50:48] "GET /Photos/2022/2022-07_%E5%8F%B0%E5%A4%A7%E6%A0%A1%E5%9C%92%E7%95%A2%E6%A5%AD%E7%85%A7/IMG_2370.JPG HTTP/1.1" 200 -
[05/Aug/2026 12:50:48] "GET /Photos/2022/2022-07_%E5%8F%B0%E5%A4%A7%E6%A0%A1%E5%9C%92%E7%95%A2%E6%A5%AD%E7%85%A7/IMG_2371.JPG HTTP/1.1" 200 -
[05/Aug/2026 12:50:48] "GET /Photos/2022/2022-07_%E5%8F%B0%E5%A4%A7%E6%A0%A1%E5%9C%92%E7%95%A2%E6%A5%AD%E7%85%A7/4773787789729682352.fcc2177d7e26fa711effccf3d807522f.22071815.JPG HTTP/1.1" 200 -
[05/Aug/2026 12:50:48] "GET /Photos/2022/2022-07_%E5%8F%B0%E5%A4%A7%E6%A0%A1%E5%9C%92%E7%95%A2%E6%A5%AD%E7%85%A7/4773787789729682352.2f9323051e35296a92cf5c048bf40720.22071815.JPG HTTP/1.1" 200 -
[05/Aug/2026 12:50:48] "GET /Photos/2022/2022-07_%E5%8F%B0%E5%A4%A7%E6%A0%A1%E5%9C%92%E7%95%A2%E6%A5%AD%E7%85%A7/4773787789729682352.7fde410982a69fa142b25a8767253975.22071815.JPG HTTP/1.1" 200 -
[05/Aug/2026 12:50:48] "GET /Photos/2022/2022-07_%E5%8F%B0%E5%A4%A7%E6%A0%A1%E5%9C%92%E7%95%A2%E6%A5%AD%E7%85%A7/IMG_2369.JPG HTTP/1.1" 200 -
[05/Aug/2026 12:50:48] "GET /Photos/2022/2022-07_%E5%8F%B0%E5%A4%A7%E6%A0%A1%E5%9C%92%E7%95%A2%E6%A5%AD%E7%85%A7/4773787789729682352.66326b193ebcfb772a508d1c1f649a1a.22071815.JPG HTTP/1.1" 200 -
[05/Aug/2026 12:50:48] "GET /Photos/2022/2022-02_%E5%93%A1%E5%B1%B1%E9%84%89%E9%87%91%E8%BB%8A%E4%BC%AF%E6%9C%97%E5%92%96%E5%95%A1/IMG_1179.jpeg HTTP/1.1" 200 -
[05/Aug/2026 12:50:48] "GET /Photos/2022/2022-02_%E5%93%A1%E5%B1%B1%E9%84%89%E9%87%91%E8%BB%8A%E4%BC%AF%E6%9C%97%E5%92%96%E5%95%A1/IMG_1180.jpeg HTTP/1.1" 200 -
[05/Aug/2026 12:50:48] "GET /Photos/2022/2022-02_%E5%93%A1%E5%B1%B1%E9%84%89%E9%87%91%E8%BB%8A%E4%BC%AF%E6%9C%97%E5%92%96%E5%95%A1/IMG_1178.jpeg HTTP/1.1" 200 -
[05/Aug/2026 12:50:48] "GET /Photos/2022/2022-11_%E5%8F%B0%E5%8C%97%E8%A1%97%E9%A0%AD/DSC05959.JPG HTTP/1.1" 200 -
[05/Aug/2026 12:50:48] "GET /Photos/2022/2022-11_%E5%8F%B0%E5%8C%97%E8%A1%97%E9%A0%AD/DSC05965.JPG HTTP/1.1" 200 -
[05/Aug/2026 12:50:48] "GET /Photos/2022/2022-11_%E5%8F%B0%E5%8C%97%E8%A1%97%E9%A0%AD/DSC05958.JPG HTTP/1.1" 200 -
[05/Aug/2026 12:50:48] "GET /Photos/2022/2022-11_%E5%8F%B0%E5%8C%97%E8%A1%97%E9%A0%AD/DSC05966.JPG HTTP/1.1" 200 -
[05/Aug/2026 12:50:48] "GET /Photos/2022/2022-11_%E5%8F%B0%E5%8C%97%E8%A1%97%E9%A0%AD/DSC05944.JPG HTTP/1.1" 200 -
[05/Aug/2026 12:50:48] "GET /Photos/2022/2022-11_%E5%8F%B0%E5%8C%97%E8%A1%97%E9%A0%AD/DSC05945.JPG HTTP/1.1" 200 -
[05/Aug/2026 12:50:48] "GET /Photos/2022/2022-11_%E5%8F%B0%E5%8C%97%E8%A1%97%E9%A0%AD/DSC05942.JPG HTTP/1.1" 200 -
[05/Aug/2026 12:50:48] "GET /Photos/2022/2022-11_%E5%8F%B0%E5%8C%97%E8%A1%97%E9%A0%AD/DSC05943.JPG HTTP/1.1" 200 -
[05/Aug/2026 12:50:48] "GET /Photos/2022/2022-11_%E5%8F%B0%E5%8C%97%E8%A1%97%E9%A0%AD/DSC05957.JPG HTTP/1.1" 200 -
[05/Aug/2026 12:50:48] "GET /Photos/2022/2022-11_%E5%8F%B0%E5%8C%97%E8%A1%97%E9%A0%AD/DSC05946.JPG HTTP/1.1" 200 -
[05/Aug/2026 12:50:48] "GET /Photos/2022/2022-11_%E5%8F%B0%E5%8C%97%E8%A1%97%E9%A0%AD/DSC05956.JPG HTTP/1.1" 200 -
[05/Aug/2026 12:50:48] "GET /Photos/2022/2022-11_%E5%8F%B0%E5%8C%97%E8%A1%97%E9%A0%AD/DSC05941.JPG HTTP/1.1" 200 -
[05/Aug/2026 12:50:48] "GET /Photos/2022/2022-11_%E5%8F%B0%E5%8C%97%E8%A1%97%E9%A0%AD/DSC05955.JPG HTTP/1.1" 200 -
[05/Aug/2026 12:50:48] "GET /Photos/2022/2022-11_%E5%8F%B0%E5%8C%97%E8%A1%97%E9%A0%AD/DSC05954.JPG HTTP/1.1" 200 -
[05/Aug/2026 12:50:48] "GET /Photos/2022/2022-11_%E5%8F%B0%E5%8C%97%E8%A1%97%E9%A0%AD/DSC05940.JPG HTTP/1.1" 200 -
[05/Aug/2026 12:50:48] "GET /Photos/2022/2022-12_IBMYEP/IMG_2830.JPG HTTP/1.1" 200 -
[05/Aug/2026 12:50:48] "GET /Photos/2022/2022-12_IBMYEP/IMG_2831.JPG HTTP/1.1" 200 -
[05/Aug/2026 12:50:48] "GET /Photos/2022/2022-12_IBMYEP/IMG_2760.JPG HTTP/1.1" 200 -
[05/Aug/2026 12:50:48] "GET /Photos/2022/2022-12_IBMYEP/IMG_2739.JPG HTTP/1.1" 200 -
[05/Aug/2026 12:50:48] "GET /Photos/2022/2022-01_101/IMG_1025.JPG HTTP/1.1" 200 -
[05/Aug/2026 12:50:48] "GET /Photos/2022/2022-05_%E5%8C%97%E7%AB%BF%E9%84%89/IMG_1929.JPG HTTP/1.1" 200 -
[05/Aug/2026 12:50:48] "GET /Photos/2022/2022-05_%E5%8C%97%E7%AB%BF%E9%84%89/IMG_2004.JPG HTTP/1.1" 200 -
[05/Aug/2026 12:50:48] "GET /Photos/2022/2022-05_%E5%8C%97%E7%AB%BF%E9%84%89/IMG_2010.JPG HTTP/1.1" 200 -
[05/Aug/2026 12:50:48] "GET /Photos/2022/2022-05_%E5%8C%97%E7%AB%BF%E9%84%89/IMG_1848.JPG HTTP/1.1" 200 -
[05/Aug/2026 12:50:48] "GET /Photos/2022/2022-05_%E5%8C%97%E7%AB%BF%E9%84%89/IMG_1874.JPG HTTP/1.1" 200 -
[05/Aug/2026 12:50:48] "GET /Photos/2022/2022-05_%E5%8C%97%E7%AB%BF%E9%84%89/IMG_1862.JPG HTTP/1.1" 200 -
[05/Aug/2026 12:50:48] "GET /Photos/2022/2022-05_%E5%8C%97%E7%AB%BF%E9%84%89/IMG_1916.JPG HTTP/1.1" 200 -
[05/Aug/2026 12:50:48] "GET /Photos/2022/2022-05_%E5%8C%97%E7%AB%BF%E9%84%89/IMG_1902.JPG HTTP/1.1" 200 -
[05/Aug/2026 12:50:48] "GET /Photos/2022/2022-05_%E5%8C%97%E7%AB%BF%E9%84%89/IMG_2012.JPG HTTP/1.1" 200 -
[05/Aug/2026 12:50:48] "GET /Photos/2022/2022-05_%E5%8C%97%E7%AB%BF%E9%84%89/IMG_2007.JPG HTTP/1.1" 200 -
[05/Aug/2026 12:50:48] "GET /Photos/2022/2022-05_%E5%8C%97%E7%AB%BF%E9%84%89/IMG_1903.JPG HTTP/1.1" 200 -
[05/Aug/2026 12:50:48] "GET /Photos/2022/2022-05_%E5%8C%97%E7%AB%BF%E9%84%89/IMG_1917.JPG HTTP/1.1" 200 -
[05/Aug/2026 12:50:48] "GET /Photos/2022/2022-05_%E5%8C%97%E7%AB%BF%E9%84%89/IMG_1867.JPG HTTP/1.1" 200 -
[05/Aug/2026 12:50:48] "GET /Photos/2022/2022-05_%E5%8C%97%E7%AB%BF%E9%84%89/IMG_1873.JPG HTTP/1.1" 200 -
[05/Aug/2026 12:50:48] "GET /Photos/2022/2022-05_%E5%8C%97%E7%AB%BF%E9%84%89/IMG_1913.JPG HTTP/1.1" 200 -
[05/Aug/2026 12:50:48] "GET /Photos/2022/2022-05_%E5%8C%97%E7%AB%BF%E9%84%89/IMG_2003.JPG HTTP/1.1" 200 -
[05/Aug/2026 12:50:48] "GET /Photos/2022/2022-05_%E5%8C%97%E7%AB%BF%E9%84%89/IMG_2002.JPG HTTP/1.1" 200 -
[05/Aug/2026 12:50:48] "GET /Photos/2022/2022-05_%E5%8C%97%E7%AB%BF%E9%84%89/IMG_1870.JPG HTTP/1.1" 200 -
[05/Aug/2026 12:50:48] "GET /Photos/2022/2022-05_%E5%8C%97%E7%AB%BF%E9%84%89/IMG_1872.JPG HTTP/1.1" 200 -
[05/Aug/2026 12:50:48] "GET /Photos/2022/2022-05_%E5%8C%97%E7%AB%BF%E9%84%89/IMG_1864.JPG HTTP/1.1" 200 -
[05/Aug/2026 12:50:48] "GET /Photos/2022/2022-05_%E5%8C%97%E7%AB%BF%E9%84%89/IMG_2001.JPG HTTP/1.1" 200 -
[05/Aug/2026 12:50:49] "GET /Photos/2022/2022-05_%E5%8C%97%E7%AB%BF%E9%84%89/IMG_1865.JPG HTTP/1.1" 200 -
[05/Aug/2026 12:50:49] "GET /Photos/2022/2022-05_%E5%8C%97%E7%AB%BF%E9%84%89/IMG_1911.JPG HTTP/1.1" 200 -
[05/Aug/2026 12:50:49] "GET /Photos/2022/2022-05_%E5%8C%97%E7%AB%BF%E9%84%89/IMG_1905.JPG HTTP/1.1" 200 -
[05/Aug/2026 12:50:49] "GET /Photos/2022/2022-05_%E5%8C%97%E7%AB%BF%E9%84%89/IMG_1859.JPG HTTP/1.1" 200 -
[05/Aug/2026 12:50:49] "GET /Photos/2022/2022-05_%E5%8C%97%E7%AB%BF%E9%84%89/IMG_1989.JPG HTTP/1.1" 200 -
[05/Aug/2026 12:50:49] "GET /Photos/2022/2022-05_%E5%8C%97%E7%AB%BF%E9%84%89/IMG_1988.JPG HTTP/1.1" 200 -
[05/Aug/2026 12:50:49] "GET /Photos/2022/2022-05_%E5%8C%97%E7%AB%BF%E9%84%89/IMG_1998.JPG HTTP/1.1" 200 -
[05/Aug/2026 12:50:49] "GET /Photos/2022/2022-05_%E5%8C%97%E7%AB%BF%E9%84%89/IMG_1999.JPG HTTP/1.1" 200 -
[05/Aug/2026 12:50:49] "GET /Photos/2022/2022-05_%E5%8C%97%E7%AB%BF%E9%84%89/IMG_1995.JPG HTTP/1.1" 200 -
[05/Aug/2026 12:50:49] "GET /Photos/2022/2022-05_%E5%8C%97%E7%AB%BF%E9%84%89/IMG_1954.JPG HTTP/1.1" 200 -
[05/Aug/2026 12:50:49] "GET /Photos/2022/2022-05_%E5%8C%97%E7%AB%BF%E9%84%89/IMG_1940.JPG HTTP/1.1" 200 -
[05/Aug/2026 12:50:49] "GET /Photos/2022/2022-05_%E5%8C%97%E7%AB%BF%E9%84%89/IMG_1941.JPG HTTP/1.1" 200 -
[05/Aug/2026 12:50:49] "GET /Photos/2022/2022-05_%E5%8C%97%E7%AB%BF%E9%84%89/IMG_1992.JPG HTTP/1.1" 200 -
[05/Aug/2026 12:50:49] "GET /Photos/2022/2022-05_%E5%8C%97%E7%AB%BF%E9%84%89/IMG_1945.JPG HTTP/1.1" 200 -
[05/Aug/2026 12:50:49] "GET /Photos/2022/2022-05_%E5%8C%97%E7%AB%BF%E9%84%89/IMG_1952.JPG HTTP/1.1" 200 -
[05/Aug/2026 12:50:49] "GET /Photos/2022/2022-05_%E5%8C%97%E7%AB%BF%E9%84%89/IMG_1990.JPG HTTP/1.1" 200 -
[05/Aug/2026 12:50:49] "GET /Photos/2022/2022-05_%E5%8C%97%E7%AB%BF%E9%84%89/IMG_1854.JPG HTTP/1.1" 200 -
[05/Aug/2026 12:50:49] "GET /Photos/2022/2022-05_%E5%8C%97%E7%AB%BF%E9%84%89/IMG_1868.JPG HTTP/1.1" 200 -
[05/Aug/2026 12:50:49] "GET /Photos/2022/2022-05_%E5%8C%97%E7%AB%BF%E9%84%89/IMG_1934.JPG HTTP/1.1" 200 -
[05/Aug/2026 12:50:49] "GET /Photos/2022/2022-05_%E5%8C%97%E7%AB%BF%E9%84%89/IMG_1908.JPG HTTP/1.1" 200 -
[05/Aug/2026 12:50:49] "GET /Photos/2022/2022-05_%E5%8C%97%E7%AB%BF%E9%84%89/IMG_1869.JPG HTTP/1.1" 200 -
[05/Aug/2026 12:50:49] "GET /Photos/2022/2022-05_%E5%8C%97%E7%AB%BF%E9%84%89/IMG_1935.JPG HTTP/1.1" 200 -
[05/Aug/2026 12:50:49] "GET /Photos/2022/2022-05_%E5%8C%97%E7%AB%BF%E9%84%89/IMG_1843.JPG HTTP/1.1" 200 -
[05/Aug/2026 12:50:49] "GET /Photos/2022/2022-05_%E5%8C%97%E7%AB%BF%E9%84%89/IMG_1855.JPG HTTP/1.1" 200 -
[05/Aug/2026 12:50:49] "GET /Photos/2022/2022-05_%E5%8C%97%E7%AB%BF%E9%84%89/IMG_1857.JPG HTTP/1.1" 200 -
[05/Aug/2026 12:50:49] "GET /Photos/2022/2022-05_%E5%8C%97%E7%AB%BF%E9%84%89/IMG_1937.JPG HTTP/1.1" 200 -
[05/Aug/2026 12:50:49] "GET /Photos/2022/2022-05_%E5%8C%97%E7%AB%BF%E9%84%89/IMG_1923.JPG HTTP/1.1" 200 -
[05/Aug/2026 12:50:49] "GET /Photos/2022/2022-05_%E5%8C%97%E7%AB%BF%E9%84%89/IMG_1922.JPG HTTP/1.1" 200 -
[05/Aug/2026 12:50:49] "GET /Photos/2022/2022-05_%E5%8C%97%E7%AB%BF%E9%84%89/IMG_1936.JPG HTTP/1.1" 200 -
[05/Aug/2026 12:50:49] "GET /Photos/2022/2022-05_%E5%8C%97%E7%AB%BF%E9%84%89/IMG_1856.JPG HTTP/1.1" 200 -
[05/Aug/2026 12:50:49] "GET /Photos/2022/2022-05_%E5%8C%97%E7%AB%BF%E9%84%89/IMG_1846.JPG HTTP/1.1" 200 -
[05/Aug/2026 12:50:49] "GET /Photos/2022/2022-05_%E5%8C%97%E7%AB%BF%E9%84%89/IMG_1926.JPG HTTP/1.1" 200 -
[05/Aug/2026 12:50:49] "GET /Photos/2022/2022-05_%E5%8C%97%E7%AB%BF%E9%84%89/IMG_1847.JPG HTTP/1.1" 200 -
[05/Aug/2026 12:50:49] "GET /Photos/2022/2022-05_%E5%8C%97%E7%AB%BF%E9%84%89/IMG_1933.JPG HTTP/1.1" 200 -
[05/Aug/2026 12:50:49] "GET /Photos/2022/2022-05_%E5%8C%97%E7%AB%BF%E9%84%89/IMG_1879.JPG HTTP/1.1" 200 -
[05/Aug/2026 12:50:49] "GET /Photos/2022/2022-05_%E5%8C%97%E7%AB%BF%E9%84%89/IMG_1845.JPG HTTP/1.1" 200 -
[05/Aug/2026 12:50:49] "GET /Photos/2022/2022-05_%E5%8C%97%E7%AB%BF%E9%84%89/IMG_1925.JPG HTTP/1.1" 200 -
[05/Aug/2026 12:50:49] "GET /Photos/2022/2022-05_%E5%8C%97%E7%AB%BF%E9%84%89/IMG_2009.JPG HTTP/1.1" 200 -
[05/Aug/2026 12:50:49] "GET /Photos/2022/2022-05_%E5%8C%97%E7%AB%BF%E9%84%89/IMG_1931.JPG HTTP/1.1" 200 -
[05/Aug/2026 12:50:49] "GET /Photos/2022/2022-05_%E5%8C%97%E7%AB%BF%E9%84%89/IMG_1924.JPG HTTP/1.1" 200 -
[05/Aug/2026 12:50:49] "GET /Photos/2022/2022-05_%E5%8C%97%E7%AB%BF%E9%84%89/IMG_1844.JPG HTTP/1.1" 200 -
[05/Aug/2026 12:50:49] "GET /Photos/2022/2022-05_%E5%8C%97%E7%AB%BF%E9%84%89/IMG_1850.JPG HTTP/1.1" 200 -
[05/Aug/2026 12:50:49] "GET /Photos/2022/2022-05_%E5%8C%97%E7%AB%BF%E9%84%89/IMG_1878.JPG HTTP/1.1" 200 -
[05/Aug/2026 12:51:49] "GET / HTTP/1.1" 200 -
[05/Aug/2026 12:51:49] "GET /api/photos HTTP/1.1" 200 -
[05/Aug/2026 12:51:50] "GET /Photos/2022/2022-06_%E9%A6%AC%E5%85%AC%E5%B8%82/IMG_8448.JPG HTTP/1.1" 200 -
[05/Aug/2026 12:51:50] "GET /Photos/2022/2022-06_%E9%A6%AC%E5%85%AC%E5%B8%82/IMG_8460.JPG HTTP/1.1" 200 -
[05/Aug/2026 12:51:50] "GET /Photos/2022/2022-02_%E9%AB%98%E9%9B%84%E5%B8%82/IMG_1223.jpeg HTTP/1.1" 200 -
[05/Aug/2026 12:51:50] "GET /Photos/2022/2022-02_%E5%A4%AA%E9%BA%BB%E9%87%8C%E9%84%89/IMG_1262.jpeg HTTP/1.1" 200 -
[05/Aug/2026 12:51:50] "GET /Photos/2022/2022-05_%E5%8D%97%E7%AB%BF%E9%84%89/IMG_1976.jpeg HTTP/1.1" 200 -
[05/Aug/2026 12:51:50] "GET /Photos/2022/2022-05_%E5%8D%97%E7%AB%BF%E9%84%89/IMG_1833.jpeg HTTP/1.1" 200 -
[05/Aug/2026 12:51:50] "GET /Photos/2022/2022-06_%E8%87%BA%E4%B8%AD%E5%B8%82/IMG_2120.jpeg HTTP/1.1" 200 -
[05/Aug/2026 12:51:50] "GET /Photos/2022/2022-02_%E9%AB%98%E9%9B%84%E5%B8%82/IMG_1219.jpeg HTTP/1.1" 200 -
[05/Aug/2026 12:51:50] "GET /Photos/2022/2022-06_%E9%A6%AC%E5%85%AC%E5%B8%82/IMG_8487.jpeg HTTP/1.1" 200 -
[05/Aug/2026 12:51:50] "GET /Photos/2022/2022-05_%E6%9D%B1%E5%BC%95%E9%84%89/IMG_1921.jpeg HTTP/1.1" 200 -
[05/Aug/2026 12:51:50] "GET /Photos/2022/2022-02_%E5%A4%AA%E9%BA%BB%E9%87%8C%E9%84%89/IMG_1258.jpeg HTTP/1.1" 200 -
[05/Aug/2026 12:51:50] "GET /Photos/2022/2022-05_%E5%8D%97%E7%AB%BF%E9%84%89/IMG_1960.jpeg HTTP/1.1" 200 -
[05/Aug/2026 12:51:50] "GET /Photos/2022/2022-02_%E5%A3%BD%E8%B1%90%E9%84%89/IMG_1063.jpeg HTTP/1.1" 200 -
[05/Aug/2026 12:51:50] "GET /Photos/2022/2022-06_%E9%A6%AC%E5%85%AC%E5%B8%82/IMG_8449.JPG HTTP/1.1" 200 -
[05/Aug/2026 12:51:50] "GET /Photos/2022/2022-06_%E9%A6%AC%E5%85%AC%E5%B8%82/IMG_8491.jpeg HTTP/1.1" 200 -
[05/Aug/2026 12:51:50] "GET /Photos/2022/2022-06_%E8%87%BA%E4%B8%AD%E5%B8%82/IMG_2116.jpeg HTTP/1.1" 200 -
[05/Aug/2026 12:51:50] "GET /Photos/2022/2022-02_%E9%AB%98%E9%9B%84%E5%B8%82/IMG_1215.jpeg HTTP/1.1" 200 -
[05/Aug/2026 12:51:50] "GET /Photos/2022/2022-02_%E5%9F%94%E9%87%8C%E9%8E%AE/IMG_1350.jpeg HTTP/1.1" 200 -
[05/Aug/2026 12:51:50] "GET /Photos/2022/2022-02_%E5%A3%BD%E8%B1%90%E9%84%89/IMG_1307.jpeg HTTP/1.1" 200 -
[05/Aug/2026 12:51:50] "GET /Photos/2022/2022-08_%E5%9F%BA%E9%9A%86%E5%B8%82/IMG_2481.jpeg HTTP/1.1" 200 -
[05/Aug/2026 12:51:50] "GET /Photos/2022/2022-05_%E9%80%A3%E6%B1%9F%E7%B8%A3/IMG_1887.jpeg HTTP/1.1" 200 -
[05/Aug/2026 12:51:50] "GET /Photos/2022/2022-05_%E5%8C%97%E7%AB%BF%E9%84%89/IMG_1891.jpeg HTTP/1.1" 200 -
[05/Aug/2026 12:51:50] "GET /Photos/2022/2022-06_%E9%A6%AC%E5%85%AC%E5%B8%82/IMG_8476.JPG HTTP/1.1" 200 -
[05/Aug/2026 12:51:50] "GET /Photos/2022/2022-02_%E9%AB%98%E9%9B%84%E5%B8%82/IMG_0943.JPG HTTP/1.1" 200 -
[05/Aug/2026 12:51:50] "GET /Photos/2022/2022-05_%E5%8D%97%E7%AB%BF%E9%84%89/IMG_1983.jpeg HTTP/1.1" 200 -
[05/Aug/2026 14:52:11] "GET / HTTP/1.1" 200 -
[05/Aug/2026 14:52:17] "GET /api/photos HTTP/1.1" 200 -
[05/Aug/2026 14:52:20] code 404, message File not found
[05/Aug/2026 14:52:20] "GET /favicon.ico HTTP/1.1" 404 -
[05/Aug/2026 14:52:21] code 404, message File not found
[05/Aug/2026 14:52:21] "GET /favicon.ico HTTP/1.1" 404 -
[05/Aug/2026 15:25:04] code 404, message File not found
[05/Aug/2026 15:25:04] "GET /favicon.ico HTTP/1.1" 404 -
[05/Aug/2026 15:25:09] "GET /Photos/2022/2022-06_%E9%A6%AC%E5%85%AC%E5%B8%82/IMG_8448.JPG HTTP/1.1" 200 -
[05/Aug/2026 15:25:09] "GET /Photos/2022/2022-02_%E9%AB%98%E9%9B%84%E5%B8%82/IMG_0936.jpeg HTTP/1.1" 200 -
[05/Aug/2026 15:25:09] "GET /Photos/2022/2022-04_%E6%96%B0%E5%9F%8E%E9%84%89/IMG_1673.jpeg HTTP/1.1" 200 -
[05/Aug/2026 15:25:09] "GET /Photos/2022/2022-06_%E9%A6%AC%E5%85%AC%E5%B8%82/IMG_8460.JPG HTTP/1.1" 200 -
[05/Aug/2026 15:25:09] "GET /Photos/2022/2022-02_%E9%AB%98%E9%9B%84%E5%B8%82/IMG_1223.jpeg HTTP/1.1" 200 -
[05/Aug/2026 15:25:09] "GET /Photos/2022/2022-05_%E6%9C%AA%E7%9F%A5%E5%9C%B0%E9%BB%9E/IMG_2039.JPG HTTP/1.1" 200 -
[05/Aug/2026 15:25:09] "GET /Photos/2022/2022-02_%E5%A4%AA%E9%BA%BB%E9%87%8C%E9%84%89/IMG_1262.jpeg HTTP/1.1" 200 -
[05/Aug/2026 15:25:09] "GET /Photos/2022/2022-05_%E6%9C%AA%E7%9F%A5%E5%9C%B0%E9%BB%9E/IMG_2038.JPG HTTP/1.1" 200 -
[05/Aug/2026 15:25:09] "GET /Photos/2022/2022-05_%E5%8D%97%E7%AB%BF%E9%84%89/IMG_1976.jpeg HTTP/1.1" 200 -
[05/Aug/2026 15:25:09] "GET /Photos/2022/2022-05_%E5%8D%97%E7%AB%BF%E9%84%89/IMG_1833.jpeg HTTP/1.1" 200 -
[05/Aug/2026 15:25:09] "GET /Photos/2022/2022-02_%E9%AB%98%E9%9B%84%E5%B8%82/IMG_1219.jpeg HTTP/1.1" 200 -
[05/Aug/2026 15:25:09] "GET /Photos/2022/2022-06_%E8%87%BA%E4%B8%AD%E5%B8%82/IMG_2120.jpeg HTTP/1.1" 200 -
[05/Aug/2026 15:25:09] "GET /Photos/2022/2022-06_%E9%A6%AC%E5%85%AC%E5%B8%82/IMG_8487.jpeg HTTP/1.1" 200 -
[05/Aug/2026 15:25:09] "GET /Photos/2022/2022-05_%E6%9D%B1%E5%BC%95%E9%84%89/IMG_1921.jpeg HTTP/1.1" 200 -
[05/Aug/2026 15:25:09] "GET /Photos/2022/2022-02_%E5%A4%AA%E9%BA%BB%E9%87%8C%E9%84%89/IMG_1258.jpeg HTTP/1.1" 200 -
[05/Aug/2026 15:25:09] "GET /Photos/2022/2022-05_%E5%8D%97%E7%AB%BF%E9%84%89/IMG_1960.jpeg HTTP/1.1" 200 -
[05/Aug/2026 15:25:09] "GET /Photos/2022/2022-02_%E5%A3%BD%E8%B1%90%E9%84%89/IMG_1063.jpeg HTTP/1.1" 200 -
[05/Aug/2026 15:25:09] "GET /Photos/2022/2022-06_%E9%A6%AC%E5%85%AC%E5%B8%82/IMG_8449.JPG HTTP/1.1" 200 -
[05/Aug/2026 15:25:09] "GET /Photos/2022/2022-06_%E9%A6%AC%E5%85%AC%E5%B8%82/IMG_8491.jpeg HTTP/1.1" 200 -
[05/Aug/2026 15:25:09] "GET /Photos/2022/2022-06_%E8%87%BA%E4%B8%AD%E5%B8%82/IMG_2116.jpeg HTTP/1.1" 200 -
[05/Aug/2026 15:25:09] "GET /Photos/2022/2022-12_%E8%87%BA%E5%8C%97%E5%B8%82/IMG_2803.jpeg HTTP/1.1" 200 -
[05/Aug/2026 15:25:09] "GET /Photos/2022/2022-04_%E6%96%B0%E5%9F%8E%E9%84%89/IMG_8761.jpeg HTTP/1.1" 200 -
[05/Aug/2026 15:25:09] "GET /Photos/2022/2022-02_%E9%AB%98%E9%9B%84%E5%B8%82/IMG_1215.jpeg HTTP/1.1" 200 -
[05/Aug/2026 15:25:09] "GET /Photos/2022/2022-02_%E9%AB%98%E9%9B%84%E5%B8%82/IMG_0957.jpeg HTTP/1.1" 200 -
[05/Aug/2026 15:25:09] "GET /Photos/2022/2022-02_%E5%9F%94%E9%87%8C%E9%8E%AE/IMG_1350.jpeg HTTP/1.1" 200 -
[05/Aug/2026 15:25:09] "GET /Photos/2022/2022-02_%E5%A3%BD%E8%B1%90%E9%84%89/IMG_1307.jpeg HTTP/1.1" 200 -
[05/Aug/2026 15:25:09] "GET /Photos/2022/2022-08_%E5%9F%BA%E9%9A%86%E5%B8%82/IMG_2481.jpeg HTTP/1.1" 200 -
[05/Aug/2026 15:25:09] "GET /Photos/2022/2022-05_%E9%80%A3%E6%B1%9F%E7%B8%A3/IMG_1887.jpeg HTTP/1.1" 200 -
[05/Aug/2026 15:25:09] "GET /Photos/2022/2022-05_%E5%8C%97%E7%AB%BF%E9%84%89/IMG_1891.jpeg HTTP/1.1" 200 -
[05/Aug/2026 15:25:09] "GET /Photos/2022/2022-02_%E9%AB%98%E9%9B%84%E5%B8%82/IMG_0943.JPG HTTP/1.1" 200 -
[05/Aug/2026 15:25:09] "GET /Photos/2022/2022-06_%E9%A6%AC%E5%85%AC%E5%B8%82/IMG_8476.JPG HTTP/1.1" 200 -
[05/Aug/2026 15:25:09] "GET /Photos/2022/2022-05_%E5%8D%97%E7%AB%BF%E9%84%89/IMG_1983.jpeg HTTP/1.1" 200 -
[05/Aug/2026 15:39:47] code 404, message File not found
[05/Aug/2026 15:39:47] "GET /favicon.ico HTTP/1.1" 404 -
[06/Aug/2026 14:39:31] "HEAD / HTTP/1.1" 200 -
[06/Aug/2026 14:40:03] code 404, message File not found
[06/Aug/2026 14:40:03] code 404, message File not found
[06/Aug/2026 14:40:03] "GET /favicon.ico HTTP/1.1" 404 -
[06/Aug/2026 14:40:03] "GET /icon-192.png HTTP/1.1" 404 -
[06/Aug/2026 14:40:04] code 404, message File not found
[06/Aug/2026 14:40:04] "GET /sw.js HTTP/1.1" 404 -
[06/Aug/2026 14:41:06] "GET / HTTP/1.1" 200 -
[06/Aug/2026 14:41:19] "GET / HTTP/1.1" 200 -
[06/Aug/2026 14:41:19] "GET /api/photos HTTP/1.1" 200 -
[06/Aug/2026 14:41:19] code 404, message File not found
[06/Aug/2026 14:41:19] "GET /favicon.ico HTTP/1.1" 404 -
[06/Aug/2026 14:41:19] "GET /Photos/2022/2022-06_%E9%A6%AC%E5%85%AC%E5%B8%82/IMG_8448.JPG HTTP/1.1" 200 -
[06/Aug/2026 14:41:19] "GET /Photos/2022/2022-02_%E9%AB%98%E9%9B%84%E5%B8%82/IMG_0936.jpeg HTTP/1.1" 200 -
[06/Aug/2026 14:41:19] "GET /Photos/2022/2022-06_%E9%A6%AC%E5%85%AC%E5%B8%82/IMG_8460.JPG HTTP/1.1" 200 -
[06/Aug/2026 14:41:19] "GET /Photos/2022/2022-04_%E6%96%B0%E5%9F%8E%E9%84%89/IMG_1673.jpeg HTTP/1.1" 200 -
[06/Aug/2026 14:41:19] "GET /Photos/2022/2022-02_%E9%AB%98%E9%9B%84%E5%B8%82/IMG_1223.jpeg HTTP/1.1" 200 -
[06/Aug/2026 14:41:19] "GET /Photos/2022/2022-05_%E6%9C%AA%E7%9F%A5%E5%9C%B0%E9%BB%9E/IMG_2039.JPG HTTP/1.1" 200 -
[06/Aug/2026 14:41:19] "GET /Photos/2022/2022-02_%E5%A4%AA%E9%BA%BB%E9%87%8C%E9%84%89/IMG_1262.jpeg HTTP/1.1" 200 -
[06/Aug/2026 14:41:19] "GET /Photos/2022/2022-05_%E6%9C%AA%E7%9F%A5%E5%9C%B0%E9%BB%9E/IMG_2038.JPG HTTP/1.1" 200 -
[06/Aug/2026 14:41:19] "GET /Photos/2022/2022-05_%E5%8D%97%E7%AB%BF%E9%84%89/IMG_1976.jpeg HTTP/1.1" 200 -
[06/Aug/2026 14:41:19] "GET /Photos/2022/2022-05_%E5%8D%97%E7%AB%BF%E9%84%89/IMG_1833.jpeg HTTP/1.1" 200 -
[06/Aug/2026 14:41:19] "GET /Photos/2022/2022-02_%E9%AB%98%E9%9B%84%E5%B8%82/IMG_1219.jpeg HTTP/1.1" 200 -
[06/Aug/2026 14:41:19] "GET /Photos/2022/2022-06_%E8%87%BA%E4%B8%AD%E5%B8%82/IMG_2120.jpeg HTTP/1.1" 200 -
[06/Aug/2026 14:41:19] "GET /Photos/2022/2022-06_%E9%A6%AC%E5%85%AC%E5%B8%82/IMG_8487.jpeg HTTP/1.1" 200 -
[06/Aug/2026 14:41:19] "GET /Photos/2022/2022-05_%E6%9D%B1%E5%BC%95%E9%84%89/IMG_1921.jpeg HTTP/1.1" 200 -
[06/Aug/2026 14:41:19] "GET /Photos/2022/2022-02_%E5%A4%AA%E9%BA%BB%E9%87%8C%E9%84%89/IMG_1258.jpeg HTTP/1.1" 200 -
[06/Aug/2026 14:41:19] "GET /Photos/2022/2022-05_%E5%8D%97%E7%AB%BF%E9%84%89/IMG_1960.jpeg HTTP/1.1" 200 -
[06/Aug/2026 14:41:19] "GET /Photos/2022/2022-06_%E9%A6%AC%E5%85%AC%E5%B8%82/IMG_8449.JPG HTTP/1.1" 200 -
[06/Aug/2026 14:41:19] "GET /Photos/2022/2022-02_%E5%A3%BD%E8%B1%90%E9%84%89/IMG_1063.jpeg HTTP/1.1" 200 -
[06/Aug/2026 14:41:19] "GET /Photos/2022/2022-06_%E9%A6%AC%E5%85%AC%E5%B8%82/IMG_8491.jpeg HTTP/1.1" 200 -
[06/Aug/2026 14:41:19] "GET /Photos/2022/2022-06_%E8%87%BA%E4%B8%AD%E5%B8%82/IMG_2116.jpeg HTTP/1.1" 200 -
[06/Aug/2026 14:41:19] "GET /Photos/2022/2022-12_%E8%87%BA%E5%8C%97%E5%B8%82/IMG_2803.jpeg HTTP/1.1" 200 -
[06/Aug/2026 14:41:19] "GET /Photos/2022/2022-04_%E6%96%B0%E5%9F%8E%E9%84%89/IMG_8761.jpeg HTTP/1.1" 200 -
[06/Aug/2026 14:41:19] "GET /Photos/2022/2022-02_%E9%AB%98%E9%9B%84%E5%B8%82/IMG_1215.jpeg HTTP/1.1" 200 -
[06/Aug/2026 14:41:19] "GET /Photos/2022/2022-02_%E9%AB%98%E9%9B%84%E5%B8%82/IMG_0957.jpeg HTTP/1.1" 200 -
[06/Aug/2026 14:41:19] "GET /Photos/2022/2022-02_%E5%A3%BD%E8%B1%90%E9%84%89/IMG_1307.jpeg HTTP/1.1" 200 -
[06/Aug/2026 14:41:19] "GET /Photos/2022/2022-02_%E5%9F%94%E9%87%8C%E9%8E%AE/IMG_1350.jpeg HTTP/1.1" 200 -
[06/Aug/2026 14:41:19] "GET /Photos/2022/2022-08_%E5%9F%BA%E9%9A%86%E5%B8%82/IMG_2481.jpeg HTTP/1.1" 200 -
[06/Aug/2026 14:41:19] "GET /Photos/2022/2022-05_%E9%80%A3%E6%B1%9F%E7%B8%A3/IMG_1887.jpeg HTTP/1.1" 200 -
[06/Aug/2026 14:41:19] "GET /Photos/2022/2022-05_%E5%8C%97%E7%AB%BF%E9%84%89/IMG_1891.jpeg HTTP/1.1" 200 -
[06/Aug/2026 14:41:19] "GET /Photos/2022/2022-06_%E9%A6%AC%E5%85%AC%E5%B8%82/IMG_8476.JPG HTTP/1.1" 200 -
[06/Aug/2026 14:41:19] "GET /Photos/2022/2022-02_%E9%AB%98%E9%9B%84%E5%B8%82/IMG_0943.JPG HTTP/1.1" 200 -
[06/Aug/2026 14:41:19] "GET /Photos/2022/2022-05_%E5%8D%97%E7%AB%BF%E9%84%89/IMG_1983.jpeg HTTP/1.1" 200 -
[06/Aug/2026 14:41:22] "GET /Photos/2022/2022-04_%E6%96%B0%E5%9F%8E%E9%84%89/IMG_8760.jpeg HTTP/1.1" 200 -
[06/Aug/2026 14:41:22] "GET /Photos/2022/2022-12_%E8%87%BA%E5%8C%97%E5%B8%82/IMG_2802.jpeg HTTP/1.1" 200 -
[06/Aug/2026 14:41:22] "GET /Photos/2022/2022-04_%E6%96%B0%E5%9F%8E%E9%84%89/IMG_1672.jpeg HTTP/1.1" 200 -
[06/Aug/2026 14:41:22] "GET /Photos/2022/2022-02_%E9%AB%98%E9%9B%84%E5%B8%82/IMG_1222.jpeg HTTP/1.1" 200 -
[06/Aug/2026 14:41:22] "GET /Photos/2022/2022-02_%E7%A7%80%E6%9E%97%E9%84%89/IMG_6112.jpeg HTTP/1.1" 200 -
[06/Aug/2026 14:41:22] "GET /Photos/2022/2022-02_%E9%AB%98%E9%9B%84%E5%B8%82/IMG_0951.jpeg HTTP/1.1" 200 -
[06/Aug/2026 14:41:22] "GET /Photos/2022/2022-04_%E6%96%B0%E5%9F%8E%E9%84%89/IMG_1706.jpeg HTTP/1.1" 200 -
[06/Aug/2026 14:41:22] "GET /Photos/2022/2022-04_%E6%96%B0%E5%9F%8E%E9%84%89/IMG_8827.JPG HTTP/1.1" 200 -
[06/Aug/2026 14:41:22] "GET /Photos/2022/2022-04_%E6%96%B0%E5%9F%8E%E9%84%89/IMG_1675.jpeg HTTP/1.1" 200 -
[06/Aug/2026 14:41:22] "GET /Photos/2022/2022-04_%E6%96%B0%E5%9F%8E%E9%84%89/IMG_8818.JPG HTTP/1.1" 200 -
[06/Aug/2026 14:41:22] "GET /Photos/2022/2022-05_%E6%9C%AA%E7%9F%A5%E5%9C%B0%E9%BB%9E/IMG_2048.JPG HTTP/1.1" 200 -
[06/Aug/2026 14:41:22] "GET /Photos/2022/2022-05_%E6%9C%AA%E7%9F%A5%E5%9C%B0%E9%BB%9E/IMG_2049.JPG HTTP/1.1" 200 -
[06/Aug/2026 14:41:22] "GET /Photos/2022/2022-04_%E6%96%B0%E5%9F%8E%E9%84%89/IMG_1674.jpeg HTTP/1.1" 200 -
[06/Aug/2026 14:41:22] "GET /Photos/2022/2022-04_%E6%96%B0%E5%9F%8E%E9%84%89/IMG_8809.JPG HTTP/1.1" 200 -
[06/Aug/2026 14:41:22] "GET /Photos/2022/2022-04_%E6%96%B0%E5%9F%8E%E9%84%89/IMG_8837.JPG HTTP/1.1" 200 -
[06/Aug/2026 14:41:22] "GET /Photos/2022/2022-02_%E7%A7%80%E6%9E%97%E9%84%89/IMG_6113.jpeg HTTP/1.1" 200 -
[06/Aug/2026 14:41:22] "GET /Photos/2022/2022-05_%E6%9C%AA%E7%9F%A5%E5%9C%B0%E9%BB%9E/IMG_2084.JPG HTTP/1.1" 200 -
[06/Aug/2026 14:41:22] "GET /Photos/2022/2022-04_%E6%96%B0%E5%9F%8E%E9%84%89/IMG_1704.jpeg HTTP/1.1" 200 -
[06/Aug/2026 14:41:22] "GET /Photos/2022/2022-04_%E6%96%B0%E5%9F%8E%E9%84%89/IMG_8765.jpeg HTTP/1.1" 200 -
[06/Aug/2026 14:41:22] "GET /Photos/2022/2022-05_%E6%9C%AA%E7%9F%A5%E5%9C%B0%E9%BB%9E/IMG_2082.JPG HTTP/1.1" 200 -
[06/Aug/2026 14:41:22] "GET /Photos/2022/2022-05_%E6%9C%AA%E7%9F%A5%E5%9C%B0%E9%BB%9E/IMG_2083.JPG HTTP/1.1" 200 -
[06/Aug/2026 14:41:22] "GET /Photos/2022/2022-04_%E6%96%B0%E5%9F%8E%E9%84%89/IMG_8800.JPG HTTP/1.1" 200 -
[06/Aug/2026 14:41:22] "GET /Photos/2022/2022-04_%E6%96%B0%E5%9F%8E%E9%84%89/IMG_8764.jpeg HTTP/1.1" 200 -
[06/Aug/2026 14:41:22] "GET /Photos/2022/2022-04_%E6%96%B0%E5%9F%8E%E9%84%89/IMG_1705.jpeg HTTP/1.1" 200 -
[06/Aug/2026 14:41:22] "GET /Photos/2022/2022-02_%E9%AB%98%E9%9B%84%E5%B8%82/IMG_0952.jpeg HTTP/1.1" 200 -
[06/Aug/2026 14:41:22] "GET /Photos/2022/2022-04_%E6%96%B0%E5%9F%8E%E9%84%89/IMG_1671.jpeg HTTP/1.1" 200 -
[06/Aug/2026 14:41:22] "GET /Photos/2022/2022-04_%E6%96%B0%E5%9F%8E%E9%84%89/IMG_8759.jpeg HTTP/1.1" 200 -
[06/Aug/2026 14:41:23] "GET /Photos/2022/2022-08_%E5%9F%BA%E9%9A%86%E5%B8%82/IMG_2491.jpeg HTTP/1.1" 200 -
[06/Aug/2026 14:41:23] "GET /Photos/2022/2022-05_%E5%8D%97%E7%AB%BF%E9%84%89/IMG_1834.jpeg HTTP/1.1" 200 -
[06/Aug/2026 14:41:23] "GET /Photos/2022/2022-05_%E5%8D%97%E7%AB%BF%E9%84%89/IMG_1838.jpeg HTTP/1.1" 200 -
[06/Aug/2026 14:41:23] "GET /Photos/2022/2022-08_%E5%9F%BA%E9%9A%86%E5%B8%82/IMG_2490.jpeg HTTP/1.1" 200 -
[06/Aug/2026 14:41:23] "GET /Photos/2022/2022-05_%E6%9C%AA%E7%9F%A5%E5%9C%B0%E9%BB%9E/IMG_1823.JPG HTTP/1.1" 200 -
[06/Aug/2026 14:41:23] "GET /Photos/2022/2022-05_%E5%8D%97%E7%AB%BF%E9%84%89/IMG_1980.JPG HTTP/1.1" 200 -
[06/Aug/2026 14:41:23] "GET /Photos/2022/2022-02_%E5%9F%94%E9%87%8C%E9%8E%AE/IMG_1354.jpeg HTTP/1.1" 200 -
[06/Aug/2026 14:41:23] "GET /Photos/2022/2022-05_%E6%9C%AA%E7%9F%A5%E5%9C%B0%E9%BB%9E/IMG_2047.JPG HTTP/1.1" 200 -
[06/Aug/2026 14:41:23] "GET /Photos/2022/2022-05_%E6%9C%AA%E7%9F%A5%E5%9C%B0%E9%BB%9E/IMG_2046.JPG HTTP/1.1" 200 -
[06/Aug/2026 14:41:23] "GET /Photos/2022/2022-05_%E5%8D%97%E7%AB%BF%E9%84%89/IMG_1837.jpeg HTTP/1.1" 200 -
[06/Aug/2026 14:41:23] "GET /Photos/2022/2022-05_%E5%8D%97%E7%AB%BF%E9%84%89/IMG_1979.JPG HTTP/1.1" 200 -
[06/Aug/2026 14:41:23] "GET /Photos/2022/2022-05_%E5%8D%97%E7%AB%BF%E9%84%89/IMG_1978.JPG HTTP/1.1" 200 -
[06/Aug/2026 14:41:23] "GET /Photos/2022/2022-05_%E6%9C%AA%E7%9F%A5%E5%9C%B0%E9%BB%9E/IMG_2081.JPG HTTP/1.1" 200 -
[06/Aug/2026 14:41:23] "GET /Photos/2022/2022-05_%E6%9C%AA%E7%9F%A5%E5%9C%B0%E9%BB%9E/IMG_2043.JPG HTTP/1.1" 200 -
[06/Aug/2026 14:41:23] "GET /Photos/2022/2022-02_%E5%9F%94%E9%87%8C%E9%8E%AE/IMG_1355.jpeg HTTP/1.1" 200 -
[06/Aug/2026 14:41:23] "GET /Photos/2022/2022-05_%E6%9C%AA%E7%9F%A5%E5%9C%B0%E9%BB%9E/IMG_2080.JPG HTTP/1.1" 200 -
[06/Aug/2026 14:41:23] "GET /Photos/2022/2022-04_%E7%A7%80%E6%9E%97%E9%84%89/IMG_1574.jpeg HTTP/1.1" 200 -
[06/Aug/2026 14:41:23] "GET /Photos/2022/2022-04_%E6%96%B0%E5%9F%8E%E9%84%89/IMG_8763.jpeg HTTP/1.1" 200 -
[06/Aug/2026 14:41:23] "GET /Photos/2022/2022-04_%E6%96%B0%E5%9F%8E%E9%84%89/IMG_8762.jpeg HTTP/1.1" 200 -
[06/Aug/2026 14:41:23] "GET /Photos/2022/2022-04_%E6%96%B0%E5%9F%8E%E9%84%89/IMG_1703.jpeg HTTP/1.1" 200 -
[06/Aug/2026 14:41:23] "GET /Photos/2014/2014-01_%E6%9C%AA%E7%9F%A5%E5%9C%B0%E9%BB%9E/E8579411-CD1B-49F6-9F8E-D1076DC9D5A4.jpeg HTTP/1.1" 200 -
[06/Aug/2026 14:41:23] "GET /Photos/2014/2014-01_%E6%9C%AA%E7%9F%A5%E5%9C%B0%E9%BB%9E/DF418703-B031-4312-ABA7-AEFCE4462FCE.jpeg HTTP/1.1" 200 -
[06/Aug/2026 14:41:23] "GET /Photos/2014/2014-01_%E6%9C%AA%E7%9F%A5%E5%9C%B0%E9%BB%9E/0070F37B-D235-4127-909D-94A31A92BD46.jpeg HTTP/1.1" 200 -
[06/Aug/2026 14:41:23] "GET /Photos/2014/2014-01_%E6%9C%AA%E7%9F%A5%E5%9C%B0%E9%BB%9E/D6F02760-E50D-4940-8910-1AE7DDAC6858.jpeg HTTP/1.1" 200 -
[06/Aug/2026 14:41:23] "GET /Photos/2014/2014-01_%E6%9C%AA%E7%9F%A5%E5%9C%B0%E9%BB%9E/8931FA6D-22B3-4DC5-BBD7-6D45ECB9D16F_1_201_a.jpeg HTTP/1.1" 200 -
[06/Aug/2026 14:41:24] "GET /Photos/2022/2022-05_%E6%9C%AA%E7%9F%A5%E5%9C%B0%E9%BB%9E/IMG_2040.JPG HTTP/1.1" 200 -
[06/Aug/2026 14:41:24] "GET /Photos/2022/2022-05_%E6%9C%AA%E7%9F%A5%E5%9C%B0%E9%BB%9E/IMG_2042.JPG HTTP/1.1" 200 -
[06/Aug/2026 14:41:24] "GET /Photos/2014/2014-01_%E6%9C%AA%E7%9F%A5%E5%9C%B0%E9%BB%9E/77D0EB03-8BCB-4B47-B9D3-58E03B350F66.jpeg HTTP/1.1" 200 -
[06/Aug/2026 14:41:24] "GET /Photos/2014/2014-01_%E6%9C%AA%E7%9F%A5%E5%9C%B0%E9%BB%9E/4B9D2452-7485-420D-8ADF-98D5370323DD.jpeg HTTP/1.1" 200 -
[06/Aug/2026 14:41:24] "GET /Photos/2013/2013-12_%E6%9C%AA%E7%9F%A5%E5%9C%B0%E9%BB%9E/65101648-FC7D-4910-9933-CDEB1BC6185F.jpeg HTTP/1.1" 200 -
[06/Aug/2026 14:41:24] "GET /Photos/2014/2014-01_%E6%9C%AA%E7%9F%A5%E5%9C%B0%E9%BB%9E/559D0AEE-937E-491A-8FA2-770F586E3736.jpeg HTTP/1.1" 200 -
[06/Aug/2026 14:41:24] "GET /Photos/2014/2014-01_%E6%9C%AA%E7%9F%A5%E5%9C%B0%E9%BB%9E/2490781E-4A04-4597-8F33-2B635E3740E8.jpeg HTTP/1.1" 200 -
[06/Aug/2026 14:41:24] "GET /Photos/2014/2014-01_%E6%9C%AA%E7%9F%A5%E5%9C%B0%E9%BB%9E/30FBD7DC-CD94-4103-AD35-83694296F14E_1_201_a.jpeg HTTP/1.1" 200 -
[06/Aug/2026 14:41:24] "GET /Photos/2014/2014-01_%E6%9C%AA%E7%9F%A5%E5%9C%B0%E9%BB%9E/B69D3D9E-B516-4889-BFBA-05A11FDEFE49.jpeg HTTP/1.1" 200 -
[06/Aug/2026 14:41:24] "GET /Photos/2014/2014-01_%E6%9C%AA%E7%9F%A5%E5%9C%B0%E9%BB%9E/E3075114-817B-42E9-BE8B-985C9A849AFE.jpeg HTTP/1.1" 200 -
[06/Aug/2026 14:41:24] "GET /Photos/2014/2014-01_%E6%9C%AA%E7%9F%A5%E5%9C%B0%E9%BB%9E/6ED8ED8C-DB53-4B10-BCEF-EAA61E2521DA.jpeg HTTP/1.1" 200 -
[06/Aug/2026 14:41:24] "GET /Photos/2014/2014-01_%E6%9C%AA%E7%9F%A5%E5%9C%B0%E9%BB%9E/F8453F9F-3398-453C-BFAC-5EE4896888FA.jpeg HTTP/1.1" 200 -
[06/Aug/2026 14:41:24] "GET /Photos/2014/2014-01_%E6%9C%AA%E7%9F%A5%E5%9C%B0%E9%BB%9E/1D5BDA11-5761-488C-B4A2-E4BE5385851B.jpeg HTTP/1.1" 200 -
[06/Aug/2026 14:41:24] "GET /Photos/2014/2014-01_%E6%9C%AA%E7%9F%A5%E5%9C%B0%E9%BB%9E/946947A3-5791-46AE-BC43-FBBC18D87AC9.jpeg HTTP/1.1" 200 -
[06/Aug/2026 14:41:24] "GET /Photos/2014/2014-01_%E6%9C%AA%E7%9F%A5%E5%9C%B0%E9%BB%9E/CEC2C366-D87C-4A49-B5C1-C2779398AF94.jpeg HTTP/1.1" 200 -
[06/Aug/2026 14:41:24] "GET /Photos/2014/2014-01_%E6%9C%AA%E7%9F%A5%E5%9C%B0%E9%BB%9E/90DE4628-D61D-4AA2-B1FE-A4C47896B8C9_1_201_a.jpeg HTTP/1.1" 200 -
[06/Aug/2026 14:41:24] "GET /Photos/2014/2014-01_%E6%9C%AA%E7%9F%A5%E5%9C%B0%E9%BB%9E/E66FDB18-7C53-4AD2-BBC1-13BC18F45DF0.jpeg HTTP/1.1" 200 -
[06/Aug/2026 14:41:24] "GET /Photos/2014/2014-01_%E6%9C%AA%E7%9F%A5%E5%9C%B0%E9%BB%9E/85AAADD2-AE54-4907-9E1B-4E20B25D89F7.jpeg HTTP/1.1" 200 -
[06/Aug/2026 14:49:06] code 404, message File not found
[06/Aug/2026 14:49:06] "GET /api/trigger_import HTTP/1.1" 404 -
[06/Aug/2026 14:49:17] "POST /api/trigger_import HTTP/1.1" 200 -
/Users/johnkuo/Library/Python/3.12/lib/python/site-packages/onnxruntime/capi/onnxruntime_inference_collection.py:147: UserWarning: Specified provider 'CUDAExecutionProvider' is not in available provider names.Available providers: 'CoreMLExecutionProvider, AzureExecutionProvider, CPUExecutionProvider'
  warnings.warn(
/opt/homebrew/lib/python3.12/site-packages/insightface/utils/face_align.py:23: FutureWarning: `estimate` is deprecated since version 0.26 and will be removed in version 2.2. Please use `SimilarityTransform.from_estimate` class constructor instead.
  tform.estimate(lmk, dst)
[06/Aug/2026 14:55:00] "GET /api/photos HTTP/1.1" 200 -
[06/Aug/2026 14:55:01] "GET /Photos/2014/2014-01_%E6%9C%AA%E7%9F%A5%E5%9C%B0%E9%BB%9E/D544438F-055A-4B2B-B333-9EA4CE3C740C.jpeg HTTP/1.1" 200 -
[06/Aug/2026 14:55:01] "GET /Photos/2014/2014-01_%E6%9C%AA%E7%9F%A5%E5%9C%B0%E9%BB%9E/40918763-482B-41FD-8262-A9750E3FE139.jpeg HTTP/1.1" 200 -
[06/Aug/2026 14:55:01] "GET /Photos/2014/2014-01_%E6%9C%AA%E7%9F%A5%E5%9C%B0%E9%BB%9E/50BCB523-75DB-463E-BF76-A013F1BA9A49.jpeg HTTP/1.1" 200 -
[06/Aug/2026 14:55:01] "GET /Photos/2014/2014-01_%E6%9C%AA%E7%9F%A5%E5%9C%B0%E9%BB%9E/236A006C-BC84-4097-9D8A-922237C3EE02.jpeg HTTP/1.1" 200 -
[06/Aug/2026 14:55:01] "GET /Photos/2014/2014-01_%E6%9C%AA%E7%9F%A5%E5%9C%B0%E9%BB%9E/50FF06EF-C17F-47EF-8167-0BC4EACD2D61.jpeg HTTP/1.1" 200 -
[06/Aug/2026 14:55:01] "GET /Photos/2014/2014-01_%E6%9C%AA%E7%9F%A5%E5%9C%B0%E9%BB%9E/67A2BC3A-916D-42F8-B989-962E5B41478A.jpeg HTTP/1.1" 200 -
[06/Aug/2026 14:55:01] "GET /Photos/2014/2014-01_%E6%9C%AA%E7%9F%A5%E5%9C%B0%E9%BB%9E/DA27E1B8-0DA1-456F-A776-EB9E0A123619.jpeg HTTP/1.1" 200 -
[06/Aug/2026 14:55:01] "GET /Photos/2014/2014-01_%E6%9C%AA%E7%9F%A5%E5%9C%B0%E9%BB%9E/59F4A556-9FFA-4A76-B7A3-F22CC7B72837.jpeg HTTP/1.1" 200 -
[06/Aug/2026 14:55:01] "GET /Photos/2014/2014-01_%E6%9C%AA%E7%9F%A5%E5%9C%B0%E9%BB%9E/9A1F6949-8FCA-409E-BB09-92E7C23551F3.jpeg HTTP/1.1" 200 -
[06/Aug/2026 14:55:01] "GET /Photos/2014/2014-01_%E6%9C%AA%E7%9F%A5%E5%9C%B0%E9%BB%9E/A99FFD9B-34D6-4755-82DB-25AD63352056.jpeg HTTP/1.1" 200 -
[06/Aug/2026 14:55:01] "GET /Photos/2014/2014-01_%E6%9C%AA%E7%9F%A5%E5%9C%B0%E9%BB%9E/3EB538D3-3C1B-4240-981B-D75A0DA5242F_1_201_a.jpeg HTTP/1.1" 200 -
[06/Aug/2026 14:55:11] "GET /Photos/2014/2014-07_%E6%9C%AA%E7%9F%A5%E5%9C%B0%E9%BB%9E/03DB2F13-FEE4-48DD-BE8B-9C3E1C3B9E91.jpeg HTTP/1.1" 200 -
[06/Aug/2026 14:55:11] "GET /Photos/2014/2014-11_%E6%9C%AA%E7%9F%A5%E5%9C%B0%E9%BB%9E/8865F82A-7B30-482F-95DF-F07D59A4A7B0_1_201_a.jpeg HTTP/1.1" 200 -
[06/Aug/2026 14:55:11] "GET /Photos/2014/2014-11_%E6%9C%AA%E7%9F%A5%E5%9C%B0%E9%BB%9E/36AF1EAC-F78A-47CD-9578-7A8A7845795E.jpeg HTTP/1.1" 200 -
[06/Aug/2026 14:55:11] "GET /Photos/2014/2014-11_%E6%9C%AA%E7%9F%A5%E5%9C%B0%E9%BB%9E/B895BE78-8A82-4488-8293-73581CAB59FF.jpeg HTTP/1.1" 200 -
[06/Aug/2026 14:55:11] "GET /Photos/2014/2014-10_%E6%9C%AA%E7%9F%A5%E5%9C%B0%E9%BB%9E/01D230A6-E82C-4954-B673-6CCE2998DF15.jpeg HTTP/1.1" 200 -
[06/Aug/2026 14:55:11] "GET /Photos/2014/2014-10_%E6%9C%AA%E7%9F%A5%E5%9C%B0%E9%BB%9E/3BC0F4B9-AB00-475D-8A5F-1A8284D309F8.jpeg HTTP/1.1" 200 -
[06/Aug/2026 14:55:11] "GET /Photos/2014/2014-10_%E6%9C%AA%E7%9F%A5%E5%9C%B0%E9%BB%9E/4522884A-DAAB-45A2-976B-13718FC035AC.jpeg HTTP/1.1" 200 -
[06/Aug/2026 14:55:11] "GET /Photos/2014/2014-10_%E6%9C%AA%E7%9F%A5%E5%9C%B0%E9%BB%9E/487B05D1-62E2-46B8-9D9D-8A906E929C0F.jpeg HTTP/1.1" 200 -
[06/Aug/2026 14:55:11] "GET /Photos/2014/2014-10_%E6%9C%AA%E7%9F%A5%E5%9C%B0%E9%BB%9E/09DE5551-D988-4088-81A1-9C078BA53D05.jpeg HTTP/1.1" 200 -
[06/Aug/2026 14:55:11] "GET /Photos/2014/2014-10_%E6%9C%AA%E7%9F%A5%E5%9C%B0%E9%BB%9E/306A572D-A0C3-440F-AC66-E072C4A9A47E.jpeg HTTP/1.1" 200 -
[06/Aug/2026 14:55:11] "GET /Photos/2014/2014-10_%E6%9C%AA%E7%9F%A5%E5%9C%B0%E9%BB%9E/ACE485FF-C1AD-4523-8E34-338EC4F72B9A.jpeg HTTP/1.1" 200 -
[06/Aug/2026 14:55:11] "GET /Photos/2014/2014-10_%E6%9C%AA%E7%9F%A5%E5%9C%B0%E9%BB%9E/CE87E9AA-D164-447F-9FE2-AFC8694C935F.jpeg HTTP/1.1" 200 -
[06/Aug/2026 14:55:11] "GET /Photos/2014/2014-10_%E6%9C%AA%E7%9F%A5%E5%9C%B0%E9%BB%9E/6D79DDCF-23A0-48F4-AC48-49F1AA620008_1_201_a.jpeg HTTP/1.1" 200 -
[06/Aug/2026 14:55:11] "GET /Photos/2014/2014-10_%E6%9C%AA%E7%9F%A5%E5%9C%B0%E9%BB%9E/87E61128-8850-42EE-8B87-F30C0CA20DF8.jpeg HTTP/1.1" 200 -
[06/Aug/2026 14:55:11] "GET /Photos/2014/2014-10_%E6%9C%AA%E7%9F%A5%E5%9C%B0%E9%BB%9E/64EBE622-FF52-4A49-89F1-4F0839A19AE5.jpeg HTTP/1.1" 200 -
[06/Aug/2026 14:55:11] "GET /Photos/2014/2014-09_%E6%9C%AA%E7%9F%A5%E5%9C%B0%E9%BB%9E/B0B9767A-4402-49D7-BD49-57A91E0B6611.jpeg HTTP/1.1" 200 -
[06/Aug/2026 14:55:11] "GET /Photos/2014/2014-09_%E6%9C%AA%E7%9F%A5%E5%9C%B0%E9%BB%9E/F43FD08A-2900-4603-BF10-3898BF5B0642.jpeg HTTP/1.1" 200 -
[06/Aug/2026 14:55:11] "GET /Photos/2014/2014-05_%E6%9C%AA%E7%9F%A5%E5%9C%B0%E9%BB%9E/FBE9B881-1C22-4C5E-A304-D7A9B9F4EA60.jpeg HTTP/1.1" 200 -
[06/Aug/2026 14:55:11] "GET /Photos/2014/2014-05_%E6%9C%AA%E7%9F%A5%E5%9C%B0%E9%BB%9E/13E5F047-B20C-473F-BF27-91B75398038C_1_201_a.jpeg HTTP/1.1" 200 -
[06/Aug/2026 14:55:11] "GET /Photos/2014/2014-05_%E6%9C%AA%E7%9F%A5%E5%9C%B0%E9%BB%9E/1193CA18-8F53-454D-B5FC-72460889BD04_1_201_a.jpeg HTTP/1.1" 200 -
[06/Aug/2026 14:55:11] "GET /Photos/2014/2014-05_%E6%9C%AA%E7%9F%A5%E5%9C%B0%E9%BB%9E/6BE35E04-55B3-46AE-B080-F49C3B14E14E_1_201_a.jpeg HTTP/1.1" 200 -
[06/Aug/2026 14:55:11] "GET /Photos/2014/2014-05_%E6%9C%AA%E7%9F%A5%E5%9C%B0%E9%BB%9E/3DCD28C2-848B-46E9-A594-83EB4240DBEA_1_201_a.jpeg HTTP/1.1" 200 -
[06/Aug/2026 14:55:11] "GET /Photos/2014/2014-05_%E6%9C%AA%E7%9F%A5%E5%9C%B0%E9%BB%9E/5B353DD9-5179-491C-A510-A95B2A5499F4_1_201_a.jpeg HTTP/1.1" 200 -
[06/Aug/2026 14:55:11] "GET /Photos/2014/2014-05_%E6%9C%AA%E7%9F%A5%E5%9C%B0%E9%BB%9E/BF8A43DB-2BAA-4071-9EDC-7EDA89CCC700_1_201_a.jpeg HTTP/1.1" 200 -
[06/Aug/2026 14:55:11] "GET /Photos/2014/2014-05_%E6%9C%AA%E7%9F%A5%E5%9C%B0%E9%BB%9E/B59C44FE-95F5-4FB5-9157-FF2CDACAAE9F_1_201_a.jpeg HTTP/1.1" 200 -
[06/Aug/2026 14:55:11] "GET /Photos/2014/2014-05_%E6%9C%AA%E7%9F%A5%E5%9C%B0%E9%BB%9E/F1E2E237-10B8-45D5-9EC9-281740FAA91E_1_201_a.jpeg HTTP/1.1" 200 -
[06/Aug/2026 14:55:11] "GET /Photos/2014/2014-05_%E6%9C%AA%E7%9F%A5%E5%9C%B0%E9%BB%9E/9B84D6F0-8A63-42BE-9F32-0C5CA2B1DA7E.jpeg HTTP/1.1" 200 -
[06/Aug/2026 14:55:11] "GET /Photos/2014/2014-04_%E6%9C%AA%E7%9F%A5%E5%9C%B0%E9%BB%9E/ACE983F6-9279-471D-95A2-82A2BFADC563.jpeg HTTP/1.1" 200 -
[06/Aug/2026 14:55:13] "GET /Photos/2014/2014-11_%E6%9C%AA%E7%9F%A5%E5%9C%B0%E9%BB%9E/5F89046F-F446-48F6-A27D-E2FE22EBA07A.jpeg HTTP/1.1" 200 -
[06/Aug/2026 14:55:13] "GET /Photos/2014/2014-10_%E6%9C%AA%E7%9F%A5%E5%9C%B0%E9%BB%9E/BEEA5EB4-5163-418E-8A31-AA8BCA969190_1_201_a.jpeg HTTP/1.1" 200 -
[06/Aug/2026 14:55:13] "GET /Photos/2014/2014-10_%E6%9C%AA%E7%9F%A5%E5%9C%B0%E9%BB%9E/9542E388-AE5D-4916-9F61-C62F17E57BB9_1_201_a.jpeg HTTP/1.1" 200 -
[06/Aug/2026 14:55:13] "GET /Photos/2014/2014-10_%E6%9C%AA%E7%9F%A5%E5%9C%B0%E9%BB%9E/BA3CE5CC-8754-4F9C-9091-57F284E9C87A_1_201_a.jpeg HTTP/1.1" 200 -
[06/Aug/2026 14:55:13] "GET /Photos/2014/2014-10_%E6%9C%AA%E7%9F%A5%E5%9C%B0%E9%BB%9E/DDD755D9-28BA-4C80-A72E-2FE12F244A63.jpeg HTTP/1.1" 200 -
[06/Aug/2026 14:55:13] "GET /Photos/2014/2014-06_%E6%9C%AA%E7%9F%A5%E5%9C%B0%E9%BB%9E/6BC3BF77-197E-4E7A-8898-56410105971D_1_201_a.jpeg HTTP/1.1" 200 -
[06/Aug/2026 14:55:13] "GET /Photos/2014/2014-06_%E6%9C%AA%E7%9F%A5%E5%9C%B0%E9%BB%9E/66687871-B5EE-4C36-A905-1BDD077F5E10.jpeg HTTP/1.1" 200 -
[06/Aug/2026 14:55:13] "GET /Photos/2014/2014-06_%E6%9C%AA%E7%9F%A5%E5%9C%B0%E9%BB%9E/770ADA07-4F0E-4378-A1E2-D9214A54317E.jpeg HTTP/1.1" 200 -
[06/Aug/2026 14:55:13] "GET /Photos/2014/2014-06_%E6%9C%AA%E7%9F%A5%E5%9C%B0%E9%BB%9E/40724AE5-C76B-4AD6-9D38-8E46C2094A93.jpeg HTTP/1.1" 200 -
[06/Aug/2026 14:55:13] "GET /Photos/2014/2014-06_%E6%9C%AA%E7%9F%A5%E5%9C%B0%E9%BB%9E/F94BFC89-61DE-435B-9CC9-A21726F45FC9.jpeg HTTP/1.1" 200 -
[06/Aug/2026 14:55:13] "GET /Photos/2014/2014-06_%E6%9C%AA%E7%9F%A5%E5%9C%B0%E9%BB%9E/FF85566B-5943-4991-BFF0-8CD15845B16B.jpeg HTTP/1.1" 200 -
[06/Aug/2026 14:55:13] "GET /Photos/2014/2014-06_%E6%9C%AA%E7%9F%A5%E5%9C%B0%E9%BB%9E/BCFA91C9-0B18-4AC8-9AB0-B1C7B61EC1E0.jpeg HTTP/1.1" 200 -
[06/Aug/2026 14:55:13] "GET /Photos/2014/2014-06_%E6%9C%AA%E7%9F%A5%E5%9C%B0%E9%BB%9E/9E2A8643-CEBC-429B-B7E5-40DCFAA34F95.jpeg HTTP/1.1" 200 -
[06/Aug/2026 14:55:13] "GET /Photos/2014/2014-05_%E6%9C%AA%E7%9F%A5%E5%9C%B0%E9%BB%9E/50975177-1CC2-46B5-8D5B-DCBD823A3428.jpeg HTTP/1.1" 200 -
[06/Aug/2026 14:55:14] "GET /Photos/2014/2014-11_%E6%9C%AA%E7%9F%A5%E5%9C%B0%E9%BB%9E/AF292B7E-A42D-4F4A-83E2-4C8255B2B751.jpeg HTTP/1.1" 200 -
[06/Aug/2026 14:55:14] "GET /Photos/2014/2014-11_%E6%9C%AA%E7%9F%A5%E5%9C%B0%E9%BB%9E/20F34AB2-1E89-4437-8013-41EF5D48D5E1.jpeg HTTP/1.1" 200 -
[06/Aug/2026 14:55:14] "GET /Photos/2014/2014-11_%E6%9C%AA%E7%9F%A5%E5%9C%B0%E9%BB%9E/87F966CA-63B6-47B1-850A-DCEAA06F95E9.jpeg HTTP/1.1" 200 -
[06/Aug/2026 14:55:14] "GET /Photos/2014/2014-11_%E6%9C%AA%E7%9F%A5%E5%9C%B0%E9%BB%9E/2B51ACEE-002A-4A7B-9AD1-953D984B6AA3.jpeg HTTP/1.1" 200 -
[06/Aug/2026 14:55:14] "GET /Photos/2014/2014-11_%E6%9C%AA%E7%9F%A5%E5%9C%B0%E9%BB%9E/069371B1-5CD7-4222-994D-F1E86CBFA199.jpeg HTTP/1.1" 200 -
[06/Aug/2026 14:55:14] "GET /Photos/2014/2014-11_%E6%9C%AA%E7%9F%A5%E5%9C%B0%E9%BB%9E/2DEFC610-C733-4BAE-B697-81428EB1EC25.jpeg HTTP/1.1" 200 -
[06/Aug/2026 14:55:14] "GET /Photos/2014/2014-11_%E6%9C%AA%E7%9F%A5%E5%9C%B0%E9%BB%9E/0D97CE51-EC3C-4888-A806-1C247FC8FF27_1_201_a.jpeg HTTP/1.1" 200 -
[06/Aug/2026 14:55:14] "GET /Photos/2014/2014-10_%E6%9C%AA%E7%9F%A5%E5%9C%B0%E9%BB%9E/E7B72EE2-8F42-4F53-99F1-F49E29D1927F_1_201_a.jpeg HTTP/1.1" 200 -
[06/Aug/2026 14:55:17] "GET /Photos/2023/2023-10_%E9%A6%96%E5%B0%94%E7%89%B9%E5%88%AB%E5%B8%82/IMG_4124.jpeg HTTP/1.1" 200 -
[06/Aug/2026 14:55:17] "GET /Photos/2023/2023-10_%E9%A6%96%E5%B0%94%E7%89%B9%E5%88%AB%E5%B8%82/IMG_4125.jpeg HTTP/1.1" 200 -
[06/Aug/2026 14:55:17] "GET /Photos/2023/2023-10_%E9%A6%96%E5%B0%94%E7%89%B9%E5%88%AB%E5%B8%82/IMG_4133.jpeg HTTP/1.1" 200 -
[06/Aug/2026 14:55:17] "GET /Photos/2023/2023-10_%E9%A6%96%E5%B0%94%E7%89%B9%E5%88%AB%E5%B8%82/IMG_4128.jpeg HTTP/1.1" 200 -
[06/Aug/2026 14:55:17] "GET /Photos/2023/2023-10_%E9%A6%96%E5%B0%94%E7%89%B9%E5%88%AB%E5%B8%82/IMG_4129.jpeg HTTP/1.1" 200 -
[06/Aug/2026 14:55:17] "GET /Photos/2023/2023-10_%E9%A6%96%E5%B0%94%E7%89%B9%E5%88%AB%E5%B8%82/IMG_4145.jpeg HTTP/1.1" 200 -
[06/Aug/2026 14:55:18] "GET /Photos/2023/2023-10_%E9%A6%96%E5%B0%94%E7%89%B9%E5%88%AB%E5%B8%82/IMG_4127.jpeg HTTP/1.1" 200 -
[06/Aug/2026 14:55:18] "GET /Photos/2023/2023-10_%E9%A6%96%E5%B0%94%E7%89%B9%E5%88%AB%E5%B8%82/IMG_4132.jpeg HTTP/1.1" 200 -
[06/Aug/2026 14:55:18] "GET /Photos/2023/2023-10_%E9%A6%96%E5%B0%94%E7%89%B9%E5%88%AB%E5%B8%82/IMG_4131.jpeg HTTP/1.1" 200 -
[06/Aug/2026 14:55:18] "GET /Photos/2023/2023-10_%E9%A6%96%E5%B0%94%E7%89%B9%E5%88%AB%E5%B8%82/IMG_4147.jpeg HTTP/1.1" 200 -
[06/Aug/2026 14:55:18] "GET /Photos/2023/2023-10_%E9%A6%96%E5%B0%94%E7%89%B9%E5%88%AB%E5%B8%82/IMG_4130.jpeg HTTP/1.1" 200 -
[06/Aug/2026 14:55:18] "GET /Photos/2023/2023-10_%E9%A6%96%E5%B0%94%E7%89%B9%E5%88%AB%E5%B8%82/IMG_4146.jpeg HTTP/1.1" 200 -
[06/Aug/2026 14:55:18] "GET /Photos/2023/2023-10_%E9%A6%96%E5%B0%94%E7%89%B9%E5%88%AB%E5%B8%82/IMG_4126.jpeg HTTP/1.1" 200 -
[06/Aug/2026 14:55:18] "GET /Photos/2023/2023-10_%E4%BB%81%E5%B7%9D%E5%BB%A3%E5%9F%9F%E5%B8%82/IMG_4076.jpeg HTTP/1.1" 200 -
[06/Aug/2026 14:55:18] "GET /Photos/2023/2023-10_%E4%BB%81%E5%B7%9D%E5%BB%A3%E5%9F%9F%E5%B8%82/IMG_4152.jpeg HTTP/1.1" 200 -
[06/Aug/2026 14:55:18] "GET /Photos/2023/2023-10_%E4%BB%81%E5%B7%9D%E5%BB%A3%E5%9F%9F%E5%B8%82/IMG_4148.jpeg HTTP/1.1" 200 -
[06/Aug/2026 14:55:18] "GET /Photos/2023/2023-10_%E4%BB%81%E5%B7%9D%E5%BB%A3%E5%9F%9F%E5%B8%82/IMG_4149.jpeg HTTP/1.1" 200 -
[06/Aug/2026 14:55:18] "GET /Photos/2023/2023-10_%E4%BB%81%E5%B7%9D%E5%BB%A3%E5%9F%9F%E5%B8%82/IMG_8474.jpeg HTTP/1.1" 200 -
[06/Aug/2026 14:55:18] "GET /Photos/2023/2023-10_%E4%BB%81%E5%B7%9D%E5%BB%A3%E5%9F%9F%E5%B8%82/IMG_4071.jpeg HTTP/1.1" 200 -
[06/Aug/2026 14:55:18] "GET /Photos/2023/2023-10_%E4%BB%81%E5%B7%9D%E5%BB%A3%E5%9F%9F%E5%B8%82/IMG_8475.jpeg HTTP/1.1" 200 -
[06/Aug/2026 14:55:18] "GET /Photos/2023/2023-10_%E4%BB%81%E5%B7%9D%E5%BB%A3%E5%9F%9F%E5%B8%82/IMG_8476.jpeg HTTP/1.1" 200 -
[06/Aug/2026 14:55:18] "GET /Photos/2023/2023-10_%E4%BB%81%E5%B7%9D%E5%BB%A3%E5%9F%9F%E5%B8%82/IMG_8477.jpeg HTTP/1.1" 200 -
[06/Aug/2026 14:55:18] "GET /Photos/2023/2023-10_%E4%BB%81%E5%B7%9D%E5%BB%A3%E5%9F%9F%E5%B8%82/IMG_4074.jpeg HTTP/1.1" 200 -
[06/Aug/2026 14:55:18] "GET /Photos/2023/2023-10_%E4%BB%81%E5%B7%9D%E5%BB%A3%E5%9F%9F%E5%B8%82/IMG_4150.jpeg HTTP/1.1" 200 -
[06/Aug/2026 14:55:18] "GET /Photos/2023/2023-10_%E4%BB%81%E5%B7%9D%E5%BB%A3%E5%9F%9F%E5%B8%82/IMG_4151.jpeg HTTP/1.1" 200 -
[06/Aug/2026 14:55:18] "GET /Photos/2023/2023-10_%E4%BB%81%E5%B7%9D%E5%BB%A3%E5%9F%9F%E5%B8%82/IMG_4075.jpeg HTTP/1.1" 200 -
[06/Aug/2026 14:55:18] "GET /Photos/2023/2023-11_%E8%87%BA%E5%8C%97%E5%B8%82/IMG_4332.jpeg HTTP/1.1" 200 -
[06/Aug/2026 14:55:18] "GET /Photos/2023/2023-01_%E6%9C%AA%E7%9F%A5%E5%9C%B0%E9%BB%9E/IMG_2997.JPG HTTP/1.1" 200 -
[06/Aug/2026 14:55:18] "GET /Photos/2023/2023-01_%E6%9C%AA%E7%9F%A5%E5%9C%B0%E9%BB%9E/IMG_2998.JPG HTTP/1.1" 200 -
[06/Aug/2026 14:55:18] "GET /Photos/2023/2023-01_%E6%9C%AA%E7%9F%A5%E5%9C%B0%E9%BB%9E/IMG_2996.JPG HTTP/1.1" 200 -
[06/Aug/2026 14:55:18] "GET /Photos/2023/2023-01_%E6%9C%AA%E7%9F%A5%E5%9C%B0%E9%BB%9E/IMG_2987.JPG HTTP/1.1" 200 -
[06/Aug/2026 14:55:18] "GET /Photos/2023/2023-11_%E8%87%BA%E5%8C%97%E5%B8%82/IMG_4324.jpeg HTTP/1.1" 200 -
[06/Aug/2026 14:55:27] "GET /Photos/2023/2023-11_%E8%87%BA%E5%8C%97%E5%B8%82/IMG_4325.jpeg HTTP/1.1" 200 -
[06/Aug/2026 14:55:27] "GET /Photos/2023/2023-11_%E8%87%BA%E5%8C%97%E5%B8%82/IMG_4328.jpeg HTTP/1.1" 200 -
[06/Aug/2026 14:55:27] "GET /Photos/2023/2023-11_%E8%87%BA%E5%8C%97%E5%B8%82/IMG_4329.jpeg HTTP/1.1" 200 -
[06/Aug/2026 14:55:27] "GET /Photos/2023/2023-11_%E8%87%BA%E5%8C%97%E5%B8%82/IMG_4322.jpeg HTTP/1.1" 200 -
[06/Aug/2026 14:55:28] "GET /Photos/2023/2023-11_%E8%87%BA%E5%8C%97%E5%B8%82/IMG_4323.jpeg HTTP/1.1" 200 -
[06/Aug/2026 14:55:28] "GET /Photos/2023/2023-11_%E8%87%BA%E5%8C%97%E5%B8%82/IMG_4319.jpeg HTTP/1.1" 200 -
[06/Aug/2026 14:55:28] "GET /Photos/2023/2023-11_%E8%87%BA%E5%8C%97%E5%B8%82/IMG_4320.jpeg HTTP/1.1" 200 -
[06/Aug/2026 14:55:28] "GET /Photos/2023/2023-11_%E8%87%BA%E5%8C%97%E5%B8%82/IMG_4321.jpeg HTTP/1.1" 200 -
[06/Aug/2026 14:55:28] "GET /Photos/2023/2023-11_%E8%87%BA%E5%8C%97%E5%B8%82/IMG_4326.jpeg HTTP/1.1" 200 -
[06/Aug/2026 14:55:28] "GET /Photos/2023/2023-11_%E8%87%BA%E5%8C%97%E5%B8%82/IMG_4330.jpeg HTTP/1.1" 200 -
[06/Aug/2026 14:55:28] "GET /Photos/2023/2023-11_%E8%87%BA%E5%8C%97%E5%B8%82/IMG_4331.jpeg HTTP/1.1" 200 -
[06/Aug/2026 14:55:28] "GET /Photos/2023/2023-11_%E8%87%BA%E5%8C%97%E5%B8%82/IMG_4327.jpeg HTTP/1.1" 200 -
[06/Aug/2026 14:55:28] "GET /Photos/2023/2023-10_%E6%9D%9F%E8%8D%89%E5%B8%82/IMG_4099.jpeg HTTP/1.1" 200 -
[06/Aug/2026 14:55:28] "GET /Photos/2023/2023-10_%E6%9D%9F%E8%8D%89%E5%B8%82/IMG_4095.jpeg HTTP/1.1" 200 -
[06/Aug/2026 14:55:28] "GET /Photos/2023/2023-10_%E6%9D%9F%E8%8D%89%E5%B8%82/IMG_4094.jpeg HTTP/1.1" 200 -
[06/Aug/2026 14:55:28] "GET /Photos/2023/2023-10_%E6%9D%9F%E8%8D%89%E5%B8%82/IMG_4098.jpeg HTTP/1.1" 200 -
[06/Aug/2026 14:55:28] "GET /Photos/2023/2023-10_%E6%9D%9F%E8%8D%89%E5%B8%82/IMG_4093.jpeg HTTP/1.1" 200 -
[06/Aug/2026 14:55:28] "GET /Photos/2023/2023-10_%E6%9D%9F%E8%8D%89%E5%B8%82/IMG_4102.jpeg HTTP/1.1" 200 -
[06/Aug/2026 14:55:28] "GET /Photos/2023/2023-10_%E6%9D%9F%E8%8D%89%E5%B8%82/IMG_4092.jpeg HTTP/1.1" 200 -
[06/Aug/2026 14:55:28] "GET /Photos/2023/2023-10_%E6%9D%9F%E8%8D%89%E5%B8%82/IMG_4122.jpeg HTTP/1.1" 200 -
[06/Aug/2026 14:55:28] "GET /Photos/2023/2023-10_%E6%9D%9F%E8%8D%89%E5%B8%82/IMG_4091.jpeg HTTP/1.1" 200 -
[06/Aug/2026 14:55:28] "GET /Photos/2023/2023-10_%E6%9D%9F%E8%8D%89%E5%B8%82/IMG_4101.jpeg HTTP/1.1" 200 -
[06/Aug/2026 14:55:28] "GET /Photos/2023/2023-10_%E6%9D%9F%E8%8D%89%E5%B8%82/IMG_4100.jpeg HTTP/1.1" 200 -
[06/Aug/2026 14:55:28] "GET /Photos/2023/2023-10_%E6%9D%9F%E8%8D%89%E5%B8%82/IMG_4097.jpeg HTTP/1.1" 200 -
[06/Aug/2026 14:55:28] "GET /Photos/2023/2023-10_%E6%9D%9F%E8%8D%89%E5%B8%82/IMG_4096.jpeg HTTP/1.1" 200 -
[06/Aug/2026 14:55:28] "GET /Photos/2023/2023-06_%E6%9C%AA%E7%9F%A5%E5%9C%B0%E9%BB%9E/IMG_3614.JPG HTTP/1.1" 200 -
[06/Aug/2026 14:55:28] "GET /Photos/2023/2023-06_%E6%9C%AA%E7%9F%A5%E5%9C%B0%E9%BB%9E/IMG_3615.JPG HTTP/1.1" 200 -
[06/Aug/2026 14:55:28] "GET /Photos/2023/2023-06_%E6%9C%AA%E7%9F%A5%E5%9C%B0%E9%BB%9E/IMG_3618.JPG HTTP/1.1" 200 -
[06/Aug/2026 14:55:30] "GET /Photos/2023/2023-06_%E6%9C%AA%E7%9F%A5%E5%9C%B0%E9%BB%9E/IMG_3576.JPG HTTP/1.1" 200 -
[06/Aug/2026 14:55:30] "GET /Photos/2023/2023-06_%E6%9C%AA%E7%9F%A5%E5%9C%B0%E9%BB%9E/IMG_3616.JPG HTTP/1.1" 200 -
[06/Aug/2026 14:55:30] "GET /Photos/2023/2023-06_%E6%9C%AA%E7%9F%A5%E5%9C%B0%E9%BB%9E/IMG_3617.JPG HTTP/1.1" 200 -
[06/Aug/2026 14:55:30] "GET /Photos/2023/2023-06_%E6%9C%AA%E7%9F%A5%E5%9C%B0%E9%BB%9E/IMG_3613.JPG HTTP/1.1" 200 -
[06/Aug/2026 14:55:30] "GET /Photos/2023/2023-06_%E6%9C%AA%E7%9F%A5%E5%9C%B0%E9%BB%9E/IMG_3605.JPG HTTP/1.1" 200 -
[06/Aug/2026 14:55:30] "GET /Photos/2023/2023-10_%E6%9C%AA%E7%9F%A5%E5%9C%B0%E9%BB%9E/IMG_4138.JPG HTTP/1.1" 200 -
[06/Aug/2026 14:55:30] "GET /Photos/2023/2023-10_%E6%9C%AA%E7%9F%A5%E5%9C%B0%E9%BB%9E/IMG_4139.JPG HTTP/1.1" 200 -
[06/Aug/2026 14:55:30] "GET /Photos/2023/2023-10_%E6%9C%AA%E7%9F%A5%E5%9C%B0%E9%BB%9E/4941096403330738135.a7333bc670b0d0980f1215b5b8080820.23102308.JPG HTTP/1.1" 200 -
[06/Aug/2026 14:55:30] "GET /Photos/2023/2023-10_%E6%9C%AA%E7%9F%A5%E5%9C%B0%E9%BB%9E/4941096403330738135.83dbc18c624099c1a8ba5304c9d8dd27.23102308.JPG HTTP/1.1" 200 -
[06/Aug/2026 14:55:30] "GET /Photos/2023/2023-10_%E6%9C%AA%E7%9F%A5%E5%9C%B0%E9%BB%9E/4941096403330738135.350e7875997359edc655e1debaa8e016.23102308.JPG HTTP/1.1" 200 -
[06/Aug/2026 14:55:30] "GET /Photos/2023/2023-10_%E6%9C%AA%E7%9F%A5%E5%9C%B0%E9%BB%9E/IMG_3973.JPG HTTP/1.1" 200 -
[06/Aug/2026 14:55:30] "GET /Photos/2023/2023-10_%E6%9C%AA%E7%9F%A5%E5%9C%B0%E9%BB%9E/4941096403330738135.67c17f5d3e71d5e9cd13e2c7ddca93c3.23102308.JPG HTTP/1.1" 200 -
[06/Aug/2026 14:55:30] "GET /Photos/2023/2023-10_%E6%9C%AA%E7%9F%A5%E5%9C%B0%E9%BB%9E/IMG_4007.JPG HTTP/1.1" 200 -
[06/Aug/2026 14:55:30] "GET /Photos/2023/2023-10_%E6%9C%AA%E7%9F%A5%E5%9C%B0%E9%BB%9E/4941096403330738135.953519dded85119a59512a29022b2394.23102308.JPG HTTP/1.1" 200 -
[06/Aug/2026 14:55:30] "GET /Photos/2023/2023-10_%E6%9C%AA%E7%9F%A5%E5%9C%B0%E9%BB%9E/IMG_4005.JPG HTTP/1.1" 200 -
[06/Aug/2026 14:55:30] "GET /Photos/2023/2023-10_%E6%9C%AA%E7%9F%A5%E5%9C%B0%E9%BB%9E/IMG_4004.JPG HTTP/1.1" 200 -
[06/Aug/2026 14:55:30] "GET /Photos/2023/2023-10_%E6%9C%AA%E7%9F%A5%E5%9C%B0%E9%BB%9E/IMG_3999.JPG HTTP/1.1" 200 -
[06/Aug/2026 14:55:30] "GET /Photos/2023/2023-10_%E6%9C%AA%E7%9F%A5%E5%9C%B0%E9%BB%9E/4941096403330738135.97fde932e83d57f48c65b9c0b1521b35.23102308.JPG HTTP/1.1" 200 -
[06/Aug/2026 14:55:30] "GET /Photos/2023/2023-10_%E6%9C%AA%E7%9F%A5%E5%9C%B0%E9%BB%9E/IMG_4002.JPG HTTP/1.1" 200 -
[06/Aug/2026 14:55:30] "GET /Photos/2023/2023-10_%E6%9C%AA%E7%9F%A5%E5%9C%B0%E9%BB%9E/IMG_3989.JPG HTTP/1.1" 200 -
[06/Aug/2026 14:55:31] "GET /Photos/2023/2023-10_%E6%9C%AA%E7%9F%A5%E5%9C%B0%E9%BB%9E/IMG_4003.JPG HTTP/1.1" 200 -
[06/Aug/2026 14:55:31] "GET /Photos/2023/2023-10_%E6%9C%AA%E7%9F%A5%E5%9C%B0%E9%BB%9E/IMG_3985.JPG HTTP/1.1" 200 -
[06/Aug/2026 14:55:31] "GET /Photos/2023/2023-10_%E6%9C%AA%E7%9F%A5%E5%9C%B0%E9%BB%9E/IMG_3988.JPG HTTP/1.1" 200 -
[06/Aug/2026 14:55:31] "GET /Photos/2023/2023-10_%E6%9C%AA%E7%9F%A5%E5%9C%B0%E9%BB%9E/IMG_3991.JPG HTTP/1.1" 200 -
[06/Aug/2026 14:55:31] "GET /Photos/2023/2023-10_%E6%9C%AA%E7%9F%A5%E5%9C%B0%E9%BB%9E/IMG_4153.JPG HTTP/1.1" 200 -
[06/Aug/2026 14:55:31] "GET /Photos/2023/2023-10_%E6%9C%AA%E7%9F%A5%E5%9C%B0%E9%BB%9E/IMG_3990.JPG HTTP/1.1" 200 -
[06/Aug/2026 14:55:31] "GET /Photos/2023/2023-10_%E6%9C%AA%E7%9F%A5%E5%9C%B0%E9%BB%9E/IMG_3984.JPG HTTP/1.1" 200 -
[06/Aug/2026 14:55:31] "GET /Photos/2023/2023-10_%E6%9C%AA%E7%9F%A5%E5%9C%B0%E9%BB%9E/IMG_3992.JPG HTTP/1.1" 200 -
[06/Aug/2026 14:55:31] "GET /Photos/2023/2023-10_%E6%9C%AA%E7%9F%A5%E5%9C%B0%E9%BB%9E/IMG_3986.JPG HTTP/1.1" 200 -
[06/Aug/2026 14:55:31] "GET /Photos/2023/2023-10_%E6%9C%AA%E7%9F%A5%E5%9C%B0%E9%BB%9E/4941096403330738135.2299f60fc8156e84900a89ebb685ccb1.23102308.JPG HTTP/1.1" 200 -
[06/Aug/2026 14:55:31] "GET /Photos/2023/2023-10_%E6%9C%AA%E7%9F%A5%E5%9C%B0%E9%BB%9E/IMG_4144.JPG HTTP/1.1" 200 -
[06/Aug/2026 14:55:31] "GET /Photos/2023/2023-10_%E6%9C%AA%E7%9F%A5%E5%9C%B0%E9%BB%9E/IMG_3987.JPG HTTP/1.1" 200 -
[06/Aug/2026 14:55:31] "GET /Photos/2023/2023-10_%E6%9C%AA%E7%9F%A5%E5%9C%B0%E9%BB%9E/IMG_3993.JPG HTTP/1.1" 200 -
[06/Aug/2026 14:55:31] "GET /Photos/2023/2023-10_%E6%9C%AA%E7%9F%A5%E5%9C%B0%E9%BB%9E/IMG_3983.JPG HTTP/1.1" 200 -
[06/Aug/2026 14:55:31] "GET /Photos/2023/2023-10_%E6%9C%AA%E7%9F%A5%E5%9C%B0%E9%BB%9E/IMG_4140.JPG HTTP/1.1" 200 -
[06/Aug/2026 14:55:31] "GET /Photos/2023/2023-10_%E6%9C%AA%E7%9F%A5%E5%9C%B0%E9%BB%9E/IMG_4141.JPG HTTP/1.1" 200 -
[06/Aug/2026 14:55:32] "GET /Photos/2023/2023-10_%E6%9C%AA%E7%9F%A5%E5%9C%B0%E9%BB%9E/IMG_4143.JPG HTTP/1.1" 200 -
[06/Aug/2026 14:55:32] "GET /Photos/2023/2023-10_%E6%9C%AA%E7%9F%A5%E5%9C%B0%E9%BB%9E/IMG_4009.JPG HTTP/1.1" 200 -
[06/Aug/2026 14:55:32] "GET /Photos/2023/2023-10_%E6%9C%AA%E7%9F%A5%E5%9C%B0%E9%BB%9E/IMG_3996.JPG HTTP/1.1" 200 -
[06/Aug/2026 14:55:32] "GET /Photos/2023/2023-10_%E6%9C%AA%E7%9F%A5%E5%9C%B0%E9%BB%9E/IMG_3994.JPG HTTP/1.1" 200 -
[06/Aug/2026 14:55:32] "GET /Photos/2023/2023-10_%E6%9C%AA%E7%9F%A5%E5%9C%B0%E9%BB%9E/4941096403330738135.bb2dc322e2728380e3cc708d25b9fbd4.23102308.JPG HTTP/1.1" 200 -
[06/Aug/2026 14:55:32] "GET /Photos/2023/2023-10_%E6%9C%AA%E7%9F%A5%E5%9C%B0%E9%BB%9E/IMG_3995.JPG HTTP/1.1" 200 -
[06/Aug/2026 14:55:32] "GET /Photos/2023/2023-10_%E6%9C%AA%E7%9F%A5%E5%9C%B0%E9%BB%9E/4941096403330738135.f2f98c678922fd7f8e673d02f8d6c85f.23102308.JPG HTTP/1.1" 200 -
[06/Aug/2026 14:55:32] "GET /Photos/2023/2023-10_%E6%9C%AA%E7%9F%A5%E5%9C%B0%E9%BB%9E/IMG_4142.JPG HTTP/1.1" 200 -
[06/Aug/2026 14:55:32] "GET /Photos/2023/2023-10_%E6%9C%AA%E7%9F%A5%E5%9C%B0%E9%BB%9E/4941096403330738135.96db27816bf41a362b4e2dd79d1d447a.23102308.JPG HTTP/1.1" 200 -
[06/Aug/2026 14:55:32] "GET /Photos/2023/2023-10_%E6%9C%AA%E7%9F%A5%E5%9C%B0%E9%BB%9E/4941096403330738135.61372dd792b903e0352fa2177a119771.23102308.JPG HTTP/1.1" 200 -
[06/Aug/2026 14:55:32] "GET /Photos/2023/2023-10_%E6%9C%AA%E7%9F%A5%E5%9C%B0%E9%BB%9E/IMG_4137.JPG HTTP/1.1" 200 -
[06/Aug/2026 14:55:32] "GET /Photos/2023/2023-10_%E6%9C%AA%E7%9F%A5%E5%9C%B0%E9%BB%9E/IMG_4136.JPG HTTP/1.1" 200 -
[06/Aug/2026 14:55:32] "GET /Photos/2023/2023-10_%E6%9C%AA%E7%9F%A5%E5%9C%B0%E9%BB%9E/IMG_4081.JPG HTTP/1.1" 200 -
[06/Aug/2026 14:55:32] "GET /Photos/2023/2023-10_%E6%9C%AA%E7%9F%A5%E5%9C%B0%E9%BB%9E/4941096403330738135.5be61fb26e1b3f738e3b9b3430d564aa.23102308.JPG HTTP/1.1" 200 -
[06/Aug/2026 14:55:32] "GET /Photos/2023/2023-10_%E6%9C%AA%E7%9F%A5%E5%9C%B0%E9%BB%9E/4941096403330738135.f8fe1be501afd7bb7a9987acb6d40e3e.23102308.JPG HTTP/1.1" 200 -
[06/Aug/2026 14:55:32] "GET /Photos/2023/2023-10_%E6%9C%AA%E7%9F%A5%E5%9C%B0%E9%BB%9E/IMG_4135.JPG HTTP/1.1" 200 -
[06/Aug/2026 14:55:32] "GET /Photos/2023/2023-10_%E6%9C%AA%E7%9F%A5%E5%9C%B0%E9%BB%9E/IMG_4082.JPG HTTP/1.1" 200 -
[06/Aug/2026 14:55:32] "GET /Photos/2023/2023-03_%E4%BA%94%E5%B3%B0%E9%84%89/IMG_3176.jpeg HTTP/1.1" 200 -
[06/Aug/2026 14:55:32] "GET /Photos/2023/2023-03_%E4%BA%94%E5%B3%B0%E9%84%89/IMG_3183.jpeg HTTP/1.1" 200 -
[06/Aug/2026 14:55:32] "GET /Photos/2023/2023-03_%E4%BA%94%E5%B3%B0%E9%84%89/IMG_3182.jpeg HTTP/1.1" 200 -
[06/Aug/2026 14:55:32] "GET /Photos/2023/2023-03_%E4%BA%94%E5%B3%B0%E9%84%89/IMG_3177.jpeg HTTP/1.1" 200 -
[06/Aug/2026 14:55:32] "GET /Photos/2023/2023-03_%E4%BA%94%E5%B3%B0%E9%84%89/IMG_3185.jpeg HTTP/1.1" 200 -
[06/Aug/2026 14:55:32] "GET /Photos/2023/2023-03_%E4%BA%94%E5%B3%B0%E9%84%89/IMG_3193.jpeg HTTP/1.1" 200 -
[06/Aug/2026 14:55:32] "GET /Photos/2023/2023-03_%E4%BA%94%E5%B3%B0%E9%84%89/IMG_3189.jpeg HTTP/1.1" 200 -
[06/Aug/2026 14:55:32] "GET /Photos/2023/2023-03_%E4%BA%94%E5%B3%B0%E9%84%89/IMG_3188.jpeg HTTP/1.1" 200 -
[06/Aug/2026 14:55:32] "GET /Photos/2023/2023-03_%E4%BA%94%E5%B3%B0%E9%84%89/IMG_3192.jpeg HTTP/1.1" 200 -
[06/Aug/2026 14:55:32] "GET /Photos/2023/2023-03_%E4%BA%94%E5%B3%B0%E9%84%89/IMG_3184.jpeg HTTP/1.1" 200 -
[06/Aug/2026 14:55:32] "GET /Photos/2023/2023-03_%E4%BA%94%E5%B3%B0%E9%84%89/IMG_3191.jpeg HTTP/1.1" 200 -
[06/Aug/2026 14:55:33] "GET /Photos/2023/2023-03_%E4%BA%94%E5%B3%B0%E9%84%89/IMG_3187.jpeg HTTP/1.1" 200 -
[06/Aug/2026 14:55:33] "GET /Photos/2023/2023-03_%E4%BA%94%E5%B3%B0%E9%84%89/IMG_3186.jpeg HTTP/1.1" 200 -
[06/Aug/2026 14:55:33] "GET /Photos/2023/2023-03_%E4%BA%94%E5%B3%B0%E9%84%89/IMG_3190.jpeg HTTP/1.1" 200 -
[06/Aug/2026 14:55:33] "GET /Photos/2023/2023-03_%E4%BA%94%E5%B3%B0%E9%84%89/IMG_3178.jpeg HTTP/1.1" 200 -
[06/Aug/2026 14:55:34] "GET /Photos/2023/2023-03_%E4%BA%94%E5%B3%B0%E9%84%89/IMG_3181.jpeg HTTP/1.1" 200 -
[06/Aug/2026 14:55:34] "GET /Photos/2023/2023-03_%E4%BA%94%E5%B3%B0%E9%84%89/IMG_3180.jpeg HTTP/1.1" 200 -
[06/Aug/2026 14:55:34] "GET /Photos/2023/2023-03_%E4%BA%94%E5%B3%B0%E9%84%89/IMG_3179.jpeg HTTP/1.1" 200 -
[06/Aug/2026 14:55:34] "GET /Photos/2023/2023-01_%E4%B8%8B%E9%AB%98%E4%BA%95%E9%83%A1/IMG_2989.jpeg HTTP/1.1" 200 -
[06/Aug/2026 14:55:34] "GET /Photos/2023/2023-01_%E4%B8%8B%E9%AB%98%E4%BA%95%E9%83%A1/IMG_2835.jpeg HTTP/1.1" 200 -
[06/Aug/2026 14:55:34] "GET /Photos/2023/2023-01_%E4%B8%8B%E9%AB%98%E4%BA%95%E9%83%A1/IMG_2946.jpeg HTTP/1.1" 200 -
[06/Aug/2026 14:55:34] "GET /Photos/2023/2023-01_%E4%B8%8B%E9%AB%98%E4%BA%95%E9%83%A1/IMG_2950.jpeg HTTP/1.1" 200 -
[06/Aug/2026 14:55:34] "GET /Photos/2023/2023-01_%E4%B8%8B%E9%AB%98%E4%BA%95%E9%83%A1/IMG_2854.jpeg HTTP/1.1" 200 -
[06/Aug/2026 14:55:34] "GET /Photos/2023/2023-01_%E4%B8%8B%E9%AB%98%E4%BA%95%E9%83%A1/IMG_2985.jpeg HTTP/1.1" 200 -
[06/Aug/2026 14:55:34] "GET /Photos/2023/2023-01_%E4%B8%8B%E9%AB%98%E4%BA%95%E9%83%A1/VEXOE3571.JPG HTTP/1.1" 200 -
[06/Aug/2026 14:55:34] "GET /Photos/2023/2023-01_%E4%B8%8B%E9%AB%98%E4%BA%95%E9%83%A1/IMG_2839.jpeg HTTP/1.1" 200 -
[06/Aug/2026 14:55:34] "GET /Photos/2023/2023-01_%E4%B8%8B%E9%AB%98%E4%BA%95%E9%83%A1/IMG_2984.jpeg HTTP/1.1" 200 -
[06/Aug/2026 14:55:34] "GET /Photos/2023/2023-01_%E4%B8%8B%E9%AB%98%E4%BA%95%E9%83%A1/IMG_2855.jpeg HTTP/1.1" 200 -
[06/Aug/2026 14:55:34] "GET /Photos/2023/2023-01_%E4%B8%8B%E9%AB%98%E4%BA%95%E9%83%A1/IMG_2947.jpeg HTTP/1.1" 200 -
[06/Aug/2026 14:55:34] "GET /Photos/2023/2023-01_%E4%B8%8B%E9%AB%98%E4%BA%95%E9%83%A1/IMG_2951.jpeg HTTP/1.1" 200 -
[06/Aug/2026 14:55:34] "GET /Photos/2023/2023-01_%E4%B8%8B%E9%AB%98%E4%BA%95%E9%83%A1/IMG_2843.jpeg HTTP/1.1" 200 -
[06/Aug/2026 14:55:34] "GET /Photos/2023/2023-01_%E4%B8%8B%E9%AB%98%E4%BA%95%E9%83%A1/IMG_2988.jpeg HTTP/1.1" 200 -
[06/Aug/2026 14:55:34] "GET /Photos/2023/2023-01_%E4%B8%8B%E9%AB%98%E4%BA%95%E9%83%A1/IMG_2859.jpeg HTTP/1.1" 200 -
[06/Aug/2026 14:55:34] "GET /Photos/2023/2023-01_%E4%B8%8B%E9%AB%98%E4%BA%95%E9%83%A1/IMG_2844.jpeg HTTP/1.1" 200 -
[06/Aug/2026 14:55:34] "GET /Photos/2023/2023-01_%E4%B8%8B%E9%AB%98%E4%BA%95%E9%83%A1/IMG_2956.jpeg HTTP/1.1" 200 -
[06/Aug/2026 14:55:34] "GET /Photos/2023/2023-01_%E4%B8%8B%E9%AB%98%E4%BA%95%E9%83%A1/IMG_2983.jpeg HTTP/1.1" 200 -
[06/Aug/2026 14:55:34] "GET /Photos/2023/2023-01_%E4%B8%8B%E9%AB%98%E4%BA%95%E9%83%A1/IMG_2940.jpeg HTTP/1.1" 200 -
[06/Aug/2026 14:55:34] "GET /Photos/2023/2023-01_%E4%B8%8B%E9%AB%98%E4%BA%95%E9%83%A1/IMG_2848.jpeg HTTP/1.1" 200 -
[06/Aug/2026 14:55:34] "GET /Photos/2023/2023-01_%E4%B8%8B%E9%AB%98%E4%BA%95%E9%83%A1/IMG_2960.jpeg HTTP/1.1" 200 -
[06/Aug/2026 14:55:34] "GET /Photos/2023/2023-01_%E4%B8%8B%E9%AB%98%E4%BA%95%E9%83%A1/IMG_2937.jpeg HTTP/1.1" 200 -
[06/Aug/2026 14:55:34] "GET /Photos/2023/2023-01_%E4%B8%8B%E9%AB%98%E4%BA%95%E9%83%A1/IMG_2864.jpeg HTTP/1.1" 200 -
[06/Aug/2026 14:55:34] "GET /Photos/2023/2023-01_%E4%B8%8B%E9%AB%98%E4%BA%95%E9%83%A1/IMG_2936.jpeg HTTP/1.1" 200 -
[06/Aug/2026 14:55:34] "GET /Photos/2023/2023-01_%E4%B8%8B%E9%AB%98%E4%BA%95%E9%83%A1/IMG_2961.jpeg HTTP/1.1" 200 -
[06/Aug/2026 14:55:34] "GET /Photos/2023/2023-01_%E4%B8%8B%E9%AB%98%E4%BA%95%E9%83%A1/IMG_2849.jpeg HTTP/1.1" 200 -
[06/Aug/2026 14:55:34] "GET /Photos/2023/2023-01_%E4%B8%8B%E9%AB%98%E4%BA%95%E9%83%A1/IMG_2982.jpeg HTTP/1.1" 200 -
[06/Aug/2026 14:55:34] "GET /Photos/2023/2023-01_%E4%B8%8B%E9%AB%98%E4%BA%95%E9%83%A1/IMG_2941.jpeg HTTP/1.1" 200 -
[06/Aug/2026 14:55:34] "GET /Photos/2023/2023-01_%E4%B8%8B%E9%AB%98%E4%BA%95%E9%83%A1/IMG_2957.jpeg HTTP/1.1" 200 -
[06/Aug/2026 14:55:34] "GET /Photos/2023/2023-01_%E4%B8%8B%E9%AB%98%E4%BA%95%E9%83%A1/IMG_2845.jpeg HTTP/1.1" 200 -
[06/Aug/2026 14:55:34] "GET /Photos/2023/2023-01_%E4%B8%8B%E9%AB%98%E4%BA%95%E9%83%A1/IMG_2981.jpeg HTTP/1.1" 200 -
[06/Aug/2026 14:55:34] "GET /Photos/2023/2023-01_%E4%B8%8B%E9%AB%98%E4%BA%95%E9%83%A1/IMG_2939.jpeg HTTP/1.1" 200 -
[06/Aug/2026 14:55:34] "GET /Photos/2023/2023-01_%E4%B8%8B%E9%AB%98%E4%BA%95%E9%83%A1/IMG_2942.jpeg HTTP/1.1" 200 -
[06/Aug/2026 14:55:34] "GET /Photos/2023/2023-01_%E4%B8%8B%E9%AB%98%E4%BA%95%E9%83%A1/IMG_2935.jpeg HTTP/1.1" 200 -
[06/Aug/2026 14:55:34] "GET /Photos/2023/2023-01_%E4%B8%8B%E9%AB%98%E4%BA%95%E9%83%A1/IMG_2954.jpeg HTTP/1.1" 200 -
[06/Aug/2026 14:55:34] "GET /Photos/2023/2023-01_%E4%B8%8B%E9%AB%98%E4%BA%95%E9%83%A1/IMG_2962.jpeg HTTP/1.1" 200 -
[06/Aug/2026 14:55:34] "GET /Photos/2023/2023-01_%E4%B8%8B%E9%AB%98%E4%BA%95%E9%83%A1/IMG_2958.jpeg HTTP/1.1" 200 -
[06/Aug/2026 14:55:34] "GET /Photos/2023/2023-01_%E4%B8%8B%E9%AB%98%E4%BA%95%E9%83%A1/IMG_2989-EFFECTS_Original.JPG HTTP/1.1" 200 -
[06/Aug/2026 14:55:34] "GET /Photos/2023/2023-01_%E4%B8%8B%E9%AB%98%E4%BA%95%E9%83%A1/IMG_2959.jpeg HTTP/1.1" 200 -
[06/Aug/2026 14:55:34] "GET /Photos/2023/2023-01_%E4%B8%8B%E9%AB%98%E4%BA%95%E9%83%A1/IMG_2867.jpeg HTTP/1.1" 200 -
[06/Aug/2026 14:55:34] "GET /Photos/2023/2023-01_%E4%B8%8B%E9%AB%98%E4%BA%95%E9%83%A1/IMG_2847.jpeg HTTP/1.1" 200 -
[06/Aug/2026 14:55:34] "GET /Photos/2023/2023-01_%E4%B8%8B%E9%AB%98%E4%BA%95%E9%83%A1/IMG_2955.jpeg HTTP/1.1" 200 -
[06/Aug/2026 14:55:34] "GET /Photos/2023/2023-01_%E4%B8%8B%E9%AB%98%E4%BA%95%E9%83%A1/IMG_2980.jpeg HTTP/1.1" 200 -
[06/Aug/2026 14:55:34] "GET /Photos/2023/2023-01_%E4%B8%8B%E9%AB%98%E4%BA%95%E9%83%A1/IMG_2938.jpeg HTTP/1.1" 200 -
[06/Aug/2026 14:55:34] "GET /Photos/2023/2023-01_%E4%B8%8B%E9%AB%98%E4%BA%95%E9%83%A1/IMG_2979.jpeg HTTP/1.1" 200 -
[06/Aug/2026 14:55:35] "GET /Photos/2023/2023-01_%E4%B8%8B%E9%AB%98%E4%BA%95%E9%83%A1/IMG_2948.jpeg HTTP/1.1" 200 -
[06/Aug/2026 14:55:35] "GET /Photos/2023/2023-01_%E4%B8%8B%E9%AB%98%E4%BA%95%E9%83%A1/IMG_2952.jpeg HTTP/1.1" 200 -
[06/Aug/2026 14:55:35] "GET /Photos/2023/2023-01_%E4%B8%8B%E9%AB%98%E4%BA%95%E9%83%A1/IMG_2944.jpeg HTTP/1.1" 200 -
[06/Aug/2026 14:55:35] "GET /Photos/2023/2023-01_%E4%B8%8B%E9%AB%98%E4%BA%95%E9%83%A1/IMG_2991.jpeg HTTP/1.1" 200 -
[06/Aug/2026 14:55:35] "GET /Photos/2023/2023-01_%E4%B8%8B%E9%AB%98%E4%BA%95%E9%83%A1/IMG_2953.jpeg HTTP/1.1" 200 -
[06/Aug/2026 14:55:35] "GET /Photos/2023/2023-01_%E4%B8%8B%E9%AB%98%E4%BA%95%E9%83%A1/IMG_2945.jpeg HTTP/1.1" 200 -
[06/Aug/2026 14:55:35] "GET /Photos/2023/2023-01_%E4%B8%8B%E9%AB%98%E4%BA%95%E9%83%A1/IMG_2986.jpeg HTTP/1.1" 200 -
[06/Aug/2026 14:55:35] "GET /Photos/2023/2023-01_%E4%B8%8B%E9%AB%98%E4%BA%95%E9%83%A1/IMG_2990.jpeg HTTP/1.1" 200 -
[06/Aug/2026 14:55:35] "GET /Photos/2023/2023-10_%E5%8A%A0%E5%B9%B3%E9%82%91/IMG_4089.jpeg HTTP/1.1" 200 -
[06/Aug/2026 14:55:35] "GET /Photos/2023/2023-01_%E4%B8%8B%E9%AB%98%E4%BA%95%E9%83%A1/IMG_2949.jpeg HTTP/1.1" 200 -
[06/Aug/2026 14:55:35] "GET /Photos/2023/2023-10_%E5%8A%A0%E5%B9%B3%E9%82%91/IMG_4088.jpeg HTTP/1.1" 200 -
[06/Aug/2026 14:55:35] "GET /Photos/2023/2023-10_%E5%8A%A0%E5%B9%B3%E9%82%91/IMG_4087.jpeg HTTP/1.1" 200 -
[06/Aug/2026 14:55:35] "GET /Photos/2023/2023-11_%E6%9C%AA%E7%9F%A5%E5%9C%B0%E9%BB%9E/DSC03104.JPG HTTP/1.1" 200 -
[06/Aug/2026 14:55:35] "GET /Photos/2023/2023-03_%E8%87%BA%E5%8C%97%E5%B8%82/IMG_3228.jpeg HTTP/1.1" 200 -
[06/Aug/2026 14:55:35] "GET /Photos/2023/2023-11_%E6%9C%AA%E7%9F%A5%E5%9C%B0%E9%BB%9E/DSC03105.JPG HTTP/1.1" 200 -
[06/Aug/2026 14:55:35] "GET /Photos/2023/2023-11_%E6%9C%AA%E7%9F%A5%E5%9C%B0%E9%BB%9E/Trail-Map-23-24-2048x1759.JPG HTTP/1.1" 200 -
[06/Aug/2026 14:55:36] "GET /Photos/2023/2023-11_%E6%9C%AA%E7%9F%A5%E5%9C%B0%E9%BB%9E/DSC03106.JPG HTTP/1.1" 200 -
[06/Aug/2026 14:55:36] "GET /Photos/2023/2023-02_%E6%B8%AF%E5%8D%80/IMG_3033.jpeg HTTP/1.1" 200 -
[06/Aug/2026 14:55:36] "GET /Photos/2023/2023-02_%E6%B8%AF%E5%8D%80/IMG_3028.jpeg HTTP/1.1" 200 -
[06/Aug/2026 14:55:36] "GET /Photos/2023/2023-02_%E6%B8%AF%E5%8D%80/IMG_3032.jpeg HTTP/1.1" 200 -
[06/Aug/2026 14:55:36] "GET /Photos/2023/2023-02_%E6%B8%AF%E5%8D%80/IMG_3031.jpeg HTTP/1.1" 200 -
[06/Aug/2026 14:55:36] "GET /Photos/2023/2023-02_%E6%B8%AF%E5%8D%80/IMG_3027.jpeg HTTP/1.1" 200 -
[06/Aug/2026 14:55:36] "GET /Photos/2023/2023-02_%E6%B8%AF%E5%8D%80/IMG_3026.jpeg HTTP/1.1" 200 -
[06/Aug/2026 14:55:36] "GET /Photos/2023/2023-07_%E6%9C%AA%E7%9F%A5%E5%9C%B0%E9%BB%9E/IMG_8560.jpeg HTTP/1.1" 200 -
[06/Aug/2026 14:55:36] "GET /Photos/2023/2023-07_%E6%9C%AA%E7%9F%A5%E5%9C%B0%E9%BB%9E/IMG_8556.jpeg HTTP/1.1" 200 -
[06/Aug/2026 14:55:36] "GET /Photos/2023/2023-07_%E6%9C%AA%E7%9F%A5%E5%9C%B0%E9%BB%9E/IMG_8561.jpeg HTTP/1.1" 200 -
[06/Aug/2026 14:55:36] "GET /Photos/2023/2023-07_%E6%9C%AA%E7%9F%A5%E5%9C%B0%E9%BB%9E/IMG_8557.jpeg HTTP/1.1" 200 -
[06/Aug/2026 14:55:36] "GET /Photos/2023/2023-07_%E6%9C%AA%E7%9F%A5%E5%9C%B0%E9%BB%9E/IMG_3684.JPG HTTP/1.1" 200 -
[06/Aug/2026 14:55:36] "GET /Photos/2023/2023-07_%E6%9C%AA%E7%9F%A5%E5%9C%B0%E9%BB%9E/IMG_8550.jpeg HTTP/1.1" 200 -
[06/Aug/2026 14:55:36] "GET /Photos/2023/2023-07_%E6%9C%AA%E7%9F%A5%E5%9C%B0%E9%BB%9E/IMG_8551.jpeg HTTP/1.1" 200 -
[06/Aug/2026 14:55:36] "GET /Photos/2023/2023-07_%E6%9C%AA%E7%9F%A5%E5%9C%B0%E9%BB%9E/IMG_8547.jpeg HTTP/1.1" 200 -
[06/Aug/2026 14:55:36] "GET /Photos/2023/2023-07_%E6%9C%AA%E7%9F%A5%E5%9C%B0%E9%BB%9E/IMG_8548.jpeg HTTP/1.1" 200 -
[06/Aug/2026 14:55:36] "GET /Photos/2023/2023-07_%E6%9C%AA%E7%9F%A5%E5%9C%B0%E9%BB%9E/IMG_8552.jpeg HTTP/1.1" 200 -
[06/Aug/2026 14:55:36] "GET /Photos/2023/2023-07_%E6%9C%AA%E7%9F%A5%E5%9C%B0%E9%BB%9E/IMG_8564.jpeg HTTP/1.1" 200 -
[06/Aug/2026 14:55:36] "GET /Photos/2023/2023-07_%E6%9C%AA%E7%9F%A5%E5%9C%B0%E9%BB%9E/IMG_8553.jpeg HTTP/1.1" 200 -
[06/Aug/2026 14:55:36] "GET /Photos/2023/2023-07_%E6%9C%AA%E7%9F%A5%E5%9C%B0%E9%BB%9E/IMG_8549.jpeg HTTP/1.1" 200 -
[06/Aug/2026 14:55:37] "GET /Photos/2023/2023-07_%E6%9C%AA%E7%9F%A5%E5%9C%B0%E9%BB%9E/IMG_8565.jpeg HTTP/1.1" 200 -
[06/Aug/2026 14:55:37] "GET /Photos/2023/2023-07_%E6%9C%AA%E7%9F%A5%E5%9C%B0%E9%BB%9E/IMG_8554.jpeg HTTP/1.1" 200 -
[06/Aug/2026 14:55:37] "GET /Photos/2023/2023-07_%E6%9C%AA%E7%9F%A5%E5%9C%B0%E9%BB%9E/IMG_4859.JPG HTTP/1.1" 200 -
[06/Aug/2026 14:55:37] "GET /Photos/2023/2023-07_%E6%9C%AA%E7%9F%A5%E5%9C%B0%E9%BB%9E/IMG_8562.jpeg HTTP/1.1" 200 -
[06/Aug/2026 14:55:38] "GET /Photos/2023/2023-07_%E6%9C%AA%E7%9F%A5%E5%9C%B0%E9%BB%9E/IMG_8558.jpeg HTTP/1.1" 200 -
[06/Aug/2026 14:55:38] "GET /Photos/2023/2023-07_%E6%9C%AA%E7%9F%A5%E5%9C%B0%E9%BB%9E/IMG_8559.jpeg HTTP/1.1" 200 -
[06/Aug/2026 14:55:38] "GET /Photos/2023/2023-07_%E6%9C%AA%E7%9F%A5%E5%9C%B0%E9%BB%9E/IMG_8563.jpeg HTTP/1.1" 200 -
[06/Aug/2026 14:55:38] "GET /Photos/2023/2023-07_%E6%9C%AA%E7%9F%A5%E5%9C%B0%E9%BB%9E/IMG_8555.jpeg HTTP/1.1" 200 -
[06/Aug/2026 14:55:38] "GET /Photos/2023/2023-10_%E6%98%A5%E5%B7%9D%E5%B8%82/IMG_4090.jpeg HTTP/1.1" 200 -
[06/Aug/2026 14:55:38] "GET /Photos/2023/2023-04_%E6%9C%AA%E7%9F%A5%E5%9C%B0%E9%BB%9E/IMG_3423.JPG HTTP/1.1" 200 -
[06/Aug/2026 14:55:38] "GET /Photos/2023/2023-04_%E6%9C%AA%E7%9F%A5%E5%9C%B0%E9%BB%9E/IMG_3422.JPG HTTP/1.1" 200 -
[06/Aug/2026 14:55:38] "GET /Photos/2023/2023-04_%E6%9C%AA%E7%9F%A5%E5%9C%B0%E9%BB%9E/IMG_3421.JPG HTTP/1.1" 200 -
[06/Aug/2026 14:55:38] "GET /Photos/2023/2023-04_%E6%9C%AA%E7%9F%A5%E5%9C%B0%E9%BB%9E/IMG_3409.JPG HTTP/1.1" 200 -
[06/Aug/2026 14:55:38] "GET /Photos/2023/2023-04_%E6%9C%AA%E7%9F%A5%E5%9C%B0%E9%BB%9E/IMG_3408.JPG HTTP/1.1" 200 -
[06/Aug/2026 14:55:38] "GET /Photos/2023/2023-04_%E6%9C%AA%E7%9F%A5%E5%9C%B0%E9%BB%9E/IMG_3420.JPG HTTP/1.1" 200 -
[06/Aug/2026 14:55:38] "GET /Photos/2023/2023-04_%E6%9C%AA%E7%9F%A5%E5%9C%B0%E9%BB%9E/IMG_3395.JPG HTTP/1.1" 200 -
[06/Aug/2026 14:55:38] "GET /Photos/2023/2023-04_%E6%9C%AA%E7%9F%A5%E5%9C%B0%E9%BB%9E/IMG_3424.JPG HTTP/1.1" 200 -
[06/Aug/2026 14:55:38] "GET /Photos/2023/2023-04_%E6%9C%AA%E7%9F%A5%E5%9C%B0%E9%BB%9E/IMG_3425.JPG HTTP/1.1" 200 -
[06/Aug/2026 14:55:38] "GET /Photos/2023/2023-04_%E6%9C%AA%E7%9F%A5%E5%9C%B0%E9%BB%9E/IMG_3430.JPG HTTP/1.1" 200 -
[06/Aug/2026 14:55:38] "GET /Photos/2023/2023-04_%E6%9C%AA%E7%9F%A5%E5%9C%B0%E9%BB%9E/IMG_3419.JPG HTTP/1.1" 200 -
[06/Aug/2026 14:55:38] "GET /Photos/2023/2023-04_%E6%9C%AA%E7%9F%A5%E5%9C%B0%E9%BB%9E/IMG_3418.JPG HTTP/1.1" 200 -
[06/Aug/2026 14:55:38] "GET /Photos/2023/2023-04_%E6%9C%AA%E7%9F%A5%E5%9C%B0%E9%BB%9E/IMG_3396.JPG HTTP/1.1" 200 -
[06/Aug/2026 14:55:38] "GET /Photos/2023/2023-04_%E6%9C%AA%E7%9F%A5%E5%9C%B0%E9%BB%9E/IMG_3426.JPG HTTP/1.1" 200 -
[06/Aug/2026 14:55:38] "GET /Photos/2023/2023-04_%E6%9C%AA%E7%9F%A5%E5%9C%B0%E9%BB%9E/IMG_3427.JPG HTTP/1.1" 200 -
[06/Aug/2026 14:55:39] "GET /Photos/2023/2023-04_%E6%9C%AA%E7%9F%A5%E5%9C%B0%E9%BB%9E/IMG_3397.JPG HTTP/1.1" 200 -
[06/Aug/2026 14:55:39] "GET /Photos/2023/2023-04_%E6%9C%AA%E7%9F%A5%E5%9C%B0%E9%BB%9E/IMG_3417.JPG HTTP/1.1" 200 -
[06/Aug/2026 14:55:39] "GET /Photos/2023/2023-04_%E6%9C%AA%E7%9F%A5%E5%9C%B0%E9%BB%9E/IMG_3358.JPG HTTP/1.1" 200 -
[06/Aug/2026 14:55:39] "GET /Photos/2023/2023-04_%E6%9C%AA%E7%9F%A5%E5%9C%B0%E9%BB%9E/IMG_3414.JPG HTTP/1.1" 200 -
[06/Aug/2026 14:55:39] "GET /Photos/2023/2023-04_%E6%9C%AA%E7%9F%A5%E5%9C%B0%E9%BB%9E/IMG_3428.JPG HTTP/1.1" 200 -
[06/Aug/2026 14:55:39] "GET /Photos/2023/2023-04_%E6%9C%AA%E7%9F%A5%E5%9C%B0%E9%BB%9E/IMG_3416.JPG HTTP/1.1" 200 -
[06/Aug/2026 14:55:39] "GET /Photos/2023/2023-04_%E6%9C%AA%E7%9F%A5%E5%9C%B0%E9%BB%9E/IMG_3415.JPG HTTP/1.1" 200 -
[06/Aug/2026 14:55:39] "GET /Photos/2023/2023-04_%E6%9C%AA%E7%9F%A5%E5%9C%B0%E9%BB%9E/IMG_3429.JPG HTTP/1.1" 200 -
[06/Aug/2026 14:55:39] "GET /Photos/2023/2023-04_%E6%9C%AA%E7%9F%A5%E5%9C%B0%E9%BB%9E/IMG_3398.JPG HTTP/1.1" 200 -
[06/Aug/2026 14:55:39] "GET /Photos/2023/2023-04_%E6%9C%AA%E7%9F%A5%E5%9C%B0%E9%BB%9E/IMG_3411.JPG HTTP/1.1" 200 -
[06/Aug/2026 14:55:39] "GET /Photos/2023/2023-04_%E6%9C%AA%E7%9F%A5%E5%9C%B0%E9%BB%9E/IMG_3405.JPG HTTP/1.1" 200 -
[06/Aug/2026 14:55:39] "GET /Photos/2023/2023-04_%E6%9C%AA%E7%9F%A5%E5%9C%B0%E9%BB%9E/IMG_3410.JPG HTTP/1.1" 200 -
[06/Aug/2026 14:55:39] "GET /Photos/2023/2023-04_%E6%9C%AA%E7%9F%A5%E5%9C%B0%E9%BB%9E/IMG_3412.JPG HTTP/1.1" 200 -
[06/Aug/2026 14:55:39] "GET /Photos/2023/2023-04_%E6%9C%AA%E7%9F%A5%E5%9C%B0%E9%BB%9E/IMG_3406.JPG HTTP/1.1" 200 -
[06/Aug/2026 14:55:39] "GET /Photos/2023/2023-04_%E6%9C%AA%E7%9F%A5%E5%9C%B0%E9%BB%9E/IMG_3407.JPG HTTP/1.1" 200 -
[06/Aug/2026 14:55:39] "GET /Photos/2023/2023-04_%E6%9C%AA%E7%9F%A5%E5%9C%B0%E9%BB%9E/IMG_3413.JPG HTTP/1.1" 200 -
[06/Aug/2026 14:55:39] "GET /Photos/2023/2023-04_%E7%9B%AE%E9%BB%91%E5%8D%80/IMG_3366.jpeg HTTP/1.1" 200 -
[06/Aug/2026 14:55:39] "GET /Photos/2023/2023-04_%E7%9B%AE%E9%BB%91%E5%8D%80/IMG_3364.jpeg HTTP/1.1" 200 -
[06/Aug/2026 14:55:39] "GET /Photos/2023/2023-04_%E7%9B%AE%E9%BB%91%E5%8D%80/IMG_3363.jpeg HTTP/1.1" 200 -
[06/Aug/2026 14:55:39] "GET /Photos/2023/2023-04_%E5%8D%97%E9%83%BD%E7%95%99%E9%83%A1/IMG_3393.jpeg HTTP/1.1" 200 -
[06/Aug/2026 14:55:39] "GET /Photos/2023/2023-04_%E5%8D%97%E9%83%BD%E7%95%99%E9%83%A1/IMG_3392.jpeg HTTP/1.1" 200 -
[06/Aug/2026 14:55:39] "GET /Photos/2023/2023-04_%E5%8D%97%E9%83%BD%E7%95%99%E9%83%A1/IMG_3390.jpeg HTTP/1.1" 200 -
[06/Aug/2026 14:55:39] "GET /Photos/2023/2023-04_%E5%8D%97%E9%83%BD%E7%95%99%E9%83%A1/IMG_3391.jpeg HTTP/1.1" 200 -
[06/Aug/2026 14:55:39] "GET /Photos/2023/2023-08_%E6%9C%AA%E7%9F%A5%E5%9C%B0%E9%BB%9E/IMG_3754.JPG HTTP/1.1" 200 -
[06/Aug/2026 14:55:39] "GET /Photos/2023/2023-08_%E6%9C%AA%E7%9F%A5%E5%9C%B0%E9%BB%9E/IMG_3839.JPG HTTP/1.1" 200 -
[06/Aug/2026 14:55:39] "GET /Photos/2023/2023-08_%E6%9C%AA%E7%9F%A5%E5%9C%B0%E9%BB%9E/IMG_3755.JPG HTTP/1.1" 200 -
[06/Aug/2026 14:55:39] "GET /Photos/2023/2023-08_%E6%9C%AA%E7%9F%A5%E5%9C%B0%E9%BB%9E/IMG_3756.JPG HTTP/1.1" 200 -
[06/Aug/2026 14:55:39] "GET /Photos/2023/2023-08_%E6%9C%AA%E7%9F%A5%E5%9C%B0%E9%BB%9E/IMG_3752.JPG HTTP/1.1" 200 -
[06/Aug/2026 14:55:39] "GET /Photos/2023/2023-08_%E6%9C%AA%E7%9F%A5%E5%9C%B0%E9%BB%9E/IMG_3751.JPG HTTP/1.1" 200 -
[06/Aug/2026 14:55:39] "GET /Photos/2023/2023-08_%E6%9C%AA%E7%9F%A5%E5%9C%B0%E9%BB%9E/IMG_3750.JPG HTTP/1.1" 200 -
[06/Aug/2026 14:55:39] "GET /Photos/2023/2023-08_%E6%9C%AA%E7%9F%A5%E5%9C%B0%E9%BB%9E/IMG_3832.JPG HTTP/1.1" 200 -
[06/Aug/2026 14:55:39] "GET /Photos/2023/2023-08_%E6%9C%AA%E7%9F%A5%E5%9C%B0%E9%BB%9E/IMG_3753.JPG HTTP/1.1" 200 -
[06/Aug/2026 14:55:39] "GET /Photos/2023/2023-08_%E6%9C%AA%E7%9F%A5%E5%9C%B0%E9%BB%9E/IMG_3834.JPG HTTP/1.1" 200 -
[06/Aug/2026 14:55:39] "GET /Photos/2023/2023-08_%E6%9C%AA%E7%9F%A5%E5%9C%B0%E9%BB%9E/IMG_3831.JPG HTTP/1.1" 200 -
[06/Aug/2026 14:55:39] "GET /Photos/2023/2023-08_%E6%9C%AA%E7%9F%A5%E5%9C%B0%E9%BB%9E/IMG_3765.JPG HTTP/1.1" 200 -
[06/Aug/2026 14:55:39] "GET /Photos/2023/2023-08_%E6%9C%AA%E7%9F%A5%E5%9C%B0%E9%BB%9E/IMG_3845.JPG HTTP/1.1" 200 -
[06/Aug/2026 14:55:39] "GET /Photos/2023/2023-08_%E6%9C%AA%E7%9F%A5%E5%9C%B0%E9%BB%9E/IMG_3842.JPG HTTP/1.1" 200 -
[06/Aug/2026 14:55:39] "GET /Photos/2023/2023-08_%E6%9C%AA%E7%9F%A5%E5%9C%B0%E9%BB%9E/IMG_3841.JPG HTTP/1.1" 200 -
[06/Aug/2026 14:55:39] "GET /Photos/2023/2023-04_%E5%BE%A1%E6%AE%BF%E5%A0%B4%E5%B8%82/IMG_3388.jpeg HTTP/1.1" 200 -
[06/Aug/2026 14:55:39] "GET /Photos/2023/2023-04_%E5%BE%A1%E6%AE%BF%E5%A0%B4%E5%B8%82/IMG_3387.jpeg HTTP/1.1" 200 -
[06/Aug/2026 14:55:39] "GET /Photos/2023/2023-02_%E4%B8%8B%E9%AB%98%E4%BA%95%E9%83%A1/IMG_3013.jpeg HTTP/1.1" 200 -
[06/Aug/2026 14:55:39] "GET /Photos/2023/2023-02_%E4%B8%8B%E9%AB%98%E4%BA%95%E9%83%A1/IMG_3012.jpeg HTTP/1.1" 200 -
[06/Aug/2026 14:55:39] "GET /Photos/2023/2023-02_%E4%B8%8B%E9%AB%98%E4%BA%95%E9%83%A1/IMG_3015.jpeg HTTP/1.1" 200 -
[06/Aug/2026 14:55:39] "GET /Photos/2023/2023-02_%E4%B8%8B%E9%AB%98%E4%BA%95%E9%83%A1/IMG_3014.jpeg HTTP/1.1" 200 -
[06/Aug/2026 14:55:40] "GET /Photos/2023/2023-02_%E4%B8%8B%E9%AB%98%E4%BA%95%E9%83%A1/IMG_2938%20(1).jpeg HTTP/1.1" 200 -
[06/Aug/2026 14:55:40] "GET /Photos/2023/2023-02_%E4%B8%8B%E9%AB%98%E4%BA%95%E9%83%A1/IMG_3017.jpeg HTTP/1.1" 200 -
[06/Aug/2026 14:55:40] "GET /Photos/2023/2023-02_%E4%B8%8B%E9%AB%98%E4%BA%95%E9%83%A1/IMG_3016.jpeg HTTP/1.1" 200 -
[06/Aug/2026 14:55:40] "GET /Photos/2023/2023-02_%E4%B8%8B%E9%AB%98%E4%BA%95%E9%83%A1/IMG_2940%20(1).jpeg HTTP/1.1" 200 -
[06/Aug/2026 14:55:40] "GET /Photos/2023/2023-04_%E7%A4%81%E6%BA%AA%E9%84%89/IMG_3273.jpeg HTTP/1.1" 200 -
[06/Aug/2026 14:55:40] "GET /Photos/2023/2023-04_%E7%A4%81%E6%BA%AA%E9%84%89/IMG_3268.jpeg HTTP/1.1" 200 -
[06/Aug/2026 14:55:40] "GET /Photos/2023/2023-04_%E7%A4%81%E6%BA%AA%E9%84%89/IMG_3265.jpeg HTTP/1.1" 200 -
[06/Aug/2026 14:55:40] "GET /Photos/2023/2023-04_%E7%A4%81%E6%BA%AA%E9%84%89/IMG_3269.jpeg HTTP/1.1" 200 -
[06/Aug/2026 14:55:40] "GET /Photos/2023/2023-04_%E7%A4%81%E6%BA%AA%E9%84%89/IMG_3264.jpeg HTTP/1.1" 200 -
[06/Aug/2026 14:55:40] "GET /Photos/2023/2023-04_%E7%A4%81%E6%BA%AA%E9%84%89/IMG_3272.jpeg HTTP/1.1" 200 -
[06/Aug/2026 14:55:40] "GET /Photos/2023/2023-04_%E7%A4%81%E6%BA%AA%E9%84%89/IMG_3279.jpeg HTTP/1.1" 200 -
[06/Aug/2026 14:55:40] "GET /Photos/2023/2023-04_%E7%A4%81%E6%BA%AA%E9%84%89/IMG_3280.jpeg HTTP/1.1" 200 -
[06/Aug/2026 14:55:40] "GET /Photos/2023/2023-04_%E7%A4%81%E6%BA%AA%E9%84%89/IMG_3275.jpeg HTTP/1.1" 200 -
[06/Aug/2026 14:55:40] "GET /Photos/2023/2023-04_%E7%A4%81%E6%BA%AA%E9%84%89/IMG_3274.jpeg HTTP/1.1" 200 -
[06/Aug/2026 14:55:40] "GET /Photos/2023/2023-04_%E7%A4%81%E6%BA%AA%E9%84%89/IMG_3281.jpeg HTTP/1.1" 200 -
[06/Aug/2026 14:55:40] "GET /Photos/2023/2023-04_%E7%A4%81%E6%BA%AA%E9%84%89/IMG_3282.jpeg HTTP/1.1" 200 -
[06/Aug/2026 14:55:41] "GET /Photos/2023/2023-04_%E7%A4%81%E6%BA%AA%E9%84%89/IMG_3277.jpeg HTTP/1.1" 200 -
[06/Aug/2026 14:55:41] "GET /Photos/2023/2023-04_%E7%A4%81%E6%BA%AA%E9%84%89/IMG_3276.jpeg HTTP/1.1" 200 -
[06/Aug/2026 14:55:41] "GET /Photos/2023/2023-04_%E7%A4%81%E6%BA%AA%E9%84%89/IMG_3267.jpeg HTTP/1.1" 200 -
[06/Aug/2026 14:55:41] "GET /Photos/2023/2023-04_%E7%A4%81%E6%BA%AA%E9%84%89/IMG_3283.jpeg HTTP/1.1" 200 -
[06/Aug/2026 14:55:41] "GET /Photos/2023/2023-04_%E7%A4%81%E6%BA%AA%E9%84%89/IMG_3261.jpeg HTTP/1.1" 200 -
[06/Aug/2026 14:55:41] "GET /Photos/2023/2023-04_%E7%A4%81%E6%BA%AA%E9%84%89/IMG_3271.jpeg HTTP/1.1" 200 -
[06/Aug/2026 14:55:41] "GET /Photos/2023/2023-04_%E7%A4%81%E6%BA%AA%E9%84%89/IMG_3285.jpeg HTTP/1.1" 200 -
[06/Aug/2026 14:55:41] "GET /Photos/2023/2023-04_%E7%A4%81%E6%BA%AA%E9%84%89/IMG_3270.jpeg HTTP/1.1" 200 -
[06/Aug/2026 14:55:41] "GET /Photos/2023/2023-04_%E7%A4%81%E6%BA%AA%E9%84%89/IMG_3266.jpeg HTTP/1.1" 200 -
[06/Aug/2026 14:55:41] "GET /Photos/2023/2023-04_%E7%A4%81%E6%BA%AA%E9%84%89/IMG_3262.JPG HTTP/1.1" 200 -
[06/Aug/2026 14:55:41] "GET /Photos/2023/2023-04_%E8%B6%B3%E5%88%A9%E5%B8%82/IMG_3403%20(1).jpeg HTTP/1.1" 200 -
[06/Aug/2026 14:55:41] "GET /Photos/2023/2023-04_%E8%B6%B3%E5%88%A9%E5%B8%82/IMG_3402%20(1).jpeg HTTP/1.1" 200 -
[06/Aug/2026 14:55:41] "GET /Photos/2023/2023-04_%E8%B6%B3%E5%88%A9%E5%B8%82/IMG_3404%20(1).jpeg HTTP/1.1" 200 -
[06/Aug/2026 14:55:41] "GET /Photos/2023/2023-04_%E6%B8%AF%E5%8D%80/IMG_3356.jpeg HTTP/1.1" 200 -
[06/Aug/2026 14:55:41] "GET /Photos/2023/2023-04_%E8%B6%B3%E5%88%A9%E5%B8%82/IMG_3401%20(1).jpeg HTTP/1.1" 200 -
[06/Aug/2026 14:55:41] "GET /Photos/2023/2023-04_%E8%B6%B3%E5%88%A9%E5%B8%82/IMG_3400.jpeg HTTP/1.1" 200 -
[06/Aug/2026 14:55:42] "GET /Photos/2023/2023-04_%E6%B8%AF%E5%8D%80/IMG_3359.jpeg HTTP/1.1" 200 -
[06/Aug/2026 14:55:42] "GET /Photos/2023/2023-05_%E6%9C%AA%E7%9F%A5%E5%9C%B0%E9%BB%9E/IMG_3546.JPG HTTP/1.1" 200 -
[06/Aug/2026 14:55:42] "GET /Photos/2023/2023-03_%E6%96%B0%E5%8C%97%E5%B8%82/IMG_3210.jpeg HTTP/1.1" 200 -
[06/Aug/2026 14:55:42] "GET /Photos/2023/2023-06_%E6%96%B0%E5%9F%94%E9%8E%AE/IMG_3577.jpeg HTTP/1.1" 200 -
[06/Aug/2026 14:55:43] "GET /Photos/2023/2023-06_%E6%96%B0%E5%9F%94%E9%8E%AE/IMG_3578.jpeg HTTP/1.1" 200 -
[06/Aug/2026 14:55:43] "GET /Photos/2023/2023-02_%E6%9C%AA%E7%9F%A5%E5%9C%B0%E9%BB%9E/IMG_3050.JPG HTTP/1.1" 200 -
[06/Aug/2026 14:55:43] "GET /Photos/2023/2023-02_%E6%9C%AA%E7%9F%A5%E5%9C%B0%E9%BB%9E/IMG_3052.JPG HTTP/1.1" 200 -
[06/Aug/2026 14:55:43] "GET /Photos/2023/2023-02_%E6%9C%AA%E7%9F%A5%E5%9C%B0%E9%BB%9E/IMG_3047.JPG HTTP/1.1" 200 -
[06/Aug/2026 14:55:43] "GET /Photos/2023/2023-06_%E6%96%B0%E5%9F%94%E9%8E%AE/IMG_3579.jpeg HTTP/1.1" 200 -
[06/Aug/2026 14:55:43] "GET /Photos/2023/2023-02_%E6%9C%AA%E7%9F%A5%E5%9C%B0%E9%BB%9E/IMG_3051.JPG HTTP/1.1" 200 -
[06/Aug/2026 14:55:43] "GET /Photos/2023/2023-02_%E6%9C%AA%E7%9F%A5%E5%9C%B0%E9%BB%9E/IMG_3053.JPG HTTP/1.1" 200 -
[06/Aug/2026 14:55:43] "GET /Photos/2023/2023-02_%E6%9C%AA%E7%9F%A5%E5%9C%B0%E9%BB%9E/IMG_3057.JPG HTTP/1.1" 200 -
[06/Aug/2026 14:55:43] "GET /Photos/2023/2023-02_%E6%9C%AA%E7%9F%A5%E5%9C%B0%E9%BB%9E/IMG_3056.JPG HTTP/1.1" 200 -
[06/Aug/2026 14:55:43] "GET /Photos/2023/2023-02_%E6%9C%AA%E7%9F%A5%E5%9C%B0%E9%BB%9E/IMG_3058.JPG HTTP/1.1" 200 -
[06/Aug/2026 14:55:43] "GET /Photos/2023/2023-02_%E6%9C%AA%E7%9F%A5%E5%9C%B0%E9%BB%9E/IMG_3055.JPG HTTP/1.1" 200 -
[06/Aug/2026 14:55:43] "GET /Photos/2023/2023-02_%E6%9C%AA%E7%9F%A5%E5%9C%B0%E9%BB%9E/IMG_3054.JPG HTTP/1.1" 200 -
[06/Aug/2026 14:55:44] "GET /Photos/2023/2023-02_%E6%9C%AA%E7%9F%A5%E5%9C%B0%E9%BB%9E/IMG_3049.JPG HTTP/1.1" 200 -
[06/Aug/2026 14:55:44] "GET /Photos/2023/2023-02_%E6%9C%AA%E7%9F%A5%E5%9C%B0%E9%BB%9E/IMG_3048.JPG HTTP/1.1" 200 -
[06/Aug/2026 14:55:44] "GET /Photos/2023/2023-07_%E8%87%BA%E4%B8%AD%E5%B8%82/IMG_3658.jpeg HTTP/1.1" 200 -
[06/Aug/2026 14:55:44] "GET /Photos/2023/2023-10_%E6%B1%9F%E9%99%B5%E5%B8%82/IMG_4123.jpeg HTTP/1.1" 200 -
[06/Aug/2026 14:55:44] "GET /Photos/2023/2023-07_%E8%87%BA%E4%B8%AD%E5%B8%82/IMG_3657.jpeg HTTP/1.1" 200 -
[06/Aug/2026 14:55:44] "GET /Photos/2023/2023-07_%E8%87%BA%E4%B8%AD%E5%B8%82/IMG_3656.jpeg HTTP/1.1" 200 -
[06/Aug/2026 14:55:44] "GET /Photos/2023/2023-10_%E6%96%B0%E5%8C%97%E5%B8%82/IMG_3997.jpeg HTTP/1.1" 200 -
[06/Aug/2026 14:55:44] "GET /Photos/2023/2023-10_%E6%96%B0%E5%8C%97%E5%B8%82/IMG_3998.jpeg HTTP/1.1" 200 -
[06/Aug/2026 14:55:44] "GET /Photos/2023/2023-04_%E5%A2%A8%E7%94%B0%E5%8D%80/IMG_4580.jpeg HTTP/1.1" 200 -
[06/Aug/2026 14:55:44] "GET /Photos/2023/2023-04_%E5%A2%A8%E7%94%B0%E5%8D%80/IMG_4617.jpeg HTTP/1.1" 200 -
[06/Aug/2026 14:55:44] "GET /Photos/2023/2023-04_%E5%A2%A8%E7%94%B0%E5%8D%80/IMG_4610.jpeg HTTP/1.1" 200 -
[06/Aug/2026 14:55:44] "GET /Photos/2023/2023-04_%E5%A2%A8%E7%94%B0%E5%8D%80/IMG_4586.jpeg HTTP/1.1" 200 -
[06/Aug/2026 14:55:45] "GET /Photos/2023/2023-04_%E5%A2%A8%E7%94%B0%E5%8D%80/IMG_4565.jpeg HTTP/1.1" 200 -
[06/Aug/2026 14:55:45] "GET /Photos/2023/2023-04_%E5%A2%A8%E7%94%B0%E5%8D%80/IMG_4587.jpeg HTTP/1.1" 200 -
[06/Aug/2026 14:55:45] "GET /Photos/2023/2023-04_%E5%A2%A8%E7%94%B0%E5%8D%80/IMG_3367.jpeg HTTP/1.1" 200 -
[06/Aug/2026 14:55:45] "GET /Photos/2023/2023-04_%E5%A2%A8%E7%94%B0%E5%8D%80/IMG_4615.jpeg HTTP/1.1" 200 -
[06/Aug/2026 14:55:46] "GET /Photos/2023/2023-04_%E5%A2%A8%E7%94%B0%E5%8D%80/IMG_4584.jpeg HTTP/1.1" 200 -
[06/Aug/2026 14:55:46] "GET /Photos/2023/2023-04_%E5%A2%A8%E7%94%B0%E5%8D%80/IMG_4571.jpeg HTTP/1.1" 200 -
[06/Aug/2026 14:55:46] "GET /Photos/2023/2023-04_%E5%A2%A8%E7%94%B0%E5%8D%80/IMG_4614.jpeg HTTP/1.1" 200 -
[06/Aug/2026 14:55:46] "GET /Photos/2023/2023-04_%E5%A2%A8%E7%94%B0%E5%8D%80/IMG_4613.jpeg HTTP/1.1" 200 -
[06/Aug/2026 14:55:46] "GET /Photos/2023/2023-04_%E5%A2%A8%E7%94%B0%E5%8D%80/IMG_4609.jpeg HTTP/1.1" 200 -
[06/Aug/2026 14:55:46] "GET /Photos/2023/2023-04_%E5%A2%A8%E7%94%B0%E5%8D%80/IMG_4582.jpeg HTTP/1.1" 200 -
[06/Aug/2026 14:55:46] "GET /Photos/2023/2023-04_%E5%A2%A8%E7%94%B0%E5%8D%80/IMG_4608.jpeg HTTP/1.1" 200 -
[06/Aug/2026 14:55:46] "GET /Photos/2023/2023-04_%E5%A2%A8%E7%94%B0%E5%8D%80/IMG_4624.jpeg HTTP/1.1" 200 -
[06/Aug/2026 14:55:47] "GET /Photos/2023/2023-03_%E6%9C%AA%E7%9F%A5%E5%9C%B0%E9%BB%9E/IMG_3150.JPG HTTP/1.1" 200 -
[06/Aug/2026 14:55:47] "GET /Photos/2023/2023-03_%E6%9C%AA%E7%9F%A5%E5%9C%B0%E9%BB%9E/IMG_3169.JPG HTTP/1.1" 200 -
[06/Aug/2026 14:55:47] "GET /Photos/2023/2023-03_%E6%9C%AA%E7%9F%A5%E5%9C%B0%E9%BB%9E/IMG_3168.JPG HTTP/1.1" 200 -
[06/Aug/2026 14:55:47] "GET /Photos/2023/2023-03_%E6%9C%AA%E7%9F%A5%E5%9C%B0%E9%BB%9E/IMG_3147.JPG HTTP/1.1" 200 -
[06/Aug/2026 14:55:47] "GET /Photos/2023/2023-03_%E6%9C%AA%E7%9F%A5%E5%9C%B0%E9%BB%9E/IMG_3167.JPG HTTP/1.1" 200 -
[06/Aug/2026 14:55:47] "GET /Photos/2023/2023-03_%E6%9C%AA%E7%9F%A5%E5%9C%B0%E9%BB%9E/IMG_3166.JPG HTTP/1.1" 200 -
[06/Aug/2026 14:55:47] "GET /Photos/2023/2023-03_%E6%9C%AA%E7%9F%A5%E5%9C%B0%E9%BB%9E/IMG_3164.JPG HTTP/1.1" 200 -
[06/Aug/2026 14:55:47] "GET /Photos/2023/2023-03_%E6%9C%AA%E7%9F%A5%E5%9C%B0%E9%BB%9E/IMG_3199.JPG HTTP/1.1" 200 -
[06/Aug/2026 14:55:47] "GET /Photos/2023/2023-03_%E6%9C%AA%E7%9F%A5%E5%9C%B0%E9%BB%9E/IMG_3170.JPG HTTP/1.1" 200 -
[06/Aug/2026 14:55:47] "GET /Photos/2023/2023-03_%E6%9C%AA%E7%9F%A5%E5%9C%B0%E9%BB%9E/IMG_3161.JPG HTTP/1.1" 200 -
[06/Aug/2026 14:55:47] "GET /Photos/2023/2023-03_%E6%9C%AA%E7%9F%A5%E5%9C%B0%E9%BB%9E/IMG_3149.JPG HTTP/1.1" 200 -
[06/Aug/2026 14:55:47] "GET /Photos/2023/2023-03_%E6%9C%AA%E7%9F%A5%E5%9C%B0%E9%BB%9E/IMG_3148.JPG HTTP/1.1" 200 -
[06/Aug/2026 14:55:47] "GET /Photos/2023/2023-03_%E6%9C%AA%E7%9F%A5%E5%9C%B0%E9%BB%9E/IMG_3160.JPG HTTP/1.1" 200 -
[06/Aug/2026 14:55:47] "GET /Photos/2023/2023-03_%E6%9C%AA%E7%9F%A5%E5%9C%B0%E9%BB%9E/IMG_3202.JPG HTTP/1.1" 200 -
[06/Aug/2026 14:55:47] "GET /Photos/2023/2023-03_%E6%9C%AA%E7%9F%A5%E5%9C%B0%E9%BB%9E/IMG_3162.JPG HTTP/1.1" 200 -
[06/Aug/2026 14:55:47] "GET /Photos/2023/2023-03_%E6%9C%AA%E7%9F%A5%E5%9C%B0%E9%BB%9E/IMG_3163.JPG HTTP/1.1" 200 -
[06/Aug/2026 14:55:48] "GET /Photos/2023/2023-02_%E8%87%BA%E4%B8%AD%E5%B8%82/IMG_3120.jpeg HTTP/1.1" 200 -
[06/Aug/2026 14:55:48] "GET /Photos/2023/2023-02_%E8%87%BA%E4%B8%AD%E5%B8%82/IMG_3116.jpeg HTTP/1.1" 200 -
[06/Aug/2026 14:55:48] "GET /Photos/2023/2023-02_%E8%87%BA%E4%B8%AD%E5%B8%82/IMG_3069.jpeg HTTP/1.1" 200 -
[06/Aug/2026 14:55:48] "GET /Photos/2023/2023-02_%E8%87%BA%E4%B8%AD%E5%B8%82/IMG_3121.jpeg HTTP/1.1" 200 -
[06/Aug/2026 14:55:48] "GET /Photos/2023/2023-02_%E8%87%BA%E4%B8%AD%E5%B8%82/IMG_3068.jpeg HTTP/1.1" 200 -
[06/Aug/2026 14:55:48] "GET /Photos/2023/2023-02_%E8%87%BA%E4%B8%AD%E5%B8%82/IMG_3065.jpeg HTTP/1.1" 200 -
[06/Aug/2026 14:55:48] "GET /Photos/2023/2023-02_%E8%87%BA%E4%B8%AD%E5%B8%82/IMG_3111.jpeg HTTP/1.1" 200 -
[06/Aug/2026 14:55:48] "GET /Photos/2023/2023-02_%E8%87%BA%E4%B8%AD%E5%B8%82/IMG_3113.jpeg HTTP/1.1" 200 -
[06/Aug/2026 14:55:48] "GET /Photos/2023/2023-02_%E8%87%BA%E4%B8%AD%E5%B8%82/IMG_3124.jpeg HTTP/1.1" 200 -
[06/Aug/2026 14:55:48] "GET /Photos/2023/2023-02_%E8%87%BA%E4%B8%AD%E5%B8%82/IMG_3112.jpeg HTTP/1.1" 200 -
[06/Aug/2026 14:55:48] "GET /Photos/2023/2023-02_%E8%87%BA%E4%B8%AD%E5%B8%82/IMG_3119.jpeg HTTP/1.1" 200 -
[06/Aug/2026 14:55:48] "GET /Photos/2023/2023-02_%E8%87%BA%E4%B8%AD%E5%B8%82/IMG_3066.jpeg HTTP/1.1" 200 -
[06/Aug/2026 14:55:48] "GET /Photos/2023/2023-02_%E8%87%BA%E4%B8%AD%E5%B8%82/IMG_3123.jpeg HTTP/1.1" 200 -
[06/Aug/2026 14:55:48] "GET /Photos/2023/2023-02_%E8%87%BA%E4%B8%AD%E5%B8%82/IMG_3070.jpeg HTTP/1.1" 200 -
[06/Aug/2026 14:55:48] "GET /Photos/2023/2023-02_%E8%87%BA%E4%B8%AD%E5%B8%82/IMG_3114.jpeg HTTP/1.1" 200 -
[06/Aug/2026 14:55:48] "GET /Photos/2023/2023-02_%E8%87%BA%E4%B8%AD%E5%B8%82/IMG_3115.jpeg HTTP/1.1" 200 -
[06/Aug/2026 14:55:48] "GET /Photos/2023/2023-02_%E8%87%BA%E4%B8%AD%E5%B8%82/IMG_3067.jpeg HTTP/1.1" 200 -
[06/Aug/2026 14:55:48] "GET /Photos/2023/2023-02_%E8%87%BA%E4%B8%AD%E5%B8%82/IMG_3122.jpeg HTTP/1.1" 200 -
[06/Aug/2026 14:55:48] "GET /Photos/2023/2023-02_%E8%87%BA%E4%B8%AD%E5%B8%82/IMG_3118.jpeg HTTP/1.1" 200 -
[06/Aug/2026 14:55:48] "GET /Photos/2023/2023-11_%E6%96%B0%E5%8C%97%E5%B8%82/IMG_4236.jpeg HTTP/1.1" 200 -
[06/Aug/2026 14:55:49] "GET /Photos/2023/2023-11_%E6%96%B0%E5%8C%97%E5%B8%82/IMG_4241.jpeg HTTP/1.1" 200 -
[06/Aug/2026 14:55:49] "GET /Photos/2023/2023-11_%E6%96%B0%E5%8C%97%E5%B8%82/IMG_4240.jpeg HTTP/1.1" 200 -
[06/Aug/2026 14:55:49] "GET /Photos/2023/2023-11_%E6%96%B0%E5%8C%97%E5%B8%82/IMG_4237.jpeg HTTP/1.1" 200 -
[06/Aug/2026 14:55:49] "GET /Photos/2023/2023-11_%E6%96%B0%E5%8C%97%E5%B8%82/IMG_4245.jpeg HTTP/1.1" 200 -
[06/Aug/2026 14:55:50] "GET /Photos/2023/2023-11_%E6%96%B0%E5%8C%97%E5%B8%82/IMG_4244.jpeg HTTP/1.1" 200 -
[06/Aug/2026 14:55:50] "GET /Photos/2023/2023-11_%E6%96%B0%E5%8C%97%E5%B8%82/IMG_4238.jpeg HTTP/1.1" 200 -
[06/Aug/2026 14:55:50] "GET /Photos/2023/2023-11_%E6%96%B0%E5%8C%97%E5%B8%82/IMG_4225.jpeg HTTP/1.1" 200 -
[06/Aug/2026 14:55:50] "GET /Photos/2023/2023-11_%E6%96%B0%E5%8C%97%E5%B8%82/IMG_4243.jpeg HTTP/1.1" 200 -
[06/Aug/2026 14:55:50] "GET /Photos/2023/2023-06_%E5%8F%B0%E5%8C%97/%E5%9F%BA%E9%9A%86/IMG_3623.jpeg HTTP/1.1" 200 -
[06/Aug/2026 14:55:50] "GET /Photos/2023/2023-06_%E5%8F%B0%E5%8C%97/%E5%9F%BA%E9%9A%86/IMG_3622.jpeg HTTP/1.1" 200 -
[06/Aug/2026 14:55:50] "GET /Photos/2023/2023-06_%E5%8F%B0%E5%8C%97/%E5%9F%BA%E9%9A%86/IMG_3625.jpeg HTTP/1.1" 200 -
[06/Aug/2026 14:55:50] "GET /Photos/2023/2023-06_%E5%8F%B0%E5%8C%97/%E5%9F%BA%E9%9A%86/IMG_3624.jpeg HTTP/1.1" 200 -
[06/Aug/2026 14:55:50] "GET /Photos/2023/2023-06_%E5%8F%B0%E5%8C%97/%E5%9F%BA%E9%9A%86/IMG_3626.jpeg HTTP/1.1" 200 -
[06/Aug/2026 14:55:50] "GET /Photos/2023/2023-06_%E5%8F%B0%E5%8C%97/%E5%9F%BA%E9%9A%86/IMG_3620.jpeg HTTP/1.1" 200 -
[06/Aug/2026 14:55:50] "GET /Photos/2023/2023-06_%E5%8F%B0%E5%8C%97/%E5%9F%BA%E9%9A%86/IMG_3621.jpeg HTTP/1.1" 200 -
[06/Aug/2026 14:55:50] "GET /Photos/2023/2023-03_%E5%BD%B0%E5%8C%96/%E5%98%89%E7%BE%A9/IMG_3171.jpeg HTTP/1.1" 200 -
[06/Aug/2026 14:55:50] "GET /Photos/2023/2023-03_%E5%BD%B0%E5%8C%96/%E5%98%89%E7%BE%A9/IMG_3172.jpeg HTTP/1.1" 200 -
[06/Aug/2026 14:55:50] "GET /Photos/2023/2023-03_%E5%BD%B0%E5%8C%96/%E5%98%89%E7%BE%A9/IMG_3173.jpeg HTTP/1.1" 200 -
[06/Aug/2026 14:55:50] "GET /Photos/2023/2023-03_%E5%BD%B0%E5%8C%96/%E5%98%89%E7%BE%A9/IMG_3174.jpeg HTTP/1.1" 200 -
[06/Aug/2026 14:55:50] "GET /Photos/2023/2023-02_%E5%8F%B0%E5%8C%97/%E5%9F%BA%E9%9A%86/IMG_3398.jpeg HTTP/1.1" 200 -
[06/Aug/2026 14:55:50] "GET /Photos/2023/2023-02_%E5%8F%B0%E5%8C%97/%E5%9F%BA%E9%9A%86/IMG_3418.jpeg HTTP/1.1" 200 -
[06/Aug/2026 14:55:50] "GET /Photos/2023/2023-02_%E5%8F%B0%E5%8C%97/%E5%9F%BA%E9%9A%86/IMG_3414.jpeg HTTP/1.1" 200 -
[06/Aug/2026 14:55:50] "GET /Photos/2023/2023-02_%E5%8F%B0%E5%8C%97/%E5%9F%BA%E9%9A%86/IMG_3101.jpeg HTTP/1.1" 200 -
[06/Aug/2026 14:55:50] "GET /Photos/2023/2023-02_%E5%8F%B0%E5%8C%97/%E5%9F%BA%E9%9A%86/IMG_3402.jpeg HTTP/1.1" 200 -
[06/Aug/2026 14:55:50] "GET /Photos/2023/2023-02_%E5%8F%B0%E5%8C%97/%E5%9F%BA%E9%9A%86/IMG_3403.jpeg HTTP/1.1" 200 -
[06/Aug/2026 14:55:50] "GET /Photos/2023/2023-02_%E5%8F%B0%E5%8C%97/%E5%9F%BA%E9%9A%86/IMG_3395.jpeg HTTP/1.1" 200 -
[06/Aug/2026 14:55:50] "GET /Photos/2023/2023-02_%E5%8F%B0%E5%8C%97/%E5%9F%BA%E9%9A%86/IMG_3100.jpeg HTTP/1.1" 200 -
[06/Aug/2026 14:55:50] "GET /Photos/2023/2023-02_%E5%8F%B0%E5%8C%97/%E5%9F%BA%E9%9A%86/IMG_3419.jpeg HTTP/1.1" 200 -
[06/Aug/2026 14:55:50] "GET /Photos/2023/2023-02_%E5%8F%B0%E5%8C%97/%E5%9F%BA%E9%9A%86/IMG_3404.jpeg HTTP/1.1" 200 -
[06/Aug/2026 14:55:50] "GET /Photos/2023/2023-02_%E5%8F%B0%E5%8C%97/%E5%9F%BA%E9%9A%86/IMG_3408.jpeg HTTP/1.1" 200 -
[06/Aug/2026 14:55:50] "GET /Photos/2023/2023-02_%E5%8F%B0%E5%8C%97/%E5%9F%BA%E9%9A%86/IMG_3110.jpeg HTTP/1.1" 200 -
[06/Aug/2026 14:55:50] "GET /Photos/2023/2023-02_%E5%8F%B0%E5%8C%97/%E5%9F%BA%E9%9A%86/IMG_3413.jpeg HTTP/1.1" 200 -
[06/Aug/2026 14:55:51] "GET /Photos/2023/2023-02_%E5%8F%B0%E5%8C%97/%E5%9F%BA%E9%9A%86/IMG_3406.jpeg HTTP/1.1" 200 -
[06/Aug/2026 14:55:51] "GET /Photos/2023/2023-02_%E5%8F%B0%E5%8C%97/%E5%9F%BA%E9%9A%86/IMG_3105.jpeg HTTP/1.1" 200 -
[06/Aug/2026 14:55:51] "GET /Photos/2023/2023-02_%E5%8F%B0%E5%8C%97/%E5%9F%BA%E9%9A%86/IMG_3410.jpeg HTTP/1.1" 200 -
[06/Aug/2026 14:55:51] "GET /Photos/2023/2023-02_%E5%8F%B0%E5%8C%97/%E5%9F%BA%E9%9A%86/IMG_3109.jpeg HTTP/1.1" 200 -
[06/Aug/2026 14:55:59] "GET /Photos/2023/2023-02_%E5%8F%B0%E5%8C%97/%E5%9F%BA%E9%9A%86/IMG_3104.jpeg HTTP/1.1" 200 -
[06/Aug/2026 14:55:59] "GET /Photos/2023/2023-02_%E5%8F%B0%E5%8C%97/%E5%9F%BA%E9%9A%86/IMG_3098.jpeg HTTP/1.1" 200 -
[06/Aug/2026 14:55:59] "GET /Photos/2023/2023-02_%E5%8F%B0%E5%8C%97/%E5%9F%BA%E9%9A%86/IMG_3417.jpeg HTTP/1.1" 200 -
[06/Aug/2026 14:55:59] "GET /Photos/2023/2023-02_%E5%8F%B0%E5%8C%97/%E5%9F%BA%E9%9A%86/IMG_3099.jpeg HTTP/1.1" 200 -
[06/Aug/2026 14:55:59] "GET /Photos/2023/2023-02_%E5%8F%B0%E5%8C%97/%E5%9F%BA%E9%9A%86/IMG_3411.jpeg HTTP/1.1" 200 -
[06/Aug/2026 14:55:59] "GET /Photos/2023/2023-02_%E5%8F%B0%E5%8C%97/%E5%9F%BA%E9%9A%86/IMG_3102.jpeg HTTP/1.1" 200 -
[06/Aug/2026 14:55:59] "GET /Photos/2023/2023-02_%E5%8F%B0%E5%8C%97/%E5%9F%BA%E9%9A%86/IMG_3397.jpeg HTTP/1.1" 200 -
[06/Aug/2026 14:55:59] "GET /Photos/2023/2023-02_%E5%8F%B0%E5%8C%97/%E5%9F%BA%E9%9A%86/IMG_3401.jpeg HTTP/1.1" 200 -
[06/Aug/2026 14:55:59] "GET /Photos/2023/2023-07_%E5%BD%B0%E5%8C%96/%E5%98%89%E7%BE%A9/IMG_3645.jpeg HTTP/1.1" 200 -
[06/Aug/2026 14:55:59] "GET /Photos/2023/2023-07_%E5%8F%B0%E5%8C%97/%E5%9F%BA%E9%9A%86/IMG_3636.jpeg HTTP/1.1" 200 -
[06/Aug/2026 14:55:59] "GET /Photos/2023/2023-07_%E5%8F%B0%E5%8C%97/%E5%9F%BA%E9%9A%86/IMG_3635.jpeg HTTP/1.1" 200 -
[06/Aug/2026 14:55:59] "GET /Photos/2023/2023-08_%E5%8F%B0%E5%8C%97/%E5%9F%BA%E9%9A%86/IMG_3740.jpeg HTTP/1.1" 200 -
[06/Aug/2026 14:56:00] "GET /Photos/2023/2023-08_%E5%8F%B0%E5%8C%97/%E5%9F%BA%E9%9A%86/IMG_3721.jpeg HTTP/1.1" 200 -
[06/Aug/2026 14:56:00] "GET /Photos/2023/2023-08_%E5%8F%B0%E5%8C%97/%E5%9F%BA%E9%9A%86/IMG_3739.jpeg HTTP/1.1" 200 -
[06/Aug/2026 14:56:00] "GET /Photos/2023/2023-08_%E5%8F%B0%E5%8C%97/%E5%9F%BA%E9%9A%86/IMG_3722.jpeg HTTP/1.1" 200 -
[06/Aug/2026 14:56:00] "GET /Photos/2023/2023-08_%E5%8F%B0%E5%8C%97/%E5%9F%BA%E9%9A%86/IMG_3743.jpeg HTTP/1.1" 200 -
[06/Aug/2026 14:56:00] "GET /Photos/2023/2023-04_%E6%96%B0%E7%AB%B9/%E5%8F%B0%E4%B8%AD/IMG_3255.jpeg HTTP/1.1" 200 -
[06/Aug/2026 14:56:00] "GET /Photos/2023/2023-08_%E5%8F%B0%E5%8C%97/%E5%9F%BA%E9%9A%86/IMG_3811.jpeg HTTP/1.1" 200 -
[06/Aug/2026 14:56:00] "GET /Photos/2023/2023-10_%E5%8F%B0%E5%8C%97/%E5%9F%BA%E9%9A%86/IMG_4021.jpeg HTTP/1.1" 200 -
[06/Aug/2026 14:56:00] "GET /Photos/2023/2023-10_%E5%8F%B0%E5%8C%97/%E5%9F%BA%E9%9A%86/IMG_4020.jpeg HTTP/1.1" 200 -
[06/Aug/2026 14:56:01] "GET /Photos/2023/2023-10_%E5%8F%B0%E5%8C%97/%E5%9F%BA%E9%9A%86/IMG_4027.jpeg HTTP/1.1" 200 -
[06/Aug/2026 14:56:01] "GET /Photos/2023/2023-10_%E5%8F%B0%E5%8C%97/%E5%9F%BA%E9%9A%86/IMG_4031.jpeg HTTP/1.1" 200 -
[06/Aug/2026 14:56:01] "GET /Photos/2023/2023-10_%E5%8F%B0%E5%8C%97/%E5%9F%BA%E9%9A%86/IMG_4030.jpeg HTTP/1.1" 200 -
[06/Aug/2026 14:56:01] "GET /Photos/2023/2023-10_%E5%8F%B0%E5%8C%97/%E5%9F%BA%E9%9A%86/IMG_4011.jpeg HTTP/1.1" 200 -
[06/Aug/2026 14:56:01] "GET /Photos/2023/2023-10_%E5%8F%B0%E5%8C%97/%E5%9F%BA%E9%9A%86/IMG_4013.jpeg HTTP/1.1" 200 -
[06/Aug/2026 14:56:01] "GET /Photos/2023/2023-10_%E5%8F%B0%E5%8C%97/%E5%9F%BA%E9%9A%86/IMG_4025.jpeg HTTP/1.1" 200 -
[06/Aug/2026 14:56:01] "GET /Photos/2023/2023-10_%E5%8F%B0%E5%8C%97/%E5%9F%BA%E9%9A%86/IMG_4033.jpeg HTTP/1.1" 200 -
[06/Aug/2026 14:56:01] "GET /Photos/2023/2023-10_%E5%8F%B0%E5%8C%97/%E5%9F%BA%E9%9A%86/IMG_4024.jpeg HTTP/1.1" 200 -
[06/Aug/2026 14:56:02] "GET /Photos/2023/2023-10_%E5%8F%B0%E5%8C%97/%E5%9F%BA%E9%9A%86/IMG_4032.jpeg HTTP/1.1" 200 -
[06/Aug/2026 14:56:02] "GET /Photos/2023/2023-10_%E5%8F%B0%E5%8C%97/%E5%9F%BA%E9%9A%86/IMG_4019.jpeg HTTP/1.1" 200 -
[06/Aug/2026 14:56:02] "GET /Photos/2023/2023-10_%E5%8F%B0%E5%8C%97/%E5%9F%BA%E9%9A%86/IMG_4028.jpeg HTTP/1.1" 200 -
[06/Aug/2026 14:56:02] "GET /Photos/2023/2023-10_%E5%8F%B0%E5%8C%97/%E5%9F%BA%E9%9A%86/IMG_4023.jpeg HTTP/1.1" 200 -
[06/Aug/2026 14:56:03] "GET /Photos/2023/2023-10_%E5%8F%B0%E5%8C%97/%E5%9F%BA%E9%9A%86/IMG_4166.jpeg HTTP/1.1" 200 -
[06/Aug/2026 14:56:03] "GET /Photos/2023/2023-10_%E5%8F%B0%E5%8C%97/%E5%9F%BA%E9%9A%86/IMG_4014.jpeg HTTP/1.1" 200 -
[06/Aug/2026 14:56:03] "GET /Photos/2023/2023-10_%E5%8F%B0%E5%8C%97/%E5%9F%BA%E9%9A%86/IMG_4022.jpeg HTTP/1.1" 200 -
[06/Aug/2026 14:56:03] "GET /Photos/2023/2023-10_%E5%8F%B0%E5%8C%97/%E5%9F%BA%E9%9A%86/IMG_4018.jpeg HTTP/1.1" 200 -
[06/Aug/2026 14:56:04] "GET /Photos/2023/2023-04_%E5%8F%B0%E5%8C%97/%E5%9F%BA%E9%9A%86/IMG_3286.jpeg HTTP/1.1" 200 -
[06/Aug/2026 14:56:04] "GET /Photos/2023/2023-04_%E5%8F%B0%E5%8C%97/%E5%9F%BA%E9%9A%86/IMG_3287.jpeg HTTP/1.1" 200 -
[06/Aug/2026 14:56:04] "GET /Photos/2023/2023-04_%E5%8F%B0%E5%8C%97/%E5%9F%BA%E9%9A%86/IMG_3257.jpeg HTTP/1.1" 200 -
[06/Aug/2026 14:56:04] "GET /Photos/2023/2023-04_%E5%8F%B0%E5%8C%97/%E5%9F%BA%E9%9A%86/IMG_3258.jpeg HTTP/1.1" 200 -
[06/Aug/2026 14:56:04] "GET /Photos/2023/2023-04_%E5%8F%B0%E5%8C%97/%E5%9F%BA%E9%9A%86/IMG_3260.jpeg HTTP/1.1" 200 -
[06/Aug/2026 14:56:04] "GET /Photos/2023/2023-04_%E5%8F%B0%E5%8C%97/%E5%9F%BA%E9%9A%86/IMG_3259.jpeg HTTP/1.1" 200 -
[06/Aug/2026 14:56:04] "GET /Photos/2023/2023-04_%E5%8F%B0%E5%8C%97/%E5%9F%BA%E9%9A%86/IMG_3288.jpeg HTTP/1.1" 200 -
[06/Aug/2026 14:56:04] "GET /Photos/2023/2023-04_%E5%8F%B0%E5%8C%97/%E5%9F%BA%E9%9A%86/IMG_3289.jpeg HTTP/1.1" 200 -
[06/Aug/2026 14:56:04] "GET /Photos/2023/2023-11_%E5%8F%B0%E5%8C%97/%E5%9F%BA%E9%9A%86/FullSizeRender%20(1).JPG HTTP/1.1" 200 -
[06/Aug/2026 14:56:04] "GET /Photos/2023/2023-11_%E5%8F%B0%E5%8C%97/%E5%9F%BA%E9%9A%86/IMG_4267.jpeg HTTP/1.1" 200 -
[06/Aug/2026 14:56:04] "GET /Photos/2023/2023-11_%E5%8F%B0%E5%8C%97/%E5%9F%BA%E9%9A%86/IMG_4266.jpeg HTTP/1.1" 200 -
[06/Aug/2026 14:56:04] "GET /Photos/2023/2023-11_%E5%8F%B0%E5%8C%97/%E5%9F%BA%E9%9A%86/FullSizeRender.JPG HTTP/1.1" 200 -
[06/Aug/2026 14:56:05] "GET /Photos/2023/2023-11_%E5%8F%B0%E5%8C%97/%E5%9F%BA%E9%9A%86/IMG_4268.jpeg HTTP/1.1" 200 -
[06/Aug/2026 14:56:05] "GET /Photos/2023/2023-11_%E5%8F%B0%E5%8C%97/%E5%9F%BA%E9%9A%86/FullSizeRender%20(3).JPG HTTP/1.1" 200 -
[06/Aug/2026 14:56:05] "GET /Photos/2023/2023-11_%E5%8F%B0%E5%8C%97/%E5%9F%BA%E9%9A%86/FullSizeRender%20(2).JPG HTTP/1.1" 200 -
[06/Aug/2026 14:56:05] "GET /Photos/2023/2023-11_%E5%8F%B0%E5%8C%97/%E5%9F%BA%E9%9A%86/FullSizeRender%20(4).JPG HTTP/1.1" 200 -
[06/Aug/2026 14:56:51] "GET /Photos/2014/2014-05_%E6%9C%AA%E7%9F%A5%E5%9C%B0%E9%BB%9E/FBE9B881-1C22-4C5E-A304-D7A9B9F4EA60.jpeg HTTP/1.1" 200 -
[06/Aug/2026 14:56:51] "GET /Photos/2014/2014-05_%E6%9C%AA%E7%9F%A5%E5%9C%B0%E9%BB%9E/13E5F047-B20C-473F-BF27-91B75398038C_1_201_a.jpeg HTTP/1.1" 200 -
[06/Aug/2026 14:56:51] "GET /Photos/2014/2014-05_%E6%9C%AA%E7%9F%A5%E5%9C%B0%E9%BB%9E/1193CA18-8F53-454D-B5FC-72460889BD04_1_201_a.jpeg HTTP/1.1" 200 -
[06/Aug/2026 14:56:51] "GET /Photos/2014/2014-05_%E6%9C%AA%E7%9F%A5%E5%9C%B0%E9%BB%9E/5B353DD9-5179-491C-A510-A95B2A5499F4_1_201_a.jpeg HTTP/1.1" 200 -
[06/Aug/2026 14:56:51] "GET /Photos/2014/2014-05_%E6%9C%AA%E7%9F%A5%E5%9C%B0%E9%BB%9E/BF8A43DB-2BAA-4071-9EDC-7EDA89CCC700_1_201_a.jpeg HTTP/1.1" 200 -
[06/Aug/2026 14:56:51] "GET /Photos/2014/2014-05_%E6%9C%AA%E7%9F%A5%E5%9C%B0%E9%BB%9E/B59C44FE-95F5-4FB5-9157-FF2CDACAAE9F_1_201_a.jpeg HTTP/1.1" 200 -
[06/Aug/2026 14:56:51] "GET /Photos/2014/2014-05_%E6%9C%AA%E7%9F%A5%E5%9C%B0%E9%BB%9E/9B84D6F0-8A63-42BE-9F32-0C5CA2B1DA7E.jpeg HTTP/1.1" 200 -
[06/Aug/2026 14:57:04] "GET /Photos/2014/2014-01_%E6%9C%AA%E7%9F%A5%E5%9C%B0%E9%BB%9E/67A2BC3A-916D-42F8-B989-962E5B41478A.jpeg HTTP/1.1" 200 -
[06/Aug/2026 14:57:07] "GET /Photos/2014/2014-05_%E6%9C%AA%E7%9F%A5%E5%9C%B0%E9%BB%9E/50975177-1CC2-46B5-8D5B-DCBD823A3428.jpeg HTTP/1.1" 200 -
[06/Aug/2026 14:57:13] "GET /Photos/2014/2014-10_%E6%9C%AA%E7%9F%A5%E5%9C%B0%E9%BB%9E/4983F73B-9717-4BBB-80D8-CBB0E010016A.jpeg HTTP/1.1" 200 -
[06/Aug/2026 14:57:13] "GET /Photos/2014/2014-10_%E6%9C%AA%E7%9F%A5%E5%9C%B0%E9%BB%9E/8E9160B0-231C-4801-AF8F-EC24E545415B.jpeg HTTP/1.1" 200 -
[06/Aug/2026 14:57:13] "GET /Photos/2014/2014-10_%E6%9C%AA%E7%9F%A5%E5%9C%B0%E9%BB%9E/FE6C398A-13D5-4B2A-A441-9D36C87E6DDC.jpeg HTTP/1.1" 200 -
[06/Aug/2026 14:57:13] "GET /Photos/2014/2014-10_%E6%9C%AA%E7%9F%A5%E5%9C%B0%E9%BB%9E/88AE79F7-6542-4F96-8374-ABDA4B37886A.jpeg HTTP/1.1" 200 -
[06/Aug/2026 14:57:13] "GET /Photos/2014/2014-06_%E6%9C%AA%E7%9F%A5%E5%9C%B0%E9%BB%9E/305B26FF-A814-4BD3-9957-AEE52DC9C2D7.jpeg HTTP/1.1" 200 -
[06/Aug/2026 14:57:13] "GET /Photos/2014/2014-06_%E6%9C%AA%E7%9F%A5%E5%9C%B0%E9%BB%9E/D45F045B-E85F-40DC-A43C-A9DB8F3C92E3.jpeg HTTP/1.1" 200 -
[06/Aug/2026 14:57:13] "GET /Photos/2014/2014-06_%E6%9C%AA%E7%9F%A5%E5%9C%B0%E9%BB%9E/1CBFA005-82E9-401F-8D20-1F524F51B249.jpeg HTTP/1.1" 200 -
[06/Aug/2026 14:57:13] "GET /Photos/2014/2014-06_%E6%9C%AA%E7%9F%A5%E5%9C%B0%E9%BB%9E/36E2BF37-5D9B-45FD-AE6C-E565B3165D8C.jpeg HTTP/1.1" 200 -
[06/Aug/2026 14:57:13] "GET /Photos/2014/2014-06_%E6%9C%AA%E7%9F%A5%E5%9C%B0%E9%BB%9E/F587DC1D-FE46-4FDE-8687-BFD5485B3AD4.jpeg HTTP/1.1" 200 -
[06/Aug/2026 14:57:13] "GET /Photos/2014/2014-06_%E6%9C%AA%E7%9F%A5%E5%9C%B0%E9%BB%9E/86A7564A-DB52-4347-BF31-4769C99E0048.jpeg HTTP/1.1" 200 -
[06/Aug/2026 14:57:14] "GET /Photos/2014/2014-06_%E6%9C%AA%E7%9F%A5%E5%9C%B0%E9%BB%9E/550B8C37-6DF0-487B-81D7-087CD89D427F.jpeg HTTP/1.1" 200 -
[06/Aug/2026 14:57:14] "GET /Photos/2014/2014-06_%E6%9C%AA%E7%9F%A5%E5%9C%B0%E9%BB%9E/499F463A-82C1-42F2-9F78-9743AFA27F5B.jpeg HTTP/1.1" 200 -
[06/Aug/2026 14:57:14] "GET /Photos/2014/2014-06_%E6%9C%AA%E7%9F%A5%E5%9C%B0%E9%BB%9E/8185521D-3457-45E6-9763-698A660A4816.jpeg HTTP/1.1" 200 -
[06/Aug/2026 14:57:14] "GET /Photos/2014/2014-09_%E6%9C%AA%E7%9F%A5%E5%9C%B0%E9%BB%9E/3DDA48F6-FB44-4300-817E-B55385B844BF.jpeg HTTP/1.1" 200 -
[06/Aug/2026 14:57:14] "GET /Photos/2014/2014-09_%E6%9C%AA%E7%9F%A5%E5%9C%B0%E9%BB%9E/B44E0C23-C1F1-4E7D-9DF2-83056F50B3EC.jpeg HTTP/1.1" 200 -
[06/Aug/2026 14:57:14] "GET /Photos/2014/2014-09_%E6%9C%AA%E7%9F%A5%E5%9C%B0%E9%BB%9E/2ECF57CE-DACC-4177-8B6C-B6F02AF3D90F.jpeg HTTP/1.1" 200 -
[06/Aug/2026 14:57:14] "GET /Photos/2014/2014-09_%E6%9C%AA%E7%9F%A5%E5%9C%B0%E9%BB%9E/F43E6CE2-3F39-4A81-BF61-B761FF9A4C08.jpeg HTTP/1.1" 200 -
[06/Aug/2026 14:57:14] "GET /Photos/2014/2014-09_%E6%9C%AA%E7%9F%A5%E5%9C%B0%E9%BB%9E/C6C0BB9E-D7E2-4522-8056-4EA764036B71.jpeg HTTP/1.1" 200 -
[06/Aug/2026 14:57:14] "GET /Photos/2014/2014-09_%E6%9C%AA%E7%9F%A5%E5%9C%B0%E9%BB%9E/A0B40696-C4F8-4057-9304-9B08FB1A2DFB.jpeg HTTP/1.1" 200 -
[06/Aug/2026 14:57:14] "GET /Photos/2014/2014-05_%E6%9C%AA%E7%9F%A5%E5%9C%B0%E9%BB%9E/50075931-1D37-4C11-9D92-2A10F835D3D9.jpeg HTTP/1.1" 200 -
[06/Aug/2026 14:57:14] "GET /Photos/2014/2014-05_%E6%9C%AA%E7%9F%A5%E5%9C%B0%E9%BB%9E/07E3387D-EA94-4BF4-8207-FCE936771177.jpeg HTTP/1.1" 200 -
[06/Aug/2026 14:57:14] "GET /Photos/2014/2014-05_%E6%9C%AA%E7%9F%A5%E5%9C%B0%E9%BB%9E/FFEA1017-0A3D-43C1-B7C0-94003F78EEC1.jpeg HTTP/1.1" 200 -
[06/Aug/2026 14:57:14] "GET /Photos/2014/2014-05_%E6%9C%AA%E7%9F%A5%E5%9C%B0%E9%BB%9E/76358F20-314F-4FBB-BF79-BA94AF6582EA.jpeg HTTP/1.1" 200 -
[06/Aug/2026 14:57:14] "GET /Photos/2014/2014-05_%E6%9C%AA%E7%9F%A5%E5%9C%B0%E9%BB%9E/A8D87E16-1D56-40AD-9621-41D423CAE95A.jpeg HTTP/1.1" 200 -
[06/Aug/2026 14:57:14] "GET /Photos/2014/2014-04_%E6%9C%AA%E7%9F%A5%E5%9C%B0%E9%BB%9E/581C9CED-F0CA-43DB-9BB4-DC9BAEB1C6D5.jpeg HTTP/1.1" 200 -
[06/Aug/2026 14:57:14] "GET /Photos/2014/2014-04_%E6%9C%AA%E7%9F%A5%E5%9C%B0%E9%BB%9E/5929FA62-960F-4E54-B3F3-E739FE3BE380.jpeg HTTP/1.1" 200 -
[06/Aug/2026 14:57:14] "GET /Photos/2014/2014-04_%E6%9C%AA%E7%9F%A5%E5%9C%B0%E9%BB%9E/932831CC-9D81-4FE6-8492-63EEA47FA4CD.jpeg HTTP/1.1" 200 -
[06/Aug/2026 14:57:14] "GET /Photos/2014/2014-04_%E6%9C%AA%E7%9F%A5%E5%9C%B0%E9%BB%9E/B6880C7D-DB46-485B-9E89-13B33F8D6C9D_1_201_a.jpeg HTTP/1.1" 200 -
[06/Aug/2026 14:57:14] "GET /Photos/2014/2014-04_%E6%9C%AA%E7%9F%A5%E5%9C%B0%E9%BB%9E/D029748B-E3FA-4B4F-8987-1090D85B0C7E.jpeg HTTP/1.1" 200 -
[06/Aug/2026 14:57:14] "GET /Photos/2014/2014-04_%E6%9C%AA%E7%9F%A5%E5%9C%B0%E9%BB%9E/8A53FE94-9C15-4545-8CBD-7327C07794AA.jpeg HTTP/1.1" 200 -
[06/Aug/2026 14:57:14] "GET /Photos/2014/2014-04_%E6%9C%AA%E7%9F%A5%E5%9C%B0%E9%BB%9E/0F4834D6-610A-42BA-8131-F1B9EB30A34A.jpeg HTTP/1.1" 200 -
[06/Aug/2026 14:57:14] "GET /Photos/2014/2014-04_%E6%9C%AA%E7%9F%A5%E5%9C%B0%E9%BB%9E/1F6355FF-AFC9-4BBF-AD11-FD91CB2B1CF9.jpeg HTTP/1.1" 200 -
[06/Aug/2026 14:57:14] "GET /Photos/2014/2014-04_%E6%9C%AA%E7%9F%A5%E5%9C%B0%E9%BB%9E/F526ED26-3023-4C8D-AE6B-CB5B4EF20431_1_201_a.jpeg HTTP/1.1" 200 -
[06/Aug/2026 14:57:14] "GET /Photos/2014/2014-04_%E6%9C%AA%E7%9F%A5%E5%9C%B0%E9%BB%9E/A7831F54-5003-4266-BC23-1DA34F178DD0.jpeg HTTP/1.1" 200 -
[06/Aug/2026 14:57:14] "GET /Photos/2014/2014-04_%E6%9C%AA%E7%9F%A5%E5%9C%B0%E9%BB%9E/CA6762D1-BC11-4922-BEAA-060F28324D00.jpeg HTTP/1.1" 200 -
[06/Aug/2026 14:57:14] "GET /Photos/2014/2014-04_%E6%9C%AA%E7%9F%A5%E5%9C%B0%E9%BB%9E/C4012B5A-E7A1-4FC6-869C-56AB0C1573BA.jpeg HTTP/1.1" 200 -
[06/Aug/2026 14:57:14] "GET /Photos/2014/2014-04_%E6%9C%AA%E7%9F%A5%E5%9C%B0%E9%BB%9E/6C6A20E1-10CB-40C3-BE1D-3D146DD1441F.jpeg HTTP/1.1" 200 -
[06/Aug/2026 14:57:14] "GET /Photos/2014/2014-04_%E6%9C%AA%E7%9F%A5%E5%9C%B0%E9%BB%9E/A9CDE83B-6A5C-49AB-B913-3903AF52AD74.jpeg HTTP/1.1" 200 -
[06/Aug/2026 14:57:14] "GET /Photos/2014/2014-04_%E6%9C%AA%E7%9F%A5%E5%9C%B0%E9%BB%9E/2AA27CC2-021C-4951-85BA-6DB7EEBC7563.jpeg HTTP/1.1" 200 -
[06/Aug/2026 14:57:14] "GET /Photos/2014/2014-04_%E6%9C%AA%E7%9F%A5%E5%9C%B0%E9%BB%9E/82B4B58C-88ED-4F80-A4FF-C1D0C5EC5477.jpeg HTTP/1.1" 200 -
[06/Aug/2026 14:57:14] "GET /Photos/2014/2014-12_%E6%9C%AA%E7%9F%A5%E5%9C%B0%E9%BB%9E/C6A69DF9-189C-4D3C-B0E0-AD45B9E21DE8.jpeg HTTP/1.1" 200 -
[06/Aug/2026 14:57:14] "GET /Photos/2014/2014-12_%E6%9C%AA%E7%9F%A5%E5%9C%B0%E9%BB%9E/B1EBEF79-FD86-473E-986B-B6A416BF8F96.jpeg HTTP/1.1" 200 -
[06/Aug/2026 14:57:14] "GET /Photos/2014/2014-12_%E6%9C%AA%E7%9F%A5%E5%9C%B0%E9%BB%9E/102B244C-BAFD-4C15-BB6C-9E3B52B12B3F.jpeg HTTP/1.1" 200 -
[06/Aug/2026 14:57:15] "GET /Photos/2014/2014-12_%E6%9C%AA%E7%9F%A5%E5%9C%B0%E9%BB%9E/5960C2FC-9560-449C-A069-DFDBCAD62929.jpeg HTTP/1.1" 200 -
[06/Aug/2026 14:57:15] "GET /Photos/2014/2014-12_%E6%9C%AA%E7%9F%A5%E5%9C%B0%E9%BB%9E/01198279-20D2-40EA-949B-DB1C5B31FAE7.jpeg HTTP/1.1" 200 -
[06/Aug/2026 14:57:15] "GET /Photos/2014/2014-12_%E6%9C%AA%E7%9F%A5%E5%9C%B0%E9%BB%9E/C8B48E52-1B4F-4DA3-B95F-1ACC27674FDB.jpeg HTTP/1.1" 200 -
[06/Aug/2026 14:57:15] "GET /Photos/2014/2014-12_%E6%9C%AA%E7%9F%A5%E5%9C%B0%E9%BB%9E/DB052E72-063E-4A99-87EA-6E7273F62689.jpeg HTTP/1.1" 200 -
[06/Aug/2026 14:57:15] "GET /Photos/2014/2014-12_%E6%9C%AA%E7%9F%A5%E5%9C%B0%E9%BB%9E/52DD6471-8F78-4CF9-B0E7-5E11DBE14463.jpeg HTTP/1.1" 200 -
[06/Aug/2026 14:57:15] "GET /Photos/2014/2014-12_%E6%9C%AA%E7%9F%A5%E5%9C%B0%E9%BB%9E/D98F0742-28E5-4003-BBE0-2A0297E90E6C.jpeg HTTP/1.1" 200 -
[06/Aug/2026 14:57:15] "GET /Photos/2014/2014-12_%E6%9C%AA%E7%9F%A5%E5%9C%B0%E9%BB%9E/9EB0D04A-F8E9-43AF-BBA5-33149513291B.jpeg HTTP/1.1" 200 -
[06/Aug/2026 14:57:15] "GET /Photos/2014/2014-12_%E6%9C%AA%E7%9F%A5%E5%9C%B0%E9%BB%9E/64CE2C73-8B0A-4CEE-B5FE-356CE161EFC2.jpeg HTTP/1.1" 200 -
[06/Aug/2026 14:57:15] "GET /Photos/2014/2014-12_%E6%9C%AA%E7%9F%A5%E5%9C%B0%E9%BB%9E/38586C0D-C9A0-4C03-92C7-7CABCEC85881.jpeg HTTP/1.1" 200 -
[06/Aug/2026 14:57:15] "GET /Photos/2014/2014-12_%E6%9C%AA%E7%9F%A5%E5%9C%B0%E9%BB%9E/268AB4C0-4DDA-42E6-B293-448407EEEFEC.jpeg HTTP/1.1" 200 -
[06/Aug/2026 14:57:15] "GET /Photos/2014/2014-12_%E6%9C%AA%E7%9F%A5%E5%9C%B0%E9%BB%9E/A57530BC-9C16-4396-AD6E-767CE6EAB45C.jpeg HTTP/1.1" 200 -
[06/Aug/2026 14:57:15] "GET /Photos/2014/2014-12_%E6%9C%AA%E7%9F%A5%E5%9C%B0%E9%BB%9E/0EF94473-1B8E-4E43-AF78-64795EF5BFE4.jpeg HTTP/1.1" 200 -
[06/Aug/2026 14:57:15] "GET /Photos/2014/2014-12_%E6%9C%AA%E7%9F%A5%E5%9C%B0%E9%BB%9E/41ECB071-EF13-4215-844C-34F73C594B09.jpeg HTTP/1.1" 200 -
[06/Aug/2026 14:57:15] "GET /Photos/2014/2014-12_%E6%9C%AA%E7%9F%A5%E5%9C%B0%E9%BB%9E/CE6DAD56-61D2-4A87-9331-9D317FD5F609.jpeg HTTP/1.1" 200 -
[06/Aug/2026 14:57:15] "GET /Photos/2014/2014-12_%E6%9C%AA%E7%9F%A5%E5%9C%B0%E9%BB%9E/E38D1A82-C81D-4EA1-BE19-4D1CB4FE92CF.jpeg HTTP/1.1" 200 -
[06/Aug/2026 14:57:15] "GET /Photos/2014/2014-12_%E6%9C%AA%E7%9F%A5%E5%9C%B0%E9%BB%9E/DA6B2908-4EE7-4D33-B8ED-A11FCCF4DFF9.jpeg HTTP/1.1" 200 -
[06/Aug/2026 14:57:15] "GET /Photos/2014/2014-12_%E6%9C%AA%E7%9F%A5%E5%9C%B0%E9%BB%9E/5984A6A0-932C-4155-85B3-249F06CF965B.jpeg HTTP/1.1" 200 -
[06/Aug/2026 14:57:15] "GET /Photos/2014/2014-12_%E6%9C%AA%E7%9F%A5%E5%9C%B0%E9%BB%9E/0936FF8B-AEE1-4B51-B6DB-20F22F9A9B71.jpeg HTTP/1.1" 200 -
[06/Aug/2026 14:57:15] "GET /Photos/2014/2014-12_%E6%9C%AA%E7%9F%A5%E5%9C%B0%E9%BB%9E/5BB7556A-A9F7-470E-8FB4-FAE928156461.jpeg HTTP/1.1" 200 -
[06/Aug/2026 14:57:15] "GET /Photos/2014/2014-12_%E6%9C%AA%E7%9F%A5%E5%9C%B0%E9%BB%9E/E417B323-162B-4C5D-846D-C0ABCE9ACE01.jpeg HTTP/1.1" 200 -
[06/Aug/2026 14:57:15] "GET /Photos/2014/2014-12_%E6%9C%AA%E7%9F%A5%E5%9C%B0%E9%BB%9E/DB1887D5-8566-462A-B473-307E13E83061.jpeg HTTP/1.1" 200 -
[06/Aug/2026 14:57:15] "GET /Photos/2014/2014-12_%E6%9C%AA%E7%9F%A5%E5%9C%B0%E9%BB%9E/8D608527-2108-4DC0-BD05-36127BEEDA66.jpeg HTTP/1.1" 200 -
[06/Aug/2026 14:57:15] "GET /Photos/2014/2014-12_%E6%9C%AA%E7%9F%A5%E5%9C%B0%E9%BB%9E/7FA8E402-A90A-4EAD-B9EC-C4287C0ACA4D.jpeg HTTP/1.1" 200 -
[06/Aug/2026 14:57:15] "GET /Photos/2014/2014-12_%E6%9C%AA%E7%9F%A5%E5%9C%B0%E9%BB%9E/1300C9CD-518B-4F0F-8047-9516816A388A.jpeg HTTP/1.1" 200 -
[06/Aug/2026 14:57:15] "GET /Photos/2014/2014-12_%E6%9C%AA%E7%9F%A5%E5%9C%B0%E9%BB%9E/8AF726C7-BBFF-4FDF-BF28-FDC362037CCA.jpeg HTTP/1.1" 200 -
[06/Aug/2026 14:57:15] "GET /Photos/2014/2014-12_%E6%9C%AA%E7%9F%A5%E5%9C%B0%E9%BB%9E/270FC892-D829-422E-8D3D-4B98FD980615.jpeg HTTP/1.1" 200 -
[06/Aug/2026 14:57:15] "GET /Photos/2014/2014-12_%E6%9C%AA%E7%9F%A5%E5%9C%B0%E9%BB%9E/3C3A4710-8D44-4CF8-B1A9-C8600B249434.jpeg HTTP/1.1" 200 -
[06/Aug/2026 14:57:15] "GET /Photos/2014/2014-12_%E6%9C%AA%E7%9F%A5%E5%9C%B0%E9%BB%9E/41C5F60A-842F-48C1-A849-F32497C25C0E.jpeg HTTP/1.1" 200 -
[06/Aug/2026 14:57:15] "GET /Photos/2014/2014-12_%E6%9C%AA%E7%9F%A5%E5%9C%B0%E9%BB%9E/E9F0A2F4-9AB4-4047-97C7-8181164CE0EB.jpeg HTTP/1.1" 200 -
[06/Aug/2026 14:57:15] "GET /Photos/2014/2014-12_%E6%9C%AA%E7%9F%A5%E5%9C%B0%E9%BB%9E/2308405C-4C7F-4EAF-851C-B39575B9CA83.jpeg HTTP/1.1" 200 -
[06/Aug/2026 14:57:15] "GET /Photos/2014/2014-12_%E6%9C%AA%E7%9F%A5%E5%9C%B0%E9%BB%9E/9F45A7B1-AD4D-41E6-A04E-2FF3679C2392.jpeg HTTP/1.1" 200 -
[06/Aug/2026 14:57:15] "GET /Photos/2014/2014-12_%E6%9C%AA%E7%9F%A5%E5%9C%B0%E9%BB%9E/190CB114-C353-488C-BCD4-049AAEC5176F.jpeg HTTP/1.1" 200 -
[06/Aug/2026 14:57:15] "GET /Photos/2014/2014-12_%E6%9C%AA%E7%9F%A5%E5%9C%B0%E9%BB%9E/1A1E1A00-733B-4AD3-99EE-25FF26A512FE.jpeg HTTP/1.1" 200 -
[06/Aug/2026 14:57:15] "GET /Photos/2014/2014-12_%E6%9C%AA%E7%9F%A5%E5%9C%B0%E9%BB%9E/C09FCEB0-9312-437E-B6B2-158FED93CA74.jpeg HTTP/1.1" 200 -
[06/Aug/2026 14:57:15] "GET /Photos/2014/2014-12_%E6%9C%AA%E7%9F%A5%E5%9C%B0%E9%BB%9E/6A078090-AC4C-4ED6-9FCC-0BFD6A6A3166.jpeg HTTP/1.1" 200 -
[06/Aug/2026 14:57:15] "GET /Photos/2014/2014-12_%E6%9C%AA%E7%9F%A5%E5%9C%B0%E9%BB%9E/F0E5D984-13B9-4A00-A2B8-006DC36A0EBB.jpeg HTTP/1.1" 200 -
[06/Aug/2026 14:57:15] "GET /Photos/2014/2014-12_%E6%9C%AA%E7%9F%A5%E5%9C%B0%E9%BB%9E/5048F534-01DB-4ADE-860F-6A465534A6C1.jpeg HTTP/1.1" 200 -
[06/Aug/2026 14:57:15] "GET /Photos/2014/2014-12_%E6%9C%AA%E7%9F%A5%E5%9C%B0%E9%BB%9E/A9546861-CC4D-4D83-AC91-455D42CB8B17.jpeg HTTP/1.1" 200 -
[06/Aug/2026 14:57:15] "GET /Photos/2014/2014-12_%E6%9C%AA%E7%9F%A5%E5%9C%B0%E9%BB%9E/90EEC2AF-DB3D-471A-AC48-AE3DE40AC941.jpeg HTTP/1.1" 200 -
[06/Aug/2026 14:57:15] "GET /Photos/2014/2014-12_%E6%9C%AA%E7%9F%A5%E5%9C%B0%E9%BB%9E/B7118D07-4C5E-4F46-B10C-7E19197265C3.jpeg HTTP/1.1" 200 -
[06/Aug/2026 14:57:15] "GET /Photos/2014/2014-08_%E6%9C%AA%E7%9F%A5%E5%9C%B0%E9%BB%9E/652D5764-CB8D-4DE8-919C-4486341E8CBD.jpeg HTTP/1.1" 200 -
[06/Aug/2026 14:57:15] "GET /Photos/2014/2014-08_%E6%9C%AA%E7%9F%A5%E5%9C%B0%E9%BB%9E/C4DF26CB-F4CE-4377-8B3D-281A94ECDF39.jpeg HTTP/1.1" 200 -
[06/Aug/2026 14:57:15] "GET /Photos/2014/2014-08_%E6%9C%AA%E7%9F%A5%E5%9C%B0%E9%BB%9E/D4781A7C-E665-4365-ABDA-D535BAF0F145.jpeg HTTP/1.1" 200 -
[06/Aug/2026 14:57:15] "GET /Photos/2014/2014-08_%E6%9C%AA%E7%9F%A5%E5%9C%B0%E9%BB%9E/A8ABE09B-7BF5-4CE5-8B88-AB16890E26BF.jpeg HTTP/1.1" 200 -
[06/Aug/2026 14:57:15] "GET /Photos/2014/2014-08_%E6%9C%AA%E7%9F%A5%E5%9C%B0%E9%BB%9E/ED773ADA-4F4C-4A01-BBAC-654AB1CE3639.jpeg HTTP/1.1" 200 -
[06/Aug/2026 14:57:15] "GET /Photos/2014/2014-08_%E6%9C%AA%E7%9F%A5%E5%9C%B0%E9%BB%9E/9DA2D871-AF52-4826-BC2E-E709A3C24BF7.jpeg HTTP/1.1" 200 -
[06/Aug/2026 14:57:15] "GET /Photos/2014/2014-08_%E6%9C%AA%E7%9F%A5%E5%9C%B0%E9%BB%9E/1E76CA58-C2EB-4143-8557-E69F37BB5FD4.jpeg HTTP/1.1" 200 -
[06/Aug/2026 14:57:15] "GET /Photos/2014/2014-08_%E6%9C%AA%E7%9F%A5%E5%9C%B0%E9%BB%9E/048DA4E6-A3D9-4B3C-9566-B662118B7FF4.jpeg HTTP/1.1" 200 -
[06/Aug/2026 14:57:15] "GET /Photos/2014/2014-03_%E6%9C%AA%E7%9F%A5%E5%9C%B0%E9%BB%9E/0716522C-2B72-4449-9B4C-2FA67095015F.jpeg HTTP/1.1" 200 -
[06/Aug/2026 14:57:15] "GET /Photos/2014/2014-03_%E6%9C%AA%E7%9F%A5%E5%9C%B0%E9%BB%9E/CD57BE3F-E3B0-4D78-A27B-16BE29FC5076.jpeg HTTP/1.1" 200 -
[06/Aug/2026 14:57:15] "GET /Photos/2014/2014-08_%E6%9C%AA%E7%9F%A5%E5%9C%B0%E9%BB%9E/DAD9F562-BE0F-46D3-A218-2DCE1A43C129.jpeg HTTP/1.1" 200 -
[06/Aug/2026 14:57:15] "GET /Photos/2014/2014-03_%E6%9C%AA%E7%9F%A5%E5%9C%B0%E9%BB%9E/1099A546-B091-4DFC-A50A-2100069E28CF.jpeg HTTP/1.1" 200 -
[06/Aug/2026 14:57:15] "GET /Photos/2014/2014-03_%E6%9C%AA%E7%9F%A5%E5%9C%B0%E9%BB%9E/A45BDB78-DFE3-4D4A-995E-70E3C138E9D0.jpeg HTTP/1.1" 200 -
[06/Aug/2026 14:57:15] "GET /Photos/2014/2014-03_%E6%9C%AA%E7%9F%A5%E5%9C%B0%E9%BB%9E/4B9BC8B8-6E02-4383-8219-7B1C93B4D429_1_201_a.jpeg HTTP/1.1" 200 -
[06/Aug/2026 14:57:15] "GET /Photos/2014/2014-03_%E6%9C%AA%E7%9F%A5%E5%9C%B0%E9%BB%9E/F21EC8B0-1648-41C5-82F6-4FAFDA416E16.jpeg HTTP/1.1" 200 -
[06/Aug/2026 14:57:15] "GET /Photos/2014/2014-03_%E6%9C%AA%E7%9F%A5%E5%9C%B0%E9%BB%9E/D908BB9F-7903-4153-AA93-61C2FCAA788A.jpeg HTTP/1.1" 200 -
[06/Aug/2026 14:57:16] "GET /Photos/2014/2014-03_%E6%9C%AA%E7%9F%A5%E5%9C%B0%E9%BB%9E/0DB34B7A-551B-4817-9741-4401CF56801B.jpeg HTTP/1.1" 200 -
[06/Aug/2026 14:57:16] "GET /Photos/2014/2014-02_%E6%9C%AA%E7%9F%A5%E5%9C%B0%E9%BB%9E/069EA691-B3DA-4039-8ECF-720801345B9E.jpeg HTTP/1.1" 200 -
[06/Aug/2026 14:57:16] "GET /Photos/2014/2014-02_%E6%9C%AA%E7%9F%A5%E5%9C%B0%E9%BB%9E/56B9270A-0480-4D4D-8F59-1039E6959190.jpeg HTTP/1.1" 200 -
[06/Aug/2026 14:57:16] "GET /Photos/2014/2014-02_%E6%9C%AA%E7%9F%A5%E5%9C%B0%E9%BB%9E/431851F8-0D99-457F-843A-EFDD870A7733.jpeg HTTP/1.1" 200 -
[06/Aug/2026 14:57:16] "GET /Photos/2014/2014-02_%E6%9C%AA%E7%9F%A5%E5%9C%B0%E9%BB%9E/85B07330-1F6F-4208-9967-CBC292BDB17A.jpeg HTTP/1.1" 200 -
[06/Aug/2026 14:57:16] "GET /Photos/2014/2014-02_%E6%9C%AA%E7%9F%A5%E5%9C%B0%E9%BB%9E/69D75DEF-F523-40DD-8546-8E66E1018CC0.jpeg HTTP/1.1" 200 -
[06/Aug/2026 14:57:16] "GET /Photos/2014/2014-12_%E5%8F%B0%E5%8C%97/%E5%9F%BA%E9%9A%86/675E3200-D83A-4F7B-ACBA-05557F110C24.jpeg HTTP/1.1" 200 -
[06/Aug/2026 14:57:16] "GET /Photos/2022/2022-05_%E5%8F%B0%E5%A4%A7%E5%85%AC%E8%A1%9B/IMG_2039.JPG HTTP/1.1" 200 -
[06/Aug/2026 14:57:16] "GET /Photos/2022/2022-05_%E5%8F%B0%E5%A4%A7%E5%85%AC%E8%A1%9B/IMG_2049.JPG HTTP/1.1" 200 -
[06/Aug/2026 14:57:16] "GET /Photos/2022/2022-05_%E5%8F%B0%E5%A4%A7%E5%85%AC%E8%A1%9B/IMG_2048.JPG HTTP/1.1" 200 -
[06/Aug/2026 14:57:16] "GET /Photos/2022/2022-05_%E5%8F%B0%E5%A4%A7%E5%85%AC%E8%A1%9B/IMG_2084.JPG HTTP/1.1" 200 -
[06/Aug/2026 14:57:16] "GET /Photos/2022/2022-05_%E5%8F%B0%E5%A4%A7%E5%85%AC%E8%A1%9B/IMG_2038.JPG HTTP/1.1" 200 -
[06/Aug/2026 14:57:16] "GET /Photos/2022/2022-05_%E5%8F%B0%E5%A4%A7%E5%85%AC%E8%A1%9B/IMG_2046.JPG HTTP/1.1" 200 -
[06/Aug/2026 14:57:16] "GET /Photos/2022/2022-05_%E5%8F%B0%E5%A4%A7%E5%85%AC%E8%A1%9B/IMG_2040.JPG HTTP/1.1" 200 -
[06/Aug/2026 14:57:16] "GET /Photos/2022/2022-05_%E5%8F%B0%E5%A4%A7%E5%85%AC%E8%A1%9B/IMG_2082.JPG HTTP/1.1" 200 -
[06/Aug/2026 14:57:16] "GET /Photos/2022/2022-05_%E5%8F%B0%E5%A4%A7%E5%85%AC%E8%A1%9B/IMG_2083.JPG HTTP/1.1" 200 -
[06/Aug/2026 14:57:16] "GET /Photos/2022/2022-05_%E5%8F%B0%E5%A4%A7%E5%85%AC%E8%A1%9B/IMG_2081.JPG HTTP/1.1" 200 -
[06/Aug/2026 14:57:16] "GET /Photos/2022/2022-05_%E5%8F%B0%E5%A4%A7%E5%85%AC%E8%A1%9B/IMG_2080.JPG HTTP/1.1" 200 -
[06/Aug/2026 14:57:16] "GET /Photos/2022/2022-05_%E5%8F%B0%E5%A4%A7%E5%85%AC%E8%A1%9B/IMG_2043.JPG HTTP/1.1" 200 -
[06/Aug/2026 14:57:16] "GET /Photos/2022/2022-05_%E5%8F%B0%E5%A4%A7%E5%85%AC%E8%A1%9B/IMG_2042.JPG HTTP/1.1" 200 -
[06/Aug/2026 14:57:16] "GET /Photos/2022/2022-07_%E5%8F%B0%E5%A4%A7%E6%A0%A1%E5%9C%92%E7%95%A2%E6%A5%AD%E7%85%A7/IMG_2373.JPG HTTP/1.1" 200 -
[06/Aug/2026 14:57:16] "GET /Photos/2022/2022-07_%E5%8F%B0%E5%A4%A7%E6%A0%A1%E5%9C%92%E7%95%A2%E6%A5%AD%E7%85%A7/4773787789729682352.2fa829ff5958e5731021ec7a4618513e.22071815.JPG HTTP/1.1" 200 -
[06/Aug/2026 14:57:16] "GET /Photos/2022/2022-07_%E5%8F%B0%E5%A4%A7%E6%A0%A1%E5%9C%92%E7%95%A2%E6%A5%AD%E7%85%A7/IMG_2367.JPG HTTP/1.1" 200 -
[06/Aug/2026 14:57:16] "GET /Photos/2022/2022-07_%E5%8F%B0%E5%A4%A7%E6%A0%A1%E5%9C%92%E7%95%A2%E6%A5%AD%E7%85%A7/4773787789729682352.344ae338f4098f7ccc89a72445c80c2c.22071815.JPG HTTP/1.1" 200 -
[06/Aug/2026 14:57:16] "GET /Photos/2022/2022-07_%E5%8F%B0%E5%A4%A7%E6%A0%A1%E5%9C%92%E7%95%A2%E6%A5%AD%E7%85%A7/IMG_2370.JPG HTTP/1.1" 200 -
[06/Aug/2026 14:57:16] "GET /Photos/2022/2022-07_%E5%8F%B0%E5%A4%A7%E6%A0%A1%E5%9C%92%E7%95%A2%E6%A5%AD%E7%85%A7/IMG_2372.JPG HTTP/1.1" 200 -
[06/Aug/2026 14:57:16] "GET /Photos/2022/2022-07_%E5%8F%B0%E5%A4%A7%E6%A0%A1%E5%9C%92%E7%95%A2%E6%A5%AD%E7%85%A7/IMG_2366.JPG HTTP/1.1" 200 -
[06/Aug/2026 14:57:16] "GET /Photos/2022/2022-07_%E5%8F%B0%E5%A4%A7%E6%A0%A1%E5%9C%92%E7%95%A2%E6%A5%AD%E7%85%A7/IMG_2364.JPG HTTP/1.1" 200 -
[06/Aug/2026 14:57:16] "GET /Photos/2022/2022-07_%E5%8F%B0%E5%A4%A7%E6%A0%A1%E5%9C%92%E7%95%A2%E6%A5%AD%E7%85%A7/IMG_2371.JPG HTTP/1.1" 200 -
[06/Aug/2026 14:57:16] "GET /Photos/2022/2022-07_%E5%8F%B0%E5%A4%A7%E6%A0%A1%E5%9C%92%E7%95%A2%E6%A5%AD%E7%85%A7/4773787789729682352.2427c28db26d69155147a494920a75d8.22071815.JPG HTTP/1.1" 200 -
[06/Aug/2026 14:57:16] "GET /Photos/2022/2022-07_%E5%8F%B0%E5%A4%A7%E6%A0%A1%E5%9C%92%E7%95%A2%E6%A5%AD%E7%85%A7/IMG_2359.JPG HTTP/1.1" 200 -
[06/Aug/2026 14:57:16] "GET /Photos/2022/2022-07_%E5%8F%B0%E5%A4%A7%E6%A0%A1%E5%9C%92%E7%95%A2%E6%A5%AD%E7%85%A7/IMG_2365.JPG HTTP/1.1" 200 -
[06/Aug/2026 14:57:16] "GET /Photos/2022/2022-07_%E5%8F%B0%E5%A4%A7%E6%A0%A1%E5%9C%92%E7%95%A2%E6%A5%AD%E7%85%A7/IMG_2360.JPG HTTP/1.1" 200 -
[06/Aug/2026 14:57:16] "GET /Photos/2022/2022-07_%E5%8F%B0%E5%A4%A7%E6%A0%A1%E5%9C%92%E7%95%A2%E6%A5%AD%E7%85%A7/IMG_2362.JPG HTTP/1.1" 200 -
[06/Aug/2026 14:57:16] "GET /Photos/2022/2022-07_%E5%8F%B0%E5%A4%A7%E6%A0%A1%E5%9C%92%E7%95%A2%E6%A5%AD%E7%85%A7/IMG_2363.JPG HTTP/1.1" 200 -
[06/Aug/2026 14:57:16] "GET /Photos/2022/2022-07_%E5%8F%B0%E5%A4%A7%E6%A0%A1%E5%9C%92%E7%95%A2%E6%A5%AD%E7%85%A7/4773787789729682352.f4817c57c50a828227aea917801f7758.22071815.JPG HTTP/1.1" 200 -
[06/Aug/2026 14:57:16] "GET /Photos/2022/2022-07_%E5%8F%B0%E5%A4%A7%E6%A0%A1%E5%9C%92%E7%95%A2%E6%A5%AD%E7%85%A7/4773787789729682352.2f9323051e35296a92cf5c048bf40720.22071815.JPG HTTP/1.1" 200 -
[06/Aug/2026 14:57:16] "GET /Photos/2022/2022-07_%E5%8F%B0%E5%A4%A7%E6%A0%A1%E5%9C%92%E7%95%A2%E6%A5%AD%E7%85%A7/4773787789729682352.6637dcc5b869019533359201769025f7.22071815.JPG HTTP/1.1" 200 -
[06/Aug/2026 14:57:16] "GET /Photos/2022/2022-07_%E5%8F%B0%E5%A4%A7%E6%A0%A1%E5%9C%92%E7%95%A2%E6%A5%AD%E7%85%A7/IMG_2368.JPG HTTP/1.1" 200 -
[06/Aug/2026 14:57:16] "GET /Photos/2022/2022-07_%E5%8F%B0%E5%A4%A7%E6%A0%A1%E5%9C%92%E7%95%A2%E6%A5%AD%E7%85%A7/IMG_2354.JPG HTTP/1.1" 200 -
[06/Aug/2026 14:57:16] "GET /Photos/2022/2022-07_%E5%8F%B0%E5%A4%A7%E6%A0%A1%E5%9C%92%E7%95%A2%E6%A5%AD%E7%85%A7/4773787789729682352.7fde410982a69fa142b25a8767253975.22071815.JPG HTTP/1.1" 200 -
[06/Aug/2026 14:57:16] "GET /Photos/2022/2022-07_%E5%8F%B0%E5%A4%A7%E6%A0%A1%E5%9C%92%E7%95%A2%E6%A5%AD%E7%85%A7/IMG_2369.JPG HTTP/1.1" 200 -
[06/Aug/2026 14:57:16] "GET /Photos/2022/2022-07_%E5%8F%B0%E5%A4%A7%E6%A0%A1%E5%9C%92%E7%95%A2%E6%A5%AD%E7%85%A7/4773787789729682352.e882001aca8e763b8d5da8554de67b5b.22071815.JPG HTTP/1.1" 200 -
[06/Aug/2026 14:57:17] "GET /Photos/2022/2022-05_%E6%9C%AA%E7%9F%A5%E5%9C%B0%E9%BB%9E/IMG_2048.JPG HTTP/1.1" 200 -
[06/Aug/2026 14:57:17] "GET /Photos/2022/2022-05_%E6%9C%AA%E7%9F%A5%E5%9C%B0%E9%BB%9E/IMG_2049.JPG HTTP/1.1" 200 -
[06/Aug/2026 14:57:17] "GET /Photos/2022/2022-05_%E6%9C%AA%E7%9F%A5%E5%9C%B0%E9%BB%9E/IMG_2084.JPG HTTP/1.1" 200 -
[06/Aug/2026 14:57:17] "GET /Photos/2022/2022-05_%E6%9C%AA%E7%9F%A5%E5%9C%B0%E9%BB%9E/IMG_2083.JPG HTTP/1.1" 200 -
[06/Aug/2026 14:57:17] "GET /Photos/2022/2022-05_%E6%9C%AA%E7%9F%A5%E5%9C%B0%E9%BB%9E/IMG_2046.JPG HTTP/1.1" 200 -
[06/Aug/2026 14:57:17] "GET /Photos/2022/2022-05_%E6%9C%AA%E7%9F%A5%E5%9C%B0%E9%BB%9E/IMG_2082.JPG HTTP/1.1" 200 -
[06/Aug/2026 14:57:17] "GET /Photos/2022/2022-05_%E6%9C%AA%E7%9F%A5%E5%9C%B0%E9%BB%9E/IMG_2081.JPG HTTP/1.1" 200 -
[06/Aug/2026 14:57:17] "GET /Photos/2022/2022-05_%E6%9C%AA%E7%9F%A5%E5%9C%B0%E9%BB%9E/IMG_2043.JPG HTTP/1.1" 200 -
[06/Aug/2026 14:57:17] "GET /Photos/2022/2022-05_%E6%9C%AA%E7%9F%A5%E5%9C%B0%E9%BB%9E/IMG_2080.JPG HTTP/1.1" 200 -
[06/Aug/2026 14:57:17] "GET /Photos/2022/2022-05_%E6%9C%AA%E7%9F%A5%E5%9C%B0%E9%BB%9E/IMG_2042.JPG HTTP/1.1" 200 -
[06/Aug/2026 14:57:17] "GET /Photos/2022/2022-01_101/IMG_1025.JPG HTTP/1.1" 200 -
[06/Aug/2026 14:57:17] "GET /Photos/2015/2015-01_%E6%9C%AA%E7%9F%A5%E5%9C%B0%E9%BB%9E/4BC99232-C660-46E6-B7E0-77306662D759.jpeg HTTP/1.1" 200 -
[06/Aug/2026 14:57:17] "GET /Photos/2015/2015-01_%E6%9C%AA%E7%9F%A5%E5%9C%B0%E9%BB%9E/006E115A-C855-411A-8EEC-0D007D0F2717.jpeg HTTP/1.1" 200 -
[06/Aug/2026 14:57:17] "GET /Photos/2015/2015-01_%E6%9C%AA%E7%9F%A5%E5%9C%B0%E9%BB%9E/FF7ADD92-A314-45C7-A42B-A8DEA7C04E9B.jpeg HTTP/1.1" 200 -
[06/Aug/2026 14:57:17] "GET /Photos/2015/2015-01_%E6%9C%AA%E7%9F%A5%E5%9C%B0%E9%BB%9E/6C585FD7-A4F2-4E61-BAE0-EDD9FF42E05B.jpeg HTTP/1.1" 200 -
[06/Aug/2026 14:57:17] "GET /Photos/2022/2022-01_101/IMG_1032.JPG HTTP/1.1" 200 -
[06/Aug/2026 14:57:17] "GET /Photos/2015/2015-01_%E6%9C%AA%E7%9F%A5%E5%9C%B0%E9%BB%9E/D6C1C033-5232-4F2C-8776-1DDE57F9923A.jpeg HTTP/1.1" 200 -
[06/Aug/2026 14:57:17] "GET /Photos/2015/2015-01_%E6%9C%AA%E7%9F%A5%E5%9C%B0%E9%BB%9E/D2DECB67-B0A0-4869-9FA8-11ABE72F57A1.jpeg HTTP/1.1" 200 -
[06/Aug/2026 14:57:17] "GET /Photos/2015/2015-01_%E6%9C%AA%E7%9F%A5%E5%9C%B0%E9%BB%9E/3C233125-A208-415B-8317-360C055D24F2.jpeg HTTP/1.1" 200 -
[06/Aug/2026 14:57:17] "GET /Photos/2015/2015-01_%E6%9C%AA%E7%9F%A5%E5%9C%B0%E9%BB%9E/9245F8C4-4FD1-4AD8-893D-8586BC1D7AC2.jpeg HTTP/1.1" 200 -
[06/Aug/2026 14:57:17] "GET /Photos/2015/2015-01_%E6%9C%AA%E7%9F%A5%E5%9C%B0%E9%BB%9E/BD8DDA44-546F-4C64-AD63-D0DD9B088736_1_201_a.jpeg HTTP/1.1" 200 -
[06/Aug/2026 14:57:17] "GET /Photos/2015/2015-01_%E6%9C%AA%E7%9F%A5%E5%9C%B0%E9%BB%9E/7EFED771-82D1-4795-8015-7CF978FF9FD8.jpeg HTTP/1.1" 200 -
[06/Aug/2026 14:57:17] "GET /Photos/2015/2015-01_%E6%9C%AA%E7%9F%A5%E5%9C%B0%E9%BB%9E/B7891360-309D-4CA2-8E71-59D84AA57E05.jpeg HTTP/1.1" 200 -
[06/Aug/2026 14:57:17] "GET /Photos/2015/2015-01_%E6%9C%AA%E7%9F%A5%E5%9C%B0%E9%BB%9E/31560909-CFAA-4EFF-838E-8E040138AE98.jpeg HTTP/1.1" 200 -
[06/Aug/2026 14:57:17] "GET /Photos/2015/2015-01_%E6%9C%AA%E7%9F%A5%E5%9C%B0%E9%BB%9E/38AD07E3-0556-4266-A48F-593CFE3DB0ED.jpeg HTTP/1.1" 200 -
[06/Aug/2026 14:57:17] "GET /Photos/2015/2015-01_%E6%9C%AA%E7%9F%A5%E5%9C%B0%E9%BB%9E/AF561D1F-CB1D-42A8-BD1B-E614268CE9AD.jpeg HTTP/1.1" 200 -
[06/Aug/2026 14:57:17] "GET /Photos/2015/2015-01_%E6%9C%AA%E7%9F%A5%E5%9C%B0%E9%BB%9E/C50B6822-4611-4AEF-A00A-48E4BCE125AA.jpeg HTTP/1.1" 200 -
[06/Aug/2026 14:57:17] "GET /Photos/2015/2015-01_%E6%9C%AA%E7%9F%A5%E5%9C%B0%E9%BB%9E/5BD2136E-3E53-4604-952C-E620A529A638.jpeg HTTP/1.1" 200 -
[06/Aug/2026 14:57:17] "GET /Photos/2015/2015-01_%E6%9C%AA%E7%9F%A5%E5%9C%B0%E9%BB%9E/A88F2863-A75C-4060-88E9-2FEE16DE6EB7.jpeg HTTP/1.1" 200 -
[06/Aug/2026 14:57:17] "GET /Photos/2015/2015-01_%E6%9C%AA%E7%9F%A5%E5%9C%B0%E9%BB%9E/169EE0A7-9417-48C4-B633-9283537A6E59.jpeg HTTP/1.1" 200 -
[06/Aug/2026 14:57:18] "GET /Photos/2015/2015-01_%E6%9C%AA%E7%9F%A5%E5%9C%B0%E9%BB%9E/F29DEB04-F737-4E28-982B-CBE6A81C48F2.jpeg HTTP/1.1" 200 -
[06/Aug/2026 14:57:18] "GET /Photos/2015/2015-01_%E6%9C%AA%E7%9F%A5%E5%9C%B0%E9%BB%9E/7FB04777-84FD-4C9A-AFBC-CBAA2AEC212C.jpeg HTTP/1.1" 200 -
[06/Aug/2026 14:57:18] "GET /Photos/2015/2015-01_%E6%9C%AA%E7%9F%A5%E5%9C%B0%E9%BB%9E/03A87965-E97A-49B2-8622-C9607C3B0079.jpeg HTTP/1.1" 200 -
[06/Aug/2026 14:57:18] "GET /Photos/2015/2015-01_%E6%9C%AA%E7%9F%A5%E5%9C%B0%E9%BB%9E/5253F893-B68C-45CA-B984-43AAB7B58B0E.jpeg HTTP/1.1" 200 -
[06/Aug/2026 14:57:18] "GET /Photos/2015/2015-01_%E6%9C%AA%E7%9F%A5%E5%9C%B0%E9%BB%9E/D885C77F-A3B2-4A18-BDC1-821840F19BCD.jpeg HTTP/1.1" 200 -
[06/Aug/2026 14:57:18] "GET /Photos/2015/2015-01_%E6%9C%AA%E7%9F%A5%E5%9C%B0%E9%BB%9E/24B6AF57-DCAA-4651-8554-FAFA60C435E1.jpeg HTTP/1.1" 200 -
[06/Aug/2026 14:57:18] "GET /Photos/2015/2015-01_%E6%9C%AA%E7%9F%A5%E5%9C%B0%E9%BB%9E/A2E67A10-0166-4337-9B25-5428C41D69F1.jpeg HTTP/1.1" 200 -
[06/Aug/2026 14:57:18] "GET /Photos/2015/2015-01_%E6%9C%AA%E7%9F%A5%E5%9C%B0%E9%BB%9E/602F64CF-7D36-4A9B-8811-574B08B6978E.jpeg HTTP/1.1" 200 -
[06/Aug/2026 14:57:18] "GET /Photos/2015/2015-01_%E6%9C%AA%E7%9F%A5%E5%9C%B0%E9%BB%9E/1846EFC1-8520-427D-80E9-00E4995955A3.jpeg HTTP/1.1" 200 -
[06/Aug/2026 14:57:18] "GET /Photos/2015/2015-01_%E6%9C%AA%E7%9F%A5%E5%9C%B0%E9%BB%9E/B68ECE14-0EA5-4406-91E0-D6ADF3CA4F2B.jpeg HTTP/1.1" 200 -
[06/Aug/2026 14:57:18] "GET /Photos/2015/2015-01_%E6%9C%AA%E7%9F%A5%E5%9C%B0%E9%BB%9E/120F2000-1045-44C9-82D2-DFAD7A0E87FE.jpeg HTTP/1.1" 200 -
[06/Aug/2026 14:57:18] "GET /Photos/2015/2015-01_%E6%9C%AA%E7%9F%A5%E5%9C%B0%E9%BB%9E/9D041EA6-FC45-4F69-99B6-4223204688AE.jpeg HTTP/1.1" 200 -
[06/Aug/2026 14:57:18] "GET /Photos/2015/2015-01_%E6%9C%AA%E7%9F%A5%E5%9C%B0%E9%BB%9E/AA9485F6-59D7-4B0D-A8CE-7D7251B82E1B.jpeg HTTP/1.1" 200 -
[06/Aug/2026 14:57:18] "GET /Photos/2015/2015-01_%E6%9C%AA%E7%9F%A5%E5%9C%B0%E9%BB%9E/B2888741-60AB-4ED9-9B45-EDB83A306393.jpeg HTTP/1.1" 200 -
[06/Aug/2026 14:57:18] "GET /Photos/2015/2015-01_%E6%9C%AA%E7%9F%A5%E5%9C%B0%E9%BB%9E/5A22A6B8-957B-4B23-8789-310CC1545455.jpeg HTTP/1.1" 200 -
[06/Aug/2026 14:57:18] "GET /Photos/2015/2015-01_%E6%9C%AA%E7%9F%A5%E5%9C%B0%E9%BB%9E/1A444D6E-20BB-437A-A6F8-632536A0C59A.jpeg HTTP/1.1" 200 -
[06/Aug/2026 14:57:18] "GET /Photos/2015/2015-01_%E6%9C%AA%E7%9F%A5%E5%9C%B0%E9%BB%9E/50CF85A6-BB3D-44F2-911D-25A4D426DA70.jpeg HTTP/1.1" 200 -
[06/Aug/2026 14:57:18] "GET /Photos/2015/2015-01_%E6%9C%AA%E7%9F%A5%E5%9C%B0%E9%BB%9E/2EBF7EBA-9563-4BBC-9090-334E8676FC89.jpeg HTTP/1.1" 200 -
[06/Aug/2026 14:57:18] "GET /Photos/2015/2015-01_%E6%9C%AA%E7%9F%A5%E5%9C%B0%E9%BB%9E/1A30119A-3A05-4B51-BE85-C5B3CA5986E7.jpeg HTTP/1.1" 200 -
[06/Aug/2026 14:57:18] "GET /Photos/2015/2015-01_%E6%9C%AA%E7%9F%A5%E5%9C%B0%E9%BB%9E/76768F45-547D-4F79-9FA8-2A08579FCECF.jpeg HTTP/1.1" 200 -
[06/Aug/2026 14:57:18] "GET /Photos/2015/2015-01_%E6%9C%AA%E7%9F%A5%E5%9C%B0%E9%BB%9E/6553C893-2ED2-4310-BD06-3EB3CA4C3FF0.jpeg HTTP/1.1" 200 -
[06/Aug/2026 14:57:18] "GET /Photos/2015/2015-01_%E6%9C%AA%E7%9F%A5%E5%9C%B0%E9%BB%9E/AED6921A-D7D0-4519-AE13-F237D3842AD0.jpeg HTTP/1.1" 200 -
[06/Aug/2026 14:57:18] "GET /Photos/2015/2015-01_%E6%9C%AA%E7%9F%A5%E5%9C%B0%E9%BB%9E/05F56789-4D87-43EC-83AF-10A2F3E382EF.jpeg HTTP/1.1" 200 -
[06/Aug/2026 14:57:18] "GET /Photos/2015/2015-01_%E6%9C%AA%E7%9F%A5%E5%9C%B0%E9%BB%9E/793EF672-148F-482B-AC21-56225B213BAF.jpeg HTTP/1.1" 200 -
[06/Aug/2026 14:57:18] "GET /Photos/2015/2015-01_%E6%9C%AA%E7%9F%A5%E5%9C%B0%E9%BB%9E/E36041EA-0E53-43D8-9F70-1FC7BFF3249E.jpeg HTTP/1.1" 200 -
[06/Aug/2026 14:57:18] "GET /Photos/2015/2015-01_%E6%9C%AA%E7%9F%A5%E5%9C%B0%E9%BB%9E/9F87F53C-4F60-40A4-A2B8-13B0D54B708D.jpeg HTTP/1.1" 200 -
[06/Aug/2026 14:57:18] "GET /Photos/2015/2015-01_%E6%9C%AA%E7%9F%A5%E5%9C%B0%E9%BB%9E/7A441615-5C03-4E61-B9CC-2E8E2A43CE7A.jpeg HTTP/1.1" 200 -
[06/Aug/2026 14:57:18] "GET /Photos/2015/2015-01_%E6%9C%AA%E7%9F%A5%E5%9C%B0%E9%BB%9E/5BE71C2C-39B0-44A2-8831-F606C8FC39CC.jpeg HTTP/1.1" 200 -
[06/Aug/2026 14:57:18] "GET /Photos/2015/2015-01_%E6%9C%AA%E7%9F%A5%E5%9C%B0%E9%BB%9E/9036AB11-1482-45FE-B0EE-CEABBF1CE073.jpeg HTTP/1.1" 200 -
[06/Aug/2026 14:57:18] "GET /Photos/2015/2015-01_%E6%9C%AA%E7%9F%A5%E5%9C%B0%E9%BB%9E/C999837E-E5CC-49FE-911A-F2C1F7ED1817.jpeg HTTP/1.1" 200 -
[06/Aug/2026 14:57:18] "GET /Photos/2015/2015-01_%E6%9C%AA%E7%9F%A5%E5%9C%B0%E9%BB%9E/73113CB5-04C7-4D7A-9709-108EA793CF40.jpeg HTTP/1.1" 200 -
[06/Aug/2026 14:57:18] "GET /Photos/2015/2015-01_%E6%9C%AA%E7%9F%A5%E5%9C%B0%E9%BB%9E/125A731E-935A-4782-BE9C-A6A26D180B46.jpeg HTTP/1.1" 200 -
[06/Aug/2026 14:57:18] "GET /Photos/2015/2015-01_%E6%9C%AA%E7%9F%A5%E5%9C%B0%E9%BB%9E/8ED4369D-D4EB-4554-B844-7F1F136963ED.jpeg HTTP/1.1" 200 -
[06/Aug/2026 14:57:18] "GET /Photos/2015/2015-01_%E6%9C%AA%E7%9F%A5%E5%9C%B0%E9%BB%9E/87051BFF-7882-4F2A-B074-392EABE47D65.jpeg HTTP/1.1" 200 -
[06/Aug/2026 14:57:18] "GET /Photos/2015/2015-01_%E6%9C%AA%E7%9F%A5%E5%9C%B0%E9%BB%9E/C0C3ED93-C13E-451D-ACFC-92D6E25C4B72.jpeg HTTP/1.1" 200 -
[06/Aug/2026 14:57:18] "GET /Photos/2015/2015-01_%E6%9C%AA%E7%9F%A5%E5%9C%B0%E9%BB%9E/4EAAB00F-9A52-4179-94EB-FC60F7521884.jpeg HTTP/1.1" 200 -
[06/Aug/2026 14:57:18] "GET /Photos/2015/2015-01_%E6%9C%AA%E7%9F%A5%E5%9C%B0%E9%BB%9E/EE0BB507-6D28-4219-AE5E-3D26E53CF654.jpeg HTTP/1.1" 200 -
[06/Aug/2026 14:57:18] "GET /Photos/2015/2015-01_%E6%9C%AA%E7%9F%A5%E5%9C%B0%E9%BB%9E/AA63ED67-43F7-455E-BE7A-A989A66FAA4D.jpeg HTTP/1.1" 200 -
[06/Aug/2026 14:57:18] "GET /Photos/2015/2015-01_%E6%9C%AA%E7%9F%A5%E5%9C%B0%E9%BB%9E/52C4BD87-52E5-42D8-9145-C6E8B98DEF6D.jpeg HTTP/1.1" 200 -
[06/Aug/2026 14:57:18] "GET /Photos/2015/2015-01_%E6%9C%AA%E7%9F%A5%E5%9C%B0%E9%BB%9E/5D5BEEF1-289D-4F88-BD07-B2F3BF4D89B8.jpeg HTTP/1.1" 200 -
[06/Aug/2026 14:57:18] "GET /Photos/2015/2015-01_%E6%9C%AA%E7%9F%A5%E5%9C%B0%E9%BB%9E/89C320F9-DBDC-4D50-8B04-F3CB7D952EFA.jpeg HTTP/1.1" 200 -
[06/Aug/2026 14:57:18] "GET /Photos/2015/2015-01_%E6%9C%AA%E7%9F%A5%E5%9C%B0%E9%BB%9E/01BC9069-E847-44C8-9D92-80337D69FFB4.jpeg HTTP/1.1" 200 -
[06/Aug/2026 14:57:18] "GET /Photos/2015/2015-01_%E6%9C%AA%E7%9F%A5%E5%9C%B0%E9%BB%9E/03A0F15E-A6AB-4CF5-98C4-2F1119C66533.jpeg HTTP/1.1" 200 -
[06/Aug/2026 14:57:18] "GET /Photos/2015/2015-01_%E6%9C%AA%E7%9F%A5%E5%9C%B0%E9%BB%9E/D0AC7A2D-97FE-4FC6-AC5B-90C6F934A343.jpeg HTTP/1.1" 200 -
[06/Aug/2026 14:57:18] "GET /Photos/2015/2015-06_%E6%9C%AA%E7%9F%A5%E5%9C%B0%E9%BB%9E/B988DEA1-137F-4ED5-84E3-018EC4EAA4F3.jpeg HTTP/1.1" 200 -
[06/Aug/2026 14:57:18] "GET /Photos/2015/2015-01_%E6%9C%AA%E7%9F%A5%E5%9C%B0%E9%BB%9E/24B233F9-7658-4CBC-BD10-74EEBF09556D.jpeg HTTP/1.1" 200 -
[06/Aug/2026 14:57:18] "GET /Photos/2015/2015-01_%E6%9C%AA%E7%9F%A5%E5%9C%B0%E9%BB%9E/195CA25D-6FB6-452E-B5CD-D7863F86DA00.jpeg HTTP/1.1" 200 -
[06/Aug/2026 14:57:18] "GET /Photos/2015/2015-06_%E6%9C%AA%E7%9F%A5%E5%9C%B0%E9%BB%9E/71050D5A-F172-41A6-B308-DB859221A7AF.jpeg HTTP/1.1" 200 -
[06/Aug/2026 14:57:19] "GET /Photos/2015/2015-06_%E6%9C%AA%E7%9F%A5%E5%9C%B0%E9%BB%9E/D0734695-B294-46AE-A27F-16C385C8B6C5.jpeg HTTP/1.1" 200 -
[06/Aug/2026 14:57:19] "GET /Photos/2015/2015-06_%E6%9C%AA%E7%9F%A5%E5%9C%B0%E9%BB%9E/6433E273-F206-4290-AF33-C350A6549F05.jpeg HTTP/1.1" 200 -
[06/Aug/2026 14:57:19] "GET /Photos/2015/2015-07_%E6%9C%AA%E7%9F%A5%E5%9C%B0%E9%BB%9E/2F2FF549-6678-49DD-8B72-14110FB7AE94.jpeg HTTP/1.1" 200 -
[06/Aug/2026 14:57:19] "GET /Photos/2015/2015-06_%E6%9C%AA%E7%9F%A5%E5%9C%B0%E9%BB%9E/C5189B3F-8540-45D1-BE41-DEDE282F0B7B.jpeg HTTP/1.1" 200 -
[06/Aug/2026 14:57:19] "GET /Photos/2015/2015-07_%E6%9C%AA%E7%9F%A5%E5%9C%B0%E9%BB%9E/9702D3FF-7019-4ED5-9B41-A9528108BFEC.jpeg HTTP/1.1" 200 -
[06/Aug/2026 14:57:19] "GET /Photos/2015/2015-07_%E6%9C%AA%E7%9F%A5%E5%9C%B0%E9%BB%9E/EFC6A5D3-6ED5-4327-A450-392D169CE866.jpeg HTTP/1.1" 200 -
[06/Aug/2026 14:57:19] "GET /Photos/2015/2015-07_%E6%9C%AA%E7%9F%A5%E5%9C%B0%E9%BB%9E/A3C0DDBF-1EE4-428C-94C0-9E81DEB65754.jpeg HTTP/1.1" 200 -
[06/Aug/2026 14:57:19] "GET /Photos/2015/2015-07_%E6%9C%AA%E7%9F%A5%E5%9C%B0%E9%BB%9E/CEF5C3A7-4E5D-454A-8B37-912F4E191FB1.jpeg HTTP/1.1" 200 -
[06/Aug/2026 14:57:19] "GET /Photos/2015/2015-07_%E6%9C%AA%E7%9F%A5%E5%9C%B0%E9%BB%9E/94D8B1E0-4EB0-479B-A86C-DD2B83A642B9_1_201_a.jpeg HTTP/1.1" 200 -
[06/Aug/2026 14:57:19] "GET /Photos/2015/2015-04_%E6%9C%AA%E7%9F%A5%E5%9C%B0%E9%BB%9E/70D4D2A8-F245-4441-96C1-B777890C6E72.jpeg HTTP/1.1" 200 -
[06/Aug/2026 14:57:19] "GET /Photos/2015/2015-04_%E6%9C%AA%E7%9F%A5%E5%9C%B0%E9%BB%9E/2B8B18BD-1347-407A-9AF9-28BC5E075564.jpeg HTTP/1.1" 200 -
[06/Aug/2026 14:57:19] "GET /Photos/2015/2015-04_%E6%9C%AA%E7%9F%A5%E5%9C%B0%E9%BB%9E/3F363394-EA0A-49F0-8F2E-27CCD1F2CE7A.jpeg HTTP/1.1" 200 -
[06/Aug/2026 14:57:19] "GET /Photos/2015/2015-04_%E6%9C%AA%E7%9F%A5%E5%9C%B0%E9%BB%9E/60D833D9-921F-4493-AD3A-2C2A4CF97928.jpeg HTTP/1.1" 200 -
[06/Aug/2026 14:57:19] "GET /Photos/2015/2015-05_%E6%9C%AA%E7%9F%A5%E5%9C%B0%E9%BB%9E/32029F66-0A27-4B50-B020-6974F483910C.jpeg HTTP/1.1" 200 -
[06/Aug/2026 14:57:19] "GET /Photos/2015/2015-04_%E6%9C%AA%E7%9F%A5%E5%9C%B0%E9%BB%9E/07AE6B0D-532E-40D0-9F2E-2E13ECDBDB28.jpeg HTTP/1.1" 200 -
[06/Aug/2026 14:57:19] "GET /Photos/2015/2015-05_%E6%9C%AA%E7%9F%A5%E5%9C%B0%E9%BB%9E/074E2525-0FF2-41F9-9891-F237C21FE9D1.jpeg HTTP/1.1" 200 -
[06/Aug/2026 14:57:19] "GET /Photos/2015/2015-05_%E6%9C%AA%E7%9F%A5%E5%9C%B0%E9%BB%9E/E417204D-EB61-4E01-9396-74E2E3BB4052.jpeg HTTP/1.1" 200 -
[06/Aug/2026 14:57:19] "GET /Photos/2015/2015-05_%E6%9C%AA%E7%9F%A5%E5%9C%B0%E9%BB%9E/524F9171-CDC9-4EE9-ACB6-F394A5AB98FA.jpeg HTTP/1.1" 200 -
[06/Aug/2026 14:57:19] "GET /Photos/2015/2015-05_%E6%9C%AA%E7%9F%A5%E5%9C%B0%E9%BB%9E/A85B24C2-70DC-4251-9B8D-297BE6D47BE3.jpeg HTTP/1.1" 200 -
[06/Aug/2026 14:57:19] "GET /Photos/2015/2015-05_%E6%9C%AA%E7%9F%A5%E5%9C%B0%E9%BB%9E/3E8D461E-9E92-49B6-A805-41110ED8265C.jpeg HTTP/1.1" 200 -
[06/Aug/2026 14:57:19] "GET /Photos/2015/2015-05_%E6%9C%AA%E7%9F%A5%E5%9C%B0%E9%BB%9E/467BB902-DDBA-4A34-8854-8210FA5B0D46.jpeg HTTP/1.1" 200 -
[06/Aug/2026 14:57:19] "GET /Photos/2015/2015-05_%E6%9C%AA%E7%9F%A5%E5%9C%B0%E9%BB%9E/7808F3E5-4D94-498B-82EC-46E3C3914EBC.jpeg HTTP/1.1" 200 -
[06/Aug/2026 14:57:19] "GET /Photos/2015/2015-05_%E6%9C%AA%E7%9F%A5%E5%9C%B0%E9%BB%9E/D5D55253-54D9-4954-B979-BCD070B11089.jpeg HTTP/1.1" 200 -
[06/Aug/2026 14:57:19] "GET /Photos/2015/2015-05_%E6%9C%AA%E7%9F%A5%E5%9C%B0%E9%BB%9E/734C2B33-5C90-489C-9978-E76E15691D97.jpeg HTTP/1.1" 200 -
[06/Aug/2026 14:57:19] "GET /Photos/2015/2015-05_%E6%9C%AA%E7%9F%A5%E5%9C%B0%E9%BB%9E/63B469FA-C06F-4EE4-B3F7-D62A1214486D.jpeg HTTP/1.1" 200 -
[06/Aug/2026 14:57:19] "GET /Photos/2015/2015-05_%E6%9C%AA%E7%9F%A5%E5%9C%B0%E9%BB%9E/08C03DCB-189C-4F95-B42F-F8DB9EA1F599.jpeg HTTP/1.1" 200 -
[06/Aug/2026 14:57:19] "GET /Photos/2015/2015-05_%E6%9C%AA%E7%9F%A5%E5%9C%B0%E9%BB%9E/856C69EE-65D6-4495-B59F-451D28478F05.jpeg HTTP/1.1" 200 -
[06/Aug/2026 14:57:19] "GET /Photos/2015/2015-05_%E6%9C%AA%E7%9F%A5%E5%9C%B0%E9%BB%9E/0638BAA3-853F-4774-BECC-D17788516F75.jpeg HTTP/1.1" 200 -
[06/Aug/2026 14:57:19] "GET /Photos/2015/2015-05_%E6%9C%AA%E7%9F%A5%E5%9C%B0%E9%BB%9E/E5D56D22-419F-4170-9E42-9F0A0325C93F.jpeg HTTP/1.1" 200 -
[06/Aug/2026 14:57:19] "GET /Photos/2015/2015-02_%E6%9C%AA%E7%9F%A5%E5%9C%B0%E9%BB%9E/BA309E88-196E-4CD3-BDD2-648E72F11C89.jpeg HTTP/1.1" 200 -
[06/Aug/2026 14:57:19] "GET /Photos/2015/2015-02_%E6%9C%AA%E7%9F%A5%E5%9C%B0%E9%BB%9E/F35B261F-40E3-4EDD-BE07-D8AC3279879A.jpeg HTTP/1.1" 200 -
[06/Aug/2026 14:57:19] "GET /Photos/2015/2015-05_%E6%9C%AA%E7%9F%A5%E5%9C%B0%E9%BB%9E/7F5709CE-7125-4E47-941C-E176B428F304.jpeg HTTP/1.1" 200 -
[06/Aug/2026 14:57:19] "GET /Photos/2015/2015-02_%E6%9C%AA%E7%9F%A5%E5%9C%B0%E9%BB%9E/F0EE4925-B76D-489F-97B9-A5B5EAEF2617.jpeg HTTP/1.1" 200 -
[06/Aug/2026 14:57:19] "GET /Photos/2015/2015-02_%E6%9C%AA%E7%9F%A5%E5%9C%B0%E9%BB%9E/80141BBF-32FA-4757-902D-C9D691434869.jpeg HTTP/1.1" 200 -
[06/Aug/2026 14:57:19] "GET /Photos/2015/2015-02_%E6%9C%AA%E7%9F%A5%E5%9C%B0%E9%BB%9E/5B962065-3630-4211-98A4-84FC53283CFB.jpeg HTTP/1.1" 200 -
[06/Aug/2026 14:57:19] "GET /Photos/2015/2015-02_%E6%9C%AA%E7%9F%A5%E5%9C%B0%E9%BB%9E/DAF8DB88-562D-439D-BE4A-8DCFDF7ED8FA.jpeg HTTP/1.1" 200 -
[06/Aug/2026 14:57:19] "GET /Photos/2015/2015-02_%E6%9C%AA%E7%9F%A5%E5%9C%B0%E9%BB%9E/E13055DE-3B3A-46AD-8B48-93947A2E0D34.jpeg HTTP/1.1" 200 -
[06/Aug/2026 14:57:19] "GET /Photos/2015/2015-02_%E6%9C%AA%E7%9F%A5%E5%9C%B0%E9%BB%9E/CA6259C3-45EB-4353-B5E3-47DA751E68DD.jpeg HTTP/1.1" 200 -
[06/Aug/2026 14:57:19] "GET /Photos/2015/2015-02_%E6%9C%AA%E7%9F%A5%E5%9C%B0%E9%BB%9E/6C3DED7B-DEDB-4475-8647-889FF7545F05.jpeg HTTP/1.1" 200 -
[06/Aug/2026 14:57:19] "GET /Photos/2015/2015-02_%E6%9C%AA%E7%9F%A5%E5%9C%B0%E9%BB%9E/9A344A82-2B6B-4A5E-ACFD-1A4D4D937BC7.jpeg HTTP/1.1" 200 -
[06/Aug/2026 14:57:19] "GET /Photos/2015/2015-02_%E6%9C%AA%E7%9F%A5%E5%9C%B0%E9%BB%9E/4192561C-C096-4331-9700-0DB06E439913.jpeg HTTP/1.1" 200 -
[06/Aug/2026 14:57:19] "GET /Photos/2015/2015-02_%E6%9C%AA%E7%9F%A5%E5%9C%B0%E9%BB%9E/58E0CC38-DCAC-4BA5-BEA6-75E47144CD26.jpeg HTTP/1.1" 200 -
[06/Aug/2026 14:57:19] "GET /Photos/2015/2015-02_%E6%9C%AA%E7%9F%A5%E5%9C%B0%E9%BB%9E/BBAEB968-E438-42DA-8FD1-5892C651C1D1.jpeg HTTP/1.1" 200 -
[06/Aug/2026 14:57:19] "GET /Photos/2015/2015-02_%E6%9C%AA%E7%9F%A5%E5%9C%B0%E9%BB%9E/CEE68055-0899-4DD3-A481-702F35DAF867.jpeg HTTP/1.1" 200 -
[06/Aug/2026 14:57:19] "GET /Photos/2015/2015-02_%E6%9C%AA%E7%9F%A5%E5%9C%B0%E9%BB%9E/79BA1020-F5B4-416A-B015-9FEF3BC9DA35.jpeg HTTP/1.1" 200 -
[06/Aug/2026 14:57:19] "GET /Photos/2015/2015-02_%E6%9C%AA%E7%9F%A5%E5%9C%B0%E9%BB%9E/585D39B8-C5F1-453B-81F4-1E4091D29489.jpeg HTTP/1.1" 200 -
[06/Aug/2026 14:57:19] "GET /Photos/2015/2015-02_%E6%9C%AA%E7%9F%A5%E5%9C%B0%E9%BB%9E/60907FC8-70C1-466D-B23A-C0E653C9A725.jpeg HTTP/1.1" 200 -
[06/Aug/2026 14:57:19] "GET /Photos/2015/2015-02_%E6%9C%AA%E7%9F%A5%E5%9C%B0%E9%BB%9E/7FBECAA0-F823-4633-A820-B82D111B6868.jpeg HTTP/1.1" 200 -
[06/Aug/2026 14:57:20] "GET /Photos/2015/2015-02_%E6%9C%AA%E7%9F%A5%E5%9C%B0%E9%BB%9E/5866BB52-5F11-4F4F-93D1-C9E28F2DBACA.jpeg HTTP/1.1" 200 -
[06/Aug/2026 14:57:20] "GET /Photos/2015/2015-02_%E6%9C%AA%E7%9F%A5%E5%9C%B0%E9%BB%9E/4CD9A7F7-1DA0-4B2A-B66A-1C5296C79045.jpeg HTTP/1.1" 200 -
[06/Aug/2026 14:57:20] "GET /Photos/2015/2015-02_%E6%9C%AA%E7%9F%A5%E5%9C%B0%E9%BB%9E/74543AA7-81A5-4187-859D-7AB98466B79F.jpeg HTTP/1.1" 200 -
[06/Aug/2026 14:57:20] "GET /Photos/2015/2015-02_%E6%9C%AA%E7%9F%A5%E5%9C%B0%E9%BB%9E/F2C5F265-13CA-4808-A6CB-61189818E95D.jpeg HTTP/1.1" 200 -
[06/Aug/2026 14:57:20] "GET /Photos/2015/2015-02_%E6%9C%AA%E7%9F%A5%E5%9C%B0%E9%BB%9E/C1A2F689-E9BB-44A2-B20E-4FE308CA0EDE.jpeg HTTP/1.1" 200 -
[06/Aug/2026 14:57:20] "GET /Photos/2015/2015-02_%E6%9C%AA%E7%9F%A5%E5%9C%B0%E9%BB%9E/99E55416-402E-4230-99D9-7C285EC2CFB8.jpeg HTTP/1.1" 200 -
[06/Aug/2026 14:57:20] "GET /Photos/2015/2015-02_%E6%9C%AA%E7%9F%A5%E5%9C%B0%E9%BB%9E/8B1D984F-E9BD-44E0-B1AB-2EFA4714676F.jpeg HTTP/1.1" 200 -
[06/Aug/2026 14:57:20] "GET /Photos/2015/2015-02_%E6%9C%AA%E7%9F%A5%E5%9C%B0%E9%BB%9E/5D846D6F-D1A9-4400-B84B-8EF4E4A7CFA0.jpeg HTTP/1.1" 200 -
[06/Aug/2026 14:57:20] "GET /Photos/2015/2015-02_%E6%9C%AA%E7%9F%A5%E5%9C%B0%E9%BB%9E/3488B8F8-846A-4E89-85E8-7EEE470E96EA.jpeg HTTP/1.1" 200 -
[06/Aug/2026 14:57:20] "GET /Photos/2015/2015-02_%E6%9C%AA%E7%9F%A5%E5%9C%B0%E9%BB%9E/2F2BD7C4-9041-464B-82C6-257AC06D25CF.jpeg HTTP/1.1" 200 -
[06/Aug/2026 14:57:20] "GET /Photos/2015/2015-02_%E6%9C%AA%E7%9F%A5%E5%9C%B0%E9%BB%9E/7A73CD21-7B8D-45C4-8C29-FC50BD541975.jpeg HTTP/1.1" 200 -
[06/Aug/2026 14:57:20] "GET /Photos/2015/2015-02_%E6%9C%AA%E7%9F%A5%E5%9C%B0%E9%BB%9E/23F6B819-F8F7-4BE3-9756-D698C3B7D5D6.jpeg HTTP/1.1" 200 -
[06/Aug/2026 14:57:20] "GET /Photos/2015/2015-02_%E6%9C%AA%E7%9F%A5%E5%9C%B0%E9%BB%9E/10F1B58C-C8BE-43B1-A878-A413EC78F50A.jpeg HTTP/1.1" 200 -
[06/Aug/2026 14:57:20] "GET /Photos/2015/2015-02_%E6%9C%AA%E7%9F%A5%E5%9C%B0%E9%BB%9E/8936C2E9-1B98-4DBE-B7BD-A6A0BA369CD4.jpeg HTTP/1.1" 200 -
[06/Aug/2026 14:57:20] "GET /Photos/2015/2015-02_%E6%9C%AA%E7%9F%A5%E5%9C%B0%E9%BB%9E/3A22B635-379A-4D54-9ABD-928AFF5F248E.jpeg HTTP/1.1" 200 -
[06/Aug/2026 14:57:20] "GET /Photos/2015/2015-02_%E6%9C%AA%E7%9F%A5%E5%9C%B0%E9%BB%9E/1936B3E3-A5B4-485F-8A96-464903F936B6.jpeg HTTP/1.1" 200 -
[06/Aug/2026 14:57:20] "GET /Photos/2015/2015-02_%E6%9C%AA%E7%9F%A5%E5%9C%B0%E9%BB%9E/7F1F8CB3-9213-4135-A633-B2D2418CA1F8.jpeg HTTP/1.1" 200 -
[06/Aug/2026 14:57:20] "GET /Photos/2015/2015-02_%E6%9C%AA%E7%9F%A5%E5%9C%B0%E9%BB%9E/D23D7A28-6A57-461A-8CFF-C9F553DBF0A5.jpeg HTTP/1.1" 200 -
[06/Aug/2026 14:57:20] "GET /Photos/2015/2015-02_%E6%9C%AA%E7%9F%A5%E5%9C%B0%E9%BB%9E/3B8F3A00-AA32-4955-ABF5-D0857A8EEB32.jpeg HTTP/1.1" 200 -
[06/Aug/2026 14:57:20] "GET /Photos/2015/2015-02_%E6%9C%AA%E7%9F%A5%E5%9C%B0%E9%BB%9E/0170FC65-4CD2-4F06-BB7C-13C894941CF6.jpeg HTTP/1.1" 200 -
[06/Aug/2026 14:57:20] "GET /Photos/2015/2015-02_%E6%9C%AA%E7%9F%A5%E5%9C%B0%E9%BB%9E/70380B23-3BFB-4408-9E98-D53CE7F30204.jpeg HTTP/1.1" 200 -
[06/Aug/2026 14:57:20] "GET /Photos/2015/2015-02_%E6%9C%AA%E7%9F%A5%E5%9C%B0%E9%BB%9E/5BEB4B75-2A52-42B3-BC46-BBB191808FD3.jpeg HTTP/1.1" 200 -
[06/Aug/2026 14:57:20] "GET /Photos/2015/2015-02_%E6%9C%AA%E7%9F%A5%E5%9C%B0%E9%BB%9E/ADEEA242-8350-4C3E-B6AF-7C3287276A09.jpeg HTTP/1.1" 200 -
[06/Aug/2026 14:57:20] "GET /Photos/2015/2015-02_%E6%9C%AA%E7%9F%A5%E5%9C%B0%E9%BB%9E/5BDCDAE7-B550-485D-9416-0E214F90F9D7.jpeg HTTP/1.1" 200 -
[06/Aug/2026 14:57:20] "GET /Photos/2015/2015-02_%E6%9C%AA%E7%9F%A5%E5%9C%B0%E9%BB%9E/6352D9BF-2B4D-42DB-83DD-FBE4AABD16C6.jpeg HTTP/1.1" 200 -
[06/Aug/2026 14:57:20] "GET /Photos/2015/2015-02_%E6%9C%AA%E7%9F%A5%E5%9C%B0%E9%BB%9E/E40A3E4F-2F12-4E11-ADD6-E694873E975E.jpeg HTTP/1.1" 200 -
[06/Aug/2026 14:57:20] "GET /Photos/2015/2015-02_%E6%9C%AA%E7%9F%A5%E5%9C%B0%E9%BB%9E/1E55B732-7073-4B50-86DB-7CC25DB35DC6.jpeg HTTP/1.1" 200 -
[06/Aug/2026 14:57:20] "GET /Photos/2015/2015-02_%E6%9C%AA%E7%9F%A5%E5%9C%B0%E9%BB%9E/2FF7D451-78F9-413B-BAFB-C3213D572613.jpeg HTTP/1.1" 200 -
[06/Aug/2026 14:57:20] "GET /Photos/2015/2015-02_%E6%9C%AA%E7%9F%A5%E5%9C%B0%E9%BB%9E/CD9F4E3A-7958-4273-A373-6D8C10E8CF22.jpeg HTTP/1.1" 200 -
[06/Aug/2026 14:57:20] "GET /Photos/2015/2015-02_%E6%9C%AA%E7%9F%A5%E5%9C%B0%E9%BB%9E/DBB863E8-8A15-42E7-8B52-853C0CFF3AAF.jpeg HTTP/1.1" 200 -
[06/Aug/2026 14:57:20] "GET /Photos/2015/2015-02_%E6%9C%AA%E7%9F%A5%E5%9C%B0%E9%BB%9E/CE0E3DFD-906F-4452-801D-71CA248F422E.jpeg HTTP/1.1" 200 -
[06/Aug/2026 14:57:20] "GET /Photos/2015/2015-02_%E6%9C%AA%E7%9F%A5%E5%9C%B0%E9%BB%9E/D3ACC584-61AC-4C7B-957B-AD0C563F9962.jpeg HTTP/1.1" 200 -
[06/Aug/2026 14:57:20] "GET /Photos/2015/2015-02_%E6%9C%AA%E7%9F%A5%E5%9C%B0%E9%BB%9E/DA9CB962-EC79-4EA6-83A7-D98186758C63.jpeg HTTP/1.1" 200 -
[06/Aug/2026 14:57:20] "GET /Photos/2015/2015-02_%E6%9C%AA%E7%9F%A5%E5%9C%B0%E9%BB%9E/0B210180-7DC5-4C4C-8C6D-300587BC4EAD.jpeg HTTP/1.1" 200 -
[06/Aug/2026 14:57:20] "GET /Photos/2015/2015-02_%E6%9C%AA%E7%9F%A5%E5%9C%B0%E9%BB%9E/7F82F525-C6FD-4ED8-8FAD-BB1093D0A3D3.jpeg HTTP/1.1" 200 -
[06/Aug/2026 14:57:20] "GET /Photos/2015/2015-02_%E6%9C%AA%E7%9F%A5%E5%9C%B0%E9%BB%9E/348C8E61-5075-4708-B885-82306B3D2203.jpeg HTTP/1.1" 200 -
[06/Aug/2026 14:57:20] "GET /Photos/2015/2015-02_%E6%9C%AA%E7%9F%A5%E5%9C%B0%E9%BB%9E/45249F62-DCC9-4AF2-A7AB-D0D9386DAAA6.jpeg HTTP/1.1" 200 -
[06/Aug/2026 14:57:20] "GET /Photos/2015/2015-02_%E6%9C%AA%E7%9F%A5%E5%9C%B0%E9%BB%9E/710BB200-55AC-41E6-883D-041D75C481D7.jpeg HTTP/1.1" 200 -
[06/Aug/2026 14:57:20] "GET /Photos/2015/2015-02_%E6%9C%AA%E7%9F%A5%E5%9C%B0%E9%BB%9E/D70E32AE-BB65-4C50-80D9-7B76C03D75D6.jpeg HTTP/1.1" 200 -
[06/Aug/2026 14:57:20] "GET /Photos/2015/2015-02_%E6%9C%AA%E7%9F%A5%E5%9C%B0%E9%BB%9E/42FB4545-02DA-4633-840D-21406D2DB34B.jpeg HTTP/1.1" 200 -
[06/Aug/2026 14:57:21] "GET /Photos/2015/2015-02_%E6%9C%AA%E7%9F%A5%E5%9C%B0%E9%BB%9E/365AE3FD-B987-4F88-95D6-18E9B11EEAF9.jpeg HTTP/1.1" 200 -
[06/Aug/2026 14:57:21] "GET /Photos/2015/2015-02_%E6%9C%AA%E7%9F%A5%E5%9C%B0%E9%BB%9E/22491D39-ECFB-4769-90A2-78EEFBBB6DEF.jpeg HTTP/1.1" 200 -
[06/Aug/2026 14:57:21] "GET /Photos/2015/2015-02_%E6%9C%AA%E7%9F%A5%E5%9C%B0%E9%BB%9E/60E25FC8-BF37-4D07-9DCE-085EB1628E11.jpeg HTTP/1.1" 200 -
[06/Aug/2026 14:57:21] "GET /Photos/2015/2015-02_%E6%9C%AA%E7%9F%A5%E5%9C%B0%E9%BB%9E/D2A015E9-EA2B-493D-9A58-067AEADC7866.jpeg HTTP/1.1" 200 -
[06/Aug/2026 14:57:21] "GET /Photos/2015/2015-02_%E6%9C%AA%E7%9F%A5%E5%9C%B0%E9%BB%9E/6C47B513-E826-4CB8-8182-54CCA6BE89FD.jpeg HTTP/1.1" 200 -
[06/Aug/2026 14:57:21] "GET /Photos/2015/2015-02_%E6%9C%AA%E7%9F%A5%E5%9C%B0%E9%BB%9E/CDB9546C-D11D-4BC0-8FFE-7EB0C2B38DDA.jpeg HTTP/1.1" 200 -
[06/Aug/2026 14:57:21] "GET /Photos/2015/2015-02_%E6%9C%AA%E7%9F%A5%E5%9C%B0%E9%BB%9E/362F1969-EA6C-40FE-BCB8-F889A6671301.jpeg HTTP/1.1" 200 -
[06/Aug/2026 14:57:21] "GET /Photos/2015/2015-02_%E6%9C%AA%E7%9F%A5%E5%9C%B0%E9%BB%9E/8394777C-EC35-47D2-8219-549404A1FF1C.jpeg HTTP/1.1" 200 -
[06/Aug/2026 14:57:21] "GET /Photos/2015/2015-02_%E6%9C%AA%E7%9F%A5%E5%9C%B0%E9%BB%9E/6A555E64-F561-411E-B6AA-9BCDC140EC5E.jpeg HTTP/1.1" 200 -
[06/Aug/2026 14:57:21] "GET /Photos/2015/2015-02_%E6%9C%AA%E7%9F%A5%E5%9C%B0%E9%BB%9E/F4462571-684D-44AD-87F4-ABC967ECD8A6.jpeg HTTP/1.1" 200 -
[06/Aug/2026 14:57:21] "GET /Photos/2015/2015-02_%E6%9C%AA%E7%9F%A5%E5%9C%B0%E9%BB%9E/97A19314-EE02-49A8-8434-A8D5D939CD33.jpeg HTTP/1.1" 200 -
[06/Aug/2026 14:57:21] "GET /Photos/2015/2015-03_%E6%9C%AA%E7%9F%A5%E5%9C%B0%E9%BB%9E/B9FFAD38-049F-42B5-A499-B92BC9A3C523.jpeg HTTP/1.1" 200 -
[06/Aug/2026 14:57:21] "GET /Photos/2015/2015-10_%E5%8F%B0%E5%8C%97/%E5%9F%BA%E9%9A%86/9C483A21-1FBE-4917-B107-A18361A7AF1A.jpeg HTTP/1.1" 200 -
[06/Aug/2026 14:57:21] "GET /Photos/2015/2015-10_%E5%8F%B0%E5%8C%97/%E5%9F%BA%E9%9A%86/5B7E092D-E0BE-4600-A4BF-66C43A989418.jpeg HTTP/1.1" 200 -
[06/Aug/2026 14:57:21] "GET /Photos/2015/2015-03_%E6%9C%AA%E7%9F%A5%E5%9C%B0%E9%BB%9E/55DE01D4-AB91-4E1B-9F71-A78C451FA9CC.jpeg HTTP/1.1" 200 -
[06/Aug/2026 14:57:21] "GET /Photos/2015/2015-10_%E5%8F%B0%E5%8C%97/%E5%9F%BA%E9%9A%86/92F18E92-7E06-4152-B1DF-FA8F906974AD.jpeg HTTP/1.1" 200 -
[06/Aug/2026 14:57:21] "GET /Photos/2015/2015-10_%E5%8F%B0%E5%8C%97/%E5%9F%BA%E9%9A%86/CF99EA7C-16F9-4786-81DF-27FF3F46A2E2.jpeg HTTP/1.1" 200 -
[06/Aug/2026 14:57:21] "GET /Photos/2015/2015-10_%E5%8F%B0%E5%8C%97/%E5%9F%BA%E9%9A%86/67C61B76-8CA1-4592-A1E5-D289674C0D98.jpeg HTTP/1.1" 200 -
[06/Aug/2026 14:57:21] "GET /Photos/2015/2015-10_%E5%8F%B0%E5%8C%97/%E5%9F%BA%E9%9A%86/F492535D-E555-4E7D-8C93-69F9D0E133CD.jpeg HTTP/1.1" 200 -
[06/Aug/2026 14:57:21] "GET /Photos/2015/2015-10_%E5%8F%B0%E5%8C%97/%E5%9F%BA%E9%9A%86/8A99D2AD-22EF-452A-B0DB-1280D3C1A88A.jpeg HTTP/1.1" 200 -
[06/Aug/2026 14:57:21] "GET /Photos/2015/2015-10_%E5%8F%B0%E5%8C%97/%E5%9F%BA%E9%9A%86/CC106756-7B9B-40A1-82E6-40F1C08E1062.jpeg HTTP/1.1" 200 -
[06/Aug/2026 14:57:21] "GET /Photos/2015/2015-10_%E5%8F%B0%E5%8C%97/%E5%9F%BA%E9%9A%86/FDA7DE67-7AB6-47EE-BB6D-2A12727CD7CC.jpeg HTTP/1.1" 200 -
[06/Aug/2026 14:57:21] "GET /Photos/2015/2015-10_%E5%8F%B0%E5%8C%97/%E5%9F%BA%E9%9A%86/7C510D9A-4362-42B8-A1A0-4A367BD762C1.jpeg HTTP/1.1" 200 -
[06/Aug/2026 14:57:21] "GET /Photos/2015/2015-10_%E5%8F%B0%E5%8C%97/%E5%9F%BA%E9%9A%86/78169B94-F400-4B5F-902A-81A5CDA9E836.jpeg HTTP/1.1" 200 -
[06/Aug/2026 14:57:21] "GET /Photos/2015/2015-10_%E5%8F%B0%E5%8C%97/%E5%9F%BA%E9%9A%86/AC1132BD-5518-4443-B558-72836EC2E5ED.jpeg HTTP/1.1" 200 -
[06/Aug/2026 14:57:21] "GET /Photos/2015/2015-10_%E5%8F%B0%E5%8C%97/%E5%9F%BA%E9%9A%86/CF79CD77-E1F8-415D-B505-BA14FEC4D18D.jpeg HTTP/1.1" 200 -
[06/Aug/2026 14:57:21] "GET /Photos/2015/2015-10_%E5%8F%B0%E5%8C%97/%E5%9F%BA%E9%9A%86/942EECF8-47FB-4537-83AE-DA8C26560C84.jpeg HTTP/1.1" 200 -
[06/Aug/2026 14:57:21] "GET /Photos/2015/2015-10_%E5%8F%B0%E5%8C%97/%E5%9F%BA%E9%9A%86/21164C26-65A7-4702-96F9-67222211F31D.jpeg HTTP/1.1" 200 -
[06/Aug/2026 14:57:21] "GET /Photos/2015/2015-10_%E5%8F%B0%E5%8C%97/%E5%9F%BA%E9%9A%86/3EBDFF0E-0F24-4725-8605-BBCF5415A7E5.jpeg HTTP/1.1" 200 -
[06/Aug/2026 14:57:21] "GET /Photos/2015/2015-10_%E5%8F%B0%E5%8C%97/%E5%9F%BA%E9%9A%86/715C44A9-653A-40C5-BD66-D67591C3EEF0.jpeg HTTP/1.1" 200 -
[06/Aug/2026 14:57:21] "GET /Photos/2015/2015-10_%E5%8F%B0%E5%8C%97/%E5%9F%BA%E9%9A%86/3F5A6B9C-851F-4993-BC5F-0F94D91FD48C.jpeg HTTP/1.1" 200 -
[06/Aug/2026 14:57:21] "GET /Photos/2015/2015-10_%E5%8F%B0%E5%8C%97/%E5%9F%BA%E9%9A%86/3D476CA5-4945-46B4-A0F4-E3F794E142C2.jpeg HTTP/1.1" 200 -
[06/Aug/2026 14:57:21] "GET /Photos/2015/2015-10_%E5%8F%B0%E5%8C%97/%E5%9F%BA%E9%9A%86/E573EDCD-F75D-4A8B-A0FD-8F1319B38D2D.jpeg HTTP/1.1" 200 -
[06/Aug/2026 14:57:21] "GET /Photos/2015/2015-10_%E5%8F%B0%E5%8C%97/%E5%9F%BA%E9%9A%86/73143875-809A-46A1-98DE-2A327ED18AF3.jpeg HTTP/1.1" 200 -
[06/Aug/2026 14:57:21] "GET /Photos/2015/2015-10_%E5%8F%B0%E5%8C%97/%E5%9F%BA%E9%9A%86/6F722A5C-BA26-44BF-86B2-55DFB15C4757.jpeg HTTP/1.1" 200 -
[06/Aug/2026 14:57:21] "GET /Photos/2015/2015-10_%E5%8F%B0%E5%8C%97/%E5%9F%BA%E9%9A%86/8F683E0C-0D43-4267-869C-4D5BB54035DC.jpeg HTTP/1.1" 200 -
[06/Aug/2026 14:57:21] "GET /Photos/2015/2015-05_%E5%BD%B0%E5%8C%96/%E5%98%89%E7%BE%A9/FDD57855-2C22-45AC-A316-188E977507F7_1_201_a.jpeg HTTP/1.1" 200 -
[06/Aug/2026 14:57:21] "GET /Photos/2015/2015-04_%E5%8F%B0%E5%8C%97/%E5%9F%BA%E9%9A%86/AD7B8B95-2F07-4165-97CB-012E8FA13DA4.jpeg HTTP/1.1" 200 -
[06/Aug/2026 14:57:21] "GET /Photos/2015/2015-04_%E5%8F%B0%E5%8C%97/%E5%9F%BA%E9%9A%86/5344E08C-8C3C-443E-A5E2-FB377B800C41.jpeg HTTP/1.1" 200 -
[06/Aug/2026 14:57:21] "GET /Photos/2015/2015-04_%E5%8F%B0%E5%8C%97/%E5%9F%BA%E9%9A%86/61A2029F-C221-437B-AF02-06AD6FE1CC12.jpeg HTTP/1.1" 200 -
[06/Aug/2026 14:57:22] "GET /Photos/2015/2015-04_%E5%8F%B0%E5%8C%97/%E5%9F%BA%E9%9A%86/B3BBB049-A6CB-455D-8758-5E360AD06964.jpeg HTTP/1.1" 200 -
[06/Aug/2026 14:57:22] "GET /Photos/2015/2015-04_%E5%8F%B0%E5%8C%97/%E5%9F%BA%E9%9A%86/56BFC6A1-D45E-44DE-8F1E-BBB67FEA603D.jpeg HTTP/1.1" 200 -
[06/Aug/2026 14:57:22] "GET /Photos/2015/2015-04_%E5%8F%B0%E5%8C%97/%E5%9F%BA%E9%9A%86/5ACF20D5-D4BC-4DB9-B095-6F61B4E7E95F.jpeg HTTP/1.1" 200 -
[06/Aug/2026 14:57:22] "GET /Photos/2015/2015-04_%E5%8F%B0%E5%8C%97/%E5%9F%BA%E9%9A%86/4987EC21-6E59-4EB4-952D-425825343F1B.jpeg HTTP/1.1" 200 -
[06/Aug/2026 14:57:22] "GET /Photos/2015/2015-04_%E5%8F%B0%E5%8C%97/%E5%9F%BA%E9%9A%86/3024B12D-1641-4D09-8485-A06668981F5D.jpeg HTTP/1.1" 200 -
[06/Aug/2026 14:57:22] "GET /Photos/2015/2015-04_%E5%8F%B0%E5%8C%97/%E5%9F%BA%E9%9A%86/D7DF960A-277E-4A31-8556-E2F02C8CCD4C.jpeg HTTP/1.1" 200 -
[06/Aug/2026 14:57:22] "GET /Photos/2015/2015-04_%E5%8F%B0%E5%8C%97/%E5%9F%BA%E9%9A%86/6049812F-B6C8-4C99-869E-F56AFCE01FDB.jpeg HTTP/1.1" 200 -
[06/Aug/2026 14:57:22] "GET /Photos/2015/2015-04_%E5%8F%B0%E5%8C%97/%E5%9F%BA%E9%9A%86/1821161F-02A2-45C8-AB20-291DFCF0F29F.jpeg HTTP/1.1" 200 -
[06/Aug/2026 14:57:22] "GET /Photos/2015/2015-04_%E5%8F%B0%E5%8C%97/%E5%9F%BA%E9%9A%86/6237C1E2-AFDE-48E2-BE1B-3FEFC7D608FC.jpeg HTTP/1.1" 200 -
[06/Aug/2026 14:57:22] "GET /Photos/2015/2015-04_%E5%8F%B0%E5%8C%97/%E5%9F%BA%E9%9A%86/D359FF00-1A5A-4C7F-843B-8BA82906BA4A.jpeg HTTP/1.1" 200 -
[06/Aug/2026 14:57:22] "GET /Photos/2015/2015-04_%E5%8F%B0%E5%8C%97/%E5%9F%BA%E9%9A%86/90E1141B-E431-49CD-9554-5F3FCE40968E.jpeg HTTP/1.1" 200 -
[06/Aug/2026 14:57:22] "GET /Photos/2015/2015-04_%E5%8F%B0%E5%8C%97/%E5%9F%BA%E9%9A%86/FE9ED042-278F-4A64-9B69-7C214CFA1445.jpeg HTTP/1.1" 200 -
[06/Aug/2026 14:57:22] "GET /Photos/2015/2015-04_%E5%8F%B0%E5%8C%97/%E5%9F%BA%E9%9A%86/E5E294C7-36E9-42AE-9AD2-A936D54780EA.jpeg HTTP/1.1" 200 -
[06/Aug/2026 14:57:22] "GET /Photos/2015/2015-04_%E5%8F%B0%E5%8C%97/%E5%9F%BA%E9%9A%86/76FEADAB-3E44-4913-ABA4-09B33AB15801.jpeg HTTP/1.1" 200 -
[06/Aug/2026 14:57:22] "GET /Photos/2015/2015-04_%E5%8F%B0%E5%8C%97/%E5%9F%BA%E9%9A%86/68C9FCF5-0D2D-4E9B-BB0A-721A2B6286A0.jpeg HTTP/1.1" 200 -
[06/Aug/2026 14:57:22] "GET /Photos/2015/2015-04_%E5%8F%B0%E5%8C%97/%E5%9F%BA%E9%9A%86/0619CA25-FEE2-41BA-BD77-F0946544F90B.jpeg HTTP/1.1" 200 -
[06/Aug/2026 14:57:22] "GET /Photos/2015/2015-04_%E5%8F%B0%E5%8C%97/%E5%9F%BA%E9%9A%86/E0C1185B-D9F3-4498-9AB1-C2A9F84DCBAD.jpeg HTTP/1.1" 200 -
[06/Aug/2026 14:57:22] "GET /Photos/2015/2015-04_%E5%8F%B0%E5%8C%97/%E5%9F%BA%E9%9A%86/9499EB74-D13F-4B8A-B620-1B57560326C9.jpeg HTTP/1.1" 200 -
[06/Aug/2026 14:57:22] "GET /Photos/2015/2015-04_%E5%8F%B0%E5%8C%97/%E5%9F%BA%E9%9A%86/951A4509-247A-47CA-914B-102B7121F576.jpeg HTTP/1.1" 200 -
[06/Aug/2026 14:57:22] "GET /Photos/2015/2015-04_%E5%8F%B0%E5%8C%97/%E5%9F%BA%E9%9A%86/2FE75354-3A49-44C2-906A-CD2A1763D701.jpeg HTTP/1.1" 200 -
[06/Aug/2026 14:57:22] "GET /Photos/2015/2015-04_%E5%8F%B0%E5%8C%97/%E5%9F%BA%E9%9A%86/4FF18453-4F43-4B60-A170-CBD2B4ACC390.jpeg HTTP/1.1" 200 -
[06/Aug/2026 14:57:22] "GET /Photos/2015/2015-04_%E5%8F%B0%E5%8C%97/%E5%9F%BA%E9%9A%86/5C35EE22-7CFA-4040-AD66-2E59C97221D4.jpeg HTTP/1.1" 200 -
[06/Aug/2026 14:57:22] "GET /Photos/2015/2015-05_%E5%8F%B0%E5%8C%97/%E5%9F%BA%E9%9A%86/341B3548-4419-4F68-B92A-26245D9456B2.jpeg HTTP/1.1" 200 -
[06/Aug/2026 14:57:22] "GET /Photos/2015/2015-05_%E5%8F%B0%E5%8C%97/%E5%9F%BA%E9%9A%86/F77883F7-B319-4117-A02E-DB7D64DA26FE.jpeg HTTP/1.1" 200 -
[06/Aug/2026 14:57:22] "GET /Photos/2015/2015-05_%E5%8F%B0%E5%8C%97/%E5%9F%BA%E9%9A%86/F655E0DF-1FAF-4918-8025-0A08BB2F903B.jpeg HTTP/1.1" 200 -
[06/Aug/2026 14:57:22] "GET /Photos/2015/2015-01_%E5%8F%B0%E5%8C%97/%E5%9F%BA%E9%9A%86/806AE9D8-1B16-4110-B06A-5217BFC8B756.jpeg HTTP/1.1" 200 -
[06/Aug/2026 14:57:22] "GET /Photos/2015/2015-11_%E5%8F%B0%E5%8C%97/%E5%9F%BA%E9%9A%86/5C6186EB-D4B3-4FE6-A46C-1EF1691B55A6.jpeg HTTP/1.1" 200 -
[06/Aug/2026 14:57:22] "GET /Photos/2015/2015-11_%E5%8F%B0%E5%8C%97/%E5%9F%BA%E9%9A%86/05618AE1-F662-4792-95AE-6FF22EA24E59.jpeg HTTP/1.1" 200 -
[06/Aug/2026 14:57:22] "GET /Photos/2015/2015-06_%E5%8F%B0%E5%8C%97/%E5%9F%BA%E9%9A%86/B11B854D-DB09-42F9-828E-CB98C4575A2E.jpeg HTTP/1.1" 200 -
[06/Aug/2026 14:57:22] "GET /Photos/2015/2015-06_%E5%8F%B0%E5%8C%97/%E5%9F%BA%E9%9A%86/6EF4FCBE-6BE2-4806-B050-0CAA71932B9D.jpeg HTTP/1.1" 200 -
[06/Aug/2026 14:57:22] "GET /Photos/2015/2015-06_%E5%8F%B0%E5%8C%97/%E5%9F%BA%E9%9A%86/E922771C-53F4-4C8D-A06A-8B87EE27FA13.jpeg HTTP/1.1" 200 -
[06/Aug/2026 14:57:22] "GET /Photos/2015/2015-06_%E5%8F%B0%E5%8C%97/%E5%9F%BA%E9%9A%86/E754D98D-1E10-4964-B085-20D5477103CA.jpeg HTTP/1.1" 200 -
[06/Aug/2026 14:57:22] "GET /Photos/2015/2015-06_%E5%8F%B0%E5%8C%97/%E5%9F%BA%E9%9A%86/048B04A6-6D31-4075-A2AC-6031BE27A88A.jpeg HTTP/1.1" 200 -
[06/Aug/2026 14:57:22] "GET /Photos/2015/2015-12_%E5%8F%B0%E5%8C%97/%E5%9F%BA%E9%9A%86/92A851FA-C581-471A-A0F9-1FB5944386AF.jpeg HTTP/1.1" 200 -
[06/Aug/2026 14:57:22] "GET /Photos/2015/2015-12_%E5%8F%B0%E5%8C%97/%E5%9F%BA%E9%9A%86/8ED0193A-B750-4969-B9F7-A2E153FA26C5.jpeg HTTP/1.1" 200 -
[06/Aug/2026 14:57:22] "GET /Photos/2015/2015-06_%E5%8F%B0%E5%8C%97/%E5%9F%BA%E9%9A%86/81427123-CB63-4EC6-A5C7-28DCCEF4A25D_1_201_a.jpeg HTTP/1.1" 200 -
[06/Aug/2026 14:57:22] "GET /Photos/2015/2015-12_%E5%8F%B0%E5%8C%97/%E5%9F%BA%E9%9A%86/296B8FFB-3075-458E-A802-CE974B040BD1.jpeg HTTP/1.1" 200 -
[06/Aug/2026 14:57:22] "GET /Photos/2015/2015-02_%E5%8F%B0%E5%8C%97/%E5%9F%BA%E9%9A%86/0C82ADE6-9273-4333-8F40-9D291BC2BE27.jpeg HTTP/1.1" 200 -
[06/Aug/2026 14:57:22] "GET /Photos/2015/2015-02_%E5%8F%B0%E5%8C%97/%E5%9F%BA%E9%9A%86/BF4B94AE-0494-4329-A0F8-65E53D9B75D3.jpeg HTTP/1.1" 200 -
[06/Aug/2026 14:57:22] "GET /Photos/2015/2015-02_%E5%8F%B0%E5%8C%97/%E5%9F%BA%E9%9A%86/49CEB0AF-2C7F-4E03-B65C-BD89DB9CD7AF.jpeg HTTP/1.1" 200 -
[06/Aug/2026 14:57:22] "GET /Photos/2015/2015-03_%E5%8F%B0%E5%8C%97/%E5%9F%BA%E9%9A%86/9693F67B-5BEE-4537-8256-B2DBE5ABD92C.jpeg HTTP/1.1" 200 -
[06/Aug/2026 14:57:22] "GET /Photos/2015/2015-07_%E5%8F%B0%E5%8C%97/%E5%9F%BA%E9%9A%86/B8644ECC-A8BA-4320-983C-3CE1A8CE850E.jpeg HTTP/1.1" 200 -
[06/Aug/2026 14:57:22] "GET /Photos/2015/2015-07_%E5%8F%B0%E5%8C%97/%E5%9F%BA%E9%9A%86/A3999B25-66CC-405A-BEE2-31FDA5C4A5A7.jpeg HTTP/1.1" 200 -
[06/Aug/2026 14:57:22] "GET /Photos/2015/2015-07_%E5%8F%B0%E5%8C%97/%E5%9F%BA%E9%9A%86/3F19E853-11CA-45B2-876A-BA76686CFA2C.jpeg HTTP/1.1" 200 -
[06/Aug/2026 14:57:22] "GET /Photos/2015/2015-07_%E5%8F%B0%E5%8C%97/%E5%9F%BA%E9%9A%86/88310459-A558-434D-9756-3A8EA2D840AB.jpeg HTTP/1.1" 200 -
[06/Aug/2026 14:57:22] "GET /Photos/2015/2015-07_%E5%8F%B0%E5%8C%97/%E5%9F%BA%E9%9A%86/DCD3E002-ADD4-4103-94AD-2E83867407EE.jpeg HTTP/1.1" 200 -
[06/Aug/2026 14:57:22] "GET /Photos/2015/2015-07_%E5%8F%B0%E5%8C%97/%E5%9F%BA%E9%9A%86/6A6C6377-5F3C-414A-BFD5-1416C3F8F0A5.jpeg HTTP/1.1" 200 -
[06/Aug/2026 14:57:22] "GET /Photos/2015/2015-07_%E5%8F%B0%E5%8C%97/%E5%9F%BA%E9%9A%86/2490D32A-AB52-49A7-8604-29FDF43F708A.jpeg HTTP/1.1" 200 -
[06/Aug/2026 14:57:22] "GET /Photos/2015/2015-07_%E5%8F%B0%E5%8C%97/%E5%9F%BA%E9%9A%86/FEABE1DB-2FB2-4B10-8B12-5AEC933F84E8.jpeg HTTP/1.1" 200 -
[06/Aug/2026 14:57:22] "GET /Photos/2015/2015-07_%E5%8F%B0%E5%8C%97/%E5%9F%BA%E9%9A%86/632E109A-EF58-47E3-BAED-F87F8DE6FE05.jpeg HTTP/1.1" 200 -
[06/Aug/2026 14:57:22] "GET /Photos/2015/2015-07_%E5%8F%B0%E5%8C%97/%E5%9F%BA%E9%9A%86/9CAD056E-CC95-40D4-8C79-480EDA49CC2D.jpeg HTTP/1.1" 200 -
[06/Aug/2026 14:57:22] "GET /Photos/2015/2015-07_%E5%8F%B0%E5%8C%97/%E5%9F%BA%E9%9A%86/1E3F1724-D5D8-4421-885F-E87820E5FB08.jpeg HTTP/1.1" 200 -
[06/Aug/2026 14:57:22] "GET /Photos/2015/2015-07_%E5%8F%B0%E5%8C%97/%E5%9F%BA%E9%9A%86/9C5B5CD0-547C-4701-A970-F993F686F420.jpeg HTTP/1.1" 200 -
[06/Aug/2026 14:57:22] "GET /Photos/2015/2015-07_%E5%8F%B0%E5%8C%97/%E5%9F%BA%E9%9A%86/A6DDBA2E-385F-4AC3-AAA5-AC56783A5071.jpeg HTTP/1.1" 200 -
[06/Aug/2026 14:57:22] "GET /Photos/2015/2015-07_%E5%8F%B0%E5%8C%97/%E5%9F%BA%E9%9A%86/74BE9520-2F33-4977-9A02-6B46D9CEB700.jpeg HTTP/1.1" 200 -
[06/Aug/2026 14:57:22] "GET /Photos/2015/2015-07_%E5%8F%B0%E5%8C%97/%E5%9F%BA%E9%9A%86/702D11FC-CF6D-414D-88CE-3F99588628F4.jpeg HTTP/1.1" 200 -
[06/Aug/2026 14:57:23] "GET /Photos/2015/2015-07_%E5%8F%B0%E5%8C%97/%E5%9F%BA%E9%9A%86/6B1F9902-AEBF-44F8-883E-72A66E8E12F3.jpeg HTTP/1.1" 200 -
[06/Aug/2026 14:57:23] "GET /Photos/2015/2015-07_%E5%8F%B0%E5%8C%97/%E5%9F%BA%E9%9A%86/8DE89F15-BE20-4D5A-9591-C971077C81CE.jpeg HTTP/1.1" 200 -
[06/Aug/2026 14:57:23] "GET /Photos/2015/2015-07_%E5%8F%B0%E5%8C%97/%E5%9F%BA%E9%9A%86/E7B7A907-76F6-4821-9382-8745C2DDC3CF.jpeg HTTP/1.1" 200 -
[06/Aug/2026 14:57:23] "GET /Photos/2015/2015-07_%E5%8F%B0%E5%8C%97/%E5%9F%BA%E9%9A%86/7ED9086D-3EF3-4DA1-B918-72A00874FCF2.jpeg HTTP/1.1" 200 -
[06/Aug/2026 14:57:23] "GET /Photos/2015/2015-07_%E5%8F%B0%E5%8C%97/%E5%9F%BA%E9%9A%86/CDF6B59A-2045-4FEA-8A35-DAB2CAE2427F.jpeg HTTP/1.1" 200 -
[06/Aug/2026 14:57:23] "GET /Photos/2015/2015-07_%E5%8F%B0%E5%8C%97/%E5%9F%BA%E9%9A%86/9CC7596B-2115-49EB-A915-31835C8C653A.jpeg HTTP/1.1" 200 -
[06/Aug/2026 14:57:23] "GET /Photos/2015/2015-07_%E5%8F%B0%E5%8C%97/%E5%9F%BA%E9%9A%86/9D8EE421-6E3F-4F4F-934B-BF7E7D528B77.jpeg HTTP/1.1" 200 -
[06/Aug/2026 14:57:23] "GET /Photos/2015/2015-07_%E5%8F%B0%E5%8C%97/%E5%9F%BA%E9%9A%86/AA154035-4091-4998-B4FD-EBAC7BE68C87.jpeg HTTP/1.1" 200 -
[06/Aug/2026 14:57:23] "GET /Photos/2015/2015-07_%E5%8F%B0%E5%8C%97/%E5%9F%BA%E9%9A%86/6F270409-285D-46B6-B0C0-A4FFA0383B72_1_201_a.jpeg HTTP/1.1" 200 -
[06/Aug/2026 14:57:23] "GET /Photos/2015/2015-07_%E5%8F%B0%E5%8C%97/%E5%9F%BA%E9%9A%86/87895665-109E-4496-B27F-D5A0EBBC4FD8.jpeg HTTP/1.1" 200 -
[06/Aug/2026 14:57:23] "GET /Photos/2015/2015-07_%E5%8F%B0%E5%8C%97/%E5%9F%BA%E9%9A%86/2B4F0D35-B22F-425B-A8B9-FE3882324C52_1_201_a.jpeg HTTP/1.1" 200 -
[06/Aug/2026 14:57:23] "GET /Photos/2015/2015-07_%E5%8F%B0%E5%8C%97/%E5%9F%BA%E9%9A%86/FA71263C-282C-4F73-A449-76AC863EA155.jpeg HTTP/1.1" 200 -
[06/Aug/2026 14:57:23] "GET /Photos/2015/2015-07_%E5%8F%B0%E5%8C%97/%E5%9F%BA%E9%9A%86/FBD45FB9-8243-44AE-87DE-50E7E5CAA695.jpeg HTTP/1.1" 200 -
[06/Aug/2026 14:57:23] "GET /Photos/2015/2015-07_%E5%8F%B0%E5%8C%97/%E5%9F%BA%E9%9A%86/B79C3862-C521-47D9-872C-FE4194D38FF5.jpeg HTTP/1.1" 200 -
[06/Aug/2026 14:57:23] "GET /Photos/2015/2015-07_%E5%8F%B0%E5%8C%97/%E5%9F%BA%E9%9A%86/1FD66000-D65B-4947-AAD1-B14239D54735.jpeg HTTP/1.1" 200 -
[06/Aug/2026 14:57:23] "GET /Photos/2015/2015-07_%E5%8F%B0%E5%8C%97/%E5%9F%BA%E9%9A%86/9964969A-A354-4A0D-85C1-43990BD400C5.jpeg HTTP/1.1" 200 -
[06/Aug/2026 14:57:23] "GET /Photos/2015/2015-07_%E5%8F%B0%E5%8C%97/%E5%9F%BA%E9%9A%86/6D2244C3-0F39-41D2-9DFB-9855F211B7CB.jpeg HTTP/1.1" 200 -
[06/Aug/2026 14:57:23] "GET /Photos/2015/2015-07_%E5%8F%B0%E5%8C%97/%E5%9F%BA%E9%9A%86/A00D441D-FDF0-4109-A18E-B335F879504B.jpeg HTTP/1.1" 200 -
[06/Aug/2026 14:57:23] "GET /Photos/2015/2015-07_%E5%8F%B0%E5%8C%97/%E5%9F%BA%E9%9A%86/6A087F0E-0F09-4968-AC92-CAEBDFCE8CEE.jpeg HTTP/1.1" 200 -
[06/Aug/2026 14:57:23] "GET /Photos/2015/2015-07_%E5%8F%B0%E5%8C%97/%E5%9F%BA%E9%9A%86/C3B5AC39-CFD2-4D7E-A7D3-3F141D5C27CD.jpeg HTTP/1.1" 200 -
[06/Aug/2026 14:57:23] "GET /Photos/2015/2015-07_%E5%8F%B0%E5%8C%97/%E5%9F%BA%E9%9A%86/8E0C92A8-A1AD-45CE-807D-D090BACDC5A2.jpeg HTTP/1.1" 200 -
[06/Aug/2026 14:57:23] "GET /Photos/2015/2015-07_%E5%8F%B0%E5%8C%97/%E5%9F%BA%E9%9A%86/A7BECFD8-B578-4F86-8AEE-A32E557EC819.jpeg HTTP/1.1" 200 -
[06/Aug/2026 14:57:23] "GET /Photos/2015/2015-07_%E5%8F%B0%E5%8C%97/%E5%9F%BA%E9%9A%86/E6EBAC0F-18EE-4782-866E-C13CF8B2BB72.jpeg HTTP/1.1" 200 -
[06/Aug/2026 14:57:23] "GET /Photos/2015/2015-07_%E5%8F%B0%E5%8C%97/%E5%9F%BA%E9%9A%86/61233F62-D3AB-4E80-BB27-0294C3CD7BF6.jpeg HTTP/1.1" 200 -
[06/Aug/2026 14:57:23] "GET /Photos/2015/2015-07_%E5%8F%B0%E5%8C%97/%E5%9F%BA%E9%9A%86/167531A4-BC68-445B-B53A-B8D84AFBFEB5.jpeg HTTP/1.1" 200 -
[06/Aug/2026 14:57:23] "GET /Photos/2015/2015-07_%E5%8F%B0%E5%8C%97/%E5%9F%BA%E9%9A%86/6E96E1CA-0B80-4AC3-A106-57B6580B9249.jpeg HTTP/1.1" 200 -
[06/Aug/2026 14:57:23] "GET /Photos/2015/2015-07_%E5%8F%B0%E5%8C%97/%E5%9F%BA%E9%9A%86/C356FFFA-346C-46BE-9693-3CADD9B283AB.jpeg HTTP/1.1" 200 -
[06/Aug/2026 14:57:23] "GET /Photos/2015/2015-07_%E5%8F%B0%E5%8C%97/%E5%9F%BA%E9%9A%86/F385748D-DCD2-4C33-ADD8-5593E0B589C4.jpeg HTTP/1.1" 200 -
[06/Aug/2026 14:57:23] "GET /Photos/2015/2015-07_%E5%8F%B0%E5%8C%97/%E5%9F%BA%E9%9A%86/03E8EE1D-3FA3-4FB4-AF62-046B423430A6.jpeg HTTP/1.1" 200 -
[06/Aug/2026 14:57:23] "GET /Photos/2015/2015-07_%E5%8F%B0%E5%8C%97/%E5%9F%BA%E9%9A%86/7C7FBF48-9689-497A-8111-C300A08B362D.jpeg HTTP/1.1" 200 -
[06/Aug/2026 14:57:23] "GET /Photos/2015/2015-07_%E5%8F%B0%E5%8C%97/%E5%9F%BA%E9%9A%86/806BC1DD-8316-4478-9BAB-C8A1FEE39D9A.jpeg HTTP/1.1" 200 -
[06/Aug/2026 14:57:23] "GET /Photos/2015/2015-07_%E5%8F%B0%E5%8C%97/%E5%9F%BA%E9%9A%86/C77DEF79-938E-466A-9413-146BB14216C9.jpeg HTTP/1.1" 200 -
[06/Aug/2026 14:57:23] "GET /Photos/2015/2015-07_%E5%8F%B0%E5%8C%97/%E5%9F%BA%E9%9A%86/A537164B-5DE1-427F-94BC-84DFC4D4396E_1_201_a.jpeg HTTP/1.1" 200 -
[06/Aug/2026 14:57:23] "GET /Photos/2015/2015-07_%E5%8F%B0%E5%8C%97/%E5%9F%BA%E9%9A%86/5C3C070A-2DE5-4617-A07B-74C9BA65F70E.jpeg HTTP/1.1" 200 -
[06/Aug/2026 14:57:23] "GET /Photos/2015/2015-07_%E5%8F%B0%E5%8C%97/%E5%9F%BA%E9%9A%86/18A8D385-1E6F-4485-B9C7-824C0D8086A5.jpeg HTTP/1.1" 200 -
[06/Aug/2026 14:57:23] "GET /Photos/2015/2015-07_%E5%8F%B0%E5%8C%97/%E5%9F%BA%E9%9A%86/B2A42012-E254-4BF4-9507-33CBD5FEB8BF.jpeg HTTP/1.1" 200 -
[06/Aug/2026 14:57:23] "GET /Photos/2015/2015-07_%E5%8F%B0%E5%8C%97/%E5%9F%BA%E9%9A%86/CDFCC8D9-A439-4900-852F-6B953BC318DB.jpeg HTTP/1.1" 200 -
[06/Aug/2026 14:57:23] "GET /Photos/2015/2015-07_%E5%8F%B0%E5%8C%97/%E5%9F%BA%E9%9A%86/C526A6F1-4F69-4E00-B66E-A7A9466F1A32.jpeg HTTP/1.1" 200 -
[06/Aug/2026 14:57:23] "GET /Photos/2015/2015-07_%E5%8F%B0%E5%8C%97/%E5%9F%BA%E9%9A%86/0A894D17-0A10-4DDD-A774-F1DC2F658FB6.jpeg HTTP/1.1" 200 -
[06/Aug/2026 14:57:23] "GET /Photos/2015/2015-07_%E5%8F%B0%E5%8C%97/%E5%9F%BA%E9%9A%86/4524AFEA-6762-46C9-BE70-DFE81BE4EF89.jpeg HTTP/1.1" 200 -
[06/Aug/2026 14:57:23] "GET /Photos/2015/2015-07_%E5%8F%B0%E5%8C%97/%E5%9F%BA%E9%9A%86/A5383F93-2019-4917-AD58-36EFCFEE6F3D.jpeg HTTP/1.1" 200 -
[06/Aug/2026 14:57:23] "GET /Photos/2015/2015-07_%E5%8F%B0%E5%8C%97/%E5%9F%BA%E9%9A%86/0D1C929E-E132-4B37-BC41-9A92F116D29B.jpeg HTTP/1.1" 200 -
[06/Aug/2026 14:57:23] "GET /Photos/2015/2015-07_%E5%8F%B0%E5%8C%97/%E5%9F%BA%E9%9A%86/F6005524-6E7F-406B-8148-C67B13D2C3DE.jpeg HTTP/1.1" 200 -
[06/Aug/2026 14:57:23] "GET /Photos/2015/2015-07_%E5%8F%B0%E5%8C%97/%E5%9F%BA%E9%9A%86/A23F724C-4480-49B4-A6C5-68596FAE904A.jpeg HTTP/1.1" 200 -
[06/Aug/2026 14:57:23] "GET /Photos/2015/2015-07_%E5%8F%B0%E5%8C%97/%E5%9F%BA%E9%9A%86/E2636A07-3F55-41B4-94E2-CEDB00980F88.jpeg HTTP/1.1" 200 -
[06/Aug/2026 14:57:23] "GET /Photos/2015/2015-06_%E6%96%B0%E7%AB%B9/%E5%8F%B0%E4%B8%AD/71ECFC09-01F5-4C39-B680-568A251BEE2B.jpeg HTTP/1.1" 200 -
[06/Aug/2026 14:57:23] "GET /Photos/2015/2015-06_%E6%96%B0%E7%AB%B9/%E5%8F%B0%E4%B8%AD/E12C5D3C-45D9-4296-B642-6417A240D9DE.jpeg HTTP/1.1" 200 -
[06/Aug/2026 14:57:23] "GET /Photos/2015/2015-06_%E6%96%B0%E7%AB%B9/%E5%8F%B0%E4%B8%AD/2A82913A-4B25-4EBA-A51A-CF3EF9F5C4DB.jpeg HTTP/1.1" 200 -
[06/Aug/2026 14:57:24] "GET /Photos/2015/2015-02_%E6%96%B0%E7%AB%B9/%E5%8F%B0%E4%B8%AD/FA13EA80-80B3-430D-A23E-498D397E036E.jpeg HTTP/1.1" 200 -
[06/Aug/2026 14:57:24] "GET /Photos/2015/2015-02_%E6%96%B0%E7%AB%B9/%E5%8F%B0%E4%B8%AD/CA3A60BC-E315-4087-853B-47BE0765B6EF.jpeg HTTP/1.1" 200 -
[06/Aug/2026 14:57:24] "GET /Photos/2015/2015-02_%E6%96%B0%E7%AB%B9/%E5%8F%B0%E4%B8%AD/C7791B2F-52AF-4FA5-B45A-2FB623CC0DAB.jpeg HTTP/1.1" 200 -
[06/Aug/2026 14:57:24] "GET /Photos/2015/2015-02_%E6%96%B0%E7%AB%B9/%E5%8F%B0%E4%B8%AD/4EDA847C-54A7-47A2-BDFC-DB5B59DBD78E.jpeg HTTP/1.1" 200 -
[06/Aug/2026 14:57:24] "GET /Photos/2015/2015-02_%E6%96%B0%E7%AB%B9/%E5%8F%B0%E4%B8%AD/D706AAE5-28EB-4EB8-9AD3-550CB3BE0846.jpeg HTTP/1.1" 200 -
[06/Aug/2026 14:57:24] "GET /Photos/2015/2015-08_%E5%BD%B0%E5%8C%96/%E5%98%89%E7%BE%A9/505C6C4A-681A-478C-B58F-4ECFBD2E9248.jpeg HTTP/1.1" 200 -
[06/Aug/2026 14:57:24] "GET /Photos/2015/2015-06_%E6%96%B0%E7%AB%B9/%E5%8F%B0%E4%B8%AD/4B433CDA-FACC-4F6D-AC92-27F737D33EEF.jpeg HTTP/1.1" 200 -
[06/Aug/2026 14:57:24] "GET /Photos/2015/2015-06_%E6%96%B0%E7%AB%B9/%E5%8F%B0%E4%B8%AD/7087840C-F704-445B-B8DA-EE5FE72850D1.jpeg HTTP/1.1" 200 -
[06/Aug/2026 14:57:24] "GET /Photos/2017/2017-03_%E6%9C%AA%E7%9F%A5%E5%9C%B0%E9%BB%9E/1C3214B7-AC4D-4F39-AB5E-AEA41E460808.jpeg HTTP/1.1" 200 -
[06/Aug/2026 14:57:24] "GET /Photos/2017/2017-03_%E6%9C%AA%E7%9F%A5%E5%9C%B0%E9%BB%9E/C22AE996-5FED-42B6-856A-B4ECF45EE748.jpeg HTTP/1.1" 200 -
[06/Aug/2026 14:57:24] "GET /Photos/2017/2017-03_%E6%9C%AA%E7%9F%A5%E5%9C%B0%E9%BB%9E/A6DCE7A0-BC85-4D00-A5E5-28A781C930F1.jpeg HTTP/1.1" 200 -
[06/Aug/2026 14:57:24] "GET /Photos/2017/2017-04_%E6%9C%AA%E7%9F%A5%E5%9C%B0%E9%BB%9E/5D3FA37A-E86E-4018-A610-72B8C8AA2DD4.jpeg HTTP/1.1" 200 -
[06/Aug/2026 14:57:24] "GET /Photos/2017/2017-04_%E6%9C%AA%E7%9F%A5%E5%9C%B0%E9%BB%9E/61B214C1-F2FB-48D6-8E96-515735FF31D8.jpeg HTTP/1.1" 200 -
[06/Aug/2026 14:57:24] "GET /Photos/2017/2017-04_%E6%9C%AA%E7%9F%A5%E5%9C%B0%E9%BB%9E/FAD2B850-13E6-42D7-9130-2386E1E2E928.jpeg HTTP/1.1" 200 -
[06/Aug/2026 14:57:24] "GET /Photos/2017/2017-04_%E6%9C%AA%E7%9F%A5%E5%9C%B0%E9%BB%9E/7832FB5C-7F9C-470F-8E68-2EEF6308BF74.jpeg HTTP/1.1" 200 -
[06/Aug/2026 14:57:24] "GET /Photos/2017/2017-04_%E6%9C%AA%E7%9F%A5%E5%9C%B0%E9%BB%9E/99F7B97D-DB70-4CC5-B8CD-C3DD2A560CB7.jpeg HTTP/1.1" 200 -
[06/Aug/2026 14:57:24] "GET /Photos/2017/2017-04_%E6%9C%AA%E7%9F%A5%E5%9C%B0%E9%BB%9E/F705AE30-9A2A-4E66-97C0-795FC253FBDF.jpeg HTTP/1.1" 200 -
[06/Aug/2026 14:57:24] "GET /Photos/2017/2017-04_%E6%9C%AA%E7%9F%A5%E5%9C%B0%E9%BB%9E/835B147E-8B2C-4AF3-A0A2-2E2CC1BB5B40.jpeg HTTP/1.1" 200 -
[06/Aug/2026 14:57:24] "GET /Photos/2017/2017-04_%E6%9C%AA%E7%9F%A5%E5%9C%B0%E9%BB%9E/9C71E8E7-2BF0-41ED-89D0-2BEB1AEEE519.jpeg HTTP/1.1" 200 -
[06/Aug/2026 14:57:24] "GET /Photos/2017/2017-04_%E6%9C%AA%E7%9F%A5%E5%9C%B0%E9%BB%9E/853CBA80-58EA-497E-A9F8-C69C64E79CE9.jpeg HTTP/1.1" 200 -
[06/Aug/2026 14:57:24] "GET /Photos/2017/2017-04_%E5%8F%B0%E5%8C%97/%E5%9F%BA%E9%9A%86/8789768D-0278-4B5C-85D9-A28E2B7C79CF.jpeg HTTP/1.1" 200 -
[06/Aug/2026 14:57:24] "GET /Photos/2017/2017-04_%E5%8F%B0%E5%8C%97/%E5%9F%BA%E9%9A%86/BD644F7F-3B7A-450E-AED0-46C4BBEC6C87.jpeg HTTP/1.1" 200 -
[06/Aug/2026 14:57:24] "GET /Photos/2017/2017-04_%E5%8F%B0%E5%8C%97/%E5%9F%BA%E9%9A%86/6DFD4500-A18B-4B4F-B49B-BBA53E7015C4.jpeg HTTP/1.1" 200 -
[06/Aug/2026 14:57:24] "GET /Photos/2017/2017-04_%E5%8F%B0%E5%8C%97/%E5%9F%BA%E9%9A%86/86934B0F-317C-4C78-8E37-FA622F456C4C.jpeg HTTP/1.1" 200 -
[06/Aug/2026 14:57:24] "GET /Photos/2017/2017-04_%E5%8F%B0%E5%8C%97/%E5%9F%BA%E9%9A%86/4D17F09A-226F-4DF8-8113-031D2BAFF4DB.jpeg HTTP/1.1" 200 -
[06/Aug/2026 14:57:24] "GET /Photos/2017/2017-04_%E5%8F%B0%E5%8C%97/%E5%9F%BA%E9%9A%86/76D8B1EB-F736-415D-8B20-72BBE1DDADC2.jpeg HTTP/1.1" 200 -
[06/Aug/2026 14:57:24] "GET /Photos/2017/2017-04_%E5%8F%B0%E5%8C%97/%E5%9F%BA%E9%9A%86/26FF3FBF-7FBF-4F78-BA34-465A743CB175.jpeg HTTP/1.1" 200 -
[06/Aug/2026 14:57:24] "GET /Photos/2017/2017-04_%E5%8F%B0%E5%8C%97/%E5%9F%BA%E9%9A%86/E4BF0C11-6F79-4AB2-80D3-BA608270EAB1.jpeg HTTP/1.1" 200 -
[06/Aug/2026 14:57:24] "GET /Photos/2017/2017-04_%E5%8F%B0%E5%8C%97/%E5%9F%BA%E9%9A%86/25CCEB46-F1B5-44A3-B6F7-9C66683322E0.jpeg HTTP/1.1" 200 -
[06/Aug/2026 14:57:24] "GET /Photos/2017/2017-04_%E5%8F%B0%E5%8C%97/%E5%9F%BA%E9%9A%86/6FC2650C-9F7E-4027-AA3D-DD332C84CEA9.jpeg HTTP/1.1" 200 -
[06/Aug/2026 14:57:24] "GET /Photos/2017/2017-04_%E5%8F%B0%E5%8C%97/%E5%9F%BA%E9%9A%86/1A900AB5-8E03-4021-9001-4CF3FB879044.jpeg HTTP/1.1" 200 -
[06/Aug/2026 14:57:24] "GET /Photos/2017/2017-04_%E5%8F%B0%E5%8C%97/%E5%9F%BA%E9%9A%86/C5A9BD21-4AB7-4A3C-B0A0-9EFBA178DD14.jpeg HTTP/1.1" 200 -
[06/Aug/2026 14:57:24] "GET /Photos/2017/2017-04_%E5%8F%B0%E5%8C%97/%E5%9F%BA%E9%9A%86/83AA10B9-4A77-4931-BC4C-99717D208452.jpeg HTTP/1.1" 200 -
[06/Aug/2026 14:57:24] "GET /Photos/2017/2017-10_%E5%8F%B0%E5%8C%97/%E5%9F%BA%E9%9A%86/01ADCDD6-C4C1-4BB2-8DEC-7EE7D5509398_1_201_a.jpeg HTTP/1.1" 200 -
[06/Aug/2026 14:57:24] "GET /Photos/2017/2017-10_%E5%8F%B0%E5%8C%97/%E5%9F%BA%E9%9A%86/8C0EC61C-2095-407F-8033-26FEB7BE241B_1_201_a.jpeg HTTP/1.1" 200 -
[06/Aug/2026 14:57:24] "GET /Photos/2017/2017-10_%E5%8F%B0%E5%8C%97/%E5%9F%BA%E9%9A%86/C083CC9C-B8DF-4F80-81C2-6CE2D3FB18DA_1_201_a.jpeg HTTP/1.1" 200 -
[06/Aug/2026 14:57:24] "GET /Photos/2017/2017-04_%E5%8F%B0%E5%8C%97/%E5%9F%BA%E9%9A%86/DD63CDD3-DA10-4FB3-82DB-26DCEE1010E4.jpeg HTTP/1.1" 200 -
[06/Aug/2026 14:57:24] "GET /Photos/2017/2017-10_%E5%8F%B0%E5%8C%97/%E5%9F%BA%E9%9A%86/E948EAFC-9B64-4AFC-A52A-C6F8BBDEE05B_1_201_a.jpeg HTTP/1.1" 200 -
[06/Aug/2026 14:57:24] "GET /Photos/2017/2017-10_%E5%8F%B0%E5%8C%97/%E5%9F%BA%E9%9A%86/988B30E7-D673-48AB-9F6D-B99933060E23.jpeg HTTP/1.1" 200 -
[06/Aug/2026 14:57:24] "GET /Photos/2017/2017-10_%E5%8F%B0%E5%8C%97/%E5%9F%BA%E9%9A%86/C149BA2D-E3DC-4566-9D13-8B4259339D81.jpeg HTTP/1.1" 200 -
[06/Aug/2026 14:57:25] "GET /Photos/2017/2017-10_%E5%8F%B0%E5%8C%97/%E5%9F%BA%E9%9A%86/F3593EDB-011C-45DE-B414-74B58A9714B6.jpeg HTTP/1.1" 200 -
[06/Aug/2026 14:57:25] "GET /Photos/2017/2017-10_%E5%8F%B0%E5%8C%97/%E5%9F%BA%E9%9A%86/8A5A429C-220E-4446-B71F-8FEB586A7291.jpeg HTTP/1.1" 200 -
[06/Aug/2026 14:57:25] "GET /Photos/2017/2017-10_%E5%8F%B0%E5%8C%97/%E5%9F%BA%E9%9A%86/E56D2320-2FD9-423D-9B4A-A8F565265EBE.jpeg HTTP/1.1" 200 -
[06/Aug/2026 14:57:25] "GET /Photos/2017/2017-10_%E5%8F%B0%E5%8C%97/%E5%9F%BA%E9%9A%86/60861DC2-C8FC-4A51-9F6B-9A9D578D8CE9.jpeg HTTP/1.1" 200 -
[06/Aug/2026 14:57:25] "GET /Photos/2017/2017-10_%E5%8F%B0%E5%8C%97/%E5%9F%BA%E9%9A%86/F3F87080-B2DB-4CD1-86CE-1428E36E0CEC.jpeg HTTP/1.1" 200 -
[06/Aug/2026 14:57:25] "GET /Photos/2017/2017-10_%E5%8F%B0%E5%8C%97/%E5%9F%BA%E9%9A%86/300D5E2E-8C04-4F09-BC16-39A36255B974_1_201_a.jpeg HTTP/1.1" 200 -
[06/Aug/2026 14:57:25] "GET /Photos/2017/2017-10_%E5%8F%B0%E5%8C%97/%E5%9F%BA%E9%9A%86/190FC734-9E14-4505-87F4-B23EA64B749F_1_201_a.jpeg HTTP/1.1" 200 -
[06/Aug/2026 14:57:25] "GET /Photos/2017/2017-10_%E5%8F%B0%E5%8C%97/%E5%9F%BA%E9%9A%86/D910089B-93FD-414E-A473-FDFF3C47775D_1_201_a.jpeg HTTP/1.1" 200 -
[06/Aug/2026 14:57:25] "GET /Photos/2017/2017-10_%E5%8F%B0%E5%8C%97/%E5%9F%BA%E9%9A%86/750C2118-CAE8-43B5-9187-66C499B856BF_1_201_a.jpeg HTTP/1.1" 200 -
[06/Aug/2026 14:57:25] "GET /Photos/2017/2017-10_%E5%8F%B0%E5%8C%97/%E5%9F%BA%E9%9A%86/FB94F3E8-BB00-451E-B630-A2300C23F8C3_1_201_a.jpeg HTTP/1.1" 200 -
[06/Aug/2026 14:57:25] "GET /Photos/2017/2017-10_%E5%8F%B0%E5%8C%97/%E5%9F%BA%E9%9A%86/1AD03844-9F78-421B-8CA2-756D75F01F30_1_201_a.jpeg HTTP/1.1" 200 -
[06/Aug/2026 14:57:25] "GET /Photos/2017/2017-10_%E5%8F%B0%E5%8C%97/%E5%9F%BA%E9%9A%86/93505D4A-9947-4EDE-9A67-84C58E734B6D.jpeg HTTP/1.1" 200 -
[06/Aug/2026 14:57:25] "GET /Photos/2017/2017-10_%E5%8F%B0%E5%8C%97/%E5%9F%BA%E9%9A%86/D3D7079C-C2EB-422D-9FEA-408E941A1044_1_201_a.jpeg HTTP/1.1" 200 -
[06/Aug/2026 14:57:25] "GET /Photos/2017/2017-10_%E5%8F%B0%E5%8C%97/%E5%9F%BA%E9%9A%86/8480F92D-CB06-4D6D-9952-A40F458340EB_1_201_a.jpeg HTTP/1.1" 200 -
[06/Aug/2026 14:57:25] "GET /Photos/2017/2017-10_%E5%8F%B0%E5%8C%97/%E5%9F%BA%E9%9A%86/1DA9CF6D-6BA8-4B6D-8274-5C995E441D14.jpeg HTTP/1.1" 200 -
[06/Aug/2026 14:57:25] "GET /Photos/2017/2017-10_%E5%8F%B0%E5%8C%97/%E5%9F%BA%E9%9A%86/CA8F1BD8-CE06-4B8E-A63B-08203839BAAE.jpeg HTTP/1.1" 200 -
[06/Aug/2026 14:57:25] "GET /Photos/2017/2017-01_%E5%8F%B0%E5%8C%97/%E5%9F%BA%E9%9A%86/7C120F24-D15D-4828-A827-2543BA2A3FEF.jpeg HTTP/1.1" 200 -
[06/Aug/2026 14:57:25] "GET /Photos/2017/2017-01_%E5%8F%B0%E5%8C%97/%E5%9F%BA%E9%9A%86/7418BA34-4600-42CD-A164-DCF56E234A61.jpeg HTTP/1.1" 200 -
[06/Aug/2026 14:57:25] "GET /Photos/2017/2017-01_%E5%8F%B0%E5%8C%97/%E5%9F%BA%E9%9A%86/8BF7DDDF-2494-4CF9-A661-538ACEDD3ED2.jpeg HTTP/1.1" 200 -
[06/Aug/2026 14:57:25] "GET /Photos/2017/2017-01_%E5%8F%B0%E5%8C%97/%E5%9F%BA%E9%9A%86/B8051EA0-5BF1-4B73-8B1E-556C21D1BC9D.jpeg HTTP/1.1" 200 -
[06/Aug/2026 14:57:25] "GET /Photos/2017/2017-01_%E5%8F%B0%E5%8C%97/%E5%9F%BA%E9%9A%86/195B9FFD-A7AA-4F17-8C17-574BC8CD9025.jpeg HTTP/1.1" 200 -
[06/Aug/2026 14:57:25] "GET /Photos/2017/2017-01_%E5%8F%B0%E5%8C%97/%E5%9F%BA%E9%9A%86/474A4B87-2E33-4B4E-8CCF-94B9E22BA43B.jpeg HTTP/1.1" 200 -
[06/Aug/2026 14:57:25] "GET /Photos/2017/2017-01_%E5%8F%B0%E5%8C%97/%E5%9F%BA%E9%9A%86/A51CB6D4-2ABB-4F41-940B-1973CC84CFC5.jpeg HTTP/1.1" 200 -
[06/Aug/2026 14:57:25] "GET /Photos/2017/2017-01_%E5%8F%B0%E5%8C%97/%E5%9F%BA%E9%9A%86/4038D62A-A7B6-424C-B49D-588A67AC30DE.jpeg HTTP/1.1" 200 -
[06/Aug/2026 14:57:25] "GET /Photos/2017/2017-01_%E5%8F%B0%E5%8C%97/%E5%9F%BA%E9%9A%86/3A7DD028-9975-4677-9B58-7A55F981AA85.jpeg HTTP/1.1" 200 -
[06/Aug/2026 14:57:25] "GET /Photos/2017/2017-05_%E5%8F%B0%E5%8C%97/%E5%9F%BA%E9%9A%86/4B49A852-8C23-46D4-8D01-8A1AAC841EBF.jpeg HTTP/1.1" 200 -
[06/Aug/2026 14:57:25] "GET /Photos/2017/2017-05_%E5%8F%B0%E5%8C%97/%E5%9F%BA%E9%9A%86/C5EC07B2-BCBA-4174-9332-75636E7BD1E2.jpeg HTTP/1.1" 200 -
[06/Aug/2026 14:57:25] "GET /Photos/2017/2017-02_%E5%8F%B0%E5%8C%97/%E5%9F%BA%E9%9A%86/0466BC9B-D477-4B58-AD03-0CCE513CFCFC.jpeg HTTP/1.1" 200 -
[06/Aug/2026 14:57:25] "GET /Photos/2017/2017-02_%E5%8F%B0%E5%8C%97/%E5%9F%BA%E9%9A%86/2DE2A7C2-6E10-4540-AC48-A74C7242E286.jpeg HTTP/1.1" 200 -
[06/Aug/2026 14:57:25] "GET /Photos/2017/2017-12_%E5%8F%B0%E5%8C%97/%E5%9F%BA%E9%9A%86/7835DD69-07E0-4744-BE15-9375A260E8CE.jpeg HTTP/1.1" 200 -
[06/Aug/2026 14:57:25] "GET /Photos/2017/2017-02_%E5%8F%B0%E5%8C%97/%E5%9F%BA%E9%9A%86/9937E330-E891-4413-A425-B2AC88DD8DBB.jpeg HTTP/1.1" 200 -
[06/Aug/2026 14:57:25] "GET /Photos/2017/2017-02_%E5%8F%B0%E5%8C%97/%E5%9F%BA%E9%9A%86/4C09C952-AFDC-466E-9445-76941A366984.jpeg HTTP/1.1" 200 -
[06/Aug/2026 14:57:25] "GET /Photos/2017/2017-12_%E5%8F%B0%E5%8C%97/%E5%9F%BA%E9%9A%86/6367A7C3-9025-4D37-B11C-EB2729C5AD99.jpeg HTTP/1.1" 200 -
[06/Aug/2026 14:57:25] "GET /Photos/2017/2017-12_%E5%8F%B0%E5%8C%97/%E5%9F%BA%E9%9A%86/09032B9A-7385-4B1F-8FAF-092CFE1E8AA4.jpeg HTTP/1.1" 200 -
[06/Aug/2026 14:57:25] "GET /Photos/2017/2017-12_%E5%8F%B0%E5%8C%97/%E5%9F%BA%E9%9A%86/45752BA3-6844-4369-8FA8-8732DD0F32CA_1_201_a.jpeg HTTP/1.1" 200 -
[06/Aug/2026 14:57:25] "GET /Photos/2017/2017-12_%E5%8F%B0%E5%8C%97/%E5%9F%BA%E9%9A%86/26520940-A010-48FF-935F-5855E5949085.jpeg HTTP/1.1" 200 -
[06/Aug/2026 14:57:25] "GET /Photos/2017/2017-12_%E5%8F%B0%E5%8C%97/%E5%9F%BA%E9%9A%86/7E663BE3-CC48-4716-8AA9-A7F6C3F517A5.jpeg HTTP/1.1" 200 -
[06/Aug/2026 14:57:25] "GET /Photos/2017/2017-12_%E5%8F%B0%E5%8C%97/%E5%9F%BA%E9%9A%86/A7172B1C-8975-451C-8406-33C14281F4B0_1_201_a.jpeg HTTP/1.1" 200 -
[06/Aug/2026 14:57:25] "GET /Photos/2017/2017-12_%E5%8F%B0%E5%8C%97/%E5%9F%BA%E9%9A%86/71DBB1DD-5076-475E-8FC9-4C9731148CAA_1_201_a.jpeg HTTP/1.1" 200 -
[06/Aug/2026 14:57:25] "GET /Photos/2017/2017-12_%E5%8F%B0%E5%8C%97/%E5%9F%BA%E9%9A%86/9674F0F5-CC90-4E18-B4AF-5ADE5E7A19D8.jpeg HTTP/1.1" 200 -
[06/Aug/2026 14:57:25] "GET /Photos/2017/2017-12_%E5%8F%B0%E5%8C%97/%E5%9F%BA%E9%9A%86/9D8BB487-67F6-40AE-9CB8-E7433DCEA174.jpeg HTTP/1.1" 200 -
[06/Aug/2026 14:57:25] "GET /Photos/2017/2017-12_%E5%8F%B0%E5%8C%97/%E5%9F%BA%E9%9A%86/07495DFF-2591-4BD9-AD9D-3C5E8A9D6AAC.jpeg HTTP/1.1" 200 -
[06/Aug/2026 14:57:25] "GET /Photos/2017/2017-12_%E5%8F%B0%E5%8C%97/%E5%9F%BA%E9%9A%86/A9558760-260D-4458-ABA1-68BAC4FF84B8.jpeg HTTP/1.1" 200 -
[06/Aug/2026 14:57:25] "GET /Photos/2017/2017-12_%E5%8F%B0%E5%8C%97/%E5%9F%BA%E9%9A%86/FA943632-30E7-4989-9F4A-FACBE4B8F7D6.jpeg HTTP/1.1" 200 -
[06/Aug/2026 14:57:25] "GET /Photos/2017/2017-12_%E5%8F%B0%E5%8C%97/%E5%9F%BA%E9%9A%86/9AB26CA1-B3B8-4DBF-A69D-30E23AC24637.jpeg HTTP/1.1" 200 -
[06/Aug/2026 14:57:25] "GET /Photos/2017/2017-12_%E5%8F%B0%E5%8C%97/%E5%9F%BA%E9%9A%86/A6D9A222-DA91-4E41-8AEC-A6572C42DF12_1_201_a.jpeg HTTP/1.1" 200 -
[06/Aug/2026 14:57:25] "GET /Photos/2017/2017-12_%E5%8F%B0%E5%8C%97/%E5%9F%BA%E9%9A%86/BFB1B31B-2C95-4289-AAEC-C9C769005972.jpeg HTTP/1.1" 200 -
[06/Aug/2026 14:57:25] "GET /Photos/2017/2017-12_%E5%8F%B0%E5%8C%97/%E5%9F%BA%E9%9A%86/478AFF67-BEA8-434A-B4D1-10A544D9C148_1_201_a.jpeg HTTP/1.1" 200 -
[06/Aug/2026 14:57:26] "GET /Photos/2017/2017-12_%E5%8F%B0%E5%8C%97/%E5%9F%BA%E9%9A%86/E74EBE92-B135-4AAD-AA43-6822975F8894.jpeg HTTP/1.1" 200 -
[06/Aug/2026 14:57:26] "GET /Photos/2017/2017-12_%E5%8F%B0%E5%8C%97/%E5%9F%BA%E9%9A%86/19E35FE6-2782-48AC-B915-D19E389AB241.jpeg HTTP/1.1" 200 -
[06/Aug/2026 14:57:26] "GET /Photos/2017/2017-12_%E5%8F%B0%E5%8C%97/%E5%9F%BA%E9%9A%86/FA4428AD-30A4-45A3-BD9C-6E6C010E4C03_1_201_a.jpeg HTTP/1.1" 200 -
[06/Aug/2026 14:57:26] "GET /Photos/2017/2017-12_%E5%8F%B0%E5%8C%97/%E5%9F%BA%E9%9A%86/2317C0C1-E359-4E98-81B5-C2834262AB03_1_201_a.jpeg HTTP/1.1" 200 -
[06/Aug/2026 14:57:26] "GET /Photos/2017/2017-12_%E5%8F%B0%E5%8C%97/%E5%9F%BA%E9%9A%86/F311310A-FF93-44AD-A84F-6749D4E08B64.jpeg HTTP/1.1" 200 -
[06/Aug/2026 14:57:26] "GET /Photos/2017/2017-12_%E5%8F%B0%E5%8C%97/%E5%9F%BA%E9%9A%86/095C0A84-769A-4D16-B575-871B38075313.jpeg HTTP/1.1" 200 -
[06/Aug/2026 14:57:26] "GET /Photos/2017/2017-12_%E5%8F%B0%E5%8C%97/%E5%9F%BA%E9%9A%86/322C09D1-130C-4755-8556-313BDA9BCD4A.jpeg HTTP/1.1" 200 -
[06/Aug/2026 14:57:26] "GET /Photos/2017/2017-12_%E5%8F%B0%E5%8C%97/%E5%9F%BA%E9%9A%86/EF3E90A1-3C60-4F39-9BDB-05C037790552.jpeg HTTP/1.1" 200 -
[06/Aug/2026 14:57:26] "GET /Photos/2017/2017-12_%E5%8F%B0%E5%8C%97/%E5%9F%BA%E9%9A%86/8B915AD4-36EE-40A7-A610-40151C1F1D08.jpeg HTTP/1.1" 200 -
[06/Aug/2026 14:57:26] "GET /Photos/2017/2017-12_%E5%8F%B0%E5%8C%97/%E5%9F%BA%E9%9A%86/3B8D8E10-A86B-4807-8A54-0FEA79701C01.jpeg HTTP/1.1" 200 -
[06/Aug/2026 14:57:26] "GET /Photos/2017/2017-12_%E5%8F%B0%E5%8C%97/%E5%9F%BA%E9%9A%86/7CEA39FB-4D6E-47A4-A718-8401F4637545.jpeg HTTP/1.1" 200 -
[06/Aug/2026 14:57:26] "GET /Photos/2017/2017-12_%E5%8F%B0%E5%8C%97/%E5%9F%BA%E9%9A%86/CABE304E-EED7-448C-B8A9-2B9DB2811D39.jpeg HTTP/1.1" 200 -
[06/Aug/2026 14:57:26] "GET /Photos/2017/2017-12_%E5%8F%B0%E5%8C%97/%E5%9F%BA%E9%9A%86/69CEA4E6-0CF1-4185-9DE6-96619752D7DD_1_201_a.jpeg HTTP/1.1" 200 -
[06/Aug/2026 14:57:26] "GET /Photos/2017/2017-12_%E5%8F%B0%E5%8C%97/%E5%9F%BA%E9%9A%86/EF9FFBCC-0235-4C06-A323-24995636CC23_1_201_a.jpeg HTTP/1.1" 200 -
[06/Aug/2026 14:57:26] "GET /Photos/2017/2017-12_%E5%8F%B0%E5%8C%97/%E5%9F%BA%E9%9A%86/8876FC29-7231-4B59-B400-1FAC161B2F41.jpeg HTTP/1.1" 200 -
[06/Aug/2026 14:57:26] "GET /Photos/2017/2017-12_%E5%8F%B0%E5%8C%97/%E5%9F%BA%E9%9A%86/9DBEEAEB-C574-441F-A2C2-14CE053187A4_1_201_a.jpeg HTTP/1.1" 200 -
[06/Aug/2026 14:57:26] "GET /Photos/2017/2017-12_%E5%8F%B0%E5%8C%97/%E5%9F%BA%E9%9A%86/D5EE4F7B-CC8D-45FF-B425-FBDECB902321.jpeg HTTP/1.1" 200 -
[06/Aug/2026 14:57:26] "GET /Photos/2017/2017-12_%E5%8F%B0%E5%8C%97/%E5%9F%BA%E9%9A%86/3AE1EA79-DE49-44C3-ABA3-4F0F21F970DC.jpeg HTTP/1.1" 200 -
[06/Aug/2026 14:57:26] "GET /Photos/2017/2017-03_%E5%8F%B0%E5%8C%97/%E5%9F%BA%E9%9A%86/927CBA8B-FB86-4F68-8963-133B9C3374D0.jpeg HTTP/1.1" 200 -
[06/Aug/2026 14:57:26] "GET /Photos/2017/2017-03_%E5%8F%B0%E5%8C%97/%E5%9F%BA%E9%9A%86/DFF75813-CAC7-48B1-AA7B-7F6A2AC48594.jpeg HTTP/1.1" 200 -
[06/Aug/2026 14:57:26] "GET /Photos/2017/2017-03_%E5%8F%B0%E5%8C%97/%E5%9F%BA%E9%9A%86/DE3DD104-8CB6-47A2-9B94-288E50D61082_1_201_a.jpeg HTTP/1.1" 200 -
[06/Aug/2026 14:57:26] "GET /Photos/2017/2017-03_%E5%8F%B0%E5%8C%97/%E5%9F%BA%E9%9A%86/30921F4E-A51E-4A2E-B843-AD9B1379C914.jpeg HTTP/1.1" 200 -
[06/Aug/2026 14:57:26] "GET /Photos/2017/2017-03_%E5%8F%B0%E5%8C%97/%E5%9F%BA%E9%9A%86/57C0FB18-B4DE-405E-94F8-139AFDDA90C8.jpeg HTTP/1.1" 200 -
[06/Aug/2026 14:57:26] "GET /Photos/2017/2017-02_%E6%96%B0%E7%AB%B9/%E5%8F%B0%E4%B8%AD/BF30D0A8-C15C-4030-8030-F96CF674D607.jpeg HTTP/1.1" 200 -
[06/Aug/2026 14:57:26] "GET /Photos/2017/2017-02_%E6%96%B0%E7%AB%B9/%E5%8F%B0%E4%B8%AD/2E02B2B4-56F2-48CF-A80D-7CF45917F574.jpeg HTTP/1.1" 200 -
[06/Aug/2026 14:57:26] "GET /Photos/2019/2019-02_%E6%9C%AA%E7%9F%A5%E5%9C%B0%E9%BB%9E/E52DF5F0-02A6-44D7-B63A-D1922CD0E674.jpeg HTTP/1.1" 200 -
[06/Aug/2026 14:57:26] "GET /Photos/2017/2017-03_%E5%8F%B0%E5%8C%97/%E5%9F%BA%E9%9A%86/8DC6CBCC-E302-443A-8AF7-E9EBF559C1EA.jpeg HTTP/1.1" 200 -
[06/Aug/2026 14:57:26] "GET /Photos/2017/2017-03_%E5%8F%B0%E5%8C%97/%E5%9F%BA%E9%9A%86/61EA6B4A-B544-4B83-B144-37D5B219B928.jpeg HTTP/1.1" 200 -
[06/Aug/2026 14:57:26] "GET /Photos/2017/2017-03_%E5%8F%B0%E5%8C%97/%E5%9F%BA%E9%9A%86/7DD979A9-4851-433C-BC88-48DB5FAE0265.jpeg HTTP/1.1" 200 -
[06/Aug/2026 14:57:26] "GET /Photos/2017/2017-03_%E5%8F%B0%E5%8C%97/%E5%9F%BA%E9%9A%86/179A43B8-EAD1-42CC-A61B-70C5B49A7726.jpeg HTTP/1.1" 200 -
[06/Aug/2026 14:57:26] "GET /Photos/2017/2017-02_%E6%96%B0%E7%AB%B9/%E5%8F%B0%E4%B8%AD/835138F4-673A-4DB3-925F-3D900F5B02F9.jpeg HTTP/1.1" 200 -
[06/Aug/2026 14:57:26] "GET /Photos/2017/2017-02_%E6%96%B0%E7%AB%B9/%E5%8F%B0%E4%B8%AD/39FB653D-3342-4A12-B676-576790740CFA.jpeg HTTP/1.1" 200 -
[06/Aug/2026 14:57:26] "GET /Photos/2017/2017-02_%E6%96%B0%E7%AB%B9/%E5%8F%B0%E4%B8%AD/41EFDBA2-4A1B-4F3D-86CC-13CF2D6440A2.jpeg HTTP/1.1" 200 -
[06/Aug/2026 14:57:26] "GET /Photos/2017/2017-02_%E6%96%B0%E7%AB%B9/%E5%8F%B0%E4%B8%AD/76C00002-453F-400C-B57B-EAB5BB554A6A.jpeg HTTP/1.1" 200 -
[06/Aug/2026 14:57:26] "GET /Photos/2017/2017-02_%E6%96%B0%E7%AB%B9/%E5%8F%B0%E4%B8%AD/3B9712A1-A88F-4F78-8D52-9F2DE02BC061.jpeg HTTP/1.1" 200 -
[06/Aug/2026 14:57:26] "GET /Photos/2017/2017-02_%E6%96%B0%E7%AB%B9/%E5%8F%B0%E4%B8%AD/E4058F32-FA87-4137-ABC6-3E334644F3BF.jpeg HTTP/1.1" 200 -
[06/Aug/2026 14:57:26] "GET /Photos/2019/2019-02_%E6%9C%AA%E7%9F%A5%E5%9C%B0%E9%BB%9E/1AF18944-22D4-4AA5-A2BF-891D282F869B.jpeg HTTP/1.1" 200 -
[06/Aug/2026 14:57:26] "GET /Photos/2019/2019-02_%E6%9C%AA%E7%9F%A5%E5%9C%B0%E9%BB%9E/A83BC596-615B-448C-8176-E034118E2621.jpeg HTTP/1.1" 200 -
[06/Aug/2026 14:57:26] "GET /Photos/2019/2019-02_%E6%9C%AA%E7%9F%A5%E5%9C%B0%E9%BB%9E/27C534EC-E0EE-4823-BE76-1A6A13CE9F3C.jpeg HTTP/1.1" 200 -
[06/Aug/2026 14:57:26] "GET /Photos/2019/2019-02_%E6%9C%AA%E7%9F%A5%E5%9C%B0%E9%BB%9E/09881A87-F607-47D4-A4F9-D80A6B28E376.jpeg HTTP/1.1" 200 -
[06/Aug/2026 14:57:26] "GET /Photos/2019/2019-02_%E6%9C%AA%E7%9F%A5%E5%9C%B0%E9%BB%9E/07D3AAAD-C84A-4CDE-A7A5-CF1768497F79.jpeg HTTP/1.1" 200 -
[06/Aug/2026 14:57:26] "GET /Photos/2019/2019-02_%E6%9C%AA%E7%9F%A5%E5%9C%B0%E9%BB%9E/5B62EE34-2B8F-4499-992D-FD203AC3C766.jpeg HTTP/1.1" 200 -
[06/Aug/2026 14:57:26] "GET /Photos/2019/2019-02_%E6%9C%AA%E7%9F%A5%E5%9C%B0%E9%BB%9E/78DCEF5E-A668-40FD-AE60-59F9457405A6.jpeg HTTP/1.1" 200 -
[06/Aug/2026 14:57:26] "GET /Photos/2019/2019-05_%E6%9C%AA%E7%9F%A5%E5%9C%B0%E9%BB%9E/7662182C-CD68-4128-8A21-F5A0105CD33C.jpeg HTTP/1.1" 200 -
[06/Aug/2026 14:57:26] "GET /Photos/2019/2019-07_%E6%9C%AA%E7%9F%A5%E5%9C%B0%E9%BB%9E/5D080E66-38BC-4649-85BD-D99403D7864E.jpeg HTTP/1.1" 200 -
[06/Aug/2026 14:57:26] "GET /Photos/2019/2019-05_%E6%9C%AA%E7%9F%A5%E5%9C%B0%E9%BB%9E/31C37275-2027-46A8-8B1F-539FF553F270.jpeg HTTP/1.1" 200 -
[06/Aug/2026 14:57:26] "GET /Photos/2019/2019-11_%E6%9C%AA%E7%9F%A5%E5%9C%B0%E9%BB%9E/33003577-E6AD-4775-8ACE-CD942E605B15.jpeg HTTP/1.1" 200 -
[06/Aug/2026 14:57:26] "GET /Photos/2019/2019-07_%E6%9C%AA%E7%9F%A5%E5%9C%B0%E9%BB%9E/DE0EAA0E-0BDD-4B1F-8AC1-9A505FA0FFC7.jpeg HTTP/1.1" 200 -
[06/Aug/2026 14:57:27] "GET /Photos/2019/2019-09_%E5%8F%B0%E5%8C%97/%E5%9F%BA%E9%9A%86/0E0211D7-F094-4348-9CD6-B0314706BB7B.jpeg HTTP/1.1" 200 -
[06/Aug/2026 14:57:27] "GET /Photos/2019/2019-02_%E6%96%B0%E7%AB%B9/%E5%8F%B0%E4%B8%AD/07F1FF55-262A-4B6C-B646-B0F113CED75B.jpeg HTTP/1.1" 200 -
[06/Aug/2026 14:57:27] "GET /Photos/2019/2019-02_%E6%96%B0%E7%AB%B9/%E5%8F%B0%E4%B8%AD/E3C43EAA-FA4C-47D2-A9FF-8E47BF0CC7C3.jpeg HTTP/1.1" 200 -
[06/Aug/2026 14:57:27] "GET /Photos/2019/2019-02_%E6%96%B0%E7%AB%B9/%E5%8F%B0%E4%B8%AD/B5096BC2-B8B5-401D-A07E-E4374996009D.jpeg HTTP/1.1" 200 -
[06/Aug/2026 14:57:27] "GET /Photos/2019/2019-02_%E6%96%B0%E7%AB%B9/%E5%8F%B0%E4%B8%AD/B3B8FCD2-B2C6-47F1-8154-B8679A6E40ED.jpeg HTTP/1.1" 200 -
[06/Aug/2026 14:57:27] "GET /Photos/2019/2019-02_%E6%96%B0%E7%AB%B9/%E5%8F%B0%E4%B8%AD/907CCFBB-4A30-4DCF-B378-61BBFECAE0C5.jpeg HTTP/1.1" 200 -
[06/Aug/2026 14:57:27] "GET /Photos/2019/2019-02_%E6%96%B0%E7%AB%B9/%E5%8F%B0%E4%B8%AD/DA33CC4F-F54C-43EB-8520-0A683A41DF46.jpeg HTTP/1.1" 200 -
[06/Aug/2026 14:57:27] "GET /Photos/2019/2019-07_%E5%8F%B0%E5%8C%97/%E5%9F%BA%E9%9A%86/2574CB5F-1F26-4749-A82D-AC668AF4FE87_1_201_a.jpeg HTTP/1.1" 200 -
[06/Aug/2026 14:57:27] "GET /Photos/2019/2019-08_%E5%8F%B0%E5%8C%97/%E5%9F%BA%E9%9A%86/62E3E17B-1C36-4D96-B80D-E2B8CA05A568.jpeg HTTP/1.1" 200 -
[06/Aug/2026 14:57:27] "GET /Photos/2019/2019-07_%E6%9C%AA%E7%9F%A5%E5%9C%B0%E9%BB%9E/A5D85697-3150-48ED-A6FB-D9F401E3501F.jpeg HTTP/1.1" 200 -
[06/Aug/2026 14:57:27] "GET /Photos/2019/2019-07_%E6%9C%AA%E7%9F%A5%E5%9C%B0%E9%BB%9E/71DAE9A9-54B4-41B6-9D47-2A25E132CC51.jpeg HTTP/1.1" 200 -
[06/Aug/2026 14:57:27] "GET /Photos/2019/2019-07_%E6%9C%AA%E7%9F%A5%E5%9C%B0%E9%BB%9E/7C8056A1-8B16-49FD-9CA6-074E672F96FF.jpeg HTTP/1.1" 200 -
[06/Aug/2026 14:57:27] "GET /Photos/2019/2019-07_%E5%8F%B0%E5%8C%97/%E5%9F%BA%E9%9A%86/77757EFD-C876-4BF0-9F53-0174FF71C755.jpeg HTTP/1.1" 200 -
[06/Aug/2026 14:57:27] "GET /Photos/2019/2019-07_%E5%8F%B0%E5%8C%97/%E5%9F%BA%E9%9A%86/132751A6-DDB3-4CFE-A3ED-64E40BE4548A.jpeg HTTP/1.1" 200 -
[06/Aug/2026 14:57:27] "GET /Photos/2019/2019-07_%E5%8F%B0%E5%8C%97/%E5%9F%BA%E9%9A%86/0BE388FF-5499-4C51-9847-540108EE7256.jpeg HTTP/1.1" 200 -
[06/Aug/2026 14:57:27] "GET /Photos/2019/2019-07_%E5%8F%B0%E5%8C%97/%E5%9F%BA%E9%9A%86/B2A2AEB2-9390-4412-BDFD-D5B061883111.jpeg HTTP/1.1" 200 -
[06/Aug/2026 14:57:27] "GET /Photos/2019/2019-07_%E5%8F%B0%E5%8C%97/%E5%9F%BA%E9%9A%86/F1DB4E26-7E14-48D5-81A4-431821D9133C.jpeg HTTP/1.1" 200 -
[06/Aug/2026 14:57:27] "GET /Photos/2019/2019-07_%E5%8F%B0%E5%8C%97/%E5%9F%BA%E9%9A%86/7529F7EB-1DB0-4F71-9EBD-D9F3C0F67980.jpeg HTTP/1.1" 200 -
[06/Aug/2026 14:57:27] "GET /Photos/2019/2019-07_%E5%8F%B0%E5%8C%97/%E5%9F%BA%E9%9A%86/D7D66A1F-B810-4061-82B8-07FF6C6A8562.jpeg HTTP/1.1" 200 -
[06/Aug/2026 14:57:27] "GET /Photos/2019/2019-07_%E5%8F%B0%E5%8C%97/%E5%9F%BA%E9%9A%86/2CA6266D-DB9F-4809-88C4-46809A1D002C.jpeg HTTP/1.1" 200 -
[06/Aug/2026 14:57:27] "GET /Photos/2019/2019-02_%E5%8F%B0%E5%8C%97/%E5%9F%BA%E9%9A%86/68DB7998-23FC-41C2-9B49-B399EE5FA367.jpeg HTTP/1.1" 200 -
[06/Aug/2026 14:57:27] "GET /Photos/2019/2019-02_%E5%8F%B0%E5%8C%97/%E5%9F%BA%E9%9A%86/7F721850-B1DE-4C70-A38F-7530EED33248.jpeg HTTP/1.1" 200 -
[06/Aug/2026 14:57:27] "GET /Photos/2019/2019-02_%E5%8F%B0%E5%8C%97/%E5%9F%BA%E9%9A%86/D1375AAF-F74C-4633-81A9-D9F688CE42C3.jpeg HTTP/1.1" 200 -
[06/Aug/2026 14:57:27] "GET /Photos/2019/2019-02_%E5%8F%B0%E5%8C%97/%E5%9F%BA%E9%9A%86/17B6E3F5-0D23-4EE9-961C-4B586272EBB1.jpeg HTTP/1.1" 200 -
[06/Aug/2026 14:57:27] "GET /Photos/2019/2019-02_%E5%8F%B0%E5%8C%97/%E5%9F%BA%E9%9A%86/7BE32421-F7EC-431C-8953-DB23E82DD9A5.jpeg HTTP/1.1" 200 -
[06/Aug/2026 14:57:27] "GET /Photos/2019/2019-07_%E5%8F%B0%E5%8C%97/%E5%9F%BA%E9%9A%86/01F167D9-A95C-499F-A2D2-2FD6E1F1CC39_1_201_a.jpeg HTTP/1.1" 200 -
[06/Aug/2026 14:57:27] "GET /Photos/2019/2019-07_%E5%8F%B0%E5%8C%97/%E5%9F%BA%E9%9A%86/B565895E-36EA-42D8-98EA-AA64594E4FB6_1_201_a.jpeg HTTP/1.1" 200 -
[06/Aug/2026 14:57:27] "GET /Photos/2019/2019-07_%E5%8F%B0%E5%8C%97/%E5%9F%BA%E9%9A%86/AD610B4B-119F-4EEF-B44A-C0FC85EEE4AF_1_201_a.jpeg HTTP/1.1" 200 -
[06/Aug/2026 14:57:27] "GET /Photos/2019/2019-02_%E5%8F%B0%E5%8C%97/%E5%9F%BA%E9%9A%86/96B2B505-B9D5-4AC6-8847-EBB9C36B6456.jpeg HTTP/1.1" 200 -
[06/Aug/2026 14:57:27] "GET /Photos/2019/2019-02_%E5%8F%B0%E5%8C%97/%E5%9F%BA%E9%9A%86/30261BAD-3FF5-4B4E-A182-595508DB33B5.jpeg HTTP/1.1" 200 -
[06/Aug/2026 14:57:27] "GET /Photos/2019/2019-02_%E5%8F%B0%E5%8C%97/%E5%9F%BA%E9%9A%86/3748853F-77AE-4F05-9979-537E74340EFF.jpeg HTTP/1.1" 200 -
[06/Aug/2026 14:57:27] "GET /Photos/2019/2019-02_%E5%8F%B0%E5%8C%97/%E5%9F%BA%E9%9A%86/F382570B-A29E-453E-8F56-532742D99245.jpeg HTTP/1.1" 200 -
[06/Aug/2026 14:57:27] "GET /Photos/2019/2019-02_%E5%8F%B0%E5%8C%97/%E5%9F%BA%E9%9A%86/8CECF3D1-CCE6-42D3-B67C-91212D74B69B.jpeg HTTP/1.1" 200 -
[06/Aug/2026 14:57:27] "GET /Photos/2019/2019-02_%E5%8F%B0%E5%8C%97/%E5%9F%BA%E9%9A%86/4A980A82-70EE-4538-A046-6BCEA7F85157.jpeg HTTP/1.1" 200 -
[06/Aug/2026 14:57:27] "GET /Photos/2019/2019-12_%E5%8F%B0%E5%8C%97/%E5%9F%BA%E9%9A%86/0D5ACE4F-A3E9-4C97-B6CE-AEF41BE82378.jpeg HTTP/1.1" 200 -
[06/Aug/2026 14:57:27] "GET /Photos/2019/2019-12_%E5%8F%B0%E5%8C%97/%E5%9F%BA%E9%9A%86/DCE316AB-3A24-471E-9505-08F72487CC83.jpeg HTTP/1.1" 200 -
[06/Aug/2026 14:57:27] "GET /Photos/2019/2019-12_%E5%8F%B0%E5%8C%97/%E5%9F%BA%E9%9A%86/77597E22-ADE6-43FA-B060-1F774AFF2C91.jpeg HTTP/1.1" 200 -
[06/Aug/2026 14:57:27] "GET /Photos/2019/2019-12_%E5%8F%B0%E5%8C%97/%E5%9F%BA%E9%9A%86/25E940C5-6BD7-4103-B83D-42004FC807B4.jpeg HTTP/1.1" 200 -
[06/Aug/2026 14:57:27] "GET /Photos/2019/2019-12_%E5%8F%B0%E5%8C%97/%E5%9F%BA%E9%9A%86/6038BA6B-EEC8-4027-ABBD-D9E5123121FF.jpeg HTTP/1.1" 200 -
[06/Aug/2026 14:57:27] "GET /Photos/2019/2019-12_%E5%8F%B0%E5%8C%97/%E5%9F%BA%E9%9A%86/BC7713BC-284C-4403-A9C8-C7CE068EF669.jpeg HTTP/1.1" 200 -
[06/Aug/2026 14:57:27] "GET /Photos/2019/2019-12_%E5%8F%B0%E5%8C%97/%E5%9F%BA%E9%9A%86/FE3B682E-33CF-441D-9BA9-0B3EB95FD761.jpeg HTTP/1.1" 200 -
[06/Aug/2026 14:57:27] "GET /Photos/2019/2019-12_%E5%8F%B0%E5%8C%97/%E5%9F%BA%E9%9A%86/F006A3DD-258D-4C23-865B-63CA18C3992E.jpeg HTTP/1.1" 200 -
[06/Aug/2026 14:57:27] "GET /Photos/2019/2019-12_%E5%8F%B0%E5%8C%97/%E5%9F%BA%E9%9A%86/249292D9-679C-4CE2-B2E9-B495724132C2.jpeg HTTP/1.1" 200 -
[06/Aug/2026 14:57:27] "GET /Photos/2019/2019-12_%E5%8F%B0%E5%8C%97/%E5%9F%BA%E9%9A%86/2B0AB1CB-5D1F-4BF7-AB44-53EC9A1A5F13.jpeg HTTP/1.1" 200 -
[06/Aug/2026 14:57:27] "GET /Photos/2019/2019-12_%E5%8F%B0%E5%8C%97/%E5%9F%BA%E9%9A%86/57AA2E3F-0770-49E6-A82C-796527E3282F.jpeg HTTP/1.1" 200 -
[06/Aug/2026 14:57:27] "GET /Photos/2019/2019-12_%E5%8F%B0%E5%8C%97/%E5%9F%BA%E9%9A%86/E1C785C0-7173-4EB7-8F6C-32359FBFB651.jpeg HTTP/1.1" 200 -
[06/Aug/2026 14:57:27] "GET /Photos/2019/2019-12_%E5%8F%B0%E5%8C%97/%E5%9F%BA%E9%9A%86/6294C8EC-8877-4667-9F25-685845AB8016.jpeg HTTP/1.1" 200 -
[06/Aug/2026 14:57:27] "GET /Photos/2019/2019-01_%E5%8F%B0%E5%8C%97/%E5%9F%BA%E9%9A%86/B82E5E6B-ACC5-4AA7-9953-7824F0D5D2AE.jpeg HTTP/1.1" 200 -
[06/Aug/2026 14:57:27] "GET /Photos/2019/2019-12_%E5%8F%B0%E5%8C%97/%E5%9F%BA%E9%9A%86/EFAC3A76-5726-421A-9B82-A05C05223493.jpeg HTTP/1.1" 200 -
[06/Aug/2026 14:57:27] "GET /Photos/2019/2019-12_%E5%8F%B0%E5%8C%97/%E5%9F%BA%E9%9A%86/9B25B92A-8FD7-463A-A8D5-DA6CF1CE16CB.jpeg HTTP/1.1" 200 -
[06/Aug/2026 14:57:27] "GET /Photos/2019/2019-12_%E5%8F%B0%E5%8C%97/%E5%9F%BA%E9%9A%86/C6EE3635-A674-429C-BC81-CEEDA485E218.jpeg HTTP/1.1" 200 -
[06/Aug/2026 14:57:27] "GET /Photos/2019/2019-12_%E5%8F%B0%E5%8C%97/%E5%9F%BA%E9%9A%86/F9DFF1F4-758B-470B-909F-3E3652E86C3F.jpeg HTTP/1.1" 200 -
[06/Aug/2026 14:57:27] "GET /Photos/2019/2019-12_%E5%8F%B0%E5%8C%97/%E5%9F%BA%E9%9A%86/C2807449-D213-4CE1-95C1-0DC9B4072529.jpeg HTTP/1.1" 200 -
[06/Aug/2026 14:57:27] "GET /Photos/2019/2019-12_%E5%8F%B0%E5%8C%97/%E5%9F%BA%E9%9A%86/1335D9AD-E121-425A-BC42-C1D78475B325.jpeg HTTP/1.1" 200 -
[06/Aug/2026 14:57:27] "GET /Photos/2019/2019-12_%E5%8F%B0%E5%8C%97/%E5%9F%BA%E9%9A%86/4270A2AF-ADEC-4A83-8198-3660BB819A15.jpeg HTTP/1.1" 200 -
[06/Aug/2026 14:57:27] "GET /Photos/2019/2019-12_%E5%8F%B0%E5%8C%97/%E5%9F%BA%E9%9A%86/05943D9A-9116-4281-B43A-03418274F010.jpeg HTTP/1.1" 200 -
[06/Aug/2026 14:57:27] "GET /Photos/2019/2019-12_%E5%8F%B0%E5%8C%97/%E5%9F%BA%E9%9A%86/FCBA8803-7269-4D7F-BBDD-44240F65026E.jpeg HTTP/1.1" 200 -
[06/Aug/2026 14:57:27] "GET /Photos/2019/2019-12_%E5%8F%B0%E5%8C%97/%E5%9F%BA%E9%9A%86/303DF57F-B1A3-4952-A96B-8BE6A02FD9AE.jpeg HTTP/1.1" 200 -
[06/Aug/2026 14:57:27] "GET /Photos/2019/2019-12_%E5%8F%B0%E5%8C%97/%E5%9F%BA%E9%9A%86/435D3CD4-60D2-4964-8946-CC099C799716.jpeg HTTP/1.1" 200 -
[06/Aug/2026 14:57:27] "GET /Photos/2019/2019-12_%E5%8F%B0%E5%8C%97/%E5%9F%BA%E9%9A%86/4D231F66-CDFD-4DB6-9255-4E2D4F55BFC3.jpeg HTTP/1.1" 200 -
[06/Aug/2026 14:57:27] "GET /Photos/2019/2019-06_%E5%8F%B0%E5%8C%97/%E5%9F%BA%E9%9A%86/31043538-DB30-4939-AC04-BBE4087676CE.jpeg HTTP/1.1" 200 -
[06/Aug/2026 14:57:27] "GET /Photos/2019/2019-06_%E5%8F%B0%E5%8C%97/%E5%9F%BA%E9%9A%86/3F56340E-D035-4DB1-9C34-D3872B0A369B.jpeg HTTP/1.1" 200 -
[06/Aug/2026 14:57:27] "GET /Photos/2019/2019-01_%E5%8F%B0%E5%8C%97/%E5%9F%BA%E9%9A%86/A70EC851-C01A-4CFF-B914-E519B560D4FF.jpeg HTTP/1.1" 200 -
[06/Aug/2026 14:57:27] "GET /Photos/2019/2019-11_%E5%8F%B0%E5%8C%97/%E5%9F%BA%E9%9A%86/968A30B0-06A5-45E7-AF40-20FBE521F585.jpeg HTTP/1.1" 200 -
[06/Aug/2026 14:57:27] "GET /Photos/2019/2019-11_%E5%8F%B0%E5%8C%97/%E5%9F%BA%E9%9A%86/6EC9EAFA-6C8C-4206-968D-897D84EDBEF8.jpeg HTTP/1.1" 200 -
[06/Aug/2026 14:57:27] "GET /Photos/2019/2019-11_%E5%8F%B0%E5%8C%97/%E5%9F%BA%E9%9A%86/63EDE4C4-5848-429E-95AE-0F00B9C466B6.jpeg HTTP/1.1" 200 -
[06/Aug/2026 14:57:27] "GET /Photos/2019/2019-11_%E5%8F%B0%E5%8C%97/%E5%9F%BA%E9%9A%86/041CF916-BF68-45C6-A9E8-20A2F70AB16F.jpeg HTTP/1.1" 200 -
[06/Aug/2026 14:57:27] "GET /Photos/2019/2019-11_%E5%8F%B0%E5%8C%97/%E5%9F%BA%E9%9A%86/65126F2E-5776-4A13-9775-36E73B79F001.jpeg HTTP/1.1" 200 -
[06/Aug/2026 14:57:27] "GET /Photos/2019/2019-11_%E5%8F%B0%E5%8C%97/%E5%9F%BA%E9%9A%86/28352D0D-C388-4746-B87A-E917BBE85B17.jpeg HTTP/1.1" 200 -
[06/Aug/2026 14:57:27] "GET /Photos/2019/2019-11_%E5%8F%B0%E5%8C%97/%E5%9F%BA%E9%9A%86/F347B9F3-6075-4D64-AC0E-9233FF85FB22.jpeg HTTP/1.1" 200 -
[06/Aug/2026 14:57:27] "GET /Photos/2019/2019-11_%E5%8F%B0%E5%8C%97/%E5%9F%BA%E9%9A%86/BB800531-0EC3-414A-B59E-6DDD30E4ED5D.jpeg HTTP/1.1" 200 -
[06/Aug/2026 14:57:27] "GET /Photos/2019/2019-11_%E5%8F%B0%E5%8C%97/%E5%9F%BA%E9%9A%86/A7DA67AB-DE47-426A-B2B0-1215FF242E63.jpeg HTTP/1.1" 200 -
[06/Aug/2026 14:57:27] "GET /Photos/2019/2019-11_%E5%8F%B0%E5%8C%97/%E5%9F%BA%E9%9A%86/3E2D3EC4-8B33-44A3-B6F2-85E65F773DC0.jpeg HTTP/1.1" 200 -
[06/Aug/2026 14:57:27] "GET /Photos/2019/2019-04_%E5%8F%B0%E5%8C%97/%E5%9F%BA%E9%9A%86/C4B87766-8713-437C-887A-A855004A5C02_1_201_a.jpeg HTTP/1.1" 200 -
[06/Aug/2026 14:57:27] "GET /Photos/2019/2019-04_%E5%8F%B0%E5%8C%97/%E5%9F%BA%E9%9A%86/2ADBB5D0-5BBC-44B3-A9C0-8329F01E8617.jpeg HTTP/1.1" 200 -
[06/Aug/2026 14:57:27] "GET /Photos/2019/2019-04_%E5%8F%B0%E5%8C%97/%E5%9F%BA%E9%9A%86/FDDE1CD2-96AC-45F8-9DDE-02B275CD3E53.jpeg HTTP/1.1" 200 -
[06/Aug/2026 14:57:27] "GET /Photos/2019/2019-04_%E5%8F%B0%E5%8C%97/%E5%9F%BA%E9%9A%86/F11FF671-A0F9-479C-91E2-352B951BCC20.jpeg HTTP/1.1" 200 -
[06/Aug/2026 14:57:27] "GET /Photos/2019/2019-04_%E5%8F%B0%E5%8C%97/%E5%9F%BA%E9%9A%86/12021603-9834-47B0-B2EB-ED3133D62996.jpeg HTTP/1.1" 200 -
[06/Aug/2026 14:57:27] "GET /Photos/2019/2019-10_%E5%8F%B0%E5%8C%97/%E5%9F%BA%E9%9A%86/AB6F5959-072B-4CC0-8F92-364D6FF5126D.jpeg HTTP/1.1" 200 -
[06/Aug/2026 14:57:27] "GET /Photos/2019/2019-04_%E5%8F%B0%E5%8C%97/%E5%9F%BA%E9%9A%86/93CB8D1A-3C77-4AAC-9622-2BABD0FD3346.jpeg HTTP/1.1" 200 -
[06/Aug/2026 14:57:28] "GET /Photos/2019/2019-10_%E5%8F%B0%E5%8C%97/%E5%9F%BA%E9%9A%86/5815F537-40F6-4C46-9001-8E811378E3A9.jpeg HTTP/1.1" 200 -
[06/Aug/2026 14:57:28] "GET /Photos/2019/2019-10_%E5%8F%B0%E5%8C%97/%E5%9F%BA%E9%9A%86/88FFE24E-FABD-4851-B59F-FE46C48DE121.jpeg HTTP/1.1" 200 -
[06/Aug/2026 14:57:28] "GET /Photos/2019/2019-10_%E5%8F%B0%E5%8C%97/%E5%9F%BA%E9%9A%86/7790F52E-CB38-4E0E-8698-371DFEEFD823.jpeg HTTP/1.1" 200 -
[06/Aug/2026 14:57:28] "GET /Photos/2019/2019-10_%E5%8F%B0%E5%8C%97/%E5%9F%BA%E9%9A%86/BCC8D646-6CC2-4E8D-911D-C41D39D2758D.jpeg HTTP/1.1" 200 -
[06/Aug/2026 14:57:28] "GET /Photos/2019/2019-10_%E5%8F%B0%E5%8C%97/%E5%9F%BA%E9%9A%86/14060B23-022D-4054-B9FC-3DE96CFB6F9D.jpeg HTTP/1.1" 200 -
[06/Aug/2026 14:57:28] "GET /Photos/2019/2019-10_%E5%8F%B0%E5%8C%97/%E5%9F%BA%E9%9A%86/986A6BAC-AACA-4585-8A79-E1BF0DAAA6DE.jpeg HTTP/1.1" 200 -
[06/Aug/2026 14:57:28] "GET /Photos/2019/2019-10_%E5%8F%B0%E5%8C%97/%E5%9F%BA%E9%9A%86/8BC5308E-87F6-4B5D-A918-2494B9F02F27.jpeg HTTP/1.1" 200 -
[06/Aug/2026 14:57:28] "GET /Photos/2019/2019-10_%E5%8F%B0%E5%8C%97/%E5%9F%BA%E9%9A%86/21AD468D-A574-4BD4-BB43-33526D2F9B0C.jpeg HTTP/1.1" 200 -
[06/Aug/2026 14:57:28] "GET /Photos/2019/2019-10_%E5%8F%B0%E5%8C%97/%E5%9F%BA%E9%9A%86/6F87F6A5-4CBD-4FCE-8B18-866CCF6F7616.jpeg HTTP/1.1" 200 -
[06/Aug/2026 14:57:28] "GET /Photos/2019/2019-10_%E5%8F%B0%E5%8C%97/%E5%9F%BA%E9%9A%86/9A122913-2F63-4A42-964C-EE6E8C85D663.jpeg HTTP/1.1" 200 -
[06/Aug/2026 14:57:28] "GET /Photos/2019/2019-10_%E5%8F%B0%E5%8C%97/%E5%9F%BA%E9%9A%86/6D96A80B-0A84-4324-9A5C-C7955C47689D.jpeg HTTP/1.1" 200 -
[06/Aug/2026 14:57:28] "GET /Photos/2019/2019-10_%E5%8F%B0%E5%8C%97/%E5%9F%BA%E9%9A%86/992D244F-96C4-4754-ACBA-35F8D2C31B43.jpeg HTTP/1.1" 200 -
[06/Aug/2026 14:57:28] "GET /Photos/2019/2019-10_%E5%8F%B0%E5%8C%97/%E5%9F%BA%E9%9A%86/6C6B306E-1CE7-4339-A697-545B6F086FD3.jpeg HTTP/1.1" 200 -
[06/Aug/2026 14:57:28] "GET /Photos/2021/2021-08_%E4%BB%81%E6%84%9B%E9%84%89/IMG_9828.jpeg HTTP/1.1" 200 -
[06/Aug/2026 14:57:28] "GET /Photos/2021/2021-08_%E8%87%BA%E4%B8%AD%E5%B8%82/IMG_9746.jpeg HTTP/1.1" 200 -
[06/Aug/2026 14:57:28] "GET /Photos/2021/2021-08_%E4%BB%81%E6%84%9B%E9%84%89/IMG_9825.jpeg HTTP/1.1" 200 -
[06/Aug/2026 14:57:28] "GET /Photos/2019/2019-10_%E5%8F%B0%E5%8C%97/%E5%9F%BA%E9%9A%86/7BAB8345-96A8-4365-A9EB-32243CC109DD_1_201_a.jpeg HTTP/1.1" 200 -
[06/Aug/2026 14:57:28] "GET /Photos/2019/2019-10_%E5%8F%B0%E5%8C%97/%E5%9F%BA%E9%9A%86/C927C3D7-B46E-4D86-ABA7-C99C62723ACC_1_201_a.jpeg HTTP/1.1" 200 -
[06/Aug/2026 14:57:28] "GET /Photos/2019/2019-10_%E5%8F%B0%E5%8C%97/%E5%9F%BA%E9%9A%86/AB33FF80-D85A-467B-8435-5E8914774A94.jpeg HTTP/1.1" 200 -
[06/Aug/2026 14:57:28] "GET /Photos/2019/2019-10_%E5%8F%B0%E5%8C%97/%E5%9F%BA%E9%9A%86/580ED779-13A5-41A5-81CE-33185AC46906_1_201_a.jpeg HTTP/1.1" 200 -
[06/Aug/2026 14:57:28] "GET /Photos/2019/2019-10_%E5%8F%B0%E5%8C%97/%E5%9F%BA%E9%9A%86/635F3641-B35F-43CF-BC77-652DB5E8B310.jpeg HTTP/1.1" 200 -
[06/Aug/2026 14:57:28] "GET /Photos/2019/2019-10_%E5%8F%B0%E5%8C%97/%E5%9F%BA%E9%9A%86/ED9AA65B-E15E-47A7-AD0D-919993DE2019_1_201_a.jpeg HTTP/1.1" 200 -
[06/Aug/2026 14:57:28] "GET /Photos/2019/2019-10_%E5%8F%B0%E5%8C%97/%E5%9F%BA%E9%9A%86/3F315A5A-BFE6-4748-B9F4-2E0A7BF1E050_1_201_a.jpeg HTTP/1.1" 200 -
[06/Aug/2026 14:57:28] "GET /Photos/2021/2021-08_%E4%BB%81%E6%84%9B%E9%84%89/IMG_9824.jpeg HTTP/1.1" 200 -
[06/Aug/2026 14:57:28] "GET /Photos/2021/2021-08_%E4%BB%81%E6%84%9B%E9%84%89/IMG_9849.jpeg HTTP/1.1" 200 -
[06/Aug/2026 14:57:28] "GET /Photos/2021/2021-08_%E4%BB%81%E6%84%9B%E9%84%89/IMG_9853.jpeg HTTP/1.1" 200 -
[06/Aug/2026 14:57:28] "GET /Photos/2021/2021-08_%E4%BB%81%E6%84%9B%E9%84%89/IMG_9832.jpeg HTTP/1.1" 200 -
[06/Aug/2026 14:57:28] "GET /Photos/2021/2021-08_%E4%BB%81%E6%84%9B%E9%84%89/IMG_9834.jpeg HTTP/1.1" 200 -
[06/Aug/2026 14:57:28] "GET /Photos/2021/2021-08_%E4%BB%81%E6%84%9B%E9%84%89/IMG_9845.jpeg HTTP/1.1" 200 -
[06/Aug/2026 14:57:28] "GET /Photos/2021/2021-08_%E4%BB%81%E6%84%9B%E9%84%89/IMG_9833.jpeg HTTP/1.1" 200 -
[06/Aug/2026 14:57:28] "GET /Photos/2021/2021-08_%E4%BB%81%E6%84%9B%E9%84%89/IMG_9829.jpeg HTTP/1.1" 200 -
[06/Aug/2026 14:57:28] "GET /Photos/2021/2021-08_%E4%BB%81%E6%84%9B%E9%84%89/IMG_9813.jpeg HTTP/1.1" 200 -
[06/Aug/2026 14:57:28] "GET /Photos/2021/2021-08_%E4%BB%81%E6%84%9B%E9%84%89/IMG_9788.jpeg HTTP/1.1" 200 -
[06/Aug/2026 14:57:28] "GET /Photos/2021/2021-08_%E4%BB%81%E6%84%9B%E9%84%89/IMG_9822.jpeg HTTP/1.1" 200 -
[06/Aug/2026 14:57:28] "GET /Photos/2021/2021-08_%E4%BB%81%E6%84%9B%E9%84%89/IMG_9818.jpeg HTTP/1.1" 200 -
[06/Aug/2026 14:57:28] "GET /Photos/2021/2021-08_%E4%BB%81%E6%84%9B%E9%84%89/IMG_9819.jpeg HTTP/1.1" 200 -
[06/Aug/2026 14:57:28] "GET /Photos/2021/2021-08_%E4%BB%81%E6%84%9B%E9%84%89/IMG_9823.jpeg HTTP/1.1" 200 -
[06/Aug/2026 14:57:28] "GET /Photos/2021/2021-08_%E4%BB%81%E6%84%9B%E9%84%89/IMG_9814.jpeg HTTP/1.1" 200 -
[06/Aug/2026 14:57:28] "GET /Photos/2021/2021-08_%E4%BB%81%E6%84%9B%E9%84%89/IMG_9815.jpeg HTTP/1.1" 200 -
[06/Aug/2026 14:57:28] "GET /Photos/2021/2021-08_%E4%BB%81%E6%84%9B%E9%84%89/IMG_9835.jpeg HTTP/1.1" 200 -
[06/Aug/2026 14:57:28] "GET /Photos/2021/2021-08_%E4%BB%81%E6%84%9B%E9%84%89/IMG_9851.jpeg HTTP/1.1" 200 -
[06/Aug/2026 14:57:28] "GET /Photos/2021/2021-08_%E4%BB%81%E6%84%9B%E9%84%89/IMG_9826.jpeg HTTP/1.1" 200 -
[06/Aug/2026 14:57:28] "GET /Photos/2021/2021-08_%E4%BB%81%E6%84%9B%E9%84%89/IMG_9830.jpeg HTTP/1.1" 200 -
[06/Aug/2026 14:57:28] "GET /Photos/2021/2021-08_%E4%BB%81%E6%84%9B%E9%84%89/IMG_9820.jpeg HTTP/1.1" 200 -
[06/Aug/2026 14:57:28] "GET /Photos/2021/2021-08_%E4%BB%81%E6%84%9B%E9%84%89/IMG_9816.jpeg HTTP/1.1" 200 -
[06/Aug/2026 14:57:28] "GET /Photos/2021/2021-08_%E4%BB%81%E6%84%9B%E9%84%89/IMG_9787.jpeg HTTP/1.1" 200 -
[06/Aug/2026 14:57:28] "GET /Photos/2021/2021-08_%E4%BB%81%E6%84%9B%E9%84%89/IMG_9827.jpeg HTTP/1.1" 200 -
[06/Aug/2026 14:57:28] "GET /Photos/2021/2021-08_%E4%BB%81%E6%84%9B%E9%84%89/IMG_9817.jpeg HTTP/1.1" 200 -
[06/Aug/2026 14:57:28] "GET /Photos/2021/2021-08_%E6%96%B0%E7%AB%B9%E5%B8%82/IMG_9861.jpeg HTTP/1.1" 200 -
[06/Aug/2026 14:57:28] "GET /Photos/2021/2021-08_%E6%96%B0%E7%AB%B9%E5%B8%82/IMG_9860.jpeg HTTP/1.1" 200 -
[06/Aug/2026 14:57:28] "GET /Photos/2021/2021-08_%E4%BB%81%E6%84%9B%E9%84%89/IMG_9850.jpeg HTTP/1.1" 200 -
[06/Aug/2026 14:57:28] "GET /Photos/2021/2021-08_%E4%BB%81%E6%84%9B%E9%84%89/IMG_9821.jpeg HTTP/1.1" 200 -
[06/Aug/2026 14:57:28] "GET /Photos/2021/2021-08_%E4%BB%81%E6%84%9B%E9%84%89/IMG_9846.jpeg HTTP/1.1" 200 -
[06/Aug/2026 14:57:28] "GET /Photos/2021/2021-08_%E4%BB%81%E6%84%9B%E9%84%89/IMG_9831.jpeg HTTP/1.1" 200 -
[06/Aug/2026 14:57:28] "GET /Photos/2021/2021-08_%E6%96%B0%E7%AB%B9%E5%B8%82/IMG_9862.jpeg HTTP/1.1" 200 -
[06/Aug/2026 14:57:28] "GET /Photos/2021/2021-08_%E6%9C%AA%E7%9F%A5%E5%9C%B0%E9%BB%9E/IMG_9721.JPG HTTP/1.1" 200 -
[06/Aug/2026 14:57:28] "GET /Photos/2021/2021-08_%E6%9C%AA%E7%9F%A5%E5%9C%B0%E9%BB%9E/IMG_9723.JPG HTTP/1.1" 200 -
[06/Aug/2026 14:57:28] "GET /Photos/2021/2021-08_%E6%9C%AA%E7%9F%A5%E5%9C%B0%E9%BB%9E/IMG_9718.JPG HTTP/1.1" 200 -
[06/Aug/2026 14:57:28] "GET /Photos/2021/2021-12_%E5%8F%B0%E5%8C%97/%E5%9F%BA%E9%9A%86/IMG_0824.jpeg HTTP/1.1" 200 -
[06/Aug/2026 14:57:28] "GET /Photos/2021/2021-08_%E6%9C%AA%E7%9F%A5%E5%9C%B0%E9%BB%9E/IMG_9720.JPG HTTP/1.1" 200 -
[06/Aug/2026 14:57:28] "GET /Photos/2021/2021-12_%E5%8F%B0%E5%8C%97/%E5%9F%BA%E9%9A%86/IMG_0834.jpeg HTTP/1.1" 200 -
[06/Aug/2026 14:57:28] "GET /Photos/2021/2021-08_%E6%9C%AA%E7%9F%A5%E5%9C%B0%E9%BB%9E/IMG_9717.JPG HTTP/1.1" 200 -
[06/Aug/2026 14:57:28] "GET /Photos/2021/2021-08_%E6%9C%AA%E7%9F%A5%E5%9C%B0%E9%BB%9E/IMG_9716.JPG HTTP/1.1" 200 -
[06/Aug/2026 14:57:28] "GET /Photos/2021/2021-08_%E6%9C%AA%E7%9F%A5%E5%9C%B0%E9%BB%9E/IMG_9722.JPG HTTP/1.1" 200 -
[06/Aug/2026 14:57:28] "GET /Photos/2021/2021-12_%E5%8F%B0%E5%8C%97/%E5%9F%BA%E9%9A%86/IMG_1017.JPG HTTP/1.1" 200 -
[06/Aug/2026 14:57:28] "GET /Photos/2021/2021-12_%E5%8F%B0%E5%8C%97/%E5%9F%BA%E9%9A%86/IMG_1008.JPG HTTP/1.1" 200 -
[06/Aug/2026 14:57:28] "GET /Photos/2021/2021-12_%E5%8F%B0%E5%8C%97/%E5%9F%BA%E9%9A%86/IMG_1015.JPG HTTP/1.1" 200 -
[06/Aug/2026 14:57:28] "GET /Photos/2021/2021-03_%E5%8F%B0%E5%8C%97/%E5%9F%BA%E9%9A%86/IMG_8690.jpeg HTTP/1.1" 200 -
[06/Aug/2026 14:57:28] "GET /Photos/2021/2021-12_%E5%8F%B0%E5%8C%97/%E5%9F%BA%E9%9A%86/IMG_1014.JPG HTTP/1.1" 200 -
[06/Aug/2026 14:57:28] "GET /Photos/2021/2021-12_%E5%8F%B0%E5%8C%97/%E5%9F%BA%E9%9A%86/IMG_1027.JPG HTTP/1.1" 200 -
[06/Aug/2026 14:57:28] "GET /Photos/2021/2021-03_%E5%8F%B0%E5%8C%97/%E5%9F%BA%E9%9A%86/IMG_8700.jpeg HTTP/1.1" 200 -
[06/Aug/2026 14:57:28] "GET /Photos/2021/2021-03_%E5%8F%B0%E5%8C%97/%E5%9F%BA%E9%9A%86/IMG_8686.jpeg HTTP/1.1" 200 -
[06/Aug/2026 14:57:28] "GET /Photos/2021/2021-03_%E5%8F%B0%E5%8C%97/%E5%9F%BA%E9%9A%86/IMG_8687.jpeg HTTP/1.1" 200 -
[06/Aug/2026 14:57:28] "GET /Photos/2021/2021-03_%E5%8F%B0%E5%8C%97/%E5%9F%BA%E9%9A%86/IMG_8695.jpeg HTTP/1.1" 200 -
[06/Aug/2026 14:57:28] "GET /Photos/2021/2021-03_%E5%8F%B0%E5%8C%97/%E5%9F%BA%E9%9A%86/IMG_8688.jpeg HTTP/1.1" 200 -
[06/Aug/2026 14:57:28] "GET /Photos/2021/2021-03_%E5%8F%B0%E5%8C%97/%E5%9F%BA%E9%9A%86/IMG_8693.jpeg HTTP/1.1" 200 -
[06/Aug/2026 14:57:28] "GET /Photos/2021/2021-03_%E5%8F%B0%E5%8C%97/%E5%9F%BA%E9%9A%86/IMG_8696.jpeg HTTP/1.1" 200 -
[06/Aug/2026 14:57:28] "GET /Photos/2021/2021-03_%E5%8F%B0%E5%8C%97/%E5%9F%BA%E9%9A%86/IMG_8685.jpeg HTTP/1.1" 200 -
[06/Aug/2026 14:57:28] "GET /Photos/2021/2021-03_%E5%8F%B0%E5%8C%97/%E5%9F%BA%E9%9A%86/IMG_8697.jpeg HTTP/1.1" 200 -
[06/Aug/2026 14:57:28] "GET /Photos/2021/2021-03_%E5%8F%B0%E5%8C%97/%E5%9F%BA%E9%9A%86/IMG_8698.jpeg HTTP/1.1" 200 -
[06/Aug/2026 14:57:28] "GET /Photos/2021/2021-03_%E5%8F%B0%E5%8C%97/%E5%9F%BA%E9%9A%86/IMG_8699.jpeg HTTP/1.1" 200 -
[06/Aug/2026 14:57:28] "GET /Photos/2021/2021-03_%E5%8F%B0%E5%8C%97/%E5%9F%BA%E9%9A%86/IMG_8684.jpeg HTTP/1.1" 200 -
[06/Aug/2026 14:57:28] "GET /Photos/2021/2021-03_%E5%8F%B0%E5%8C%97/%E5%9F%BA%E9%9A%86/IMG_8694.jpeg HTTP/1.1" 200 -
[06/Aug/2026 14:57:28] "GET /Photos/2021/2021-08_%E5%BD%B0%E5%8C%96/%E5%98%89%E7%BE%A9/IMG_9764.jpeg HTTP/1.1" 200 -
[06/Aug/2026 14:57:28] "GET /Photos/2021/2021-10_%E5%8F%B0%E5%8C%97/%E5%9F%BA%E9%9A%86/IMG_0035.jpeg HTTP/1.1" 200 -
[06/Aug/2026 14:57:28] "GET /Photos/2021/2021-10_%E5%8F%B0%E5%8C%97/%E5%9F%BA%E9%9A%86/IMG_0039.jpeg HTTP/1.1" 200 -
[06/Aug/2026 14:57:28] "GET /Photos/2021/2021-10_%E5%8F%B0%E5%8C%97/%E5%9F%BA%E9%9A%86/IMG_0038.jpeg HTTP/1.1" 200 -
[06/Aug/2026 14:57:28] "GET /Photos/2021/2021-10_%E5%8F%B0%E5%8C%97/%E5%9F%BA%E9%9A%86/IMG_0034.jpeg HTTP/1.1" 200 -
[06/Aug/2026 14:57:28] "GET /Photos/2021/2021-10_%E5%8F%B0%E5%8C%97/%E5%9F%BA%E9%9A%86/IMG_0033.jpeg HTTP/1.1" 200 -
[06/Aug/2026 14:57:28] "GET /Photos/2021/2021-10_%E5%8F%B0%E5%8C%97/%E5%9F%BA%E9%9A%86/IMG_0037.jpeg HTTP/1.1" 200 -
[06/Aug/2026 14:57:28] "GET /Photos/2021/2021-10_%E5%8F%B0%E5%8C%97/%E5%9F%BA%E9%9A%86/IMG_0036.jpeg HTTP/1.1" 200 -
[06/Aug/2026 14:57:28] "GET /Photos/2021/2021-11_%E5%8F%B0%E5%8C%97/%E5%9F%BA%E9%9A%86/IMG_0166.jpeg HTTP/1.1" 200 -
[06/Aug/2026 14:57:28] "GET /Photos/2021/2021-11_%E5%8F%B0%E5%8C%97/%E5%9F%BA%E9%9A%86/IMG_0162.jpeg HTTP/1.1" 200 -
[06/Aug/2026 14:57:28] "GET /Photos/2021/2021-11_%E5%8F%B0%E5%8C%97/%E5%9F%BA%E9%9A%86/IMG_0163.jpeg HTTP/1.1" 200 -
[06/Aug/2026 14:57:29] "GET /Photos/2021/2021-11_%E5%8F%B0%E5%8C%97/%E5%9F%BA%E9%9A%86/IMG_0164.jpeg HTTP/1.1" 200 -
[06/Aug/2026 14:57:29] "GET /Photos/2021/2021-11_%E5%8F%B0%E5%8C%97/%E5%9F%BA%E9%9A%86/IMG_0168.jpeg HTTP/1.1" 200 -
[06/Aug/2026 14:57:29] "GET /Photos/2021/2021-11_%E5%8F%B0%E5%8C%97/%E5%9F%BA%E9%9A%86/IMG_0169.jpeg HTTP/1.1" 200 -
[06/Aug/2026 14:57:29] "GET /Photos/2021/2021-11_%E5%8F%B0%E5%8C%97/%E5%9F%BA%E9%9A%86/IMG_0167.jpeg HTTP/1.1" 200 -
[06/Aug/2026 14:57:29] "GET /Photos/2021/2021-11_%E5%8F%B0%E5%8C%97/%E5%9F%BA%E9%9A%86/IMG_0160.jpeg HTTP/1.1" 200 -
[06/Aug/2026 14:57:29] "GET /Photos/2021/2021-11_%E5%8F%B0%E5%8C%97/%E5%9F%BA%E9%9A%86/IMG_0161.jpeg HTTP/1.1" 200 -
[06/Aug/2026 14:57:29] "GET /Photos/2021/2021-11_%E5%8F%B0%E5%8C%97/%E5%9F%BA%E9%9A%86/IMG_0165.jpeg HTTP/1.1" 200 -
[06/Aug/2026 14:57:29] "GET /Photos/2018/2018-02_%E6%9C%AA%E7%9F%A5%E5%9C%B0%E9%BB%9E/2946EBCC-CB43-46BE-8037-714147BFC4EA.jpeg HTTP/1.1" 200 -
[06/Aug/2026 14:57:29] "GET /Photos/2018/2018-02_%E6%9C%AA%E7%9F%A5%E5%9C%B0%E9%BB%9E/464A9266-833F-46FC-AF2C-F249671D368C.jpeg HTTP/1.1" 200 -
[06/Aug/2026 14:57:29] "GET /Photos/2020/2020-01_%E6%9C%AA%E7%9F%A5%E5%9C%B0%E9%BB%9E/BB325778-98BA-4F9A-9192-44E72216F6C2.jpeg HTTP/1.1" 200 -
[06/Aug/2026 14:57:29] "GET /Photos/2018/2018-02_%E6%9C%AA%E7%9F%A5%E5%9C%B0%E9%BB%9E/6F69A506-468A-4020-AD2E-3A3011161497.jpeg HTTP/1.1" 200 -
[06/Aug/2026 14:57:29] "GET /Photos/2018/2018-11_%E6%9C%AA%E7%9F%A5%E5%9C%B0%E9%BB%9E/1C4AC542-7762-4195-A39F-CCA18E1DD796.jpeg HTTP/1.1" 200 -
[06/Aug/2026 14:57:29] "GET /Photos/2018/2018-11_%E6%9C%AA%E7%9F%A5%E5%9C%B0%E9%BB%9E/18C30D87-83F0-4B8A-8DD4-4A4DA1F0A5F1.jpeg HTTP/1.1" 200 -
[06/Aug/2026 14:57:29] "GET /Photos/2018/2018-11_%E6%9C%AA%E7%9F%A5%E5%9C%B0%E9%BB%9E/7C5BF432-6474-47E6-8BAD-6463CA7C9F3A.jpeg HTTP/1.1" 200 -
[06/Aug/2026 14:57:29] "GET /Photos/2018/2018-11_%E6%9C%AA%E7%9F%A5%E5%9C%B0%E9%BB%9E/5B37F9AF-1099-4E0F-A45F-CD0B4AB69E7B.jpeg HTTP/1.1" 200 -
[06/Aug/2026 14:57:29] "GET /Photos/2018/2018-11_%E6%9C%AA%E7%9F%A5%E5%9C%B0%E9%BB%9E/DE9A9D7F-BCC3-479D-97E1-582F5E9427EF.jpeg HTTP/1.1" 200 -
[06/Aug/2026 14:57:29] "GET /Photos/2018/2018-11_%E6%9C%AA%E7%9F%A5%E5%9C%B0%E9%BB%9E/FC4C5547-3925-4B62-BF29-A76836143CED.jpeg HTTP/1.1" 200 -
[06/Aug/2026 14:57:29] "GET /Photos/2018/2018-11_%E6%9C%AA%E7%9F%A5%E5%9C%B0%E9%BB%9E/FF31D66C-DC1D-4ABB-8FDE-BAD7DFCF00AF.jpeg HTTP/1.1" 200 -
[06/Aug/2026 14:57:29] "GET /Photos/2018/2018-11_%E6%9C%AA%E7%9F%A5%E5%9C%B0%E9%BB%9E/72B3E462-A9B1-478A-8D8D-A34043E8B5C3.jpeg HTTP/1.1" 200 -
[06/Aug/2026 14:57:29] "GET /Photos/2018/2018-11_%E6%9C%AA%E7%9F%A5%E5%9C%B0%E9%BB%9E/C01F0444-7B07-4F96-A3C4-9C8C585A1A13.jpeg HTTP/1.1" 200 -
[06/Aug/2026 14:57:29] "GET /Photos/2018/2018-11_%E6%9C%AA%E7%9F%A5%E5%9C%B0%E9%BB%9E/1A24A72F-8C62-4BC2-A85B-7F90C0514ED5.jpeg HTTP/1.1" 200 -
[06/Aug/2026 14:57:29] "GET /Photos/2018/2018-11_%E6%9C%AA%E7%9F%A5%E5%9C%B0%E9%BB%9E/10421A3A-C98B-4BCE-9BA3-D5115D5E01C3.jpeg HTTP/1.1" 200 -
[06/Aug/2026 14:57:29] "GET /Photos/2018/2018-11_%E6%9C%AA%E7%9F%A5%E5%9C%B0%E9%BB%9E/CEA8598A-FC0F-4146-86C1-C248977F3166.jpeg HTTP/1.1" 200 -
[06/Aug/2026 14:57:29] "GET /Photos/2018/2018-11_%E6%9C%AA%E7%9F%A5%E5%9C%B0%E9%BB%9E/4269CD63-E9F9-46EA-92EB-8C898D488415.jpeg HTTP/1.1" 200 -
[06/Aug/2026 14:57:29] "GET /Photos/2018/2018-11_%E6%9C%AA%E7%9F%A5%E5%9C%B0%E9%BB%9E/6C71897E-2204-4A1A-AE61-DDD51A823018.jpeg HTTP/1.1" 200 -
[06/Aug/2026 14:57:29] "GET /Photos/2018/2018-11_%E6%9C%AA%E7%9F%A5%E5%9C%B0%E9%BB%9E/01B591A2-0809-43F2-8329-858E07C095C8.jpeg HTTP/1.1" 200 -
[06/Aug/2026 14:57:29] "GET /Photos/2018/2018-11_%E6%9C%AA%E7%9F%A5%E5%9C%B0%E9%BB%9E/B9282106-DE34-42D7-8788-704481A8F6BA.jpeg HTTP/1.1" 200 -
[06/Aug/2026 14:57:29] "GET /Photos/2018/2018-11_%E6%9C%AA%E7%9F%A5%E5%9C%B0%E9%BB%9E/B2F72CE3-89C8-490B-8608-57A4456AF910.jpeg HTTP/1.1" 200 -
[06/Aug/2026 14:57:29] "GET /Photos/2018/2018-11_%E6%9C%AA%E7%9F%A5%E5%9C%B0%E9%BB%9E/DB83C476-141E-45B5-9881-0100293BC8F9.jpeg HTTP/1.1" 200 -
[06/Aug/2026 14:57:29] "GET /Photos/2018/2018-11_%E6%9C%AA%E7%9F%A5%E5%9C%B0%E9%BB%9E/4AEF8B3C-07F2-4931-9789-56BADCF45519.jpeg HTTP/1.1" 200 -
[06/Aug/2026 14:57:29] "GET /Photos/2018/2018-11_%E6%9C%AA%E7%9F%A5%E5%9C%B0%E9%BB%9E/D116192C-0120-4BFC-B083-A657357FEC9C.jpeg HTTP/1.1" 200 -
[06/Aug/2026 14:57:29] "GET /Photos/2018/2018-11_%E6%9C%AA%E7%9F%A5%E5%9C%B0%E9%BB%9E/EEDD20DD-32C8-4EC9-8A12-3D94A5C56F96.jpeg HTTP/1.1" 200 -
[06/Aug/2026 14:57:29] "GET /Photos/2018/2018-11_%E6%9C%AA%E7%9F%A5%E5%9C%B0%E9%BB%9E/6FADDF6B-3997-4EB5-B558-75299996644D.jpeg HTTP/1.1" 200 -
[06/Aug/2026 14:57:29] "GET /Photos/2018/2018-11_%E6%9C%AA%E7%9F%A5%E5%9C%B0%E9%BB%9E/C498FEBE-BD5D-4ACD-B5E0-5E0D969AB471.jpeg HTTP/1.1" 200 -
[06/Aug/2026 14:57:29] "GET /Photos/2018/2018-11_%E6%9C%AA%E7%9F%A5%E5%9C%B0%E9%BB%9E/76DB1B60-756A-4EE2-8D4E-F77503D0D7DD.jpeg HTTP/1.1" 200 -
[06/Aug/2026 14:57:29] "GET /Photos/2018/2018-11_%E6%9C%AA%E7%9F%A5%E5%9C%B0%E9%BB%9E/57E39FFE-6E46-4808-8E1F-DEB88B132421.jpeg HTTP/1.1" 200 -
[06/Aug/2026 14:57:29] "GET /Photos/2018/2018-11_%E6%9C%AA%E7%9F%A5%E5%9C%B0%E9%BB%9E/9A90D4BD-0099-44E4-931C-C3EF1E140B09.jpeg HTTP/1.1" 200 -
[06/Aug/2026 14:57:29] "GET /Photos/2018/2018-11_%E6%9C%AA%E7%9F%A5%E5%9C%B0%E9%BB%9E/77DB2B4C-79D1-4331-A225-9309D65785CB.jpeg HTTP/1.1" 200 -
[06/Aug/2026 14:57:29] "GET /Photos/2018/2018-11_%E6%9C%AA%E7%9F%A5%E5%9C%B0%E9%BB%9E/203E6822-F25C-4D52-A43B-6CE06D113F1C.jpeg HTTP/1.1" 200 -
[06/Aug/2026 14:57:29] "GET /Photos/2018/2018-11_%E6%9C%AA%E7%9F%A5%E5%9C%B0%E9%BB%9E/660D77C3-4430-4A4E-83EE-7BBED6BEF11E.jpeg HTTP/1.1" 200 -
[06/Aug/2026 14:57:29] "GET /Photos/2018/2018-11_%E6%9C%AA%E7%9F%A5%E5%9C%B0%E9%BB%9E/38058D52-F434-4BF1-B54B-36011100D9C7.jpeg HTTP/1.1" 200 -
[06/Aug/2026 14:57:29] "GET /Photos/2018/2018-11_%E6%9C%AA%E7%9F%A5%E5%9C%B0%E9%BB%9E/79D38552-C0F8-4F3F-83B0-484709D72C79.jpeg HTTP/1.1" 200 -
[06/Aug/2026 14:57:29] "GET /Photos/2018/2018-11_%E6%9C%AA%E7%9F%A5%E5%9C%B0%E9%BB%9E/29D6315F-7226-44BF-88C0-B89196E37510.jpeg HTTP/1.1" 200 -
[06/Aug/2026 14:57:29] "GET /Photos/2018/2018-11_%E6%9C%AA%E7%9F%A5%E5%9C%B0%E9%BB%9E/F19E3E2D-2E7A-4018-8B09-58744005584E.jpeg HTTP/1.1" 200 -
[06/Aug/2026 14:57:29] "GET /Photos/2018/2018-11_%E6%9C%AA%E7%9F%A5%E5%9C%B0%E9%BB%9E/0EAFCABC-443B-43DE-9090-7F6325615B22.jpeg HTTP/1.1" 200 -
[06/Aug/2026 14:57:29] "GET /Photos/2018/2018-11_%E6%9C%AA%E7%9F%A5%E5%9C%B0%E9%BB%9E/EB29105D-FFF0-4DF6-A68E-CA9E6BC8C484.jpeg HTTP/1.1" 200 -
[06/Aug/2026 14:57:29] "GET /Photos/2018/2018-11_%E6%9C%AA%E7%9F%A5%E5%9C%B0%E9%BB%9E/CAD4EAE4-320B-47FB-8669-E951C953A043.jpeg HTTP/1.1" 200 -
[06/Aug/2026 14:57:29] "GET /Photos/2018/2018-11_%E6%9C%AA%E7%9F%A5%E5%9C%B0%E9%BB%9E/87393E9B-3FA6-47E6-A8E7-0D0D00527255.jpeg HTTP/1.1" 200 -
[06/Aug/2026 14:57:29] "GET /Photos/2018/2018-11_%E6%9C%AA%E7%9F%A5%E5%9C%B0%E9%BB%9E/00BFB7A2-3A42-4BA9-B5D5-08CCFE808BFE.jpeg HTTP/1.1" 200 -
[06/Aug/2026 14:57:29] "GET /Photos/2018/2018-11_%E6%9C%AA%E7%9F%A5%E5%9C%B0%E9%BB%9E/F3F7A274-2398-4563-B046-234201D6DB25.jpeg HTTP/1.1" 200 -
[06/Aug/2026 14:57:29] "GET /Photos/2018/2018-11_%E6%9C%AA%E7%9F%A5%E5%9C%B0%E9%BB%9E/245D0C2B-EA37-4F88-92CA-107E12F8AFF8.jpeg HTTP/1.1" 200 -
[06/Aug/2026 14:57:29] "GET /Photos/2018/2018-11_%E6%9C%AA%E7%9F%A5%E5%9C%B0%E9%BB%9E/6FD5C03A-FC58-4F79-8CA0-E1ACA8165315.jpeg HTTP/1.1" 200 -
[06/Aug/2026 14:57:29] "GET /Photos/2018/2018-11_%E6%9C%AA%E7%9F%A5%E5%9C%B0%E9%BB%9E/5609E27B-2560-4E9B-845A-3A4C136EE321.jpeg HTTP/1.1" 200 -
[06/Aug/2026 14:57:29] "GET /Photos/2018/2018-07_%E6%9C%AA%E7%9F%A5%E5%9C%B0%E9%BB%9E/5E60610A-4806-4EF2-8A21-00E328ACB764.jpeg HTTP/1.1" 200 -
[06/Aug/2026 14:57:29] "GET /Photos/2018/2018-03_%E5%8F%B0%E5%8C%97/%E5%9F%BA%E9%9A%86/1E4DF294-5BEB-41B3-AE82-2401450A6B0D_1_201_a.jpeg HTTP/1.1" 200 -
[06/Aug/2026 14:57:29] "GET /Photos/2018/2018-11_%E6%9C%AA%E7%9F%A5%E5%9C%B0%E9%BB%9E/4A3265E3-C1F3-451F-9C05-F5A8EF575998.jpeg HTTP/1.1" 200 -
[06/Aug/2026 14:57:29] "GET /Photos/2018/2018-03_%E5%8F%B0%E5%8C%97/%E5%9F%BA%E9%9A%86/8BDECCB6-B7AD-475E-A6F1-2CB73068AF2B_1_201_a.jpeg HTTP/1.1" 200 -
[06/Aug/2026 14:57:29] "GET /Photos/2018/2018-03_%E5%8F%B0%E5%8C%97/%E5%9F%BA%E9%9A%86/D863F0A8-0AC9-4357-8ADD-350A750F7F77_1_201_a.jpeg HTTP/1.1" 200 -
[06/Aug/2026 14:57:29] "GET /Photos/2018/2018-03_%E5%8F%B0%E5%8C%97/%E5%9F%BA%E9%9A%86/2875B7C5-218B-4F04-8B67-8359335274FA_1_201_a.jpeg HTTP/1.1" 200 -
[06/Aug/2026 14:57:29] "GET /Photos/2018/2018-03_%E5%8F%B0%E5%8C%97/%E5%9F%BA%E9%9A%86/BD4B7236-3596-4903-BEF5-3BF466C51676_1_201_a.jpeg HTTP/1.1" 200 -
[06/Aug/2026 14:57:29] "GET /Photos/2018/2018-03_%E5%8F%B0%E5%8C%97/%E5%9F%BA%E9%9A%86/14510079-8865-4A7F-855B-BAFC14C036D0_1_201_a.jpeg HTTP/1.1" 200 -
[06/Aug/2026 14:57:29] "GET /Photos/2018/2018-03_%E5%8F%B0%E5%8C%97/%E5%9F%BA%E9%9A%86/A1531A6E-AB93-4992-B71B-C73CCE41B8C4_1_201_a.jpeg HTTP/1.1" 200 -
[06/Aug/2026 14:57:29] "GET /Photos/2018/2018-03_%E5%8F%B0%E5%8C%97/%E5%9F%BA%E9%9A%86/AA451908-EFB5-40ED-931A-00166482B9BE_1_201_a.jpeg HTTP/1.1" 200 -
[06/Aug/2026 14:57:29] "GET /Photos/2018/2018-03_%E5%8F%B0%E5%8C%97/%E5%9F%BA%E9%9A%86/279169CF-6CA1-4762-BD0D-2B1B488C8B9C_1_201_a.jpeg HTTP/1.1" 200 -
[06/Aug/2026 14:57:29] "GET /Photos/2018/2018-03_%E5%8F%B0%E5%8C%97/%E5%9F%BA%E9%9A%86/528AAD8A-A591-4A4D-9E8E-5D68D09FD1E4_1_201_a.jpeg HTTP/1.1" 200 -
[06/Aug/2026 14:57:29] "GET /Photos/2018/2018-03_%E5%8F%B0%E5%8C%97/%E5%9F%BA%E9%9A%86/15A43537-305E-439F-A4B1-F014970BACAC_1_201_a.jpeg HTTP/1.1" 200 -
[06/Aug/2026 14:57:29] "GET /Photos/2018/2018-03_%E5%8F%B0%E5%8C%97/%E5%9F%BA%E9%9A%86/5F328C60-D608-4EA6-A8CF-1F8DB93F7744_1_201_a.jpeg HTTP/1.1" 200 -
[06/Aug/2026 14:57:29] "GET /Photos/2018/2018-07_%E5%8F%B0%E5%8C%97/%E5%9F%BA%E9%9A%86/2B5DA7EC-7544-4F7C-BB2F-D7B5EFC319AD.jpeg HTTP/1.1" 200 -
[06/Aug/2026 14:57:29] "GET /Photos/2018/2018-07_%E5%8F%B0%E5%8C%97/%E5%9F%BA%E9%9A%86/7993A057-0C3A-4FC6-82D5-CCF51D0B0823.jpeg HTTP/1.1" 200 -
[06/Aug/2026 14:57:29] "GET /Photos/2018/2018-07_%E5%8F%B0%E5%8C%97/%E5%9F%BA%E9%9A%86/8631D0B3-19E4-45B2-8E89-D2B2BD88EECC.jpeg HTTP/1.1" 200 -
[06/Aug/2026 14:57:29] "GET /Photos/2018/2018-07_%E5%8F%B0%E5%8C%97/%E5%9F%BA%E9%9A%86/4316B80E-B215-4986-A95D-FD38AE9036A8.jpeg HTTP/1.1" 200 -
[06/Aug/2026 14:57:29] "GET /Photos/2018/2018-07_%E5%8F%B0%E5%8C%97/%E5%9F%BA%E9%9A%86/C41C3CAB-01B9-48F7-B0F0-16F3C7C01898.jpeg HTTP/1.1" 200 -
[06/Aug/2026 14:57:29] "GET /Photos/2018/2018-03_%E5%8F%B0%E5%8C%97/%E5%9F%BA%E9%9A%86/0D8DE2D6-F66F-4DE5-914A-6E6AB11C2116_1_201_a.jpeg HTTP/1.1" 200 -
[06/Aug/2026 14:57:29] "GET /Photos/2018/2018-03_%E5%8F%B0%E5%8C%97/%E5%9F%BA%E9%9A%86/89CB5B10-69B9-402A-A5BD-17641A0C52B1_1_201_a.jpeg HTTP/1.1" 200 -
[06/Aug/2026 14:57:29] "GET /Photos/2018/2018-03_%E5%8F%B0%E5%8C%97/%E5%9F%BA%E9%9A%86/07C4F1C2-A27F-4CC1-84B5-DF3D9AC3D505_1_201_a.jpeg HTTP/1.1" 200 -
[06/Aug/2026 14:57:29] "GET /Photos/2018/2018-07_%E5%8F%B0%E5%8C%97/%E5%9F%BA%E9%9A%86/9AD9ACF0-B387-4024-A20B-7A143450D80C.jpeg HTTP/1.1" 200 -
[06/Aug/2026 14:57:29] "GET /Photos/2018/2018-07_%E5%8F%B0%E5%8C%97/%E5%9F%BA%E9%9A%86/ED8262A8-D2B5-4495-8147-4EF2AF27EB16.jpeg HTTP/1.1" 200 -
[06/Aug/2026 14:57:29] "GET /Photos/2018/2018-07_%E5%8F%B0%E5%8C%97/%E5%9F%BA%E9%9A%86/4B5B2587-B0BA-4617-9D71-A786B08A1150.jpeg HTTP/1.1" 200 -
[06/Aug/2026 14:57:29] "GET /Photos/2018/2018-07_%E5%8F%B0%E5%8C%97/%E5%9F%BA%E9%9A%86/C7D8840B-DF04-428A-BE17-4D1ED35C3554.jpeg HTTP/1.1" 200 -
[06/Aug/2026 14:57:29] "GET /Photos/2018/2018-07_%E5%8F%B0%E5%8C%97/%E5%9F%BA%E9%9A%86/10C1C13A-7FE6-4AC1-9798-3D8D450A7381.jpeg HTTP/1.1" 200 -
[06/Aug/2026 14:57:29] "GET /Photos/2018/2018-07_%E5%8F%B0%E5%8C%97/%E5%9F%BA%E9%9A%86/5BC5A5F9-DFCA-401B-94D1-03D2A880626A.jpeg HTTP/1.1" 200 -
[06/Aug/2026 14:57:29] "GET /Photos/2018/2018-07_%E5%8F%B0%E5%8C%97/%E5%9F%BA%E9%9A%86/6E58AD65-71F1-408D-A643-08310766D90F.jpeg HTTP/1.1" 200 -
[06/Aug/2026 14:57:29] "GET /Photos/2018/2018-06_%E5%8F%B0%E5%8C%97/%E5%9F%BA%E9%9A%86/B1C2292F-EED8-488A-8BA7-9B443838D39B_1_201_a.jpeg HTTP/1.1" 200 -
[06/Aug/2026 14:57:29] "GET /Photos/2018/2018-07_%E5%8F%B0%E5%8C%97/%E5%9F%BA%E9%9A%86/6949DAF5-C1A2-41C6-9A22-6D1A95168422_1_201_a.jpeg HTTP/1.1" 200 -
[06/Aug/2026 14:57:29] "GET /Photos/2018/2018-06_%E5%8F%B0%E5%8C%97/%E5%9F%BA%E9%9A%86/D90E99F8-FAF0-4036-A858-C0EBD7CD1B82.jpeg HTTP/1.1" 200 -
[06/Aug/2026 14:57:29] "GET /Photos/2018/2018-06_%E5%8F%B0%E5%8C%97/%E5%9F%BA%E9%9A%86/96E8DAC7-6330-4A77-976B-43A8C1B63721_1_201_a.jpeg HTTP/1.1" 200 -
[06/Aug/2026 14:57:29] "GET /Photos/2018/2018-06_%E5%8F%B0%E5%8C%97/%E5%9F%BA%E9%9A%86/E310D4E9-945A-4DFD-A4EC-384EF7A42CB3.jpeg HTTP/1.1" 200 -
[06/Aug/2026 14:57:29] "GET /Photos/2018/2018-06_%E5%8F%B0%E5%8C%97/%E5%9F%BA%E9%9A%86/7A0C414F-9037-46FE-86DA-F3E8E3BA1AFF.jpeg HTTP/1.1" 200 -
[06/Aug/2026 14:57:29] "GET /Photos/2018/2018-06_%E5%8F%B0%E5%8C%97/%E5%9F%BA%E9%9A%86/25F76AC4-429F-4CF8-A7BF-C98397F07954.jpeg HTTP/1.1" 200 -
[06/Aug/2026 14:57:29] "GET /Photos/2018/2018-06_%E5%8F%B0%E5%8C%97/%E5%9F%BA%E9%9A%86/0CF0374E-7B3D-4F83-9C38-61CD3C94490B.jpeg HTTP/1.1" 200 -
[06/Aug/2026 14:57:29] "GET /Photos/2018/2018-06_%E5%8F%B0%E5%8C%97/%E5%9F%BA%E9%9A%86/416569E2-A555-4C4F-A490-0FE10F9040EE.jpeg HTTP/1.1" 200 -
[06/Aug/2026 14:57:29] "GET /Photos/2018/2018-06_%E5%8F%B0%E5%8C%97/%E5%9F%BA%E9%9A%86/3929E5AB-26C6-45EE-B3A6-F1F78DFE984C_1_201_a.jpeg HTTP/1.1" 200 -
[06/Aug/2026 14:57:29] "GET /Photos/2018/2018-06_%E5%8F%B0%E5%8C%97/%E5%9F%BA%E9%9A%86/28A4AFAC-787B-4BB0-A646-EAD27A0D7AA7_1_201_a.jpeg HTTP/1.1" 200 -
[06/Aug/2026 14:57:29] "GET /Photos/2018/2018-06_%E5%8F%B0%E5%8C%97/%E5%9F%BA%E9%9A%86/7CDE0FB1-2130-4D0E-BD90-BE8354B85239.jpeg HTTP/1.1" 200 -
[06/Aug/2026 14:57:29] "GET /Photos/2018/2018-07_%E5%8F%B0%E5%8C%97/%E5%9F%BA%E9%9A%86/DAE893E2-1F73-4496-94E8-3FB97560FC19.jpeg HTTP/1.1" 200 -
[06/Aug/2026 14:57:29] "GET /Photos/2018/2018-06_%E5%8F%B0%E5%8C%97/%E5%9F%BA%E9%9A%86/4C8F6A75-30B6-4A58-9004-09E801EE16DF.jpeg HTTP/1.1" 200 -
[06/Aug/2026 14:57:29] "GET /Photos/2018/2018-06_%E5%8F%B0%E5%8C%97/%E5%9F%BA%E9%9A%86/261D8E11-17BA-45A0-AF5D-AEF584135C57.jpeg HTTP/1.1" 200 -
[06/Aug/2026 14:57:29] "GET /Photos/2018/2018-06_%E5%8F%B0%E5%8C%97/%E5%9F%BA%E9%9A%86/AEEE1BD6-1D35-40BA-9FE0-9F5DA9886DEE.jpeg HTTP/1.1" 200 -
[06/Aug/2026 14:57:30] "GET /Photos/2018/2018-06_%E5%8F%B0%E5%8C%97/%E5%9F%BA%E9%9A%86/5480AB29-4E85-41C5-A4B0-BEAA8D8B36B9.jpeg HTTP/1.1" 200 -
[06/Aug/2026 14:57:30] "GET /Photos/2018/2018-06_%E5%8F%B0%E5%8C%97/%E5%9F%BA%E9%9A%86/89D27A7B-4881-436C-8DC2-9284E97F114D.jpeg HTTP/1.1" 200 -
[06/Aug/2026 14:57:30] "GET /Photos/2018/2018-06_%E5%8F%B0%E5%8C%97/%E5%9F%BA%E9%9A%86/69065668-6518-4EA6-A345-D90B26E0EB0A.jpeg HTTP/1.1" 200 -
[06/Aug/2026 14:57:30] "GET /Photos/2018/2018-06_%E5%8F%B0%E5%8C%97/%E5%9F%BA%E9%9A%86/06ED4209-4D09-4C32-87D8-4C82AAE0409D.jpeg HTTP/1.1" 200 -
[06/Aug/2026 14:57:30] "GET /Photos/2018/2018-06_%E5%8F%B0%E5%8C%97/%E5%9F%BA%E9%9A%86/6EF6F82B-2A6E-4BCD-B6B1-1AFF7FADAF1B.jpeg HTTP/1.1" 200 -
[06/Aug/2026 14:57:30] "GET /Photos/2018/2018-06_%E5%8F%B0%E5%8C%97/%E5%9F%BA%E9%9A%86/18EC63AC-4A5B-4E2D-9C33-AB287A5D1D84.jpeg HTTP/1.1" 200 -
[06/Aug/2026 14:57:30] "GET /Photos/2018/2018-06_%E5%8F%B0%E5%8C%97/%E5%9F%BA%E9%9A%86/A69CA8E5-1BD9-4F9D-A19A-A735344476C1.jpeg HTTP/1.1" 200 -
[06/Aug/2026 14:57:30] "GET /Photos/2018/2018-06_%E5%8F%B0%E5%8C%97/%E5%9F%BA%E9%9A%86/8C27A35E-A2D0-4C85-AAE1-43B735A16EB1.jpeg HTTP/1.1" 200 -
[06/Aug/2026 14:57:30] "GET /Photos/2018/2018-06_%E5%8F%B0%E5%8C%97/%E5%9F%BA%E9%9A%86/E268698B-5A7B-4FC0-B867-97B3A840CD58.jpeg HTTP/1.1" 200 -
[06/Aug/2026 14:57:30] "GET /Photos/2018/2018-06_%E5%8F%B0%E5%8C%97/%E5%9F%BA%E9%9A%86/29672A06-5641-47A2-83EF-BA40BFD0D46A.jpeg HTTP/1.1" 200 -
[06/Aug/2026 14:57:30] "GET /Photos/2018/2018-06_%E5%8F%B0%E5%8C%97/%E5%9F%BA%E9%9A%86/D18F01AD-54A0-420E-A9F5-90AFE5231AD1.jpeg HTTP/1.1" 200 -
[06/Aug/2026 14:57:30] "GET /Photos/2018/2018-06_%E5%8F%B0%E5%8C%97/%E5%9F%BA%E9%9A%86/2F65E7F4-879E-495E-A09E-F9E97042CB0D.jpeg HTTP/1.1" 200 -
[06/Aug/2026 14:57:30] "GET /Photos/2018/2018-06_%E5%8F%B0%E5%8C%97/%E5%9F%BA%E9%9A%86/D4826F32-9611-4823-B4DA-12248D5580EF.jpeg HTTP/1.1" 200 -
[06/Aug/2026 14:57:30] "GET /Photos/2018/2018-06_%E5%8F%B0%E5%8C%97/%E5%9F%BA%E9%9A%86/F788E87D-1118-44DA-8F2F-4D1715CB981C.jpeg HTTP/1.1" 200 -
[06/Aug/2026 14:57:30] "GET /Photos/2018/2018-06_%E5%8F%B0%E5%8C%97/%E5%9F%BA%E9%9A%86/6055F7AE-9BA2-4449-B163-E666BEBAF294.jpeg HTTP/1.1" 200 -
[06/Aug/2026 14:57:30] "GET /Photos/2018/2018-02_%E5%8F%B0%E5%8C%97/%E5%9F%BA%E9%9A%86/031F5EC1-B6FA-499F-8AC2-EF034A12541A.jpeg HTTP/1.1" 200 -
[06/Aug/2026 14:57:30] "GET /Photos/2018/2018-02_%E5%8F%B0%E5%8C%97/%E5%9F%BA%E9%9A%86/A7B52707-825C-435A-A30C-B16ADC5CE6B0.jpeg HTTP/1.1" 200 -
[06/Aug/2026 14:57:30] "GET /Photos/2018/2018-02_%E5%8F%B0%E5%8C%97/%E5%9F%BA%E9%9A%86/8412CC82-ACA2-482F-8B0B-036B98AB795F.jpeg HTTP/1.1" 200 -
[06/Aug/2026 14:57:30] "GET /Photos/2018/2018-02_%E5%8F%B0%E5%8C%97/%E5%9F%BA%E9%9A%86/5DF85779-C37E-41E0-8297-5B323E1EC4F0.jpeg HTTP/1.1" 200 -
[06/Aug/2026 14:57:30] "GET /Photos/2018/2018-02_%E5%8F%B0%E5%8C%97/%E5%9F%BA%E9%9A%86/D2029CA8-64B8-4C73-B233-AEE97A9D5FD5.jpeg HTTP/1.1" 200 -
[06/Aug/2026 14:57:30] "GET /Photos/2018/2018-02_%E5%8F%B0%E5%8C%97/%E5%9F%BA%E9%9A%86/54F09243-3E3A-4C09-A380-7AED04528086.jpeg HTTP/1.1" 200 -
[06/Aug/2026 14:57:30] "GET /Photos/2018/2018-02_%E5%8F%B0%E5%8C%97/%E5%9F%BA%E9%9A%86/CCB47490-B330-48EC-AC28-5738CC6B4869.jpeg HTTP/1.1" 200 -
[06/Aug/2026 14:57:30] "GET /Photos/2018/2018-02_%E5%8F%B0%E5%8C%97/%E5%9F%BA%E9%9A%86/5A90B226-5182-4680-9ACB-F7F78E4F17A6.jpeg HTTP/1.1" 200 -
[06/Aug/2026 14:57:30] "GET /Photos/2018/2018-02_%E5%8F%B0%E5%8C%97/%E5%9F%BA%E9%9A%86/9E5221C3-EF34-4941-A13D-6391C0305B35.jpeg HTTP/1.1" 200 -
[06/Aug/2026 14:57:30] "GET /Photos/2018/2018-02_%E5%8F%B0%E5%8C%97/%E5%9F%BA%E9%9A%86/7C09B45E-17DE-4269-8BFC-A26855FE2494.jpeg HTTP/1.1" 200 -
[06/Aug/2026 14:57:30] "GET /Photos/2018/2018-02_%E5%8F%B0%E5%8C%97/%E5%9F%BA%E9%9A%86/22039A42-2F51-4513-97CE-57B6C6DDF799.jpeg HTTP/1.1" 200 -
[06/Aug/2026 14:57:30] "GET /Photos/2018/2018-02_%E5%8F%B0%E5%8C%97/%E5%9F%BA%E9%9A%86/54F83FEC-7492-4726-8DBE-97CD12D4AE28.jpeg HTTP/1.1" 200 -
[06/Aug/2026 14:57:30] "GET /Photos/2018/2018-02_%E5%8F%B0%E5%8C%97/%E5%9F%BA%E9%9A%86/AB6F42A9-CD87-4A86-8E8F-2783F160A143.jpeg HTTP/1.1" 200 -
[06/Aug/2026 14:57:30] "GET /Photos/2018/2018-02_%E5%8F%B0%E5%8C%97/%E5%9F%BA%E9%9A%86/744F1A29-6C43-4853-AD9C-A545FC7F2C94.jpeg HTTP/1.1" 200 -
[06/Aug/2026 14:57:30] "GET /Photos/2018/2018-02_%E5%8F%B0%E5%8C%97/%E5%9F%BA%E9%9A%86/A52348B3-C67E-4E9C-89FB-F151F4B43762.jpeg HTTP/1.1" 200 -
[06/Aug/2026 14:57:30] "GET /Photos/2018/2018-02_%E5%8F%B0%E5%8C%97/%E5%9F%BA%E9%9A%86/0A12A4DF-3717-403B-9606-6FA6DCD9AB1E.jpeg HTTP/1.1" 200 -
[06/Aug/2026 14:57:30] "GET /Photos/2018/2018-02_%E5%8F%B0%E5%8C%97/%E5%9F%BA%E9%9A%86/060256E7-F340-49F6-A660-7E38A8F42B4E.jpeg HTTP/1.1" 200 -
[06/Aug/2026 14:57:30] "GET /Photos/2018/2018-02_%E5%8F%B0%E5%8C%97/%E5%9F%BA%E9%9A%86/519137BE-53C8-4DFA-9433-803B10587AC4.jpeg HTTP/1.1" 200 -
[06/Aug/2026 14:57:30] "GET /Photos/2018/2018-02_%E5%8F%B0%E5%8C%97/%E5%9F%BA%E9%9A%86/2A80EFAE-3F5C-480E-971C-B245E93A07F0_1_201_a.jpeg HTTP/1.1" 200 -
[06/Aug/2026 14:57:30] "GET /Photos/2018/2018-02_%E5%8F%B0%E5%8C%97/%E5%9F%BA%E9%9A%86/12B499FA-F0AA-4FBF-9D4A-699F593883C6.jpeg HTTP/1.1" 200 -
[06/Aug/2026 14:57:30] "GET /Photos/2018/2018-02_%E5%8F%B0%E5%8C%97/%E5%9F%BA%E9%9A%86/A72982E0-68C8-413E-82D5-997B8D5C1287.jpeg HTTP/1.1" 200 -
[06/Aug/2026 14:57:30] "GET /Photos/2018/2018-02_%E5%8F%B0%E5%8C%97/%E5%9F%BA%E9%9A%86/65CCBCD6-C9A8-4B74-A88E-ABC953955F5E.jpeg HTTP/1.1" 200 -
[06/Aug/2026 14:57:30] "GET /Photos/2018/2018-02_%E5%8F%B0%E5%8C%97/%E5%9F%BA%E9%9A%86/2D84E56B-4395-4D1C-AAC0-826B027C8388.jpeg HTTP/1.1" 200 -
[06/Aug/2026 14:57:30] "GET /Photos/2018/2018-02_%E5%8F%B0%E5%8C%97/%E5%9F%BA%E9%9A%86/59DE52A2-84A1-446E-B7A6-1E391B2A2B61.jpeg HTTP/1.1" 200 -
[06/Aug/2026 14:57:30] "GET /Photos/2018/2018-02_%E5%8F%B0%E5%8C%97/%E5%9F%BA%E9%9A%86/8631AD9A-B67E-4216-A4D1-0DA541E04F44.jpeg HTTP/1.1" 200 -
[06/Aug/2026 14:57:30] "GET /Photos/2018/2018-02_%E5%8F%B0%E5%8C%97/%E5%9F%BA%E9%9A%86/B5102349-41AE-4B7F-882F-220FE1B8B66E.jpeg HTTP/1.1" 200 -
[06/Aug/2026 14:57:30] "GET /Photos/2018/2018-02_%E5%8F%B0%E5%8C%97/%E5%9F%BA%E9%9A%86/D83BE002-C81F-4928-A0C6-B4580A2346EE.jpeg HTTP/1.1" 200 -
[06/Aug/2026 14:57:30] "GET /Photos/2018/2018-02_%E5%8F%B0%E5%8C%97/%E5%9F%BA%E9%9A%86/EA8CFBBE-EB42-4E27-A258-0BE2A85F70F4.jpeg HTTP/1.1" 200 -
[06/Aug/2026 14:57:30] "GET /Photos/2018/2018-02_%E5%8F%B0%E5%8C%97/%E5%9F%BA%E9%9A%86/D5FC6F52-AD36-4BE1-BFF3-E9DDCD939B17.jpeg HTTP/1.1" 200 -
[06/Aug/2026 14:57:30] "GET /Photos/2018/2018-02_%E5%8F%B0%E5%8C%97/%E5%9F%BA%E9%9A%86/8B179819-F746-4E31-BDD6-BFCCA9C14348.jpeg HTTP/1.1" 200 -
[06/Aug/2026 14:57:30] "GET /Photos/2018/2018-02_%E5%8F%B0%E5%8C%97/%E5%9F%BA%E9%9A%86/286E9B4E-7DA2-45DC-92B7-F86EDB1DD449.jpeg HTTP/1.1" 200 -
[06/Aug/2026 14:57:30] "GET /Photos/2018/2018-09_%E5%8F%B0%E5%8C%97/%E5%9F%BA%E9%9A%86/60CFCFAD-E716-4415-9B23-7D98FB286746.jpeg HTTP/1.1" 200 -
[06/Aug/2026 14:57:30] "GET /Photos/2018/2018-09_%E5%8F%B0%E5%8C%97/%E5%9F%BA%E9%9A%86/2DC77E15-5C56-49FC-9B5B-8C31F65ECF3A.jpeg HTTP/1.1" 200 -
[06/Aug/2026 14:57:30] "GET /Photos/2018/2018-09_%E5%8F%B0%E5%8C%97/%E5%9F%BA%E9%9A%86/F20BC289-B59D-4070-9A09-440F4E4E7E8E.jpeg HTTP/1.1" 200 -
[06/Aug/2026 14:57:30] "GET /Photos/2018/2018-02_%E5%8F%B0%E5%8C%97/%E5%9F%BA%E9%9A%86/6A026F76-2C6D-4D7A-944B-2E8FD2C4AA68.jpeg HTTP/1.1" 200 -
[06/Aug/2026 14:57:30] "GET /Photos/2018/2018-02_%E5%8F%B0%E5%8C%97/%E5%9F%BA%E9%9A%86/CCC8D8D6-D3B8-477E-AB62-7B4DD772EE45.jpeg HTTP/1.1" 200 -
[06/Aug/2026 14:57:30] "GET /Photos/2018/2018-02_%E5%8F%B0%E5%8C%97/%E5%9F%BA%E9%9A%86/AF22010A-259F-43B1-8829-AA159B0C5EEC.jpeg HTTP/1.1" 200 -
[06/Aug/2026 14:57:30] "GET /Photos/2018/2018-02_%E5%8F%B0%E5%8C%97/%E5%9F%BA%E9%9A%86/A60F8F6C-AB6F-4716-994D-BA65EF15631E.jpeg HTTP/1.1" 200 -
[06/Aug/2026 14:57:30] "GET /Photos/2018/2018-02_%E5%8F%B0%E5%8C%97/%E5%9F%BA%E9%9A%86/D3BFA290-6EB7-4B7C-9E42-FA929D5C0627.jpeg HTTP/1.1" 200 -
[06/Aug/2026 14:57:30] "GET /Photos/2018/2018-02_%E5%8F%B0%E5%8C%97/%E5%9F%BA%E9%9A%86/8982D8AB-B18B-4869-9725-81079A95E6BE.jpeg HTTP/1.1" 200 -
[06/Aug/2026 14:57:30] "GET /Photos/2018/2018-02_%E5%8F%B0%E5%8C%97/%E5%9F%BA%E9%9A%86/297691F5-FA5D-43F9-8579-BE448AA66DB8.jpeg HTTP/1.1" 200 -
[06/Aug/2026 14:57:30] "GET /Photos/2018/2018-02_%E5%8F%B0%E5%8C%97/%E5%9F%BA%E9%9A%86/7D3E4F22-CECD-4D06-8BF7-C3E89E390678.jpeg HTTP/1.1" 200 -
[06/Aug/2026 14:57:30] "GET /Photos/2018/2018-02_%E6%96%B0%E7%AB%B9/%E5%8F%B0%E4%B8%AD/5C50806C-2DDE-4570-B279-1750635A34AE.jpeg HTTP/1.1" 200 -
[06/Aug/2026 14:57:30] "GET /Photos/2018/2018-02_%E6%96%B0%E7%AB%B9/%E5%8F%B0%E4%B8%AD/B796E42B-10F5-4A7F-9AA2-639C7754545C.jpeg HTTP/1.1" 200 -
[06/Aug/2026 14:57:30] "GET /Photos/2018/2018-02_%E6%96%B0%E7%AB%B9/%E5%8F%B0%E4%B8%AD/00A966A8-59E9-4366-8CA2-47CD676C3409.jpeg HTTP/1.1" 200 -
[06/Aug/2026 14:57:30] "GET /Photos/2018/2018-02_%E6%96%B0%E7%AB%B9/%E5%8F%B0%E4%B8%AD/07F2B0C3-D94F-4F73-ADC0-780D8D2B0BBF.jpeg HTTP/1.1" 200 -
[06/Aug/2026 14:57:30] "GET /Photos/2018/2018-02_%E6%96%B0%E7%AB%B9/%E5%8F%B0%E4%B8%AD/E89ED6BC-D5B5-4CDF-988C-AA37ECAEBD0E.jpeg HTTP/1.1" 200 -
[06/Aug/2026 14:57:30] "GET /Photos/2018/2018-02_%E6%96%B0%E7%AB%B9/%E5%8F%B0%E4%B8%AD/80BFE792-8F85-4646-96B9-33A879C8841F.jpeg HTTP/1.1" 200 -
[06/Aug/2026 14:57:30] "GET /Photos/2018/2018-02_%E6%96%B0%E7%AB%B9/%E5%8F%B0%E4%B8%AD/5FE2E7D2-9073-4DA3-B88C-9E11E56992F8_1_201_a.jpeg HTTP/1.1" 200 -
[06/Aug/2026 14:57:30] "GET /Photos/2018/2018-02_%E6%96%B0%E7%AB%B9/%E5%8F%B0%E4%B8%AD/FCEAAAE4-AF83-4197-BB7F-AA32D11DED12.jpeg HTTP/1.1" 200 -
[06/Aug/2026 14:57:30] "GET /Photos/2018/2018-02_%E6%96%B0%E7%AB%B9/%E5%8F%B0%E4%B8%AD/53433AC1-DBFE-4716-BFD5-5B9356C10680.jpeg HTTP/1.1" 200 -
[06/Aug/2026 14:57:30] "GET /Photos/2018/2018-02_%E6%96%B0%E7%AB%B9/%E5%8F%B0%E4%B8%AD/31D97DC1-CAA7-45FE-8D3C-43859ACF9191.jpeg HTTP/1.1" 200 -
[06/Aug/2026 14:57:30] "GET /Photos/2018/2018-02_%E6%96%B0%E7%AB%B9/%E5%8F%B0%E4%B8%AD/C9BF9EAF-42A1-42B9-B9CE-F4F366B206EE.jpeg HTTP/1.1" 200 -
[06/Aug/2026 14:57:30] "GET /Photos/2018/2018-02_%E6%96%B0%E7%AB%B9/%E5%8F%B0%E4%B8%AD/4A7828CF-2E80-4D57-872F-A8A972DDF474.jpeg HTTP/1.1" 200 -
[06/Aug/2026 14:57:30] "GET /Photos/2018/2018-02_%E6%96%B0%E7%AB%B9/%E5%8F%B0%E4%B8%AD/D2FE51E1-C8FF-4D02-939C-53BB888CD2CA.jpeg HTTP/1.1" 200 -
[06/Aug/2026 14:57:30] "GET /Photos/2018/2018-02_%E6%96%B0%E7%AB%B9/%E5%8F%B0%E4%B8%AD/6A513749-6D41-4412-B456-494816B301BB.jpeg HTTP/1.1" 200 -
[06/Aug/2026 14:57:30] "GET /Photos/2018/2018-02_%E6%96%B0%E7%AB%B9/%E5%8F%B0%E4%B8%AD/3B10C2B1-BC46-472B-8996-DCB6F1E01252.jpeg HTTP/1.1" 200 -
[06/Aug/2026 14:57:30] "GET /Photos/2018/2018-02_%E6%96%B0%E7%AB%B9/%E5%8F%B0%E4%B8%AD/E9B8480C-3A00-4523-806D-BE38623CB1F7.jpeg HTTP/1.1" 200 -
[06/Aug/2026 14:57:30] "GET /Photos/2018/2018-02_%E6%96%B0%E7%AB%B9/%E5%8F%B0%E4%B8%AD/5D3972F5-BB26-4799-8AB2-EB7562627A70.jpeg HTTP/1.1" 200 -
[06/Aug/2026 14:57:30] "GET /Photos/2018/2018-02_%E6%96%B0%E7%AB%B9/%E5%8F%B0%E4%B8%AD/11FE5B19-5526-45B7-9C48-38D98E759D25.jpeg HTTP/1.1" 200 -
[06/Aug/2026 14:57:30] "GET /Photos/2018/2018-02_%E6%96%B0%E7%AB%B9/%E5%8F%B0%E4%B8%AD/C5E54C23-38AD-4A26-A963-33CECB0897EA.jpeg HTTP/1.1" 200 -
[06/Aug/2026 14:57:30] "GET /Photos/2018/2018-08_%E5%8F%B0%E5%8C%97/%E5%9F%BA%E9%9A%86/148AF2D1-5009-4022-B1A2-A7E4E8D3F891.jpeg HTTP/1.1" 200 -
[06/Aug/2026 14:57:30] "GET /Photos/2018/2018-08_%E5%8F%B0%E5%8C%97/%E5%9F%BA%E9%9A%86/E35A3EEC-EFC6-40C2-B73B-2FDF9FF840B9.jpeg HTTP/1.1" 200 -
[06/Aug/2026 14:57:30] "GET /Photos/2018/2018-08_%E5%8F%B0%E5%8C%97/%E5%9F%BA%E9%9A%86/1D21817C-FB2A-4280-AF6E-7CAAAE1C2173.jpeg HTTP/1.1" 200 -
[06/Aug/2026 14:57:30] "GET /Photos/2018/2018-08_%E5%8F%B0%E5%8C%97/%E5%9F%BA%E9%9A%86/FD01EB6D-D6FB-4336-8ECC-D2BEA40DB0DE.jpeg HTTP/1.1" 200 -
[06/Aug/2026 14:57:30] "GET /Photos/2018/2018-08_%E5%8F%B0%E5%8C%97/%E5%9F%BA%E9%9A%86/BF71CB44-ABDC-4FFF-A1D0-77525BC6A066.jpeg HTTP/1.1" 200 -
[06/Aug/2026 14:57:30] "GET /Photos/2018/2018-08_%E5%8F%B0%E5%8C%97/%E5%9F%BA%E9%9A%86/658162B5-4086-4586-8B56-B3B523B5D5E7.jpeg HTTP/1.1" 200 -
[06/Aug/2026 14:57:30] "GET /Photos/2018/2018-08_%E5%8F%B0%E5%8C%97/%E5%9F%BA%E9%9A%86/27DEFBE5-477D-44BB-B75D-F5044ABDDC5D.jpeg HTTP/1.1" 200 -
[06/Aug/2026 14:57:30] "GET /Photos/2018/2018-02_%E6%96%B0%E7%AB%B9/%E5%8F%B0%E4%B8%AD/56BC5313-08BB-4A9E-A7F0-06653B6514BF.jpeg HTTP/1.1" 200 -
[06/Aug/2026 14:57:30] "GET /Photos/2018/2018-02_%E6%96%B0%E7%AB%B9/%E5%8F%B0%E4%B8%AD/CB6937F1-6570-422B-99A4-A5B654F1FA09.jpeg HTTP/1.1" 200 -
[06/Aug/2026 14:57:30] "GET /Photos/2018/2018-02_%E6%96%B0%E7%AB%B9/%E5%8F%B0%E4%B8%AD/03BE6C75-0D20-4E97-B688-1841099EBC17.jpeg HTTP/1.1" 200 -
[06/Aug/2026 14:57:31] "GET /Photos/2018/2018-08_%E5%8F%B0%E5%8C%97/%E5%9F%BA%E9%9A%86/919137AA-DEB6-472B-8994-A15894CB5306.jpeg HTTP/1.1" 200 -
[06/Aug/2026 14:57:31] "GET /Photos/2018/2018-08_%E5%8F%B0%E5%8C%97/%E5%9F%BA%E9%9A%86/661D31FD-9600-44C2-B6C7-1F4C25B82539.jpeg HTTP/1.1" 200 -
[06/Aug/2026 14:57:31] "GET /Photos/2018/2018-08_%E5%8F%B0%E5%8C%97/%E5%9F%BA%E9%9A%86/319E06EC-4569-46DB-B7CA-0E9BF54F377C.jpeg HTTP/1.1" 200 -
[06/Aug/2026 14:57:31] "GET /Photos/2018/2018-08_%E5%8F%B0%E5%8C%97/%E5%9F%BA%E9%9A%86/C2580E5A-CDD3-492E-9AD8-0E2A734D8C17.jpeg HTTP/1.1" 200 -
[06/Aug/2026 14:57:31] "GET /Photos/2018/2018-08_%E5%8F%B0%E5%8C%97/%E5%9F%BA%E9%9A%86/8B2649C4-B381-4337-8A99-83C113DEA0A8.jpeg HTTP/1.1" 200 -
[06/Aug/2026 14:57:31] "GET /Photos/2018/2018-08_%E5%8F%B0%E5%8C%97/%E5%9F%BA%E9%9A%86/7196D3E7-AF8F-4AD2-9AB5-FE7948B9BE14_1_201_a.jpeg HTTP/1.1" 200 -
[06/Aug/2026 14:57:31] "GET /Photos/2018/2018-08_%E5%8F%B0%E5%8C%97/%E5%9F%BA%E9%9A%86/C085FDB2-6EFD-4F42-834A-82F809EBFFB3.jpeg HTTP/1.1" 200 -
[06/Aug/2026 14:57:31] "GET /Photos/2018/2018-08_%E5%8F%B0%E5%8C%97/%E5%9F%BA%E9%9A%86/B38CC820-3DF4-48FF-92A0-4D1A431E71F2.jpeg HTTP/1.1" 200 -
[06/Aug/2026 14:57:31] "GET /Photos/2018/2018-08_%E5%8F%B0%E5%8C%97/%E5%9F%BA%E9%9A%86/C2146B76-8252-40F7-8CD8-9B595124FD9E.jpeg HTTP/1.1" 200 -
[06/Aug/2026 14:57:31] "GET /Photos/2018/2018-08_%E5%8F%B0%E5%8C%97/%E5%9F%BA%E9%9A%86/743D4AFB-244B-4753-B434-AFBDEB4D30DD.jpeg HTTP/1.1" 200 -
[06/Aug/2026 14:57:31] "GET /Photos/2018/2018-08_%E5%8F%B0%E5%8C%97/%E5%9F%BA%E9%9A%86/05266200-7F47-43CA-BC2D-72A14F61E945.jpeg HTTP/1.1" 200 -
[06/Aug/2026 14:57:31] "GET /Photos/2018/2018-08_%E5%8F%B0%E5%8C%97/%E5%9F%BA%E9%9A%86/C933A4B6-97C8-4372-8CB7-2CDD44073A9D.jpeg HTTP/1.1" 200 -
[06/Aug/2026 14:57:31] "GET /Photos/2018/2018-08_%E5%8F%B0%E5%8C%97/%E5%9F%BA%E9%9A%86/9B9F8786-8FDD-4ED6-AA1D-0164D355C1F4.jpeg HTTP/1.1" 200 -
[06/Aug/2026 14:57:31] "GET /Photos/2018/2018-08_%E5%8F%B0%E5%8C%97/%E5%9F%BA%E9%9A%86/CC04B9D9-9C9D-4EAB-824D-354B367F2C00_1_201_a.jpeg HTTP/1.1" 200 -
[06/Aug/2026 14:57:32] "GET /Photos/2018/2018-08_%E5%8F%B0%E5%8C%97/%E5%9F%BA%E9%9A%86/72505A55-5090-4BF3-A601-11ED938EDF76_1_201_a.jpeg HTTP/1.1" 200 -
[06/Aug/2026 14:57:32] "GET /Photos/2018/2018-08_%E5%8F%B0%E5%8C%97/%E5%9F%BA%E9%9A%86/92E2B9F4-8850-437D-A3B7-B13C999D0E37.jpeg HTTP/1.1" 200 -
[06/Aug/2026 14:57:32] "GET /Photos/2018/2018-11_%E6%96%B0%E7%AB%B9/%E5%8F%B0%E4%B8%AD/9C429D85-B80C-4D20-A800-47B42AA3B27A.jpeg HTTP/1.1" 200 -
[06/Aug/2026 14:57:32] "GET /Photos/2018/2018-11_%E6%96%B0%E7%AB%B9/%E5%8F%B0%E4%B8%AD/D56DBC28-C8BE-4B7E-9E67-5630CFA82EC1.jpeg HTTP/1.1" 200 -
[06/Aug/2026 14:57:32] "GET /Photos/2018/2018-11_%E6%96%B0%E7%AB%B9/%E5%8F%B0%E4%B8%AD/01C4F065-7B98-4E87-A236-5DDC86140141.jpeg HTTP/1.1" 200 -
[06/Aug/2026 14:57:32] "GET /Photos/2018/2018-01_%E5%8F%B0%E5%8C%97/%E5%9F%BA%E9%9A%86/D056444A-4296-4164-95C4-D9D70DB1D100.jpeg HTTP/1.1" 200 -
[06/Aug/2026 14:57:32] "GET /Photos/2018/2018-11_%E6%96%B0%E7%AB%B9/%E5%8F%B0%E4%B8%AD/56F6D652-445F-46F6-B0F5-72182E5E4010.jpeg HTTP/1.1" 200 -
[06/Aug/2026 14:57:32] "GET /Photos/2018/2018-01_%E5%8F%B0%E5%8C%97/%E5%9F%BA%E9%9A%86/6B973780-C9F8-4F9B-B77F-F128C58B9AB0_1_201_a.jpeg HTTP/1.1" 200 -
[06/Aug/2026 14:57:32] "GET /Photos/2018/2018-01_%E5%8F%B0%E5%8C%97/%E5%9F%BA%E9%9A%86/D089054C-068B-471E-BEA4-C2AB97C2E6C5.jpeg HTTP/1.1" 200 -
[06/Aug/2026 14:57:32] "GET /Photos/2018/2018-01_%E5%8F%B0%E5%8C%97/%E5%9F%BA%E9%9A%86/FB5A2B4F-927B-4291-B6D0-6B3424A13179.jpeg HTTP/1.1" 200 -
[06/Aug/2026 14:57:32] "GET /Photos/2018/2018-01_%E5%8F%B0%E5%8C%97/%E5%9F%BA%E9%9A%86/55844B81-7BBE-4BFD-B9D5-53F8955A9CF6.jpeg HTTP/1.1" 200 -
[06/Aug/2026 14:57:32] "GET /Photos/2018/2018-11_%E5%8F%B0%E5%8C%97/%E5%9F%BA%E9%9A%86/39BAE66E-0770-4E2B-8A40-02CA57D2A18C.jpeg HTTP/1.1" 200 -
[06/Aug/2026 14:57:32] "GET /Photos/2018/2018-04_%E5%8F%B0%E5%8C%97/%E5%9F%BA%E9%9A%86/70A1E43A-C5BD-4A62-B753-C457B74E9970_1_201_a.jpeg HTTP/1.1" 200 -
[06/Aug/2026 14:57:32] "GET /Photos/2018/2018-04_%E5%8F%B0%E5%8C%97/%E5%9F%BA%E9%9A%86/795AF6A5-3692-4613-8FF9-5139D56DD9E3.jpeg HTTP/1.1" 200 -
[06/Aug/2026 14:57:32] "GET /Photos/2018/2018-04_%E5%8F%B0%E5%8C%97/%E5%9F%BA%E9%9A%86/12AB9149-F4FE-4BB1-B436-619F625162D2_1_201_a.jpeg HTTP/1.1" 200 -
[06/Aug/2026 14:57:32] "GET /Photos/2018/2018-04_%E5%8F%B0%E5%8C%97/%E5%9F%BA%E9%9A%86/9CBEE742-EE9F-4794-B35B-E7FEA425652B.jpeg HTTP/1.1" 200 -
[06/Aug/2026 14:57:32] "GET /Photos/2018/2018-04_%E5%8F%B0%E5%8C%97/%E5%9F%BA%E9%9A%86/132F98F7-64B0-428B-B900-7C6DDCC953B8.jpeg HTTP/1.1" 200 -
[06/Aug/2026 14:57:32] "GET /Photos/2018/2018-01_%E5%8F%B0%E5%8C%97/%E5%9F%BA%E9%9A%86/FC9EC787-7F2E-42D2-AB16-419D088148FC.jpeg HTTP/1.1" 200 -
[06/Aug/2026 14:57:32] "GET /Photos/2018/2018-01_%E5%8F%B0%E5%8C%97/%E5%9F%BA%E9%9A%86/3F6CD6C7-C30E-459B-A620-940834283DCF.jpeg HTTP/1.1" 200 -
[06/Aug/2026 14:57:32] "GET /Photos/2018/2018-01_%E5%8F%B0%E5%8C%97/%E5%9F%BA%E9%9A%86/93DDB902-21D5-4F6D-B894-553D83C0A74D.jpeg HTTP/1.1" 200 -
[06/Aug/2026 14:57:32] "GET /Photos/2018/2018-04_%E5%8F%B0%E5%8C%97/%E5%9F%BA%E9%9A%86/CDE09356-1BE8-4DEC-9617-E3A748B8764C.jpeg HTTP/1.1" 200 -
[06/Aug/2026 14:57:32] "GET /Photos/2018/2018-04_%E5%8F%B0%E5%8C%97/%E5%9F%BA%E9%9A%86/B7257717-F748-4039-93D1-A2524F79EE78_1_201_a.jpeg HTTP/1.1" 200 -
[06/Aug/2026 14:57:32] "GET /Photos/2018/2018-11_%E5%BD%B0%E5%8C%96/%E5%98%89%E7%BE%A9/6DAAECA2-EE8F-4181-AA63-240BE6320887.jpeg HTTP/1.1" 200 -
[06/Aug/2026 14:57:32] "GET /Photos/2018/2018-11_%E5%BD%B0%E5%8C%96/%E5%98%89%E7%BE%A9/4276098A-AA25-4C00-8252-898F6C0D94FB.jpeg HTTP/1.1" 200 -
[06/Aug/2026 14:57:32] "GET /Photos/2018/2018-11_%E5%BD%B0%E5%8C%96/%E5%98%89%E7%BE%A9/AE75DEE3-571B-4916-883B-7C9EEB40465D.jpeg HTTP/1.1" 200 -
[06/Aug/2026 14:57:32] "GET /Photos/2018/2018-11_%E5%BD%B0%E5%8C%96/%E5%98%89%E7%BE%A9/4D5760CF-B121-4F98-B7C6-1CC9EDF69741.jpeg HTTP/1.1" 200 -
[06/Aug/2026 14:57:32] "GET /Photos/2018/2018-11_%E5%BD%B0%E5%8C%96/%E5%98%89%E7%BE%A9/B5ADAF27-09C3-4D40-84F2-5DD964F47D42.jpeg HTTP/1.1" 200 -
[06/Aug/2026 14:57:32] "GET /Photos/2018/2018-11_%E5%BD%B0%E5%8C%96/%E5%98%89%E7%BE%A9/945375CF-C971-4663-99C9-05292A0E68F2.jpeg HTTP/1.1" 200 -
[06/Aug/2026 14:57:32] "GET /Photos/2018/2018-11_%E5%BD%B0%E5%8C%96/%E5%98%89%E7%BE%A9/2628DB57-B880-414C-B8E8-A9F29687DE93.jpeg HTTP/1.1" 200 -
[06/Aug/2026 14:57:32] "GET /Photos/2018/2018-11_%E5%BD%B0%E5%8C%96/%E5%98%89%E7%BE%A9/217BCE43-D1F5-43BA-B03F-2724644C99BF.jpeg HTTP/1.1" 200 -
[06/Aug/2026 14:57:32] "GET /Photos/2018/2018-11_%E5%BD%B0%E5%8C%96/%E5%98%89%E7%BE%A9/B52D234E-D410-4E5F-860E-A87133EFEA71.jpeg HTTP/1.1" 200 -
[06/Aug/2026 14:57:32] "GET /Photos/2018/2018-11_%E5%BD%B0%E5%8C%96/%E5%98%89%E7%BE%A9/3AA0AFA2-15EB-4E95-9C52-25147D7EE84D.jpeg HTTP/1.1" 200 -
[06/Aug/2026 14:57:33] "GET /Photos/2018/2018-11_%E5%BD%B0%E5%8C%96/%E5%98%89%E7%BE%A9/55DF4AA4-9906-424F-95AD-09762DD160D9.jpeg HTTP/1.1" 200 -
[06/Aug/2026 14:57:33] "GET /Photos/2018/2018-11_%E5%BD%B0%E5%8C%96/%E5%98%89%E7%BE%A9/3C57DBA6-FE10-4322-95D9-76CE995539AC.jpeg HTTP/1.1" 200 -
[06/Aug/2026 14:57:33] "GET /Photos/2018/2018-11_%E5%BD%B0%E5%8C%96/%E5%98%89%E7%BE%A9/0004A490-AB75-4DE6-828A-C63F92310997.jpeg HTTP/1.1" 200 -
[06/Aug/2026 14:57:33] "GET /Photos/2018/2018-11_%E5%BD%B0%E5%8C%96/%E5%98%89%E7%BE%A9/90A54CB4-4BBA-445E-BE5F-888C378FE531.jpeg HTTP/1.1" 200 -
[06/Aug/2026 14:57:33] "GET /Photos/2018/2018-11_%E5%BD%B0%E5%8C%96/%E5%98%89%E7%BE%A9/A14562EB-0845-4E17-B7E2-7579F58CA8B6.jpeg HTTP/1.1" 200 -
[06/Aug/2026 14:57:33] "GET /Photos/2018/2018-11_%E5%BD%B0%E5%8C%96/%E5%98%89%E7%BE%A9/4F6E3D74-980E-4294-8493-B04F04913B19.jpeg HTTP/1.1" 200 -
[06/Aug/2026 14:57:33] "GET /Photos/2018/2018-11_%E5%BD%B0%E5%8C%96/%E5%98%89%E7%BE%A9/0F70C2D8-20FF-45E8-8EC6-26AF51F4BA00.jpeg HTTP/1.1" 200 -
[06/Aug/2026 14:57:33] "GET /Photos/2018/2018-11_%E5%BD%B0%E5%8C%96/%E5%98%89%E7%BE%A9/982C0E21-652A-40A9-B00E-E9F715AD358A.jpeg HTTP/1.1" 200 -
[06/Aug/2026 14:57:33] "GET /Photos/2018/2018-11_%E5%BD%B0%E5%8C%96/%E5%98%89%E7%BE%A9/83BE93AC-C86A-4C29-AC67-DE63A3981B21_1_201_a.jpeg HTTP/1.1" 200 -
[06/Aug/2026 14:57:33] "GET /Photos/2018/2018-11_%E5%BD%B0%E5%8C%96/%E5%98%89%E7%BE%A9/2D7CD42F-FD89-46FA-8DFF-D72EFEF5D032.jpeg HTTP/1.1" 200 -
[06/Aug/2026 14:57:33] "GET /Photos/2018/2018-11_%E5%BD%B0%E5%8C%96/%E5%98%89%E7%BE%A9/D5FB7C07-61D7-42B6-9153-E486BB713AC7.jpeg HTTP/1.1" 200 -
[06/Aug/2026 14:57:33] "GET /Photos/2018/2018-11_%E5%BD%B0%E5%8C%96/%E5%98%89%E7%BE%A9/9B4D6A84-7582-45C1-BE02-750807D226D2.jpeg HTTP/1.1" 200 -
[06/Aug/2026 14:57:33] "GET /Photos/2018/2018-11_%E5%BD%B0%E5%8C%96/%E5%98%89%E7%BE%A9/C53D776B-135E-47D5-B1FA-F388B2D0DBEC.jpeg HTTP/1.1" 200 -
[06/Aug/2026 14:57:33] "GET /Photos/2018/2018-11_%E5%BD%B0%E5%8C%96/%E5%98%89%E7%BE%A9/90B20AE6-5C03-4D3A-9D35-7A524949C5EC.jpeg HTTP/1.1" 200 -
[06/Aug/2026 14:57:33] "GET /Photos/2018/2018-11_%E5%BD%B0%E5%8C%96/%E5%98%89%E7%BE%A9/4473EADE-DA33-4D0F-B3FD-5182594D63BB.jpeg HTTP/1.1" 200 -
[06/Aug/2026 14:57:33] "GET /Photos/2018/2018-11_%E5%BD%B0%E5%8C%96/%E5%98%89%E7%BE%A9/7D15D0C5-268A-4FC6-917A-AC81A8094B25.jpeg HTTP/1.1" 200 -
[06/Aug/2026 14:57:33] "GET /Photos/2018/2018-11_%E5%BD%B0%E5%8C%96/%E5%98%89%E7%BE%A9/0CB0EFA5-B4DD-4487-9FB0-EF9524FEB65E.jpeg HTTP/1.1" 200 -
[06/Aug/2026 14:57:33] "GET /Photos/2018/2018-11_%E5%BD%B0%E5%8C%96/%E5%98%89%E7%BE%A9/0AA288D1-7404-4B80-8311-5FDF793A0958.jpeg HTTP/1.1" 200 -
[06/Aug/2026 14:57:33] "GET /Photos/2018/2018-11_%E5%BD%B0%E5%8C%96/%E5%98%89%E7%BE%A9/F0E27672-733E-4F72-9B9D-B9FE78C35862.jpeg HTTP/1.1" 200 -
[06/Aug/2026 14:57:33] "GET /Photos/2018/2018-11_%E5%BD%B0%E5%8C%96/%E5%98%89%E7%BE%A9/4B59AE09-17E4-4223-A70A-5166E3B4AE33.jpeg HTTP/1.1" 200 -
[06/Aug/2026 14:57:33] "GET /Photos/2018/2018-11_%E5%BD%B0%E5%8C%96/%E5%98%89%E7%BE%A9/8E69A22A-AC46-4C9C-9A3F-B6BCA77852D5.jpeg HTTP/1.1" 200 -
[06/Aug/2026 14:57:33] "GET /Photos/2018/2018-11_%E5%BD%B0%E5%8C%96/%E5%98%89%E7%BE%A9/60636074-1255-42BC-967D-8122C0D783B7.jpeg HTTP/1.1" 200 -
[06/Aug/2026 14:57:33] "GET /Photos/2018/2018-11_%E5%BD%B0%E5%8C%96/%E5%98%89%E7%BE%A9/9C63EEA9-CB36-4997-9A5A-97D0DC35488D.jpeg HTTP/1.1" 200 -
[06/Aug/2026 14:57:33] "GET /Photos/2018/2018-11_%E5%BD%B0%E5%8C%96/%E5%98%89%E7%BE%A9/0DE0DEE2-7A62-4FDF-8FB1-6891EEB3B452.jpeg HTTP/1.1" 200 -
[06/Aug/2026 14:57:33] "GET /Photos/2018/2018-11_%E5%BD%B0%E5%8C%96/%E5%98%89%E7%BE%A9/41B25601-9E3F-4112-AC72-C9B3984720B5.jpeg HTTP/1.1" 200 -
[06/Aug/2026 14:57:33] "GET /Photos/2018/2018-11_%E5%BD%B0%E5%8C%96/%E5%98%89%E7%BE%A9/F5ECCFF9-BE5D-4020-85C8-496538AF1D16.jpeg HTTP/1.1" 200 -
[06/Aug/2026 14:57:33] "GET /Photos/2018/2018-11_%E5%BD%B0%E5%8C%96/%E5%98%89%E7%BE%A9/02AB0C0B-12EE-492C-88CC-647646BE89C0.jpeg HTTP/1.1" 200 -
[06/Aug/2026 14:57:33] "GET /Photos/2018/2018-11_%E5%BD%B0%E5%8C%96/%E5%98%89%E7%BE%A9/95976799-3E8E-4008-A2DB-95457E4E3377.jpeg HTTP/1.1" 200 -
[06/Aug/2026 14:57:34] "GET /Photos/2018/2018-11_%E5%BD%B0%E5%8C%96/%E5%98%89%E7%BE%A9/C8C98A84-9B62-441F-BFCB-755911486837.jpeg HTTP/1.1" 200 -
[06/Aug/2026 14:57:34] "GET /Photos/2018/2018-11_%E5%BD%B0%E5%8C%96/%E5%98%89%E7%BE%A9/F59A5238-6FD7-4085-912C-1658EC3C75CC.jpeg HTTP/1.1" 200 -
[06/Aug/2026 14:57:34] "GET /Photos/2018/2018-11_%E5%BD%B0%E5%8C%96/%E5%98%89%E7%BE%A9/FC3AFE97-8968-4FB6-B32B-722AB4D5A4F5.jpeg HTTP/1.1" 200 -
[06/Aug/2026 14:57:34] "GET /Photos/2016/2016-10_%E6%9C%AA%E7%9F%A5%E5%9C%B0%E9%BB%9E/38EE3BD9-018E-4C76-95DC-71A8391320F4.jpeg HTTP/1.1" 200 -
[06/Aug/2026 14:57:34] "GET /Photos/2018/2018-11_%E5%BD%B0%E5%8C%96/%E5%98%89%E7%BE%A9/08913478-68EA-4303-9897-F2CE0BE18F52.jpeg HTTP/1.1" 200 -
[06/Aug/2026 14:57:34] "GET /Photos/2018/2018-11_%E5%BD%B0%E5%8C%96/%E5%98%89%E7%BE%A9/FB4906EC-25F7-4211-AF62-BE13F4D42DAA_1_201_a.jpeg HTTP/1.1" 200 -
[06/Aug/2026 14:57:34] "GET /Photos/2018/2018-11_%E5%BD%B0%E5%8C%96/%E5%98%89%E7%BE%A9/5A5C7A86-58D5-46A1-99F9-6362339D508C.jpeg HTTP/1.1" 200 -
[06/Aug/2026 14:57:34] "GET /Photos/2018/2018-11_%E5%BD%B0%E5%8C%96/%E5%98%89%E7%BE%A9/ABA4F2F3-D2D9-40E5-BA6D-E0925CFB40CA.jpeg HTTP/1.1" 200 -
[06/Aug/2026 14:57:34] "GET /Photos/2018/2018-11_%E5%BD%B0%E5%8C%96/%E5%98%89%E7%BE%A9/7F630F0C-0C9F-4F7C-8C3D-80B58561244C.jpeg HTTP/1.1" 200 -
[06/Aug/2026 14:57:34] "GET /Photos/2018/2018-11_%E5%BD%B0%E5%8C%96/%E5%98%89%E7%BE%A9/52989957-C3B7-4341-B373-EFB9B3C907F4.jpeg HTTP/1.1" 200 -
[06/Aug/2026 14:57:34] "GET /Photos/2018/2018-11_%E5%BD%B0%E5%8C%96/%E5%98%89%E7%BE%A9/49BBF2B1-100C-4620-B584-7E41AF539514.jpeg HTTP/1.1" 200 -
[06/Aug/2026 14:57:34] "GET /Photos/2018/2018-11_%E5%BD%B0%E5%8C%96/%E5%98%89%E7%BE%A9/8D5E2EDC-FC79-48FA-B59D-F808D12205F3.jpeg HTTP/1.1" 200 -
[06/Aug/2026 14:57:34] "GET /Photos/2018/2018-11_%E5%BD%B0%E5%8C%96/%E5%98%89%E7%BE%A9/9515FA4F-9698-4F26-A1AB-E50DE7CD5730.jpeg HTTP/1.1" 200 -
[06/Aug/2026 14:57:34] "GET /Photos/2018/2018-11_%E5%BD%B0%E5%8C%96/%E5%98%89%E7%BE%A9/90E6595A-699D-4B4F-B87E-4B7184B869B8.jpeg HTTP/1.1" 200 -
[06/Aug/2026 14:57:34] "GET /Photos/2018/2018-11_%E5%BD%B0%E5%8C%96/%E5%98%89%E7%BE%A9/906A86B7-B390-48AD-A50D-E83E4DAAF35A_1_201_a.jpeg HTTP/1.1" 200 -
[06/Aug/2026 14:57:34] "GET /Photos/2018/2018-11_%E5%BD%B0%E5%8C%96/%E5%98%89%E7%BE%A9/83C16AC5-8321-4FA9-AC94-6EC211ABB141.jpeg HTTP/1.1" 200 -
[06/Aug/2026 14:57:34] "GET /Photos/2016/2016-10_%E6%9C%AA%E7%9F%A5%E5%9C%B0%E9%BB%9E/92EAB760-9141-4960-BB37-9F5DB17AEFE2.jpeg HTTP/1.1" 200 -
[06/Aug/2026 14:57:34] "GET /Photos/2016/2016-10_%E6%9C%AA%E7%9F%A5%E5%9C%B0%E9%BB%9E/A2A5C26D-0267-4F1E-B706-28EC72F1CCD0.jpeg HTTP/1.1" 200 -
[06/Aug/2026 14:57:34] "GET /Photos/2016/2016-10_%E6%9C%AA%E7%9F%A5%E5%9C%B0%E9%BB%9E/C87350A6-C632-474A-8128-E1AB71B22CE9.jpeg HTTP/1.1" 200 -
[06/Aug/2026 14:57:34] "GET /Photos/2016/2016-11_%E6%9C%AA%E7%9F%A5%E5%9C%B0%E9%BB%9E/EDE598DC-B170-44C8-8F49-B0DE5B61D0FB.jpeg HTTP/1.1" 200 -
[06/Aug/2026 14:57:34] "GET /Photos/2016/2016-11_%E6%9C%AA%E7%9F%A5%E5%9C%B0%E9%BB%9E/4ED49504-5C8A-4851-81C8-8B7741F7D203.jpeg HTTP/1.1" 200 -
[06/Aug/2026 14:57:34] "GET /Photos/2016/2016-04_%E6%9C%AA%E7%9F%A5%E5%9C%B0%E9%BB%9E/6D7F8276-9286-4E5D-85B7-6F7951BA80F1.jpeg HTTP/1.1" 200 -
[06/Aug/2026 14:57:34] "GET /Photos/2016/2016-04_%E6%9C%AA%E7%9F%A5%E5%9C%B0%E9%BB%9E/48AAF5B6-7E3B-4658-86BD-2F56B37EDB2E.jpeg HTTP/1.1" 200 -
[06/Aug/2026 14:57:34] "GET /Photos/2016/2016-04_%E6%9C%AA%E7%9F%A5%E5%9C%B0%E9%BB%9E/4DBD144C-E8BE-4AFA-873A-22944B2FD3E0.jpeg HTTP/1.1" 200 -
[06/Aug/2026 14:57:34] "GET /Photos/2016/2016-10_%E5%8F%B0%E5%8C%97/%E5%9F%BA%E9%9A%86/9DF62CDD-69A6-416A-9496-05C552FEE402.jpeg HTTP/1.1" 200 -
[06/Aug/2026 14:57:34] "GET /Photos/2016/2016-10_%E5%8F%B0%E5%8C%97/%E5%9F%BA%E9%9A%86/69AF671E-D9F3-474D-88D1-631AD020FB65.jpeg HTTP/1.1" 200 -
[06/Aug/2026 14:57:34] "GET /Photos/2016/2016-10_%E5%8F%B0%E5%8C%97/%E5%9F%BA%E9%9A%86/FACBF496-51A6-4404-AC45-BCB2F47C2961.jpeg HTTP/1.1" 200 -
[06/Aug/2026 14:57:34] "GET /Photos/2016/2016-10_%E5%8F%B0%E5%8C%97/%E5%9F%BA%E9%9A%86/47529C6F-F95B-4EA2-9C4B-208989440D4D.jpeg HTTP/1.1" 200 -
[06/Aug/2026 14:57:34] "GET /Photos/2016/2016-10_%E5%8F%B0%E5%8C%97/%E5%9F%BA%E9%9A%86/5B427B6D-2975-4E86-B95C-A1B0C3BE5E41.jpeg HTTP/1.1" 200 -
[06/Aug/2026 14:57:34] "GET /Photos/2016/2016-10_%E5%8F%B0%E5%8C%97/%E5%9F%BA%E9%9A%86/AE1F5FF9-217A-4060-BB96-A96659A30882.jpeg HTTP/1.1" 200 -
[06/Aug/2026 14:57:34] "GET /Photos/2016/2016-10_%E5%8F%B0%E5%8C%97/%E5%9F%BA%E9%9A%86/0A2F81EF-CF4E-4BDD-A2A7-BF4CB2E9254E.jpeg HTTP/1.1" 200 -
[06/Aug/2026 14:57:34] "GET /Photos/2016/2016-10_%E5%8F%B0%E5%8C%97/%E5%9F%BA%E9%9A%86/ED477961-45B1-47D8-BFF7-55327493F9F2.jpeg HTTP/1.1" 200 -
[06/Aug/2026 14:57:34] "GET /Photos/2016/2016-04_%E5%8F%B0%E5%8C%97/%E5%9F%BA%E9%9A%86/BAE1D721-6DE6-4691-B732-1C4CAF444C57.jpeg HTTP/1.1" 200 -
[06/Aug/2026 14:57:34] "GET /Photos/2016/2016-04_%E5%8F%B0%E5%8C%97/%E5%9F%BA%E9%9A%86/744E8B69-FB7B-40B9-BFFA-F8A69CD7D648.jpeg HTTP/1.1" 200 -
[06/Aug/2026 14:57:34] "GET /Photos/2016/2016-04_%E5%8F%B0%E5%8C%97/%E5%9F%BA%E9%9A%86/72B21010-E70E-42BC-8058-934CF44CB5F9_1_201_a.jpeg HTTP/1.1" 200 -
[06/Aug/2026 14:57:34] "GET /Photos/2016/2016-04_%E5%8F%B0%E5%8C%97/%E5%9F%BA%E9%9A%86/3ECAC658-C593-4D64-A47D-26AB67A2A6B2.jpeg HTTP/1.1" 200 -
[06/Aug/2026 14:57:34] "GET /Photos/2016/2016-04_%E5%8F%B0%E5%8C%97/%E5%9F%BA%E9%9A%86/6DD16C3C-EE6D-4877-96FA-8C31FDD1BA18.jpeg HTTP/1.1" 200 -
[06/Aug/2026 14:57:34] "GET /Photos/2016/2016-04_%E5%8F%B0%E5%8C%97/%E5%9F%BA%E9%9A%86/FEF3F450-C5E2-4F6F-ABFF-91C405CC485E.jpeg HTTP/1.1" 200 -
[06/Aug/2026 14:57:34] "GET /Photos/2016/2016-04_%E5%8F%B0%E5%8C%97/%E5%9F%BA%E9%9A%86/96B0DA7D-B885-4A7F-9FDB-25C3E4E36710.jpeg HTTP/1.1" 200 -
[06/Aug/2026 14:57:34] "GET /Photos/2016/2016-04_%E5%8F%B0%E5%8C%97/%E5%9F%BA%E9%9A%86/399F7FCB-FD96-46DA-BE55-B7F1CF61673D.jpeg HTTP/1.1" 200 -
[06/Aug/2026 14:57:34] "GET /Photos/2016/2016-04_%E5%8F%B0%E5%8C%97/%E5%9F%BA%E9%9A%86/EBA04493-F3BC-4646-AA49-AE31CB7A0472.jpeg HTTP/1.1" 200 -
[06/Aug/2026 14:57:34] "GET /Photos/2016/2016-04_%E5%8F%B0%E5%8C%97/%E5%9F%BA%E9%9A%86/748B32FC-607C-4A26-A411-653794E7A928.jpeg HTTP/1.1" 200 -
[06/Aug/2026 14:57:34] "GET /Photos/2016/2016-04_%E5%8F%B0%E5%8C%97/%E5%9F%BA%E9%9A%86/94D5A4C2-1F11-48B5-A348-D279074AC974.jpeg HTTP/1.1" 200 -
[06/Aug/2026 14:57:34] "GET /Photos/2016/2016-04_%E5%8F%B0%E5%8C%97/%E5%9F%BA%E9%9A%86/7191BD89-963B-426B-9FE7-94F70C34FC36.jpeg HTTP/1.1" 200 -
[06/Aug/2026 14:57:34] "GET /Photos/2016/2016-04_%E5%8F%B0%E5%8C%97/%E5%9F%BA%E9%9A%86/18B1B435-B2C3-4847-8476-F163883D6B44_1_201_a.jpeg HTTP/1.1" 200 -
[06/Aug/2026 14:57:34] "GET /Photos/2016/2016-04_%E5%8F%B0%E5%8C%97/%E5%9F%BA%E9%9A%86/EE3EF9AA-958C-4747-9F17-343FABF35323_1_201_a.jpeg HTTP/1.1" 200 -
[06/Aug/2026 14:57:34] "GET /Photos/2016/2016-04_%E5%8F%B0%E5%8C%97/%E5%9F%BA%E9%9A%86/713FEE86-87FD-4AE8-93BF-D9DDED0B5320.jpeg HTTP/1.1" 200 -
[06/Aug/2026 14:57:34] "GET /Photos/2016/2016-04_%E5%8F%B0%E5%8C%97/%E5%9F%BA%E9%9A%86/21EC8CDD-EDC5-4802-9C34-0072D7E97A08.jpeg HTTP/1.1" 200 -
[06/Aug/2026 14:57:34] "GET /Photos/2016/2016-04_%E5%8F%B0%E5%8C%97/%E5%9F%BA%E9%9A%86/D9B61043-7FBB-4E03-BF5C-F4CBC9375333.jpeg HTTP/1.1" 200 -
[06/Aug/2026 14:57:34] "GET /Photos/2016/2016-04_%E5%8F%B0%E5%8C%97/%E5%9F%BA%E9%9A%86/4EF778F6-B5E2-4E98-90D5-E660260220AC_1_201_a.jpeg HTTP/1.1" 200 -
[06/Aug/2026 14:57:34] "GET /Photos/2016/2016-05_%E5%8F%B0%E5%8C%97/%E5%9F%BA%E9%9A%86/FFF48D27-C448-465E-B08E-AC6757337637.jpeg HTTP/1.1" 200 -
[06/Aug/2026 14:57:34] "GET /Photos/2016/2016-04_%E5%8F%B0%E5%8C%97/%E5%9F%BA%E9%9A%86/40ACA6AB-FE82-436F-8A04-2280A0822CA4.jpeg HTTP/1.1" 200 -
[06/Aug/2026 14:57:34] "GET /Photos/2016/2016-05_%E5%8F%B0%E5%8C%97/%E5%9F%BA%E9%9A%86/932C9D74-E217-4B0D-8CBC-06F2824B4B6B.jpeg HTTP/1.1" 200 -
[06/Aug/2026 14:57:34] "GET /Photos/2016/2016-05_%E5%8F%B0%E5%8C%97/%E5%9F%BA%E9%9A%86/3CB9FF20-40C8-471B-9952-0139C78F4CF5.jpeg HTTP/1.1" 200 -
[06/Aug/2026 14:57:34] "GET /Photos/2016/2016-05_%E5%8F%B0%E5%8C%97/%E5%9F%BA%E9%9A%86/A3F5B0DA-8868-424B-8051-065D4BA06D6E.jpeg HTTP/1.1" 200 -
[06/Aug/2026 14:57:34] "GET /Photos/2016/2016-05_%E5%8F%B0%E5%8C%97/%E5%9F%BA%E9%9A%86/89799121-EDD7-41EF-9EDF-41580BEACB44.jpeg HTTP/1.1" 200 -
[06/Aug/2026 14:57:34] "GET /Photos/2016/2016-11_%E5%8F%B0%E5%8C%97/%E5%9F%BA%E9%9A%86/136CA677-EDF0-4D3C-872F-C0C01F94A36E.jpeg HTTP/1.1" 200 -
[06/Aug/2026 14:57:34] "GET /Photos/2016/2016-01_%E5%8F%B0%E5%8C%97/%E5%9F%BA%E9%9A%86/052A60D1-6D76-4192-96BE-C801AAA6B0D3.jpeg HTTP/1.1" 200 -
[06/Aug/2026 14:57:34] "GET /Photos/2016/2016-11_%E5%8F%B0%E5%8C%97/%E5%9F%BA%E9%9A%86/56D9D557-52BF-4011-AD4B-32508429D061.jpeg HTTP/1.1" 200 -
[06/Aug/2026 14:57:34] "GET /Photos/2016/2016-11_%E5%8F%B0%E5%8C%97/%E5%9F%BA%E9%9A%86/B85B93D6-C71A-4522-AAE1-977D7E575A1E.jpeg HTTP/1.1" 200 -
[06/Aug/2026 14:57:34] "GET /Photos/2016/2016-11_%E5%8F%B0%E5%8C%97/%E5%9F%BA%E9%9A%86/2B8B7180-37D5-4902-B146-418EC1263DD8.jpeg HTTP/1.1" 200 -
[06/Aug/2026 14:57:34] "GET /Photos/2016/2016-08_%E5%8F%B0%E5%8C%97/%E5%9F%BA%E9%9A%86/3508D3C5-C4FC-4201-AA1D-3EF2D9A14218.jpeg HTTP/1.1" 200 -
[06/Aug/2026 14:57:34] "GET /Photos/2016/2016-11_%E5%8F%B0%E5%8C%97/%E5%9F%BA%E9%9A%86/3C796EFA-4EDD-466C-8853-1682D13A673A.jpeg HTTP/1.1" 200 -
[06/Aug/2026 14:57:34] "GET /Photos/2016/2016-11_%E5%8F%B0%E5%8C%97/%E5%9F%BA%E9%9A%86/17C21232-B0F7-491C-8C7F-6FDE40961073.jpeg HTTP/1.1" 200 -
[06/Aug/2026 14:57:34] "GET /Photos/2016/2016-08_%E5%8F%B0%E5%8C%97/%E5%9F%BA%E9%9A%86/F8B2D5BF-8407-4E9F-8A10-9764ACC0CC95.jpeg HTTP/1.1" 200 -
[06/Aug/2026 14:57:34] "GET /Photos/2016/2016-08_%E5%8F%B0%E5%8C%97/%E5%9F%BA%E9%9A%86/31A4C6A1-DB4E-4D22-93FE-8B96F68F884A.jpeg HTTP/1.1" 200 -
[06/Aug/2026 14:57:34] "GET /Photos/2016/2016-08_%E5%8F%B0%E5%8C%97/%E5%9F%BA%E9%9A%86/6F3E8563-1B6B-490F-B317-469AD3D7DFA0.jpeg HTTP/1.1" 200 -
[06/Aug/2026 14:57:34] "GET /Photos/2016/2016-08_%E5%8F%B0%E5%8C%97/%E5%9F%BA%E9%9A%86/93607AC1-C8F7-4E42-BFE6-2434EE554576.jpeg HTTP/1.1" 200 -
[06/Aug/2026 14:57:35] "GET /Photos/2016/2016-08_%E5%8F%B0%E5%8C%97/%E5%9F%BA%E9%9A%86/ED68D6AE-F753-407A-AF55-0778D7C0A162.jpeg HTTP/1.1" 200 -
[06/Aug/2026 14:57:35] "GET /Photos/2016/2016-08_%E5%8F%B0%E5%8C%97/%E5%9F%BA%E9%9A%86/6CE6AC7A-8280-40B7-B6C0-20E7D6383BA4.jpeg HTTP/1.1" 200 -
[06/Aug/2026 14:57:35] "GET /Photos/2016/2016-08_%E5%8F%B0%E5%8C%97/%E5%9F%BA%E9%9A%86/E03A0BDB-EFA8-4355-B9AB-3A6606F9F8DD.jpeg HTTP/1.1" 200 -
[06/Aug/2026 14:57:35] "GET /Photos/2016/2016-08_%E5%8F%B0%E5%8C%97/%E5%9F%BA%E9%9A%86/7716F8B2-A407-48C4-87AE-701C3DBE0C6A.jpeg HTTP/1.1" 200 -
[06/Aug/2026 14:57:35] "GET /Photos/2016/2016-08_%E5%8F%B0%E5%8C%97/%E5%9F%BA%E9%9A%86/B718E700-D81B-44C2-9AAD-0BEEE0FF31EC.jpeg HTTP/1.1" 200 -
[06/Aug/2026 14:57:35] "GET /Photos/2016/2016-06_%E5%8F%B0%E5%8C%97/%E5%9F%BA%E9%9A%86/91AF34D5-D813-4B41-B0FF-A9C36CA6325E.jpeg HTTP/1.1" 200 -
[06/Aug/2026 14:57:35] "GET /Photos/2016/2016-07_%E6%96%B0%E7%AB%B9/%E5%8F%B0%E4%B8%AD/54A137B3-C0C2-4312-AC4A-CAB11F2ECB9C.jpeg HTTP/1.1" 200 -
[06/Aug/2026 14:57:35] "GET /Photos/2016/2016-07_%E6%96%B0%E7%AB%B9/%E5%8F%B0%E4%B8%AD/740F7609-5C87-4725-8ABC-2682959FD48E.jpeg HTTP/1.1" 200 -
[06/Aug/2026 14:57:35] "GET /Photos/2016/2016-06_%E5%8F%B0%E5%8C%97/%E5%9F%BA%E9%9A%86/A2A20BBC-811B-4B8D-83DF-6BD85263F929.jpeg HTTP/1.1" 200 -
[06/Aug/2026 14:57:35] "GET /Photos/2016/2016-06_%E5%8F%B0%E5%8C%97/%E5%9F%BA%E9%9A%86/0667CFF0-8298-41E9-8B2D-BFBA463ABB30.jpeg HTTP/1.1" 200 -
[06/Aug/2026 14:57:35] "GET /Photos/2016/2016-02_%E5%8F%B0%E5%8C%97/%E5%9F%BA%E9%9A%86/6714DA81-45C1-482F-97CF-05468D6472F8.jpeg HTTP/1.1" 200 -
[06/Aug/2026 14:57:35] "GET /Photos/2016/2016-02_%E5%8F%B0%E5%8C%97/%E5%9F%BA%E9%9A%86/153B59C5-C85F-4ADF-87D2-3E7A4DEB9C15.jpeg HTTP/1.1" 200 -
[06/Aug/2026 14:57:35] "GET /Photos/2016/2016-02_%E5%8F%B0%E5%8C%97/%E5%9F%BA%E9%9A%86/5889E706-EDC6-4B70-979C-16CA7991F427.jpeg HTTP/1.1" 200 -
[06/Aug/2026 14:57:35] "GET /Photos/2016/2016-02_%E5%8F%B0%E5%8C%97/%E5%9F%BA%E9%9A%86/05135CDC-2DD1-4066-813C-26006297B7BE.jpeg HTTP/1.1" 200 -
[06/Aug/2026 14:57:35] "GET /Photos/2016/2016-02_%E5%8F%B0%E5%8C%97/%E5%9F%BA%E9%9A%86/469E8F6F-5B69-40FE-A6F5-A4EEB8759EEE.jpeg HTTP/1.1" 200 -
[06/Aug/2026 14:57:35] "GET /Photos/2016/2016-02_%E5%8F%B0%E5%8C%97/%E5%9F%BA%E9%9A%86/589D6440-CCCE-42BC-840C-8E8826B242BA.jpeg HTTP/1.1" 200 -
[06/Aug/2026 14:57:35] "GET /Photos/2016/2016-02_%E5%8F%B0%E5%8C%97/%E5%9F%BA%E9%9A%86/10CF8AD8-3DC2-471D-8D61-9A5D6F49AD8A.jpeg HTTP/1.1" 200 -
[06/Aug/2026 14:57:35] "GET /Photos/2016/2016-02_%E5%8F%B0%E5%8C%97/%E5%9F%BA%E9%9A%86/DDA0B8B8-2328-4C82-95E3-7EC923C653FB.jpeg HTTP/1.1" 200 -
[06/Aug/2026 14:57:35] "GET /Photos/2016/2016-02_%E5%8F%B0%E5%8C%97/%E5%9F%BA%E9%9A%86/D35BCEBA-0731-483C-BA71-C141070F97F8.jpeg HTTP/1.1" 200 -
[06/Aug/2026 14:57:35] "GET /Photos/2016/2016-02_%E5%8F%B0%E5%8C%97/%E5%9F%BA%E9%9A%86/2603D08E-0C74-41B5-AB81-A8D26BFE0224.jpeg HTTP/1.1" 200 -
[06/Aug/2026 14:57:35] "GET /Photos/2016/2016-02_%E5%8F%B0%E5%8C%97/%E5%9F%BA%E9%9A%86/6F425B12-0BD8-4C25-80AE-CF07FEC7DC01.jpeg HTTP/1.1" 200 -
[06/Aug/2026 14:57:35] "GET /Photos/2016/2016-02_%E5%8F%B0%E5%8C%97/%E5%9F%BA%E9%9A%86/29BD0BEB-C133-4A9D-B6EC-790B00E9A921.jpeg HTTP/1.1" 200 -
[06/Aug/2026 14:57:35] "GET /Photos/2016/2016-02_%E5%8F%B0%E5%8C%97/%E5%9F%BA%E9%9A%86/F1A16DCB-465E-432C-908C-3F4945BAE12D.jpeg HTTP/1.1" 200 -
[06/Aug/2026 14:57:35] "GET /Photos/2016/2016-02_%E5%8F%B0%E5%8C%97/%E5%9F%BA%E9%9A%86/CF687D12-1284-4E8A-ADF8-B541001FDAC6.jpeg HTTP/1.1" 200 -
[06/Aug/2026 14:57:35] "GET /Photos/2016/2016-02_%E5%8F%B0%E5%8C%97/%E5%9F%BA%E9%9A%86/7174F57F-5EAB-48E0-9625-3661703AAADA.jpeg HTTP/1.1" 200 -
[06/Aug/2026 14:57:35] "GET /Photos/2016/2016-02_%E5%8F%B0%E5%8C%97/%E5%9F%BA%E9%9A%86/CECCE62C-3957-492B-8AE8-098F27CBDF70.jpeg HTTP/1.1" 200 -
[06/Aug/2026 14:57:35] "GET /Photos/2016/2016-02_%E5%8F%B0%E5%8C%97/%E5%9F%BA%E9%9A%86/CB07B1DD-173A-486D-83FD-4AE9E98027DF.jpeg HTTP/1.1" 200 -
[06/Aug/2026 14:57:35] "GET /Photos/2016/2016-02_%E5%8F%B0%E5%8C%97/%E5%9F%BA%E9%9A%86/32BE1A20-4D00-4B30-B8F2-298A64749958.jpeg HTTP/1.1" 200 -
[06/Aug/2026 14:57:35] "GET /Photos/2016/2016-02_%E5%8F%B0%E5%8C%97/%E5%9F%BA%E9%9A%86/095CB9B6-1947-4D21-93C6-ADAD2A32AFE4.jpeg HTTP/1.1" 200 -
[06/Aug/2026 14:57:35] "GET /Photos/2016/2016-02_%E5%8F%B0%E5%8C%97/%E5%9F%BA%E9%9A%86/2EBC45C2-884D-4A8D-AA39-EE040E91FFA1.jpeg HTTP/1.1" 200 -
[06/Aug/2026 14:57:35] "GET /Photos/2016/2016-02_%E5%8F%B0%E5%8C%97/%E5%9F%BA%E9%9A%86/6DADE101-D017-4BEB-97F8-2E4C6ABDDBB8.jpeg HTTP/1.1" 200 -
[06/Aug/2026 14:57:35] "GET /Photos/2016/2016-02_%E5%8F%B0%E5%8C%97/%E5%9F%BA%E9%9A%86/D6B1F2C9-3636-4B79-A592-AA69197E74DA.jpeg HTTP/1.1" 200 -
[06/Aug/2026 14:57:35] "GET /Photos/2016/2016-02_%E5%8F%B0%E5%8C%97/%E5%9F%BA%E9%9A%86/D9D3D2F6-11B5-41D2-A6FE-D2E41B401BF5.jpeg HTTP/1.1" 200 -
[06/Aug/2026 14:57:35] "GET /Photos/2016/2016-03_%E5%8F%B0%E5%8C%97/%E5%9F%BA%E9%9A%86/57FBC8C9-F6F8-439F-A830-5065BF897B91.jpeg HTTP/1.1" 200 -
[06/Aug/2026 14:57:35] "GET /Photos/2016/2016-02_%E5%8F%B0%E5%8C%97/%E5%9F%BA%E9%9A%86/DBD1AA12-784A-451C-9F25-3C7F9B51C082.jpeg HTTP/1.1" 200 -
[06/Aug/2026 14:57:35] "GET /Photos/2016/2016-03_%E5%8F%B0%E5%8C%97/%E5%9F%BA%E9%9A%86/1EAF86A2-7683-4D9A-8737-AECDDDAF5398.jpeg HTTP/1.1" 200 -
[06/Aug/2026 14:57:35] "GET /Photos/2016/2016-03_%E5%8F%B0%E5%8C%97/%E5%9F%BA%E9%9A%86/040C7568-A566-4D00-8934-095B2BF4962C.jpeg HTTP/1.1" 200 -
[06/Aug/2026 14:57:35] "GET /Photos/2016/2016-03_%E5%8F%B0%E5%8C%97/%E5%9F%BA%E9%9A%86/3896D7F5-14B0-4FED-9023-EFF990782E39.jpeg HTTP/1.1" 200 -
[06/Aug/2026 14:57:35] "GET /Photos/2016/2016-03_%E5%8F%B0%E5%8C%97/%E5%9F%BA%E9%9A%86/695C3C16-2049-4FD2-85A1-653773A97FEC.jpeg HTTP/1.1" 200 -
[06/Aug/2026 14:57:35] "GET /Photos/2016/2016-03_%E5%8F%B0%E5%8C%97/%E5%9F%BA%E9%9A%86/B5AE7FCD-EFD8-4836-AAE3-C7AD057F893A.jpeg HTTP/1.1" 200 -
[06/Aug/2026 14:57:35] "GET /Photos/2016/2016-03_%E5%8F%B0%E5%8C%97/%E5%9F%BA%E9%9A%86/DCD6E710-061B-4AAA-8249-9FA08128012A.jpeg HTTP/1.1" 200 -
[06/Aug/2026 14:57:35] "GET /Photos/2016/2016-03_%E5%8F%B0%E5%8C%97/%E5%9F%BA%E9%9A%86/3B7416BB-FA58-4F63-93EF-EC0310450EAD.jpeg HTTP/1.1" 200 -
[06/Aug/2026 14:57:35] "GET /Photos/2016/2016-07_%E5%8F%B0%E5%8C%97/%E5%9F%BA%E9%9A%86/C47F5E30-D704-48FF-9433-F17CC28B6649.jpeg HTTP/1.1" 200 -
[06/Aug/2026 14:57:35] "GET /Photos/2016/2016-07_%E5%8F%B0%E5%8C%97/%E5%9F%BA%E9%9A%86/678D4215-8622-499D-B251-FEC8053CAF50.jpeg HTTP/1.1" 200 -
[06/Aug/2026 14:57:35] "GET /Photos/2016/2016-07_%E5%8F%B0%E5%8C%97/%E5%9F%BA%E9%9A%86/E00503A1-D8DB-433C-A322-95EEFE464C06.jpeg HTTP/1.1" 200 -
[06/Aug/2026 14:57:35] "GET /Photos/2005/2005-10_%E6%9C%AA%E7%9F%A5%E5%9C%B0%E9%BB%9E/09BA1FFF-4851-4C09-8FF8-B2E300AD6C94.jpeg HTTP/1.1" 200 -
[06/Aug/2026 14:57:35] "GET /Photos/2005/2005-10_%E6%9C%AA%E7%9F%A5%E5%9C%B0%E9%BB%9E/AAA93A93-442E-416B-8B2D-B972A77A5CA4.jpeg HTTP/1.1" 200 -
[06/Aug/2026 14:58:02] "GET /Photos/2023/2023-10_%E9%A6%96%E5%B0%94%E7%89%B9%E5%88%AB%E5%B8%82/IMG_4145.jpeg HTTP/1.1" 200 -
[06/Aug/2026 14:58:02] "GET /Photos/2023/2023-10_%E9%A6%96%E5%B0%94%E7%89%B9%E5%88%AB%E5%B8%82/IMG_4133.jpeg HTTP/1.1" 200 -
[06/Aug/2026 14:58:02] "GET /Photos/2023/2023-10_%E9%A6%96%E5%B0%94%E7%89%B9%E5%88%AB%E5%B8%82/IMG_4125.jpeg HTTP/1.1" 200 -
[06/Aug/2026 14:58:02] "GET /Photos/2023/2023-10_%E9%A6%96%E5%B0%94%E7%89%B9%E5%88%AB%E5%B8%82/IMG_4128.jpeg HTTP/1.1" 200 -
[06/Aug/2026 14:58:02] "GET /Photos/2023/2023-10_%E9%A6%96%E5%B0%94%E7%89%B9%E5%88%AB%E5%B8%82/IMG_4129.jpeg HTTP/1.1" 200 -
[06/Aug/2026 14:58:02] "GET /Photos/2023/2023-10_%E9%A6%96%E5%B0%94%E7%89%B9%E5%88%AB%E5%B8%82/IMG_4124.jpeg HTTP/1.1" 200 -
[06/Aug/2026 14:58:02] "GET /Photos/2023/2023-10_%E9%A6%96%E5%B0%94%E7%89%B9%E5%88%AB%E5%B8%82/IMG_4131.jpeg HTTP/1.1" 200 -
[06/Aug/2026 14:58:02] "GET /Photos/2023/2023-10_%E9%A6%96%E5%B0%94%E7%89%B9%E5%88%AB%E5%B8%82/IMG_4130.jpeg HTTP/1.1" 200 -
[06/Aug/2026 14:58:02] "GET /Photos/2023/2023-10_%E9%A6%96%E5%B0%94%E7%89%B9%E5%88%AB%E5%B8%82/IMG_4127.jpeg HTTP/1.1" 200 -
[06/Aug/2026 14:58:02] "GET /Photos/2023/2023-10_%E9%A6%96%E5%B0%94%E7%89%B9%E5%88%AB%E5%B8%82/IMG_4146.jpeg HTTP/1.1" 200 -
[06/Aug/2026 14:58:02] "GET /Photos/2023/2023-10_%E9%A6%96%E5%B0%94%E7%89%B9%E5%88%AB%E5%B8%82/IMG_4147.jpeg HTTP/1.1" 200 -
[06/Aug/2026 14:58:02] "GET /Photos/2023/2023-10_%E9%A6%96%E5%B0%94%E7%89%B9%E5%88%AB%E5%B8%82/IMG_4132.jpeg HTTP/1.1" 200 -
[06/Aug/2026 14:58:02] "GET /Photos/2023/2023-10_%E9%A6%96%E5%B0%94%E7%89%B9%E5%88%AB%E5%B8%82/IMG_4126.jpeg HTTP/1.1" 200 -
[06/Aug/2026 14:58:02] "GET /Photos/2023/2023-10_%E4%BB%81%E5%B7%9D%E5%BB%A3%E5%9F%9F%E5%B8%82/IMG_4148.jpeg HTTP/1.1" 200 -
[06/Aug/2026 14:58:02] "GET /Photos/2023/2023-10_%E4%BB%81%E5%B7%9D%E5%BB%A3%E5%9F%9F%E5%B8%82/IMG_4149.jpeg HTTP/1.1" 200 -
[06/Aug/2026 14:58:02] "GET /Photos/2023/2023-10_%E4%BB%81%E5%B7%9D%E5%BB%A3%E5%9F%9F%E5%B8%82/IMG_4076.jpeg HTTP/1.1" 200 -
[06/Aug/2026 14:58:02] "GET /Photos/2023/2023-10_%E4%BB%81%E5%B7%9D%E5%BB%A3%E5%9F%9F%E5%B8%82/IMG_8474.jpeg HTTP/1.1" 200 -
[06/Aug/2026 14:58:02] "GET /Photos/2023/2023-10_%E4%BB%81%E5%B7%9D%E5%BB%A3%E5%9F%9F%E5%B8%82/IMG_4152.jpeg HTTP/1.1" 200 -
[06/Aug/2026 14:58:02] "GET /Photos/2023/2023-10_%E4%BB%81%E5%B7%9D%E5%BB%A3%E5%9F%9F%E5%B8%82/IMG_4071.jpeg HTTP/1.1" 200 -
[06/Aug/2026 14:58:02] "GET /Photos/2023/2023-10_%E4%BB%81%E5%B7%9D%E5%BB%A3%E5%9F%9F%E5%B8%82/IMG_8475.jpeg HTTP/1.1" 200 -
[06/Aug/2026 14:58:02] "GET /Photos/2023/2023-10_%E4%BB%81%E5%B7%9D%E5%BB%A3%E5%9F%9F%E5%B8%82/IMG_4150.jpeg HTTP/1.1" 200 -
[06/Aug/2026 14:58:02] "GET /Photos/2023/2023-10_%E4%BB%81%E5%B7%9D%E5%BB%A3%E5%9F%9F%E5%B8%82/IMG_4074.jpeg HTTP/1.1" 200 -
[06/Aug/2026 14:58:02] "GET /Photos/2023/2023-10_%E4%BB%81%E5%B7%9D%E5%BB%A3%E5%9F%9F%E5%B8%82/IMG_8477.jpeg HTTP/1.1" 200 -
[06/Aug/2026 14:58:02] "GET /Photos/2023/2023-10_%E4%BB%81%E5%B7%9D%E5%BB%A3%E5%9F%9F%E5%B8%82/IMG_8476.jpeg HTTP/1.1" 200 -
[06/Aug/2026 14:58:02] "GET /Photos/2023/2023-10_%E4%BB%81%E5%B7%9D%E5%BB%A3%E5%9F%9F%E5%B8%82/IMG_4151.jpeg HTTP/1.1" 200 -
[06/Aug/2026 14:58:02] "GET /Photos/2023/2023-10_%E4%BB%81%E5%B7%9D%E5%BB%A3%E5%9F%9F%E5%B8%82/IMG_4075.jpeg HTTP/1.1" 200 -
[06/Aug/2026 14:58:02] "GET /Photos/2023/2023-01_%E6%9C%AA%E7%9F%A5%E5%9C%B0%E9%BB%9E/IMG_2996.JPG HTTP/1.1" 200 -
[06/Aug/2026 14:58:02] "GET /Photos/2023/2023-01_%E6%9C%AA%E7%9F%A5%E5%9C%B0%E9%BB%9E/IMG_2998.JPG HTTP/1.1" 200 -
[06/Aug/2026 14:58:02] "GET /Photos/2023/2023-01_%E6%9C%AA%E7%9F%A5%E5%9C%B0%E9%BB%9E/IMG_2997.JPG HTTP/1.1" 200 -
[06/Aug/2026 14:58:02] "GET /Photos/2023/2023-01_%E6%9C%AA%E7%9F%A5%E5%9C%B0%E9%BB%9E/IMG_2987.JPG HTTP/1.1" 200 -
[06/Aug/2026 14:58:02] "GET /Photos/2023/2023-11_%E8%87%BA%E5%8C%97%E5%B8%82/IMG_4332.jpeg HTTP/1.1" 200 -
[06/Aug/2026 14:58:02] "GET /Photos/2023/2023-11_%E8%87%BA%E5%8C%97%E5%B8%82/IMG_4324.jpeg HTTP/1.1" 200 -
[06/Aug/2026 14:58:07] "GET /Photos/2022/2022-04_%E6%96%B0%E5%9F%8E%E9%84%89/IMG_1673.jpeg HTTP/1.1" 200 -
[06/Aug/2026 14:58:07] "GET /Photos/2022/2022-04_%E6%96%B0%E5%9F%8E%E9%84%89/IMG_8761.jpeg HTTP/1.1" 200 -
[06/Aug/2026 14:58:07] "GET /Photos/2022/2022-04_%E6%96%B0%E5%9F%8E%E9%84%89/IMG_8760.jpeg HTTP/1.1" 200 -
[06/Aug/2026 14:58:07] "GET /Photos/2022/2022-04_%E6%96%B0%E5%9F%8E%E9%84%89/IMG_1672.jpeg HTTP/1.1" 200 -
[06/Aug/2026 14:58:07] "GET /Photos/2022/2022-04_%E6%96%B0%E5%9F%8E%E9%84%89/IMG_1706.jpeg HTTP/1.1" 200 -
[06/Aug/2026 14:58:07] "GET /Photos/2022/2022-04_%E6%96%B0%E5%9F%8E%E9%84%89/IMG_1675.jpeg HTTP/1.1" 200 -
[06/Aug/2026 14:58:07] "GET /Photos/2022/2022-04_%E6%96%B0%E5%9F%8E%E9%84%89/IMG_8818.JPG HTTP/1.1" 200 -
[06/Aug/2026 14:58:07] "GET /Photos/2022/2022-04_%E6%96%B0%E5%9F%8E%E9%84%89/IMG_1674.jpeg HTTP/1.1" 200 -
[06/Aug/2026 14:58:07] "GET /Photos/2022/2022-04_%E6%96%B0%E5%9F%8E%E9%84%89/IMG_8827.JPG HTTP/1.1" 200 -
[06/Aug/2026 14:58:07] "GET /Photos/2022/2022-04_%E6%96%B0%E5%9F%8E%E9%84%89/IMG_8809.JPG HTTP/1.1" 200 -
[06/Aug/2026 14:58:07] "GET /Photos/2022/2022-04_%E6%96%B0%E5%9F%8E%E9%84%89/IMG_8837.JPG HTTP/1.1" 200 -
[06/Aug/2026 14:58:07] "GET /Photos/2022/2022-04_%E6%96%B0%E5%9F%8E%E9%84%89/IMG_1704.jpeg HTTP/1.1" 200 -
[06/Aug/2026 14:58:07] "GET /Photos/2022/2022-04_%E6%96%B0%E5%9F%8E%E9%84%89/IMG_8765.jpeg HTTP/1.1" 200 -
[06/Aug/2026 14:58:07] "GET /Photos/2022/2022-04_%E6%96%B0%E5%9F%8E%E9%84%89/IMG_8800.JPG HTTP/1.1" 200 -
[06/Aug/2026 14:58:07] "GET /Photos/2022/2022-04_%E6%96%B0%E5%9F%8E%E9%84%89/IMG_8764.jpeg HTTP/1.1" 200 -
[06/Aug/2026 14:58:07] "GET /Photos/2022/2022-04_%E6%96%B0%E5%9F%8E%E9%84%89/IMG_1705.jpeg HTTP/1.1" 200 -
[06/Aug/2026 14:58:07] "GET /Photos/2022/2022-04_%E6%96%B0%E5%9F%8E%E9%84%89/IMG_1671.jpeg HTTP/1.1" 200 -
[06/Aug/2026 14:58:07] "GET /Photos/2022/2022-04_%E6%96%B0%E5%9F%8E%E9%84%89/IMG_8759.jpeg HTTP/1.1" 200 -
[06/Aug/2026 14:58:07] "GET /Photos/2022/2022-04_%E6%96%B0%E5%9F%8E%E9%84%89/IMG_8763.jpeg HTTP/1.1" 200 -
[06/Aug/2026 14:58:07] "GET /Photos/2022/2022-04_%E6%96%B0%E5%9F%8E%E9%84%89/IMG_8762.jpeg HTTP/1.1" 200 -
[06/Aug/2026 14:58:07] "GET /Photos/2022/2022-04_%E6%96%B0%E5%9F%8E%E9%84%89/IMG_1703.jpeg HTTP/1.1" 200 -
[06/Aug/2026 14:58:10] "GET /Photos/2022/2022-05_%E5%8F%B0%E5%A4%A7%E5%85%AC%E8%A1%9B/IMG_2047.JPG HTTP/1.1" 200 -
[06/Aug/2026 14:58:10] "GET /Photos/2022/2022-02_%E5%8F%B8%E9%A6%AC%E5%BA%AB%E6%96%AF/IMG_1412.jpeg HTTP/1.1" 200 -
[06/Aug/2026 14:58:10] "GET /Photos/2022/2022-02_%E5%8F%B8%E9%A6%AC%E5%BA%AB%E6%96%AF/IMG_1413.jpeg HTTP/1.1" 200 -
[06/Aug/2026 14:58:10] "GET /Photos/2022/2022-02_%E5%8F%B8%E9%A6%AC%E5%BA%AB%E6%96%AF/IMG_1433.jpeg HTTP/1.1" 200 -
[06/Aug/2026 14:58:10] "GET /Photos/2022/2022-02_%E5%8F%B8%E9%A6%AC%E5%BA%AB%E6%96%AF/IMG_1432.jpeg HTTP/1.1" 200 -
[06/Aug/2026 14:58:10] "GET /Photos/2022/2022-02_%E5%8F%B8%E9%A6%AC%E5%BA%AB%E6%96%AF/IMG_1415.jpeg HTTP/1.1" 200 -
[06/Aug/2026 14:58:10] "GET /Photos/2022/2022-02_%E5%8F%B8%E9%A6%AC%E5%BA%AB%E6%96%AF/IMG_6256.jpeg HTTP/1.1" 200 -
[06/Aug/2026 14:58:10] "GET /Photos/2022/2022-02_%E5%8F%B8%E9%A6%AC%E5%BA%AB%E6%96%AF/IMG_6260.jpeg HTTP/1.1" 200 -
[06/Aug/2026 14:58:10] "GET /Photos/2022/2022-02_%E5%8F%B8%E9%A6%AC%E5%BA%AB%E6%96%AF/IMG_6261.jpeg HTTP/1.1" 200 -
[06/Aug/2026 14:58:10] "GET /Photos/2022/2022-02_%E5%8F%B8%E9%A6%AC%E5%BA%AB%E6%96%AF/IMG_1414.jpeg HTTP/1.1" 200 -
[06/Aug/2026 14:58:10] "GET /Photos/2022/2022-02_%E5%8F%B8%E9%A6%AC%E5%BA%AB%E6%96%AF/IMG_6257.jpeg HTTP/1.1" 200 -
[06/Aug/2026 14:58:10] "GET /Photos/2022/2022-02_%E5%8F%B8%E9%A6%AC%E5%BA%AB%E6%96%AF/IMG_6254.jpeg HTTP/1.1" 200 -
[06/Aug/2026 14:58:10] "GET /Photos/2022/2022-02_%E5%8F%B8%E9%A6%AC%E5%BA%AB%E6%96%AF/IMG_1417.jpeg HTTP/1.1" 200 -
[06/Aug/2026 14:58:10] "GET /Photos/2022/2022-02_%E5%8F%B8%E9%A6%AC%E5%BA%AB%E6%96%AF/IMG_6258.jpeg HTTP/1.1" 200 -
[06/Aug/2026 14:58:10] "GET /Photos/2022/2022-02_%E5%8F%B8%E9%A6%AC%E5%BA%AB%E6%96%AF/IMG_6262.jpeg HTTP/1.1" 200 -
[06/Aug/2026 14:58:10] "GET /Photos/2022/2022-02_%E5%8F%B8%E9%A6%AC%E5%BA%AB%E6%96%AF/IMG_6263.jpeg HTTP/1.1" 200 -
[06/Aug/2026 14:58:10] "GET /Photos/2022/2022-02_%E5%8F%B8%E9%A6%AC%E5%BA%AB%E6%96%AF/IMG_6259.jpeg HTTP/1.1" 200 -
[06/Aug/2026 14:58:10] "GET /Photos/2022/2022-02_%E5%8F%B8%E9%A6%AC%E5%BA%AB%E6%96%AF/IMG_6255.jpeg HTTP/1.1" 200 -
[06/Aug/2026 14:58:10] "GET /Photos/2022/2022-02_%E5%8F%B8%E9%A6%AC%E5%BA%AB%E6%96%AF/IMG_1431.jpeg HTTP/1.1" 200 -
[06/Aug/2026 14:58:10] "GET /Photos/2022/2022-02_%E5%8F%B8%E9%A6%AC%E5%BA%AB%E6%96%AF/IMG_6252.jpeg HTTP/1.1" 200 -
[06/Aug/2026 14:58:10] "GET /Photos/2022/2022-02_%E5%8F%B8%E9%A6%AC%E5%BA%AB%E6%96%AF/IMG_6253.jpeg HTTP/1.1" 200 -
[06/Aug/2026 14:58:10] "GET /Photos/2022/2022-02_%E5%8F%B8%E9%A6%AC%E5%BA%AB%E6%96%AF/IMG_1430.jpeg HTTP/1.1" 200 -
[06/Aug/2026 14:58:10] "GET /Photos/2022/2022-08_%E5%9F%BA%E9%9A%86%E5%B8%82/IMG_2491.jpeg HTTP/1.1" 200 -
[06/Aug/2026 14:58:10] "GET /Photos/2022/2022-08_%E5%9F%BA%E9%9A%86%E5%B8%82/IMG_2490.jpeg HTTP/1.1" 200 -
[06/Aug/2026 14:58:17] "POST /api/trigger_import HTTP/1.1" 200 -
/opt/homebrew/lib/python3.12/site-packages/insightface/utils/face_align.py:23: FutureWarning: `estimate` is deprecated since version 0.26 and will be removed in version 2.2. Please use `SimilarityTransform.from_estimate` class constructor instead.
  tform.estimate(lmk, dst)
/opt/homebrew/lib/python3.12/site-packages/insightface/utils/face_align.py:23: FutureWarning: `estimate` is deprecated since version 0.26 and will be removed in version 2.2. Please use `SimilarityTransform.from_estimate` class constructor instead.
  tform.estimate(lmk, dst)
/opt/homebrew/lib/python3.12/site-packages/insightface/utils/face_align.py:23: FutureWarning: `estimate` is deprecated since version 0.26 and will be removed in version 2.2. Please use `SimilarityTransform.from_estimate` class constructor instead.
  tform.estimate(lmk, dst)
/opt/homebrew/lib/python3.12/site-packages/insightface/utils/face_align.py:23: FutureWarning: `estimate` is deprecated since version 0.26 and will be removed in version 2.2. Please use `SimilarityTransform.from_estimate` class constructor instead.
  tform.estimate(lmk, dst)
/opt/homebrew/lib/python3.12/site-packages/insightface/utils/face_align.py:23: FutureWarning: `estimate` is deprecated since version 0.26 and will be removed in version 2.2. Please use `SimilarityTransform.from_estimate` class constructor instead.
  tform.estimate(lmk, dst)
/opt/homebrew/lib/python3.12/site-packages/insightface/utils/face_align.py:23: FutureWarning: `estimate` is deprecated since version 0.26 and will be removed in version 2.2. Please use `SimilarityTransform.from_estimate` class constructor instead.
  tform.estimate(lmk, dst)
/opt/homebrew/lib/python3.12/site-packages/insightface/utils/face_align.py:23: FutureWarning: `estimate` is deprecated since version 0.26 and will be removed in version 2.2. Please use `SimilarityTransform.from_estimate` class constructor instead.
  tform.estimate(lmk, dst)
/opt/homebrew/lib/python3.12/site-packages/insightface/utils/face_align.py:23: FutureWarning: `estimate` is deprecated since version 0.26 and will be removed in version 2.2. Please use `SimilarityTransform.from_estimate` class constructor instead.
  tform.estimate(lmk, dst)
/opt/homebrew/lib/python3.12/site-packages/insightface/utils/face_align.py:23: FutureWarning: `estimate` is deprecated since version 0.26 and will be removed in version 2.2. Please use `SimilarityTransform.from_estimate` class constructor instead.
  tform.estimate(lmk, dst)
[06/Aug/2026 14:58:19] "GET /api/photos HTTP/1.1" 200 -
/opt/homebrew/lib/python3.12/site-packages/insightface/utils/face_align.py:23: FutureWarning: `estimate` is deprecated since version 0.26 and will be removed in version 2.2. Please use `SimilarityTransform.from_estimate` class constructor instead.
  tform.estimate(lmk, dst)
/opt/homebrew/lib/python3.12/site-packages/insightface/utils/face_align.py:23: FutureWarning: `estimate` is deprecated since version 0.26 and will be removed in version 2.2. Please use `SimilarityTransform.from_estimate` class constructor instead.
  tform.estimate(lmk, dst)
/opt/homebrew/lib/python3.12/site-packages/insightface/utils/face_align.py:23: FutureWarning: `estimate` is deprecated since version 0.26 and will be removed in version 2.2. Please use `SimilarityTransform.from_estimate` class constructor instead.
  tform.estimate(lmk, dst)
/opt/homebrew/lib/python3.12/site-packages/insightface/utils/face_align.py:23: FutureWarning: `estimate` is deprecated since version 0.26 and will be removed in version 2.2. Please use `SimilarityTransform.from_estimate` class constructor instead.
  tform.estimate(lmk, dst)
/opt/homebrew/lib/python3.12/site-packages/insightface/utils/face_align.py:23: FutureWarning: `estimate` is deprecated since version 0.26 and will be removed in version 2.2. Please use `SimilarityTransform.from_estimate` class constructor instead.
  tform.estimate(lmk, dst)
/opt/homebrew/lib/python3.12/site-packages/insightface/utils/face_align.py:23: FutureWarning: `estimate` is deprecated since version 0.26 and will be removed in version 2.2. Please use `SimilarityTransform.from_estimate` class constructor instead.
  tform.estimate(lmk, dst)
/opt/homebrew/lib/python3.12/site-packages/insightface/utils/face_align.py:23: FutureWarning: `estimate` is deprecated since version 0.26 and will be removed in version 2.2. Please use `SimilarityTransform.from_estimate` class constructor instead.
  tform.estimate(lmk, dst)
/opt/homebrew/lib/python3.12/site-packages/insightface/utils/face_align.py:23: FutureWarning: `estimate` is deprecated since version 0.26 and will be removed in version 2.2. Please use `SimilarityTransform.from_estimate` class constructor instead.
  tform.estimate(lmk, dst)
/opt/homebrew/lib/python3.12/site-packages/insightface/utils/face_align.py:23: FutureWarning: `estimate` is deprecated since version 0.26 and will be removed in version 2.2. Please use `SimilarityTransform.from_estimate` class constructor instead.
  tform.estimate(lmk, dst)
/opt/homebrew/lib/python3.12/site-packages/insightface/utils/face_align.py:23: FutureWarning: `estimate` is deprecated since version 0.26 and will be removed in version 2.2. Please use `SimilarityTransform.from_estimate` class constructor instead.
  tform.estimate(lmk, dst)
/opt/homebrew/lib/python3.12/site-packages/insightface/utils/face_align.py:23: FutureWarning: `estimate` is deprecated since version 0.26 and will be removed in version 2.2. Please use `SimilarityTransform.from_estimate` class constructor instead.
  tform.estimate(lmk, dst)
/opt/homebrew/lib/python3.12/site-packages/insightface/utils/face_align.py:23: FutureWarning: `estimate` is deprecated since version 0.26 and will be removed in version 2.2. Please use `SimilarityTransform.from_estimate` class constructor instead.
  tform.estimate(lmk, dst)
/opt/homebrew/lib/python3.12/site-packages/insightface/utils/face_align.py:23: FutureWarning: `estimate` is deprecated since version 0.26 and will be removed in version 2.2. Please use `SimilarityTransform.from_estimate` class constructor instead.
  tform.estimate(lmk, dst)
/opt/homebrew/lib/python3.12/site-packages/insightface/utils/face_align.py:23: FutureWarning: `estimate` is deprecated since version 0.26 and will be removed in version 2.2. Please use `SimilarityTransform.from_estimate` class constructor instead.
  tform.estimate(lmk, dst)
/opt/homebrew/lib/python3.12/site-packages/insightface/utils/face_align.py:23: FutureWarning: `estimate` is deprecated since version 0.26 and will be removed in version 2.2. Please use `SimilarityTransform.from_estimate` class constructor instead.
  tform.estimate(lmk, dst)
/opt/homebrew/lib/python3.12/site-packages/insightface/utils/face_align.py:23: FutureWarning: `estimate` is deprecated since version 0.26 and will be removed in version 2.2. Please use `SimilarityTransform.from_estimate` class constructor instead.
  tform.estimate(lmk, dst)
/opt/homebrew/lib/python3.12/site-packages/insightface/utils/face_align.py:23: FutureWarning: `estimate` is deprecated since version 0.26 and will be removed in version 2.2. Please use `SimilarityTransform.from_estimate` class constructor instead.
  tform.estimate(lmk, dst)
/opt/homebrew/lib/python3.12/site-packages/insightface/utils/face_align.py:23: FutureWarning: `estimate` is deprecated since version 0.26 and will be removed in version 2.2. Please use `SimilarityTransform.from_estimate` class constructor instead.
  tform.estimate(lmk, dst)
/opt/homebrew/lib/python3.12/site-packages/insightface/utils/face_align.py:23: FutureWarning: `estimate` is deprecated since version 0.26 and will be removed in version 2.2. Please use `SimilarityTransform.from_estimate` class constructor instead.
  tform.estimate(lmk, dst)
/opt/homebrew/lib/python3.12/site-packages/insightface/utils/face_align.py:23: FutureWarning: `estimate` is deprecated since version 0.26 and will be removed in version 2.2. Please use `SimilarityTransform.from_estimate` class constructor instead.
  tform.estimate(lmk, dst)
/opt/homebrew/lib/python3.12/site-packages/insightface/utils/face_align.py:23: FutureWarning: `estimate` is deprecated since version 0.26 and will be removed in version 2.2. Please use `SimilarityTransform.from_estimate` class constructor instead.
  tform.estimate(lmk, dst)
/opt/homebrew/lib/python3.12/site-packages/insightface/utils/face_align.py:23: FutureWarning: `estimate` is deprecated since version 0.26 and will be removed in version 2.2. Please use `SimilarityTransform.from_estimate` class constructor instead.
  tform.estimate(lmk, dst)
/opt/homebrew/lib/python3.12/site-packages/insightface/utils/face_align.py:23: FutureWarning: `estimate` is deprecated since version 0.26 and will be removed in version 2.2. Please use `SimilarityTransform.from_estimate` class constructor instead.
  tform.estimate(lmk, dst)
/opt/homebrew/lib/python3.12/site-packages/insightface/utils/face_align.py:23: FutureWarning: `estimate` is deprecated since version 0.26 and will be removed in version 2.2. Please use `SimilarityTransform.from_estimate` class constructor instead.
  tform.estimate(lmk, dst)
/opt/homebrew/lib/python3.12/site-packages/insightface/utils/face_align.py:23: FutureWarning: `estimate` is deprecated since version 0.26 and will be removed in version 2.2. Please use `SimilarityTransform.from_estimate` class constructor instead.
  tform.estimate(lmk, dst)
/opt/homebrew/lib/python3.12/site-packages/insightface/utils/face_align.py:23: FutureWarning: `estimate` is deprecated since version 0.26 and will be removed in version 2.2. Please use `SimilarityTransform.from_estimate` class constructor instead.
  tform.estimate(lmk, dst)
/opt/homebrew/lib/python3.12/site-packages/insightface/utils/face_align.py:23: FutureWarning: `estimate` is deprecated since version 0.26 and will be removed in version 2.2. Please use `SimilarityTransform.from_estimate` class constructor instead.
  tform.estimate(lmk, dst)
/opt/homebrew/lib/python3.12/site-packages/insightface/utils/face_align.py:23: FutureWarning: `estimate` is deprecated since version 0.26 and will be removed in version 2.2. Please use `SimilarityTransform.from_estimate` class constructor instead.
  tform.estimate(lmk, dst)
/opt/homebrew/lib/python3.12/site-packages/insightface/utils/face_align.py:23: FutureWarning: `estimate` is deprecated since version 0.26 and will be removed in version 2.2. Please use `SimilarityTransform.from_estimate` class constructor instead.
  tform.estimate(lmk, dst)
/opt/homebrew/lib/python3.12/site-packages/insightface/utils/face_align.py:23: FutureWarning: `estimate` is deprecated since version 0.26 and will be removed in version 2.2. Please use `SimilarityTransform.from_estimate` class constructor instead.
  tform.estimate(lmk, dst)
/opt/homebrew/lib/python3.12/site-packages/insightface/utils/face_align.py:23: FutureWarning: `estimate` is deprecated since version 0.26 and will be removed in version 2.2. Please use `SimilarityTransform.from_estimate` class constructor instead.
  tform.estimate(lmk, dst)
/opt/homebrew/lib/python3.12/site-packages/insightface/utils/face_align.py:23: FutureWarning: `estimate` is deprecated since version 0.26 and will be removed in version 2.2. Please use `SimilarityTransform.from_estimate` class constructor instead.
  tform.estimate(lmk, dst)
/opt/homebrew/lib/python3.12/site-packages/insightface/utils/face_align.py:23: FutureWarning: `estimate` is deprecated since version 0.26 and will be removed in version 2.2. Please use `SimilarityTransform.from_estimate` class constructor instead.
  tform.estimate(lmk, dst)
/opt/homebrew/lib/python3.12/site-packages/insightface/utils/face_align.py:23: FutureWarning: `estimate` is deprecated since version 0.26 and will be removed in version 2.2. Please use `SimilarityTransform.from_estimate` class constructor instead.
  tform.estimate(lmk, dst)
/opt/homebrew/lib/python3.12/site-packages/insightface/utils/face_align.py:23: FutureWarning: `estimate` is deprecated since version 0.26 and will be removed in version 2.2. Please use `SimilarityTransform.from_estimate` class constructor instead.
  tform.estimate(lmk, dst)
/opt/homebrew/lib/python3.12/site-packages/insightface/utils/face_align.py:23: FutureWarning: `estimate` is deprecated since version 0.26 and will be removed in version 2.2. Please use `SimilarityTransform.from_estimate` class constructor instead.
  tform.estimate(lmk, dst)
/opt/homebrew/lib/python3.12/site-packages/insightface/utils/face_align.py:23: FutureWarning: `estimate` is deprecated since version 0.26 and will be removed in version 2.2. Please use `SimilarityTransform.from_estimate` class constructor instead.
  tform.estimate(lmk, dst)
/opt/homebrew/lib/python3.12/site-packages/insightface/utils/face_align.py:23: FutureWarning: `estimate` is deprecated since version 0.26 and will be removed in version 2.2. Please use `SimilarityTransform.from_estimate` class constructor instead.
  tform.estimate(lmk, dst)
/opt/homebrew/lib/python3.12/site-packages/insightface/utils/face_align.py:23: FutureWarning: `estimate` is deprecated since version 0.26 and will be removed in version 2.2. Please use `SimilarityTransform.from_estimate` class constructor instead.
  tform.estimate(lmk, dst)
/opt/homebrew/lib/python3.12/site-packages/insightface/utils/face_align.py:23: FutureWarning: `estimate` is deprecated since version 0.26 and will be removed in version 2.2. Please use `SimilarityTransform.from_estimate` class constructor instead.
  tform.estimate(lmk, dst)
/opt/homebrew/lib/python3.12/site-packages/insightface/utils/face_align.py:23: FutureWarning: `estimate` is deprecated since version 0.26 and will be removed in version 2.2. Please use `SimilarityTransform.from_estimate` class constructor instead.
  tform.estimate(lmk, dst)
/opt/homebrew/lib/python3.12/site-packages/insightface/utils/face_align.py:23: FutureWarning: `estimate` is deprecated since version 0.26 and will be removed in version 2.2. Please use `SimilarityTransform.from_estimate` class constructor instead.
  tform.estimate(lmk, dst)
/opt/homebrew/lib/python3.12/site-packages/insightface/utils/face_align.py:23: FutureWarning: `estimate` is deprecated since version 0.26 and will be removed in version 2.2. Please use `SimilarityTransform.from_estimate` class constructor instead.
  tform.estimate(lmk, dst)
/opt/homebrew/lib/python3.12/site-packages/insightface/utils/face_align.py:23: FutureWarning: `estimate` is deprecated since version 0.26 and will be removed in version 2.2. Please use `SimilarityTransform.from_estimate` class constructor instead.
  tform.estimate(lmk, dst)
/opt/homebrew/lib/python3.12/site-packages/insightface/utils/face_align.py:23: FutureWarning: `estimate` is deprecated since version 0.26 and will be removed in version 2.2. Please use `SimilarityTransform.from_estimate` class constructor instead.
  tform.estimate(lmk, dst)
/opt/homebrew/lib/python3.12/site-packages/insightface/utils/face_align.py:23: FutureWarning: `estimate` is deprecated since version 0.26 and will be removed in version 2.2. Please use `SimilarityTransform.from_estimate` class constructor instead.
  tform.estimate(lmk, dst)
/opt/homebrew/lib/python3.12/site-packages/insightface/utils/face_align.py:23: FutureWarning: `estimate` is deprecated since version 0.26 and will be removed in version 2.2. Please use `SimilarityTransform.from_estimate` class constructor instead.
  tform.estimate(lmk, dst)
/opt/homebrew/lib/python3.12/site-packages/insightface/utils/face_align.py:23: FutureWarning: `estimate` is deprecated since version 0.26 and will be removed in version 2.2. Please use `SimilarityTransform.from_estimate` class constructor instead.
  tform.estimate(lmk, dst)
/opt/homebrew/lib/python3.12/site-packages/insightface/utils/face_align.py:23: FutureWarning: `estimate` is deprecated since version 0.26 and will be removed in version 2.2. Please use `SimilarityTransform.from_estimate` class constructor instead.
  tform.estimate(lmk, dst)
/opt/homebrew/lib/python3.12/site-packages/insightface/utils/face_align.py:23: FutureWarning: `estimate` is deprecated since version 0.26 and will be removed in version 2.2. Please use `SimilarityTransform.from_estimate` class constructor instead.
  tform.estimate(lmk, dst)
/opt/homebrew/lib/python3.12/site-packages/insightface/utils/face_align.py:23: FutureWarning: `estimate` is deprecated since version 0.26 and will be removed in version 2.2. Please use `SimilarityTransform.from_estimate` class constructor instead.
  tform.estimate(lmk, dst)
/opt/homebrew/lib/python3.12/site-packages/insightface/utils/face_align.py:23: FutureWarning: `estimate` is deprecated since version 0.26 and will be removed in version 2.2. Please use `SimilarityTransform.from_estimate` class constructor instead.
  tform.estimate(lmk, dst)
/opt/homebrew/lib/python3.12/site-packages/insightface/utils/face_align.py:23: FutureWarning: `estimate` is deprecated since version 0.26 and will be removed in version 2.2. Please use `SimilarityTransform.from_estimate` class constructor instead.
  tform.estimate(lmk, dst)
/opt/homebrew/lib/python3.12/site-packages/insightface/utils/face_align.py:23: FutureWarning: `estimate` is deprecated since version 0.26 and will be removed in version 2.2. Please use `SimilarityTransform.from_estimate` class constructor instead.
  tform.estimate(lmk, dst)
/opt/homebrew/lib/python3.12/site-packages/insightface/utils/face_align.py:23: FutureWarning: `estimate` is deprecated since version 0.26 and will be removed in version 2.2. Please use `SimilarityTransform.from_estimate` class constructor instead.
  tform.estimate(lmk, dst)
/opt/homebrew/lib/python3.12/site-packages/insightface/utils/face_align.py:23: FutureWarning: `estimate` is deprecated since version 0.26 and will be removed in version 2.2. Please use `SimilarityTransform.from_estimate` class constructor instead.
  tform.estimate(lmk, dst)
/opt/homebrew/lib/python3.12/site-packages/insightface/utils/face_align.py:23: FutureWarning: `estimate` is deprecated since version 0.26 and will be removed in version 2.2. Please use `SimilarityTransform.from_estimate` class constructor instead.
  tform.estimate(lmk, dst)
/opt/homebrew/lib/python3.12/site-packages/insightface/utils/face_align.py:23: FutureWarning: `estimate` is deprecated since version 0.26 and will be removed in version 2.2. Please use `SimilarityTransform.from_estimate` class constructor instead.
  tform.estimate(lmk, dst)
/opt/homebrew/lib/python3.12/site-packages/insightface/utils/face_align.py:23: FutureWarning: `estimate` is deprecated since version 0.26 and will be removed in version 2.2. Please use `SimilarityTransform.from_estimate` class constructor instead.
  tform.estimate(lmk, dst)
/opt/homebrew/lib/python3.12/site-packages/insightface/utils/face_align.py:23: FutureWarning: `estimate` is deprecated since version 0.26 and will be removed in version 2.2. Please use `SimilarityTransform.from_estimate` class constructor instead.
  tform.estimate(lmk, dst)
/opt/homebrew/lib/python3.12/site-packages/insightface/utils/face_align.py:23: FutureWarning: `estimate` is deprecated since version 0.26 and will be removed in version 2.2. Please use `SimilarityTransform.from_estimate` class constructor instead.
  tform.estimate(lmk, dst)
/opt/homebrew/lib/python3.12/site-packages/insightface/utils/face_align.py:23: FutureWarning: `estimate` is deprecated since version 0.26 and will be removed in version 2.2. Please use `SimilarityTransform.from_estimate` class constructor instead.
  tform.estimate(lmk, dst)
/opt/homebrew/lib/python3.12/site-packages/insightface/utils/face_align.py:23: FutureWarning: `estimate` is deprecated since version 0.26 and will be removed in version 2.2. Please use `SimilarityTransform.from_estimate` class constructor instead.
  tform.estimate(lmk, dst)
/opt/homebrew/lib/python3.12/site-packages/insightface/utils/face_align.py:23: FutureWarning: `estimate` is deprecated since version 0.26 and will be removed in version 2.2. Please use `SimilarityTransform.from_estimate` class constructor instead.
  tform.estimate(lmk, dst)
/opt/homebrew/lib/python3.12/site-packages/insightface/utils/face_align.py:23: FutureWarning: `estimate` is deprecated since version 0.26 and will be removed in version 2.2. Please use `SimilarityTransform.from_estimate` class constructor instead.
  tform.estimate(lmk, dst)
/opt/homebrew/lib/python3.12/site-packages/insightface/utils/face_align.py:23: FutureWarning: `estimate` is deprecated since version 0.26 and will be removed in version 2.2. Please use `SimilarityTransform.from_estimate` class constructor instead.
  tform.estimate(lmk, dst)
/opt/homebrew/lib/python3.12/site-packages/insightface/utils/face_align.py:23: FutureWarning: `estimate` is deprecated since version 0.26 and will be removed in version 2.2. Please use `SimilarityTransform.from_estimate` class constructor instead.
  tform.estimate(lmk, dst)
/opt/homebrew/lib/python3.12/site-packages/insightface/utils/face_align.py:23: FutureWarning: `estimate` is deprecated since version 0.26 and will be removed in version 2.2. Please use `SimilarityTransform.from_estimate` class constructor instead.
  tform.estimate(lmk, dst)
/opt/homebrew/lib/python3.12/site-packages/insightface/utils/face_align.py:23: FutureWarning: `estimate` is deprecated since version 0.26 and will be removed in version 2.2. Please use `SimilarityTransform.from_estimate` class constructor instead.
  tform.estimate(lmk, dst)
/opt/homebrew/lib/python3.12/site-packages/insightface/utils/face_align.py:23: FutureWarning: `estimate` is deprecated since version 0.26 and will be removed in version 2.2. Please use `SimilarityTransform.from_estimate` class constructor instead.
  tform.estimate(lmk, dst)
/opt/homebrew/lib/python3.12/site-packages/insightface/utils/face_align.py:23: FutureWarning: `estimate` is deprecated since version 0.26 and will be removed in version 2.2. Please use `SimilarityTransform.from_estimate` class constructor instead.
  tform.estimate(lmk, dst)
/opt/homebrew/lib/python3.12/site-packages/insightface/utils/face_align.py:23: FutureWarning: `estimate` is deprecated since version 0.26 and will be removed in version 2.2. Please use `SimilarityTransform.from_estimate` class constructor instead.
  tform.estimate(lmk, dst)
/opt/homebrew/lib/python3.12/site-packages/insightface/utils/face_align.py:23: FutureWarning: `estimate` is deprecated since version 0.26 and will be removed in version 2.2. Please use `SimilarityTransform.from_estimate` class constructor instead.
  tform.estimate(lmk, dst)
/opt/homebrew/lib/python3.12/site-packages/insightface/utils/face_align.py:23: FutureWarning: `estimate` is deprecated since version 0.26 and will be removed in version 2.2. Please use `SimilarityTransform.from_estimate` class constructor instead.
  tform.estimate(lmk, dst)
/opt/homebrew/lib/python3.12/site-packages/insightface/utils/face_align.py:23: FutureWarning: `estimate` is deprecated since version 0.26 and will be removed in version 2.2. Please use `SimilarityTransform.from_estimate` class constructor instead.
  tform.estimate(lmk, dst)
/opt/homebrew/lib/python3.12/site-packages/insightface/utils/face_align.py:23: FutureWarning: `estimate` is deprecated since version 0.26 and will be removed in version 2.2. Please use `SimilarityTransform.from_estimate` class constructor instead.
  tform.estimate(lmk, dst)
/opt/homebrew/lib/python3.12/site-packages/insightface/utils/face_align.py:23: FutureWarning: `estimate` is deprecated since version 0.26 and will be removed in version 2.2. Please use `SimilarityTransform.from_estimate` class constructor instead.
  tform.estimate(lmk, dst)
/opt/homebrew/lib/python3.12/site-packages/insightface/utils/face_align.py:23: FutureWarning: `estimate` is deprecated since version 0.26 and will be removed in version 2.2. Please use `SimilarityTransform.from_estimate` class constructor instead.
  tform.estimate(lmk, dst)
/opt/homebrew/lib/python3.12/site-packages/insightface/utils/face_align.py:23: FutureWarning: `estimate` is deprecated since version 0.26 and will be removed in version 2.2. Please use `SimilarityTransform.from_estimate` class constructor instead.
  tform.estimate(lmk, dst)
/opt/homebrew/lib/python3.12/site-packages/insightface/utils/face_align.py:23: FutureWarning: `estimate` is deprecated since version 0.26 and will be removed in version 2.2. Please use `SimilarityTransform.from_estimate` class constructor instead.
  tform.estimate(lmk, dst)
/opt/homebrew/lib/python3.12/site-packages/insightface/utils/face_align.py:23: FutureWarning: `estimate` is deprecated since version 0.26 and will be removed in version 2.2. Please use `SimilarityTransform.from_estimate` class constructor instead.
  tform.estimate(lmk, dst)
/opt/homebrew/lib/python3.12/site-packages/insightface/utils/face_align.py:23: FutureWarning: `estimate` is deprecated since version 0.26 and will be removed in version 2.2. Please use `SimilarityTransform.from_estimate` class constructor instead.
  tform.estimate(lmk, dst)
/opt/homebrew/lib/python3.12/site-packages/insightface/utils/face_align.py:23: FutureWarning: `estimate` is deprecated since version 0.26 and will be removed in version 2.2. Please use `SimilarityTransform.from_estimate` class constructor instead.
  tform.estimate(lmk, dst)
/opt/homebrew/lib/python3.12/site-packages/insightface/utils/face_align.py:23: FutureWarning: `estimate` is deprecated since version 0.26 and will be removed in version 2.2. Please use `SimilarityTransform.from_estimate` class constructor instead.
  tform.estimate(lmk, dst)
/opt/homebrew/lib/python3.12/site-packages/insightface/utils/face_align.py:23: FutureWarning: `estimate` is deprecated since version 0.26 and will be removed in version 2.2. Please use `SimilarityTransform.from_estimate` class constructor instead.
  tform.estimate(lmk, dst)
/opt/homebrew/lib/python3.12/site-packages/insightface/utils/face_align.py:23: FutureWarning: `estimate` is deprecated since version 0.26 and will be removed in version 2.2. Please use `SimilarityTransform.from_estimate` class constructor instead.
  tform.estimate(lmk, dst)
/opt/homebrew/lib/python3.12/site-packages/insightface/utils/face_align.py:23: FutureWarning: `estimate` is deprecated since version 0.26 and will be removed in version 2.2. Please use `SimilarityTransform.from_estimate` class constructor instead.
  tform.estimate(lmk, dst)
/opt/homebrew/lib/python3.12/site-packages/insightface/utils/face_align.py:23: FutureWarning: `estimate` is deprecated since version 0.26 and will be removed in version 2.2. Please use `SimilarityTransform.from_estimate` class constructor instead.
  tform.estimate(lmk, dst)
/opt/homebrew/lib/python3.12/site-packages/insightface/utils/face_align.py:23: FutureWarning: `estimate` is deprecated since version 0.26 and will be removed in version 2.2. Please use `SimilarityTransform.from_estimate` class constructor instead.
  tform.estimate(lmk, dst)
/opt/homebrew/lib/python3.12/site-packages/insightface/utils/face_align.py:23: FutureWarning: `estimate` is deprecated since version 0.26 and will be removed in version 2.2. Please use `SimilarityTransform.from_estimate` class constructor instead.
  tform.estimate(lmk, dst)
/opt/homebrew/lib/python3.12/site-packages/insightface/utils/face_align.py:23: FutureWarning: `estimate` is deprecated since version 0.26 and will be removed in version 2.2. Please use `SimilarityTransform.from_estimate` class constructor instead.
  tform.estimate(lmk, dst)
/opt/homebrew/lib/python3.12/site-packages/insightface/utils/face_align.py:23: FutureWarning: `estimate` is deprecated since version 0.26 and will be removed in version 2.2. Please use `SimilarityTransform.from_estimate` class constructor instead.
  tform.estimate(lmk, dst)
/opt/homebrew/lib/python3.12/site-packages/insightface/utils/face_align.py:23: FutureWarning: `estimate` is deprecated since version 0.26 and will be removed in version 2.2. Please use `SimilarityTransform.from_estimate` class constructor instead.
  tform.estimate(lmk, dst)
/opt/homebrew/lib/python3.12/site-packages/insightface/utils/face_align.py:23: FutureWarning: `estimate` is deprecated since version 0.26 and will be removed in version 2.2. Please use `SimilarityTransform.from_estimate` class constructor instead.
  tform.estimate(lmk, dst)
/opt/homebrew/lib/python3.12/site-packages/insightface/utils/face_align.py:23: FutureWarning: `estimate` is deprecated since version 0.26 and will be removed in version 2.2. Please use `SimilarityTransform.from_estimate` class constructor instead.
  tform.estimate(lmk, dst)
/opt/homebrew/lib/python3.12/site-packages/insightface/utils/face_align.py:23: FutureWarning: `estimate` is deprecated since version 0.26 and will be removed in version 2.2. Please use `SimilarityTransform.from_estimate` class constructor instead.
  tform.estimate(lmk, dst)
/opt/homebrew/lib/python3.12/site-packages/insightface/utils/face_align.py:23: FutureWarning: `estimate` is deprecated since version 0.26 and will be removed in version 2.2. Please use `SimilarityTransform.from_estimate` class constructor instead.
  tform.estimate(lmk, dst)
/opt/homebrew/lib/python3.12/site-packages/insightface/utils/face_align.py:23: FutureWarning: `estimate` is deprecated since version 0.26 and will be removed in version 2.2. Please use `SimilarityTransform.from_estimate` class constructor instead.
  tform.estimate(lmk, dst)
/opt/homebrew/lib/python3.12/site-packages/insightface/utils/face_align.py:23: FutureWarning: `estimate` is deprecated since version 0.26 and will be removed in version 2.2. Please use `SimilarityTransform.from_estimate` class constructor instead.
  tform.estimate(lmk, dst)
/opt/homebrew/lib/python3.12/site-packages/insightface/utils/face_align.py:23: FutureWarning: `estimate` is deprecated since version 0.26 and will be removed in version 2.2. Please use `SimilarityTransform.from_estimate` class constructor instead.
  tform.estimate(lmk, dst)
/opt/homebrew/lib/python3.12/site-packages/insightface/utils/face_align.py:23: FutureWarning: `estimate` is deprecated since version 0.26 and will be removed in version 2.2. Please use `SimilarityTransform.from_estimate` class constructor instead.
  tform.estimate(lmk, dst)
/opt/homebrew/lib/python3.12/site-packages/insightface/utils/face_align.py:23: FutureWarning: `estimate` is deprecated since version 0.26 and will be removed in version 2.2. Please use `SimilarityTransform.from_estimate` class constructor instead.
  tform.estimate(lmk, dst)
/opt/homebrew/lib/python3.12/site-packages/insightface/utils/face_align.py:23: FutureWarning: `estimate` is deprecated since version 0.26 and will be removed in version 2.2. Please use `SimilarityTransform.from_estimate` class constructor instead.
  tform.estimate(lmk, dst)
/opt/homebrew/lib/python3.12/site-packages/insightface/utils/face_align.py:23: FutureWarning: `estimate` is deprecated since version 0.26 and will be removed in version 2.2. Please use `SimilarityTransform.from_estimate` class constructor instead.
  tform.estimate(lmk, dst)
/opt/homebrew/lib/python3.12/site-packages/insightface/utils/face_align.py:23: FutureWarning: `estimate` is deprecated since version 0.26 and will be removed in version 2.2. Please use `SimilarityTransform.from_estimate` class constructor instead.
  tform.estimate(lmk, dst)
/opt/homebrew/lib/python3.12/site-packages/insightface/utils/face_align.py:23: FutureWarning: `estimate` is deprecated since version 0.26 and will be removed in version 2.2. Please use `SimilarityTransform.from_estimate` class constructor instead.
  tform.estimate(lmk, dst)
/opt/homebrew/lib/python3.12/site-packages/insightface/utils/face_align.py:23: FutureWarning: `estimate` is deprecated since version 0.26 and will be removed in version 2.2. Please use `SimilarityTransform.from_estimate` class constructor instead.
  tform.estimate(lmk, dst)
/opt/homebrew/lib/python3.12/site-packages/insightface/utils/face_align.py:23: FutureWarning: `estimate` is deprecated since version 0.26 and will be removed in version 2.2. Please use `SimilarityTransform.from_estimate` class constructor instead.
  tform.estimate(lmk, dst)
/opt/homebrew/lib/python3.12/site-packages/insightface/utils/face_align.py:23: FutureWarning: `estimate` is deprecated since version 0.26 and will be removed in version 2.2. Please use `SimilarityTransform.from_estimate` class constructor instead.
  tform.estimate(lmk, dst)
/opt/homebrew/lib/python3.12/site-packages/insightface/utils/face_align.py:23: FutureWarning: `estimate` is deprecated since version 0.26 and will be removed in version 2.2. Please use `SimilarityTransform.from_estimate` class constructor instead.
  tform.estimate(lmk, dst)
/opt/homebrew/lib/python3.12/site-packages/insightface/utils/face_align.py:23: FutureWarning: `estimate` is deprecated since version 0.26 and will be removed in version 2.2. Please use `SimilarityTransform.from_estimate` class constructor instead.
  tform.estimate(lmk, dst)
/opt/homebrew/lib/python3.12/site-packages/insightface/utils/face_align.py:23: FutureWarning: `estimate` is deprecated since version 0.26 and will be removed in version 2.2. Please use `SimilarityTransform.from_estimate` class constructor instead.
  tform.estimate(lmk, dst)
/opt/homebrew/lib/python3.12/site-packages/insightface/utils/face_align.py:23: FutureWarning: `estimate` is deprecated since version 0.26 and will be removed in version 2.2. Please use `SimilarityTransform.from_estimate` class constructor instead.
  tform.estimate(lmk, dst)
/opt/homebrew/lib/python3.12/site-packages/insightface/utils/face_align.py:23: FutureWarning: `estimate` is deprecated since version 0.26 and will be removed in version 2.2. Please use `SimilarityTransform.from_estimate` class constructor instead.
  tform.estimate(lmk, dst)
/opt/homebrew/lib/python3.12/site-packages/insightface/utils/face_align.py:23: FutureWarning: `estimate` is deprecated since version 0.26 and will be removed in version 2.2. Please use `SimilarityTransform.from_estimate` class constructor instead.
  tform.estimate(lmk, dst)
/opt/homebrew/lib/python3.12/site-packages/insightface/utils/face_align.py:23: FutureWarning: `estimate` is deprecated since version 0.26 and will be removed in version 2.2. Please use `SimilarityTransform.from_estimate` class constructor instead.
  tform.estimate(lmk, dst)
/opt/homebrew/lib/python3.12/site-packages/insightface/utils/face_align.py:23: FutureWarning: `estimate` is deprecated since version 0.26 and will be removed in version 2.2. Please use `SimilarityTransform.from_estimate` class constructor instead.
  tform.estimate(lmk, dst)
/opt/homebrew/lib/python3.12/site-packages/insightface/utils/face_align.py:23: FutureWarning: `estimate` is deprecated since version 0.26 and will be removed in version 2.2. Please use `SimilarityTransform.from_estimate` class constructor instead.
  tform.estimate(lmk, dst)
/opt/homebrew/lib/python3.12/site-packages/insightface/utils/face_align.py:23: FutureWarning: `estimate` is deprecated since version 0.26 and will be removed in version 2.2. Please use `SimilarityTransform.from_estimate` class constructor instead.
  tform.estimate(lmk, dst)
/opt/homebrew/lib/python3.12/site-packages/insightface/utils/face_align.py:23: FutureWarning: `estimate` is deprecated since version 0.26 and will be removed in version 2.2. Please use `SimilarityTransform.from_estimate` class constructor instead.
  tform.estimate(lmk, dst)
/opt/homebrew/lib/python3.12/site-packages/insightface/utils/face_align.py:23: FutureWarning: `estimate` is deprecated since version 0.26 and will be removed in version 2.2. Please use `SimilarityTransform.from_estimate` class constructor instead.
  tform.estimate(lmk, dst)
/opt/homebrew/lib/python3.12/site-packages/insightface/utils/face_align.py:23: FutureWarning: `estimate` is deprecated since version 0.26 and will be removed in version 2.2. Please use `SimilarityTransform.from_estimate` class constructor instead.
  tform.estimate(lmk, dst)
/opt/homebrew/lib/python3.12/site-packages/insightface/utils/face_align.py:23: FutureWarning: `estimate` is deprecated since version 0.26 and will be removed in version 2.2. Please use `SimilarityTransform.from_estimate` class constructor instead.
  tform.estimate(lmk, dst)
/opt/homebrew/lib/python3.12/site-packages/insightface/utils/face_align.py:23: FutureWarning: `estimate` is deprecated since version 0.26 and will be removed in version 2.2. Please use `SimilarityTransform.from_estimate` class constructor instead.
  tform.estimate(lmk, dst)
/opt/homebrew/lib/python3.12/site-packages/insightface/utils/face_align.py:23: FutureWarning: `estimate` is deprecated since version 0.26 and will be removed in version 2.2. Please use `SimilarityTransform.from_estimate` class constructor instead.
  tform.estimate(lmk, dst)
/opt/homebrew/lib/python3.12/site-packages/insightface/utils/face_align.py:23: FutureWarning: `estimate` is deprecated since version 0.26 and will be removed in version 2.2. Please use `SimilarityTransform.from_estimate` class constructor instead.
  tform.estimate(lmk, dst)
/opt/homebrew/lib/python3.12/site-packages/insightface/utils/face_align.py:23: FutureWarning: `estimate` is deprecated since version 0.26 and will be removed in version 2.2. Please use `SimilarityTransform.from_estimate` class constructor instead.
  tform.estimate(lmk, dst)
/opt/homebrew/lib/python3.12/site-packages/insightface/utils/face_align.py:23: FutureWarning: `estimate` is deprecated since version 0.26 and will be removed in version 2.2. Please use `SimilarityTransform.from_estimate` class constructor instead.
  tform.estimate(lmk, dst)
/opt/homebrew/lib/python3.12/site-packages/insightface/utils/face_align.py:23: FutureWarning: `estimate` is deprecated since version 0.26 and will be removed in version 2.2. Please use `SimilarityTransform.from_estimate` class constructor instead.
  tform.estimate(lmk, dst)
/opt/homebrew/lib/python3.12/site-packages/insightface/utils/face_align.py:23: FutureWarning: `estimate` is deprecated since version 0.26 and will be removed in version 2.2. Please use `SimilarityTransform.from_estimate` class constructor instead.
  tform.estimate(lmk, dst)
/opt/homebrew/lib/python3.12/site-packages/insightface/utils/face_align.py:23: FutureWarning: `estimate` is deprecated since version 0.26 and will be removed in version 2.2. Please use `SimilarityTransform.from_estimate` class constructor instead.
  tform.estimate(lmk, dst)
/opt/homebrew/lib/python3.12/site-packages/insightface/utils/face_align.py:23: FutureWarning: `estimate` is deprecated since version 0.26 and will be removed in version 2.2. Please use `SimilarityTransform.from_estimate` class constructor instead.
  tform.estimate(lmk, dst)
/opt/homebrew/lib/python3.12/site-packages/insightface/utils/face_align.py:23: FutureWarning: `estimate` is deprecated since version 0.26 and will be removed in version 2.2. Please use `SimilarityTransform.from_estimate` class constructor instead.
  tform.estimate(lmk, dst)
/opt/homebrew/lib/python3.12/site-packages/insightface/utils/face_align.py:23: FutureWarning: `estimate` is deprecated since version 0.26 and will be removed in version 2.2. Please use `SimilarityTransform.from_estimate` class constructor instead.
  tform.estimate(lmk, dst)
/opt/homebrew/lib/python3.12/site-packages/insightface/utils/face_align.py:23: FutureWarning: `estimate` is deprecated since version 0.26 and will be removed in version 2.2. Please use `SimilarityTransform.from_estimate` class constructor instead.
  tform.estimate(lmk, dst)
/opt/homebrew/lib/python3.12/site-packages/insightface/utils/face_align.py:23: FutureWarning: `estimate` is deprecated since version 0.26 and will be removed in version 2.2. Please use `SimilarityTransform.from_estimate` class constructor instead.
  tform.estimate(lmk, dst)
/opt/homebrew/lib/python3.12/site-packages/insightface/utils/face_align.py:23: FutureWarning: `estimate` is deprecated since version 0.26 and will be removed in version 2.2. Please use `SimilarityTransform.from_estimate` class constructor instead.
  tform.estimate(lmk, dst)
/opt/homebrew/lib/python3.12/site-packages/insightface/utils/face_align.py:23: FutureWarning: `estimate` is deprecated since version 0.26 and will be removed in version 2.2. Please use `SimilarityTransform.from_estimate` class constructor instead.
  tform.estimate(lmk, dst)
/opt/homebrew/lib/python3.12/site-packages/insightface/utils/face_align.py:23: FutureWarning: `estimate` is deprecated since version 0.26 and will be removed in version 2.2. Please use `SimilarityTransform.from_estimate` class constructor instead.
  tform.estimate(lmk, dst)
/opt/homebrew/lib/python3.12/site-packages/insightface/utils/face_align.py:23: FutureWarning: `estimate` is deprecated since version 0.26 and will be removed in version 2.2. Please use `SimilarityTransform.from_estimate` class constructor instead.
  tform.estimate(lmk, dst)
/opt/homebrew/lib/python3.12/site-packages/insightface/utils/face_align.py:23: FutureWarning: `estimate` is deprecated since version 0.26 and will be removed in version 2.2. Please use `SimilarityTransform.from_estimate` class constructor instead.
  tform.estimate(lmk, dst)
/opt/homebrew/lib/python3.12/site-packages/insightface/utils/face_align.py:23: FutureWarning: `estimate` is deprecated since version 0.26 and will be removed in version 2.2. Please use `SimilarityTransform.from_estimate` class constructor instead.
  tform.estimate(lmk, dst)
/opt/homebrew/lib/python3.12/site-packages/insightface/utils/face_align.py:23: FutureWarning: `estimate` is deprecated since version 0.26 and will be removed in version 2.2. Please use `SimilarityTransform.from_estimate` class constructor instead.
  tform.estimate(lmk, dst)
/opt/homebrew/lib/python3.12/site-packages/insightface/utils/face_align.py:23: FutureWarning: `estimate` is deprecated since version 0.26 and will be removed in version 2.2. Please use `SimilarityTransform.from_estimate` class constructor instead.
  tform.estimate(lmk, dst)
/opt/homebrew/lib/python3.12/site-packages/insightface/utils/face_align.py:23: FutureWarning: `estimate` is deprecated since version 0.26 and will be removed in version 2.2. Please use `SimilarityTransform.from_estimate` class constructor instead.
  tform.estimate(lmk, dst)
/opt/homebrew/lib/python3.12/site-packages/insightface/utils/face_align.py:23: FutureWarning: `estimate` is deprecated since version 0.26 and will be removed in version 2.2. Please use `SimilarityTransform.from_estimate` class constructor instead.
  tform.estimate(lmk, dst)
/opt/homebrew/lib/python3.12/site-packages/insightface/utils/face_align.py:23: FutureWarning: `estimate` is deprecated since version 0.26 and will be removed in version 2.2. Please use `SimilarityTransform.from_estimate` class constructor instead.
  tform.estimate(lmk, dst)
/opt/homebrew/lib/python3.12/site-packages/insightface/utils/face_align.py:23: FutureWarning: `estimate` is deprecated since version 0.26 and will be removed in version 2.2. Please use `SimilarityTransform.from_estimate` class constructor instead.
  tform.estimate(lmk, dst)
/opt/homebrew/lib/python3.12/site-packages/insightface/utils/face_align.py:23: FutureWarning: `estimate` is deprecated since version 0.26 and will be removed in version 2.2. Please use `SimilarityTransform.from_estimate` class constructor instead.
  tform.estimate(lmk, dst)
/opt/homebrew/lib/python3.12/site-packages/insightface/utils/face_align.py:23: FutureWarning: `estimate` is deprecated since version 0.26 and will be removed in version 2.2. Please use `SimilarityTransform.from_estimate` class constructor instead.
  tform.estimate(lmk, dst)
/opt/homebrew/lib/python3.12/site-packages/insightface/utils/face_align.py:23: FutureWarning: `estimate` is deprecated since version 0.26 and will be removed in version 2.2. Please use `SimilarityTransform.from_estimate` class constructor instead.
  tform.estimate(lmk, dst)
/opt/homebrew/lib/python3.12/site-packages/insightface/utils/face_align.py:23: FutureWarning: `estimate` is deprecated since version 0.26 and will be removed in version 2.2. Please use `SimilarityTransform.from_estimate` class constructor instead.
  tform.estimate(lmk, dst)
/opt/homebrew/lib/python3.12/site-packages/insightface/utils/face_align.py:23: FutureWarning: `estimate` is deprecated since version 0.26 and will be removed in version 2.2. Please use `SimilarityTransform.from_estimate` class constructor instead.
  tform.estimate(lmk, dst)
/opt/homebrew/lib/python3.12/site-packages/insightface/utils/face_align.py:23: FutureWarning: `estimate` is deprecated since version 0.26 and will be removed in version 2.2. Please use `SimilarityTransform.from_estimate` class constructor instead.
  tform.estimate(lmk, dst)
/opt/homebrew/lib/python3.12/site-packages/insightface/utils/face_align.py:23: FutureWarning: `estimate` is deprecated since version 0.26 and will be removed in version 2.2. Please use `SimilarityTransform.from_estimate` class constructor instead.
  tform.estimate(lmk, dst)
/opt/homebrew/lib/python3.12/site-packages/insightface/utils/face_align.py:23: FutureWarning: `estimate` is deprecated since version 0.26 and will be removed in version 2.2. Please use `SimilarityTransform.from_estimate` class constructor instead.
  tform.estimate(lmk, dst)
/opt/homebrew/lib/python3.12/site-packages/insightface/utils/face_align.py:23: FutureWarning: `estimate` is deprecated since version 0.26 and will be removed in version 2.2. Please use `SimilarityTransform.from_estimate` class constructor instead.
  tform.estimate(lmk, dst)
/opt/homebrew/lib/python3.12/site-packages/insightface/utils/face_align.py:23: FutureWarning: `estimate` is deprecated since version 0.26 and will be removed in version 2.2. Please use `SimilarityTransform.from_estimate` class constructor instead.
  tform.estimate(lmk, dst)
/opt/homebrew/lib/python3.12/site-packages/insightface/utils/face_align.py:23: FutureWarning: `estimate` is deprecated since version 0.26 and will be removed in version 2.2. Please use `SimilarityTransform.from_estimate` class constructor instead.
  tform.estimate(lmk, dst)
/opt/homebrew/lib/python3.12/site-packages/insightface/utils/face_align.py:23: FutureWarning: `estimate` is deprecated since version 0.26 and will be removed in version 2.2. Please use `SimilarityTransform.from_estimate` class constructor instead.
  tform.estimate(lmk, dst)
/opt/homebrew/lib/python3.12/site-packages/insightface/utils/face_align.py:23: FutureWarning: `estimate` is deprecated since version 0.26 and will be removed in version 2.2. Please use `SimilarityTransform.from_estimate` class constructor instead.
  tform.estimate(lmk, dst)
/opt/homebrew/lib/python3.12/site-packages/insightface/utils/face_align.py:23: FutureWarning: `estimate` is deprecated since version 0.26 and will be removed in version 2.2. Please use `SimilarityTransform.from_estimate` class constructor instead.
  tform.estimate(lmk, dst)
/opt/homebrew/lib/python3.12/site-packages/insightface/utils/face_align.py:23: FutureWarning: `estimate` is deprecated since version 0.26 and will be removed in version 2.2. Please use `SimilarityTransform.from_estimate` class constructor instead.
  tform.estimate(lmk, dst)
/opt/homebrew/lib/python3.12/site-packages/insightface/utils/face_align.py:23: FutureWarning: `estimate` is deprecated since version 0.26 and will be removed in version 2.2. Please use `SimilarityTransform.from_estimate` class constructor instead.
  tform.estimate(lmk, dst)
/opt/homebrew/lib/python3.12/site-packages/insightface/utils/face_align.py:23: FutureWarning: `estimate` is deprecated since version 0.26 and will be removed in version 2.2. Please use `SimilarityTransform.from_estimate` class constructor instead.
  tform.estimate(lmk, dst)
/opt/homebrew/lib/python3.12/site-packages/insightface/utils/face_align.py:23: FutureWarning: `estimate` is deprecated since version 0.26 and will be removed in version 2.2. Please use `SimilarityTransform.from_estimate` class constructor instead.
  tform.estimate(lmk, dst)
/opt/homebrew/lib/python3.12/site-packages/insightface/utils/face_align.py:23: FutureWarning: `estimate` is deprecated since version 0.26 and will be removed in version 2.2. Please use `SimilarityTransform.from_estimate` class constructor instead.
  tform.estimate(lmk, dst)
/opt/homebrew/lib/python3.12/site-packages/insightface/utils/face_align.py:23: FutureWarning: `estimate` is deprecated since version 0.26 and will be removed in version 2.2. Please use `SimilarityTransform.from_estimate` class constructor instead.
  tform.estimate(lmk, dst)
/opt/homebrew/lib/python3.12/site-packages/insightface/utils/face_align.py:23: FutureWarning: `estimate` is deprecated since version 0.26 and will be removed in version 2.2. Please use `SimilarityTransform.from_estimate` class constructor instead.
  tform.estimate(lmk, dst)
/opt/homebrew/lib/python3.12/site-packages/insightface/utils/face_align.py:23: FutureWarning: `estimate` is deprecated since version 0.26 and will be removed in version 2.2. Please use `SimilarityTransform.from_estimate` class constructor instead.
  tform.estimate(lmk, dst)
/opt/homebrew/lib/python3.12/site-packages/insightface/utils/face_align.py:23: FutureWarning: `estimate` is deprecated since version 0.26 and will be removed in version 2.2. Please use `SimilarityTransform.from_estimate` class constructor instead.
  tform.estimate(lmk, dst)
/opt/homebrew/lib/python3.12/site-packages/insightface/utils/face_align.py:23: FutureWarning: `estimate` is deprecated since version 0.26 and will be removed in version 2.2. Please use `SimilarityTransform.from_estimate` class constructor instead.
  tform.estimate(lmk, dst)
/opt/homebrew/lib/python3.12/site-packages/insightface/utils/face_align.py:23: FutureWarning: `estimate` is deprecated since version 0.26 and will be removed in version 2.2. Please use `SimilarityTransform.from_estimate` class constructor instead.
  tform.estimate(lmk, dst)
/opt/homebrew/lib/python3.12/site-packages/insightface/utils/face_align.py:23: FutureWarning: `estimate` is deprecated since version 0.26 and will be removed in version 2.2. Please use `SimilarityTransform.from_estimate` class constructor instead.
  tform.estimate(lmk, dst)
/opt/homebrew/lib/python3.12/site-packages/insightface/utils/face_align.py:23: FutureWarning: `estimate` is deprecated since version 0.26 and will be removed in version 2.2. Please use `SimilarityTransform.from_estimate` class constructor instead.
  tform.estimate(lmk, dst)
/opt/homebrew/lib/python3.12/site-packages/insightface/utils/face_align.py:23: FutureWarning: `estimate` is deprecated since version 0.26 and will be removed in version 2.2. Please use `SimilarityTransform.from_estimate` class constructor instead.
  tform.estimate(lmk, dst)
/opt/homebrew/lib/python3.12/site-packages/insightface/utils/face_align.py:23: FutureWarning: `estimate` is deprecated since version 0.26 and will be removed in version 2.2. Please use `SimilarityTransform.from_estimate` class constructor instead.
  tform.estimate(lmk, dst)
/opt/homebrew/lib/python3.12/site-packages/insightface/utils/face_align.py:23: FutureWarning: `estimate` is deprecated since version 0.26 and will be removed in version 2.2. Please use `SimilarityTransform.from_estimate` class constructor instead.
  tform.estimate(lmk, dst)
/opt/homebrew/lib/python3.12/site-packages/insightface/utils/face_align.py:23: FutureWarning: `estimate` is deprecated since version 0.26 and will be removed in version 2.2. Please use `SimilarityTransform.from_estimate` class constructor instead.
  tform.estimate(lmk, dst)
/opt/homebrew/lib/python3.12/site-packages/insightface/utils/face_align.py:23: FutureWarning: `estimate` is deprecated since version 0.26 and will be removed in version 2.2. Please use `SimilarityTransform.from_estimate` class constructor instead.
  tform.estimate(lmk, dst)
/opt/homebrew/lib/python3.12/site-packages/insightface/utils/face_align.py:23: FutureWarning: `estimate` is deprecated since version 0.26 and will be removed in version 2.2. Please use `SimilarityTransform.from_estimate` class constructor instead.
  tform.estimate(lmk, dst)
/opt/homebrew/lib/python3.12/site-packages/insightface/utils/face_align.py:23: FutureWarning: `estimate` is deprecated since version 0.26 and will be removed in version 2.2. Please use `SimilarityTransform.from_estimate` class constructor instead.
  tform.estimate(lmk, dst)
/opt/homebrew/lib/python3.12/site-packages/insightface/utils/face_align.py:23: FutureWarning: `estimate` is deprecated since version 0.26 and will be removed in version 2.2. Please use `SimilarityTransform.from_estimate` class constructor instead.
  tform.estimate(lmk, dst)
/opt/homebrew/lib/python3.12/site-packages/insightface/utils/face_align.py:23: FutureWarning: `estimate` is deprecated since version 0.26 and will be removed in version 2.2. Please use `SimilarityTransform.from_estimate` class constructor instead.
  tform.estimate(lmk, dst)
/opt/homebrew/lib/python3.12/site-packages/insightface/utils/face_align.py:23: FutureWarning: `estimate` is deprecated since version 0.26 and will be removed in version 2.2. Please use `SimilarityTransform.from_estimate` class constructor instead.
  tform.estimate(lmk, dst)
/opt/homebrew/lib/python3.12/site-packages/insightface/utils/face_align.py:23: FutureWarning: `estimate` is deprecated since version 0.26 and will be removed in version 2.2. Please use `SimilarityTransform.from_estimate` class constructor instead.
  tform.estimate(lmk, dst)
/opt/homebrew/lib/python3.12/site-packages/insightface/utils/face_align.py:23: FutureWarning: `estimate` is deprecated since version 0.26 and will be removed in version 2.2. Please use `SimilarityTransform.from_estimate` class constructor instead.
  tform.estimate(lmk, dst)
/opt/homebrew/lib/python3.12/site-packages/insightface/utils/face_align.py:23: FutureWarning: `estimate` is deprecated since version 0.26 and will be removed in version 2.2. Please use `SimilarityTransform.from_estimate` class constructor instead.
  tform.estimate(lmk, dst)
/opt/homebrew/lib/python3.12/site-packages/insightface/utils/face_align.py:23: FutureWarning: `estimate` is deprecated since version 0.26 and will be removed in version 2.2. Please use `SimilarityTransform.from_estimate` class constructor instead.
  tform.estimate(lmk, dst)
/opt/homebrew/lib/python3.12/site-packages/insightface/utils/face_align.py:23: FutureWarning: `estimate` is deprecated since version 0.26 and will be removed in version 2.2. Please use `SimilarityTransform.from_estimate` class constructor instead.
  tform.estimate(lmk, dst)
/opt/homebrew/lib/python3.12/site-packages/insightface/utils/face_align.py:23: FutureWarning: `estimate` is deprecated since version 0.26 and will be removed in version 2.2. Please use `SimilarityTransform.from_estimate` class constructor instead.
  tform.estimate(lmk, dst)
/opt/homebrew/lib/python3.12/site-packages/insightface/utils/face_align.py:23: FutureWarning: `estimate` is deprecated since version 0.26 and will be removed in version 2.2. Please use `SimilarityTransform.from_estimate` class constructor instead.
  tform.estimate(lmk, dst)
/opt/homebrew/lib/python3.12/site-packages/insightface/utils/face_align.py:23: FutureWarning: `estimate` is deprecated since version 0.26 and will be removed in version 2.2. Please use `SimilarityTransform.from_estimate` class constructor instead.
  tform.estimate(lmk, dst)
/opt/homebrew/lib/python3.12/site-packages/insightface/utils/face_align.py:23: FutureWarning: `estimate` is deprecated since version 0.26 and will be removed in version 2.2. Please use `SimilarityTransform.from_estimate` class constructor instead.
  tform.estimate(lmk, dst)
/opt/homebrew/lib/python3.12/site-packages/insightface/utils/face_align.py:23: FutureWarning: `estimate` is deprecated since version 0.26 and will be removed in version 2.2. Please use `SimilarityTransform.from_estimate` class constructor instead.
  tform.estimate(lmk, dst)
/opt/homebrew/lib/python3.12/site-packages/insightface/utils/face_align.py:23: FutureWarning: `estimate` is deprecated since version 0.26 and will be removed in version 2.2. Please use `SimilarityTransform.from_estimate` class constructor instead.
  tform.estimate(lmk, dst)
/opt/homebrew/lib/python3.12/site-packages/insightface/utils/face_align.py:23: FutureWarning: `estimate` is deprecated since version 0.26 and will be removed in version 2.2. Please use `SimilarityTransform.from_estimate` class constructor instead.
  tform.estimate(lmk, dst)
/opt/homebrew/lib/python3.12/site-packages/insightface/utils/face_align.py:23: FutureWarning: `estimate` is deprecated since version 0.26 and will be removed in version 2.2. Please use `SimilarityTransform.from_estimate` class constructor instead.
  tform.estimate(lmk, dst)
/opt/homebrew/lib/python3.12/site-packages/insightface/utils/face_align.py:23: FutureWarning: `estimate` is deprecated since version 0.26 and will be removed in version 2.2. Please use `SimilarityTransform.from_estimate` class constructor instead.
  tform.estimate(lmk, dst)
/opt/homebrew/lib/python3.12/site-packages/insightface/utils/face_align.py:23: FutureWarning: `estimate` is deprecated since version 0.26 and will be removed in version 2.2. Please use `SimilarityTransform.from_estimate` class constructor instead.
  tform.estimate(lmk, dst)
/opt/homebrew/lib/python3.12/site-packages/insightface/utils/face_align.py:23: FutureWarning: `estimate` is deprecated since version 0.26 and will be removed in version 2.2. Please use `SimilarityTransform.from_estimate` class constructor instead.
  tform.estimate(lmk, dst)
/opt/homebrew/lib/python3.12/site-packages/insightface/utils/face_align.py:23: FutureWarning: `estimate` is deprecated since version 0.26 and will be removed in version 2.2. Please use `SimilarityTransform.from_estimate` class constructor instead.
  tform.estimate(lmk, dst)
/opt/homebrew/lib/python3.12/site-packages/insightface/utils/face_align.py:23: FutureWarning: `estimate` is deprecated since version 0.26 and will be removed in version 2.2. Please use `SimilarityTransform.from_estimate` class constructor instead.
  tform.estimate(lmk, dst)
/opt/homebrew/lib/python3.12/site-packages/insightface/utils/face_align.py:23: FutureWarning: `estimate` is deprecated since version 0.26 and will be removed in version 2.2. Please use `SimilarityTransform.from_estimate` class constructor instead.
  tform.estimate(lmk, dst)
/opt/homebrew/lib/python3.12/site-packages/insightface/utils/face_align.py:23: FutureWarning: `estimate` is deprecated since version 0.26 and will be removed in version 2.2. Please use `SimilarityTransform.from_estimate` class constructor instead.
  tform.estimate(lmk, dst)
/opt/homebrew/lib/python3.12/site-packages/insightface/utils/face_align.py:23: FutureWarning: `estimate` is deprecated since version 0.26 and will be removed in version 2.2. Please use `SimilarityTransform.from_estimate` class constructor instead.
  tform.estimate(lmk, dst)
/opt/homebrew/lib/python3.12/site-packages/insightface/utils/face_align.py:23: FutureWarning: `estimate` is deprecated since version 0.26 and will be removed in version 2.2. Please use `SimilarityTransform.from_estimate` class constructor instead.
  tform.estimate(lmk, dst)
/opt/homebrew/lib/python3.12/site-packages/insightface/utils/face_align.py:23: FutureWarning: `estimate` is deprecated since version 0.26 and will be removed in version 2.2. Please use `SimilarityTransform.from_estimate` class constructor instead.
  tform.estimate(lmk, dst)
/opt/homebrew/lib/python3.12/site-packages/insightface/utils/face_align.py:23: FutureWarning: `estimate` is deprecated since version 0.26 and will be removed in version 2.2. Please use `SimilarityTransform.from_estimate` class constructor instead.
  tform.estimate(lmk, dst)
/opt/homebrew/lib/python3.12/site-packages/insightface/utils/face_align.py:23: FutureWarning: `estimate` is deprecated since version 0.26 and will be removed in version 2.2. Please use `SimilarityTransform.from_estimate` class constructor instead.
  tform.estimate(lmk, dst)
/opt/homebrew/lib/python3.12/site-packages/insightface/utils/face_align.py:23: FutureWarning: `estimate` is deprecated since version 0.26 and will be removed in version 2.2. Please use `SimilarityTransform.from_estimate` class constructor instead.
  tform.estimate(lmk, dst)
/opt/homebrew/lib/python3.12/site-packages/insightface/utils/face_align.py:23: FutureWarning: `estimate` is deprecated since version 0.26 and will be removed in version 2.2. Please use `SimilarityTransform.from_estimate` class constructor instead.
  tform.estimate(lmk, dst)
/opt/homebrew/lib/python3.12/site-packages/insightface/utils/face_align.py:23: FutureWarning: `estimate` is deprecated since version 0.26 and will be removed in version 2.2. Please use `SimilarityTransform.from_estimate` class constructor instead.
  tform.estimate(lmk, dst)
/opt/homebrew/lib/python3.12/site-packages/insightface/utils/face_align.py:23: FutureWarning: `estimate` is deprecated since version 0.26 and will be removed in version 2.2. Please use `SimilarityTransform.from_estimate` class constructor instead.
  tform.estimate(lmk, dst)
/opt/homebrew/lib/python3.12/site-packages/insightface/utils/face_align.py:23: FutureWarning: `estimate` is deprecated since version 0.26 and will be removed in version 2.2. Please use `SimilarityTransform.from_estimate` class constructor instead.
  tform.estimate(lmk, dst)
/opt/homebrew/lib/python3.12/site-packages/insightface/utils/face_align.py:23: FutureWarning: `estimate` is deprecated since version 0.26 and will be removed in version 2.2. Please use `SimilarityTransform.from_estimate` class constructor instead.
  tform.estimate(lmk, dst)
/opt/homebrew/lib/python3.12/site-packages/insightface/utils/face_align.py:23: FutureWarning: `estimate` is deprecated since version 0.26 and will be removed in version 2.2. Please use `SimilarityTransform.from_estimate` class constructor instead.
  tform.estimate(lmk, dst)
/opt/homebrew/lib/python3.12/site-packages/insightface/utils/face_align.py:23: FutureWarning: `estimate` is deprecated since version 0.26 and will be removed in version 2.2. Please use `SimilarityTransform.from_estimate` class constructor instead.
  tform.estimate(lmk, dst)
/opt/homebrew/lib/python3.12/site-packages/insightface/utils/face_align.py:23: FutureWarning: `estimate` is deprecated since version 0.26 and will be removed in version 2.2. Please use `SimilarityTransform.from_estimate` class constructor instead.
  tform.estimate(lmk, dst)
/opt/homebrew/lib/python3.12/site-packages/insightface/utils/face_align.py:23: FutureWarning: `estimate` is deprecated since version 0.26 and will be removed in version 2.2. Please use `SimilarityTransform.from_estimate` class constructor instead.
  tform.estimate(lmk, dst)
/opt/homebrew/lib/python3.12/site-packages/insightface/utils/face_align.py:23: FutureWarning: `estimate` is deprecated since version 0.26 and will be removed in version 2.2. Please use `SimilarityTransform.from_estimate` class constructor instead.
  tform.estimate(lmk, dst)
/opt/homebrew/lib/python3.12/site-packages/insightface/utils/face_align.py:23: FutureWarning: `estimate` is deprecated since version 0.26 and will be removed in version 2.2. Please use `SimilarityTransform.from_estimate` class constructor instead.
  tform.estimate(lmk, dst)
/opt/homebrew/lib/python3.12/site-packages/insightface/utils/face_align.py:23: FutureWarning: `estimate` is deprecated since version 0.26 and will be removed in version 2.2. Please use `SimilarityTransform.from_estimate` class constructor instead.
  tform.estimate(lmk, dst)
/opt/homebrew/lib/python3.12/site-packages/insightface/utils/face_align.py:23: FutureWarning: `estimate` is deprecated since version 0.26 and will be removed in version 2.2. Please use `SimilarityTransform.from_estimate` class constructor instead.
  tform.estimate(lmk, dst)
/opt/homebrew/lib/python3.12/site-packages/insightface/utils/face_align.py:23: FutureWarning: `estimate` is deprecated since version 0.26 and will be removed in version 2.2. Please use `SimilarityTransform.from_estimate` class constructor instead.
  tform.estimate(lmk, dst)
/opt/homebrew/lib/python3.12/site-packages/insightface/utils/face_align.py:23: FutureWarning: `estimate` is deprecated since version 0.26 and will be removed in version 2.2. Please use `SimilarityTransform.from_estimate` class constructor instead.
  tform.estimate(lmk, dst)
/opt/homebrew/lib/python3.12/site-packages/insightface/utils/face_align.py:23: FutureWarning: `estimate` is deprecated since version 0.26 and will be removed in version 2.2. Please use `SimilarityTransform.from_estimate` class constructor instead.
  tform.estimate(lmk, dst)
/opt/homebrew/lib/python3.12/site-packages/insightface/utils/face_align.py:23: FutureWarning: `estimate` is deprecated since version 0.26 and will be removed in version 2.2. Please use `SimilarityTransform.from_estimate` class constructor instead.
  tform.estimate(lmk, dst)
/opt/homebrew/lib/python3.12/site-packages/insightface/utils/face_align.py:23: FutureWarning: `estimate` is deprecated since version 0.26 and will be removed in version 2.2. Please use `SimilarityTransform.from_estimate` class constructor instead.
  tform.estimate(lmk, dst)
/opt/homebrew/lib/python3.12/site-packages/insightface/utils/face_align.py:23: FutureWarning: `estimate` is deprecated since version 0.26 and will be removed in version 2.2. Please use `SimilarityTransform.from_estimate` class constructor instead.
  tform.estimate(lmk, dst)
/opt/homebrew/lib/python3.12/site-packages/insightface/utils/face_align.py:23: FutureWarning: `estimate` is deprecated since version 0.26 and will be removed in version 2.2. Please use `SimilarityTransform.from_estimate` class constructor instead.
  tform.estimate(lmk, dst)
/opt/homebrew/lib/python3.12/site-packages/insightface/utils/face_align.py:23: FutureWarning: `estimate` is deprecated since version 0.26 and will be removed in version 2.2. Please use `SimilarityTransform.from_estimate` class constructor instead.
  tform.estimate(lmk, dst)
/opt/homebrew/lib/python3.12/site-packages/insightface/utils/face_align.py:23: FutureWarning: `estimate` is deprecated since version 0.26 and will be removed in version 2.2. Please use `SimilarityTransform.from_estimate` class constructor instead.
  tform.estimate(lmk, dst)
/opt/homebrew/lib/python3.12/site-packages/insightface/utils/face_align.py:23: FutureWarning: `estimate` is deprecated since version 0.26 and will be removed in version 2.2. Please use `SimilarityTransform.from_estimate` class constructor instead.
  tform.estimate(lmk, dst)
/opt/homebrew/lib/python3.12/site-packages/insightface/utils/face_align.py:23: FutureWarning: `estimate` is deprecated since version 0.26 and will be removed in version 2.2. Please use `SimilarityTransform.from_estimate` class constructor instead.
  tform.estimate(lmk, dst)
/opt/homebrew/lib/python3.12/site-packages/insightface/utils/face_align.py:23: FutureWarning: `estimate` is deprecated since version 0.26 and will be removed in version 2.2. Please use `SimilarityTransform.from_estimate` class constructor instead.
  tform.estimate(lmk, dst)
/opt/homebrew/lib/python3.12/site-packages/insightface/utils/face_align.py:23: FutureWarning: `estimate` is deprecated since version 0.26 and will be removed in version 2.2. Please use `SimilarityTransform.from_estimate` class constructor instead.
  tform.estimate(lmk, dst)
/opt/homebrew/lib/python3.12/site-packages/insightface/utils/face_align.py:23: FutureWarning: `estimate` is deprecated since version 0.26 and will be removed in version 2.2. Please use `SimilarityTransform.from_estimate` class constructor instead.
  tform.estimate(lmk, dst)
/opt/homebrew/lib/python3.12/site-packages/insightface/utils/face_align.py:23: FutureWarning: `estimate` is deprecated since version 0.26 and will be removed in version 2.2. Please use `SimilarityTransform.from_estimate` class constructor instead.
  tform.estimate(lmk, dst)
/opt/homebrew/lib/python3.12/site-packages/insightface/utils/face_align.py:23: FutureWarning: `estimate` is deprecated since version 0.26 and will be removed in version 2.2. Please use `SimilarityTransform.from_estimate` class constructor instead.
  tform.estimate(lmk, dst)
/opt/homebrew/lib/python3.12/site-packages/insightface/utils/face_align.py:23: FutureWarning: `estimate` is deprecated since version 0.26 and will be removed in version 2.2. Please use `SimilarityTransform.from_estimate` class constructor instead.
  tform.estimate(lmk, dst)
/opt/homebrew/lib/python3.12/site-packages/insightface/utils/face_align.py:23: FutureWarning: `estimate` is deprecated since version 0.26 and will be removed in version 2.2. Please use `SimilarityTransform.from_estimate` class constructor instead.
  tform.estimate(lmk, dst)
/opt/homebrew/lib/python3.12/site-packages/insightface/utils/face_align.py:23: FutureWarning: `estimate` is deprecated since version 0.26 and will be removed in version 2.2. Please use `SimilarityTransform.from_estimate` class constructor instead.
  tform.estimate(lmk, dst)
/opt/homebrew/lib/python3.12/site-packages/insightface/utils/face_align.py:23: FutureWarning: `estimate` is deprecated since version 0.26 and will be removed in version 2.2. Please use `SimilarityTransform.from_estimate` class constructor instead.
  tform.estimate(lmk, dst)
/opt/homebrew/lib/python3.12/site-packages/insightface/utils/face_align.py:23: FutureWarning: `estimate` is deprecated since version 0.26 and will be removed in version 2.2. Please use `SimilarityTransform.from_estimate` class constructor instead.
  tform.estimate(lmk, dst)
/opt/homebrew/lib/python3.12/site-packages/insightface/utils/face_align.py:23: FutureWarning: `estimate` is deprecated since version 0.26 and will be removed in version 2.2. Please use `SimilarityTransform.from_estimate` class constructor instead.
  tform.estimate(lmk, dst)
/opt/homebrew/lib/python3.12/site-packages/insightface/utils/face_align.py:23: FutureWarning: `estimate` is deprecated since version 0.26 and will be removed in version 2.2. Please use `SimilarityTransform.from_estimate` class constructor instead.
  tform.estimate(lmk, dst)
/opt/homebrew/lib/python3.12/site-packages/insightface/utils/face_align.py:23: FutureWarning: `estimate` is deprecated since version 0.26 and will be removed in version 2.2. Please use `SimilarityTransform.from_estimate` class constructor instead.
  tform.estimate(lmk, dst)
/opt/homebrew/lib/python3.12/site-packages/insightface/utils/face_align.py:23: FutureWarning: `estimate` is deprecated since version 0.26 and will be removed in version 2.2. Please use `SimilarityTransform.from_estimate` class constructor instead.
  tform.estimate(lmk, dst)
/opt/homebrew/lib/python3.12/site-packages/insightface/utils/face_align.py:23: FutureWarning: `estimate` is deprecated since version 0.26 and will be removed in version 2.2. Please use `SimilarityTransform.from_estimate` class constructor instead.
  tform.estimate(lmk, dst)
/opt/homebrew/lib/python3.12/site-packages/insightface/utils/face_align.py:23: FutureWarning: `estimate` is deprecated since version 0.26 and will be removed in version 2.2. Please use `SimilarityTransform.from_estimate` class constructor instead.
  tform.estimate(lmk, dst)
/opt/homebrew/lib/python3.12/site-packages/insightface/utils/face_align.py:23: FutureWarning: `estimate` is deprecated since version 0.26 and will be removed in version 2.2. Please use `SimilarityTransform.from_estimate` class constructor instead.
  tform.estimate(lmk, dst)
/opt/homebrew/lib/python3.12/site-packages/insightface/utils/face_align.py:23: FutureWarning: `estimate` is deprecated since version 0.26 and will be removed in version 2.2. Please use `SimilarityTransform.from_estimate` class constructor instead.
  tform.estimate(lmk, dst)
/opt/homebrew/lib/python3.12/site-packages/insightface/utils/face_align.py:23: FutureWarning: `estimate` is deprecated since version 0.26 and will be removed in version 2.2. Please use `SimilarityTransform.from_estimate` class constructor instead.
  tform.estimate(lmk, dst)
/opt/homebrew/lib/python3.12/site-packages/insightface/utils/face_align.py:23: FutureWarning: `estimate` is deprecated since version 0.26 and will be removed in version 2.2. Please use `SimilarityTransform.from_estimate` class constructor instead.
  tform.estimate(lmk, dst)
/opt/homebrew/lib/python3.12/site-packages/insightface/utils/face_align.py:23: FutureWarning: `estimate` is deprecated since version 0.26 and will be removed in version 2.2. Please use `SimilarityTransform.from_estimate` class constructor instead.
  tform.estimate(lmk, dst)
/opt/homebrew/lib/python3.12/site-packages/insightface/utils/face_align.py:23: FutureWarning: `estimate` is deprecated since version 0.26 and will be removed in version 2.2. Please use `SimilarityTransform.from_estimate` class constructor instead.
  tform.estimate(lmk, dst)
/opt/homebrew/lib/python3.12/site-packages/insightface/utils/face_align.py:23: FutureWarning: `estimate` is deprecated since version 0.26 and will be removed in version 2.2. Please use `SimilarityTransform.from_estimate` class constructor instead.
  tform.estimate(lmk, dst)
/opt/homebrew/lib/python3.12/site-packages/insightface/utils/face_align.py:23: FutureWarning: `estimate` is deprecated since version 0.26 and will be removed in version 2.2. Please use `SimilarityTransform.from_estimate` class constructor instead.
  tform.estimate(lmk, dst)
/opt/homebrew/lib/python3.12/site-packages/insightface/utils/face_align.py:23: FutureWarning: `estimate` is deprecated since version 0.26 and will be removed in version 2.2. Please use `SimilarityTransform.from_estimate` class constructor instead.
  tform.estimate(lmk, dst)
/opt/homebrew/lib/python3.12/site-packages/insightface/utils/face_align.py:23: FutureWarning: `estimate` is deprecated since version 0.26 and will be removed in version 2.2. Please use `SimilarityTransform.from_estimate` class constructor instead.
  tform.estimate(lmk, dst)
/opt/homebrew/lib/python3.12/site-packages/insightface/utils/face_align.py:23: FutureWarning: `estimate` is deprecated since version 0.26 and will be removed in version 2.2. Please use `SimilarityTransform.from_estimate` class constructor instead.
  tform.estimate(lmk, dst)
/opt/homebrew/lib/python3.12/site-packages/insightface/utils/face_align.py:23: FutureWarning: `estimate` is deprecated since version 0.26 and will be removed in version 2.2. Please use `SimilarityTransform.from_estimate` class constructor instead.
  tform.estimate(lmk, dst)
/opt/homebrew/lib/python3.12/site-packages/insightface/utils/face_align.py:23: FutureWarning: `estimate` is deprecated since version 0.26 and will be removed in version 2.2. Please use `SimilarityTransform.from_estimate` class constructor instead.
  tform.estimate(lmk, dst)
/opt/homebrew/lib/python3.12/site-packages/insightface/utils/face_align.py:23: FutureWarning: `estimate` is deprecated since version 0.26 and will be removed in version 2.2. Please use `SimilarityTransform.from_estimate` class constructor instead.
  tform.estimate(lmk, dst)
/opt/homebrew/lib/python3.12/site-packages/insightface/utils/face_align.py:23: FutureWarning: `estimate` is deprecated since version 0.26 and will be removed in version 2.2. Please use `SimilarityTransform.from_estimate` class constructor instead.
  tform.estimate(lmk, dst)
/opt/homebrew/lib/python3.12/site-packages/insightface/utils/face_align.py:23: FutureWarning: `estimate` is deprecated since version 0.26 and will be removed in version 2.2. Please use `SimilarityTransform.from_estimate` class constructor instead.
  tform.estimate(lmk, dst)
/opt/homebrew/lib/python3.12/site-packages/insightface/utils/face_align.py:23: FutureWarning: `estimate` is deprecated since version 0.26 and will be removed in version 2.2. Please use `SimilarityTransform.from_estimate` class constructor instead.
  tform.estimate(lmk, dst)
/opt/homebrew/lib/python3.12/site-packages/insightface/utils/face_align.py:23: FutureWarning: `estimate` is deprecated since version 0.26 and will be removed in version 2.2. Please use `SimilarityTransform.from_estimate` class constructor instead.
  tform.estimate(lmk, dst)
/opt/homebrew/lib/python3.12/site-packages/insightface/utils/face_align.py:23: FutureWarning: `estimate` is deprecated since version 0.26 and will be removed in version 2.2. Please use `SimilarityTransform.from_estimate` class constructor instead.
  tform.estimate(lmk, dst)
/opt/homebrew/lib/python3.12/site-packages/insightface/utils/face_align.py:23: FutureWarning: `estimate` is deprecated since version 0.26 and will be removed in version 2.2. Please use `SimilarityTransform.from_estimate` class constructor instead.
  tform.estimate(lmk, dst)
/opt/homebrew/lib/python3.12/site-packages/insightface/utils/face_align.py:23: FutureWarning: `estimate` is deprecated since version 0.26 and will be removed in version 2.2. Please use `SimilarityTransform.from_estimate` class constructor instead.
  tform.estimate(lmk, dst)
/opt/homebrew/lib/python3.12/site-packages/insightface/utils/face_align.py:23: FutureWarning: `estimate` is deprecated since version 0.26 and will be removed in version 2.2. Please use `SimilarityTransform.from_estimate` class constructor instead.
  tform.estimate(lmk, dst)
/opt/homebrew/lib/python3.12/site-packages/insightface/utils/face_align.py:23: FutureWarning: `estimate` is deprecated since version 0.26 and will be removed in version 2.2. Please use `SimilarityTransform.from_estimate` class constructor instead.
  tform.estimate(lmk, dst)
/opt/homebrew/lib/python3.12/site-packages/insightface/utils/face_align.py:23: FutureWarning: `estimate` is deprecated since version 0.26 and will be removed in version 2.2. Please use `SimilarityTransform.from_estimate` class constructor instead.
  tform.estimate(lmk, dst)
/opt/homebrew/lib/python3.12/site-packages/insightface/utils/face_align.py:23: FutureWarning: `estimate` is deprecated since version 0.26 and will be removed in version 2.2. Please use `SimilarityTransform.from_estimate` class constructor instead.
  tform.estimate(lmk, dst)
/opt/homebrew/lib/python3.12/site-packages/insightface/utils/face_align.py:23: FutureWarning: `estimate` is deprecated since version 0.26 and will be removed in version 2.2. Please use `SimilarityTransform.from_estimate` class constructor instead.
  tform.estimate(lmk, dst)
/opt/homebrew/lib/python3.12/site-packages/insightface/utils/face_align.py:23: FutureWarning: `estimate` is deprecated since version 0.26 and will be removed in version 2.2. Please use `SimilarityTransform.from_estimate` class constructor instead.
  tform.estimate(lmk, dst)
/opt/homebrew/lib/python3.12/site-packages/insightface/utils/face_align.py:23: FutureWarning: `estimate` is deprecated since version 0.26 and will be removed in version 2.2. Please use `SimilarityTransform.from_estimate` class constructor instead.
  tform.estimate(lmk, dst)
/opt/homebrew/lib/python3.12/site-packages/insightface/utils/face_align.py:23: FutureWarning: `estimate` is deprecated since version 0.26 and will be removed in version 2.2. Please use `SimilarityTransform.from_estimate` class constructor instead.
  tform.estimate(lmk, dst)
/opt/homebrew/lib/python3.12/site-packages/insightface/utils/face_align.py:23: FutureWarning: `estimate` is deprecated since version 0.26 and will be removed in version 2.2. Please use `SimilarityTransform.from_estimate` class constructor instead.
  tform.estimate(lmk, dst)
/opt/homebrew/lib/python3.12/site-packages/insightface/utils/face_align.py:23: FutureWarning: `estimate` is deprecated since version 0.26 and will be removed in version 2.2. Please use `SimilarityTransform.from_estimate` class constructor instead.
  tform.estimate(lmk, dst)
/opt/homebrew/lib/python3.12/site-packages/insightface/utils/face_align.py:23: FutureWarning: `estimate` is deprecated since version 0.26 and will be removed in version 2.2. Please use `SimilarityTransform.from_estimate` class constructor instead.
  tform.estimate(lmk, dst)
/opt/homebrew/lib/python3.12/site-packages/insightface/utils/face_align.py:23: FutureWarning: `estimate` is deprecated since version 0.26 and will be removed in version 2.2. Please use `SimilarityTransform.from_estimate` class constructor instead.
  tform.estimate(lmk, dst)
/opt/homebrew/lib/python3.12/site-packages/insightface/utils/face_align.py:23: FutureWarning: `estimate` is deprecated since version 0.26 and will be removed in version 2.2. Please use `SimilarityTransform.from_estimate` class constructor instead.
  tform.estimate(lmk, dst)
/opt/homebrew/lib/python3.12/site-packages/insightface/utils/face_align.py:23: FutureWarning: `estimate` is deprecated since version 0.26 and will be removed in version 2.2. Please use `SimilarityTransform.from_estimate` class constructor instead.
  tform.estimate(lmk, dst)
/opt/homebrew/lib/python3.12/site-packages/insightface/utils/face_align.py:23: FutureWarning: `estimate` is deprecated since version 0.26 and will be removed in version 2.2. Please use `SimilarityTransform.from_estimate` class constructor instead.
  tform.estimate(lmk, dst)
/opt/homebrew/lib/python3.12/site-packages/insightface/utils/face_align.py:23: FutureWarning: `estimate` is deprecated since version 0.26 and will be removed in version 2.2. Please use `SimilarityTransform.from_estimate` class constructor instead.
  tform.estimate(lmk, dst)
/opt/homebrew/lib/python3.12/site-packages/insightface/utils/face_align.py:23: FutureWarning: `estimate` is deprecated since version 0.26 and will be removed in version 2.2. Please use `SimilarityTransform.from_estimate` class constructor instead.
  tform.estimate(lmk, dst)
/opt/homebrew/lib/python3.12/site-packages/insightface/utils/face_align.py:23: FutureWarning: `estimate` is deprecated since version 0.26 and will be removed in version 2.2. Please use `SimilarityTransform.from_estimate` class constructor instead.
  tform.estimate(lmk, dst)
/opt/homebrew/lib/python3.12/site-packages/insightface/utils/face_align.py:23: FutureWarning: `estimate` is deprecated since version 0.26 and will be removed in version 2.2. Please use `SimilarityTransform.from_estimate` class constructor instead.
  tform.estimate(lmk, dst)
/opt/homebrew/lib/python3.12/site-packages/insightface/utils/face_align.py:23: FutureWarning: `estimate` is deprecated since version 0.26 and will be removed in version 2.2. Please use `SimilarityTransform.from_estimate` class constructor instead.
  tform.estimate(lmk, dst)
/opt/homebrew/lib/python3.12/site-packages/insightface/utils/face_align.py:23: FutureWarning: `estimate` is deprecated since version 0.26 and will be removed in version 2.2. Please use `SimilarityTransform.from_estimate` class constructor instead.
  tform.estimate(lmk, dst)
/opt/homebrew/lib/python3.12/site-packages/insightface/utils/face_align.py:23: FutureWarning: `estimate` is deprecated since version 0.26 and will be removed in version 2.2. Please use `SimilarityTransform.from_estimate` class constructor instead.
  tform.estimate(lmk, dst)
/opt/homebrew/lib/python3.12/site-packages/insightface/utils/face_align.py:23: FutureWarning: `estimate` is deprecated since version 0.26 and will be removed in version 2.2. Please use `SimilarityTransform.from_estimate` class constructor instead.
  tform.estimate(lmk, dst)
/opt/homebrew/lib/python3.12/site-packages/insightface/utils/face_align.py:23: FutureWarning: `estimate` is deprecated since version 0.26 and will be removed in version 2.2. Please use `SimilarityTransform.from_estimate` class constructor instead.
  tform.estimate(lmk, dst)
/opt/homebrew/lib/python3.12/site-packages/insightface/utils/face_align.py:23: FutureWarning: `estimate` is deprecated since version 0.26 and will be removed in version 2.2. Please use `SimilarityTransform.from_estimate` class constructor instead.
  tform.estimate(lmk, dst)
/opt/homebrew/lib/python3.12/site-packages/insightface/utils/face_align.py:23: FutureWarning: `estimate` is deprecated since version 0.26 and will be removed in version 2.2. Please use `SimilarityTransform.from_estimate` class constructor instead.
  tform.estimate(lmk, dst)
/opt/homebrew/lib/python3.12/site-packages/insightface/utils/face_align.py:23: FutureWarning: `estimate` is deprecated since version 0.26 and will be removed in version 2.2. Please use `SimilarityTransform.from_estimate` class constructor instead.
  tform.estimate(lmk, dst)
/opt/homebrew/lib/python3.12/site-packages/insightface/utils/face_align.py:23: FutureWarning: `estimate` is deprecated since version 0.26 and will be removed in version 2.2. Please use `SimilarityTransform.from_estimate` class constructor instead.
  tform.estimate(lmk, dst)
/opt/homebrew/lib/python3.12/site-packages/insightface/utils/face_align.py:23: FutureWarning: `estimate` is deprecated since version 0.26 and will be removed in version 2.2. Please use `SimilarityTransform.from_estimate` class constructor instead.
  tform.estimate(lmk, dst)
/opt/homebrew/lib/python3.12/site-packages/insightface/utils/face_align.py:23: FutureWarning: `estimate` is deprecated since version 0.26 and will be removed in version 2.2. Please use `SimilarityTransform.from_estimate` class constructor instead.
  tform.estimate(lmk, dst)
/opt/homebrew/lib/python3.12/site-packages/insightface/utils/face_align.py:23: FutureWarning: `estimate` is deprecated since version 0.26 and will be removed in version 2.2. Please use `SimilarityTransform.from_estimate` class constructor instead.
  tform.estimate(lmk, dst)
/opt/homebrew/lib/python3.12/site-packages/insightface/utils/face_align.py:23: FutureWarning: `estimate` is deprecated since version 0.26 and will be removed in version 2.2. Please use `SimilarityTransform.from_estimate` class constructor instead.
  tform.estimate(lmk, dst)
/opt/homebrew/lib/python3.12/site-packages/insightface/utils/face_align.py:23: FutureWarning: `estimate` is deprecated since version 0.26 and will be removed in version 2.2. Please use `SimilarityTransform.from_estimate` class constructor instead.
  tform.estimate(lmk, dst)
/opt/homebrew/lib/python3.12/site-packages/insightface/utils/face_align.py:23: FutureWarning: `estimate` is deprecated since version 0.26 and will be removed in version 2.2. Please use `SimilarityTransform.from_estimate` class constructor instead.
  tform.estimate(lmk, dst)
/opt/homebrew/lib/python3.12/site-packages/insightface/utils/face_align.py:23: FutureWarning: `estimate` is deprecated since version 0.26 and will be removed in version 2.2. Please use `SimilarityTransform.from_estimate` class constructor instead.
  tform.estimate(lmk, dst)
/opt/homebrew/lib/python3.12/site-packages/insightface/utils/face_align.py:23: FutureWarning: `estimate` is deprecated since version 0.26 and will be removed in version 2.2. Please use `SimilarityTransform.from_estimate` class constructor instead.
  tform.estimate(lmk, dst)
/opt/homebrew/lib/python3.12/site-packages/insightface/utils/face_align.py:23: FutureWarning: `estimate` is deprecated since version 0.26 and will be removed in version 2.2. Please use `SimilarityTransform.from_estimate` class constructor instead.
  tform.estimate(lmk, dst)
/opt/homebrew/lib/python3.12/site-packages/insightface/utils/face_align.py:23: FutureWarning: `estimate` is deprecated since version 0.26 and will be removed in version 2.2. Please use `SimilarityTransform.from_estimate` class constructor instead.
  tform.estimate(lmk, dst)
/opt/homebrew/lib/python3.12/site-packages/insightface/utils/face_align.py:23: FutureWarning: `estimate` is deprecated since version 0.26 and will be removed in version 2.2. Please use `SimilarityTransform.from_estimate` class constructor instead.
  tform.estimate(lmk, dst)
/opt/homebrew/lib/python3.12/site-packages/insightface/utils/face_align.py:23: FutureWarning: `estimate` is deprecated since version 0.26 and will be removed in version 2.2. Please use `SimilarityTransform.from_estimate` class constructor instead.
  tform.estimate(lmk, dst)
/opt/homebrew/lib/python3.12/site-packages/insightface/utils/face_align.py:23: FutureWarning: `estimate` is deprecated since version 0.26 and will be removed in version 2.2. Please use `SimilarityTransform.from_estimate` class constructor instead.
  tform.estimate(lmk, dst)
/opt/homebrew/lib/python3.12/site-packages/insightface/utils/face_align.py:23: FutureWarning: `estimate` is deprecated since version 0.26 and will be removed in version 2.2. Please use `SimilarityTransform.from_estimate` class constructor instead.
  tform.estimate(lmk, dst)
/opt/homebrew/lib/python3.12/site-packages/insightface/utils/face_align.py:23: FutureWarning: `estimate` is deprecated since version 0.26 and will be removed in version 2.2. Please use `SimilarityTransform.from_estimate` class constructor instead.
  tform.estimate(lmk, dst)
/opt/homebrew/lib/python3.12/site-packages/insightface/utils/face_align.py:23: FutureWarning: `estimate` is deprecated since version 0.26 and will be removed in version 2.2. Please use `SimilarityTransform.from_estimate` class constructor instead.
  tform.estimate(lmk, dst)
/opt/homebrew/lib/python3.12/site-packages/insightface/utils/face_align.py:23: FutureWarning: `estimate` is deprecated since version 0.26 and will be removed in version 2.2. Please use `SimilarityTransform.from_estimate` class constructor instead.
  tform.estimate(lmk, dst)
/opt/homebrew/lib/python3.12/site-packages/insightface/utils/face_align.py:23: FutureWarning: `estimate` is deprecated since version 0.26 and will be removed in version 2.2. Please use `SimilarityTransform.from_estimate` class constructor instead.
  tform.estimate(lmk, dst)
/opt/homebrew/lib/python3.12/site-packages/insightface/utils/face_align.py:23: FutureWarning: `estimate` is deprecated since version 0.26 and will be removed in version 2.2. Please use `SimilarityTransform.from_estimate` class constructor instead.
  tform.estimate(lmk, dst)
/opt/homebrew/lib/python3.12/site-packages/insightface/utils/face_align.py:23: FutureWarning: `estimate` is deprecated since version 0.26 and will be removed in version 2.2. Please use `SimilarityTransform.from_estimate` class constructor instead.
  tform.estimate(lmk, dst)
/opt/homebrew/lib/python3.12/site-packages/insightface/utils/face_align.py:23: FutureWarning: `estimate` is deprecated since version 0.26 and will be removed in version 2.2. Please use `SimilarityTransform.from_estimate` class constructor instead.
  tform.estimate(lmk, dst)
/opt/homebrew/lib/python3.12/site-packages/insightface/utils/face_align.py:23: FutureWarning: `estimate` is deprecated since version 0.26 and will be removed in version 2.2. Please use `SimilarityTransform.from_estimate` class constructor instead.
  tform.estimate(lmk, dst)
/opt/homebrew/lib/python3.12/site-packages/insightface/utils/face_align.py:23: FutureWarning: `estimate` is deprecated since version 0.26 and will be removed in version 2.2. Please use `SimilarityTransform.from_estimate` class constructor instead.
  tform.estimate(lmk, dst)
/opt/homebrew/lib/python3.12/site-packages/insightface/utils/face_align.py:23: FutureWarning: `estimate` is deprecated since version 0.26 and will be removed in version 2.2. Please use `SimilarityTransform.from_estimate` class constructor instead.
  tform.estimate(lmk, dst)
/opt/homebrew/lib/python3.12/site-packages/insightface/utils/face_align.py:23: FutureWarning: `estimate` is deprecated since version 0.26 and will be removed in version 2.2. Please use `SimilarityTransform.from_estimate` class constructor instead.
  tform.estimate(lmk, dst)
/opt/homebrew/lib/python3.12/site-packages/insightface/utils/face_align.py:23: FutureWarning: `estimate` is deprecated since version 0.26 and will be removed in version 2.2. Please use `SimilarityTransform.from_estimate` class constructor instead.
  tform.estimate(lmk, dst)
/opt/homebrew/lib/python3.12/site-packages/insightface/utils/face_align.py:23: FutureWarning: `estimate` is deprecated since version 0.26 and will be removed in version 2.2. Please use `SimilarityTransform.from_estimate` class constructor instead.
  tform.estimate(lmk, dst)
/opt/homebrew/lib/python3.12/site-packages/insightface/utils/face_align.py:23: FutureWarning: `estimate` is deprecated since version 0.26 and will be removed in version 2.2. Please use `SimilarityTransform.from_estimate` class constructor instead.
  tform.estimate(lmk, dst)
/opt/homebrew/lib/python3.12/site-packages/insightface/utils/face_align.py:23: FutureWarning: `estimate` is deprecated since version 0.26 and will be removed in version 2.2. Please use `SimilarityTransform.from_estimate` class constructor instead.
  tform.estimate(lmk, dst)
/opt/homebrew/lib/python3.12/site-packages/insightface/utils/face_align.py:23: FutureWarning: `estimate` is deprecated since version 0.26 and will be removed in version 2.2. Please use `SimilarityTransform.from_estimate` class constructor instead.
  tform.estimate(lmk, dst)
/opt/homebrew/lib/python3.12/site-packages/insightface/utils/face_align.py:23: FutureWarning: `estimate` is deprecated since version 0.26 and will be removed in version 2.2. Please use `SimilarityTransform.from_estimate` class constructor instead.
  tform.estimate(lmk, dst)
/opt/homebrew/lib/python3.12/site-packages/insightface/utils/face_align.py:23: FutureWarning: `estimate` is deprecated since version 0.26 and will be removed in version 2.2. Please use `SimilarityTransform.from_estimate` class constructor instead.
  tform.estimate(lmk, dst)
/opt/homebrew/lib/python3.12/site-packages/insightface/utils/face_align.py:23: FutureWarning: `estimate` is deprecated since version 0.26 and will be removed in version 2.2. Please use `SimilarityTransform.from_estimate` class constructor instead.
  tform.estimate(lmk, dst)
/opt/homebrew/lib/python3.12/site-packages/insightface/utils/face_align.py:23: FutureWarning: `estimate` is deprecated since version 0.26 and will be removed in version 2.2. Please use `SimilarityTransform.from_estimate` class constructor instead.
  tform.estimate(lmk, dst)
/opt/homebrew/lib/python3.12/site-packages/insightface/utils/face_align.py:23: FutureWarning: `estimate` is deprecated since version 0.26 and will be removed in version 2.2. Please use `SimilarityTransform.from_estimate` class constructor instead.
  tform.estimate(lmk, dst)
/opt/homebrew/lib/python3.12/site-packages/insightface/utils/face_align.py:23: FutureWarning: `estimate` is deprecated since version 0.26 and will be removed in version 2.2. Please use `SimilarityTransform.from_estimate` class constructor instead.
  tform.estimate(lmk, dst)
/opt/homebrew/lib/python3.12/site-packages/insightface/utils/face_align.py:23: FutureWarning: `estimate` is deprecated since version 0.26 and will be removed in version 2.2. Please use `SimilarityTransform.from_estimate` class constructor instead.
  tform.estimate(lmk, dst)
/opt/homebrew/lib/python3.12/site-packages/insightface/utils/face_align.py:23: FutureWarning: `estimate` is deprecated since version 0.26 and will be removed in version 2.2. Please use `SimilarityTransform.from_estimate` class constructor instead.
  tform.estimate(lmk, dst)
/opt/homebrew/lib/python3.12/site-packages/insightface/utils/face_align.py:23: FutureWarning: `estimate` is deprecated since version 0.26 and will be removed in version 2.2. Please use `SimilarityTransform.from_estimate` class constructor instead.
  tform.estimate(lmk, dst)
/opt/homebrew/lib/python3.12/site-packages/insightface/utils/face_align.py:23: FutureWarning: `estimate` is deprecated since version 0.26 and will be removed in version 2.2. Please use `SimilarityTransform.from_estimate` class constructor instead.
  tform.estimate(lmk, dst)
/opt/homebrew/lib/python3.12/site-packages/insightface/utils/face_align.py:23: FutureWarning: `estimate` is deprecated since version 0.26 and will be removed in version 2.2. Please use `SimilarityTransform.from_estimate` class constructor instead.
  tform.estimate(lmk, dst)
/opt/homebrew/lib/python3.12/site-packages/insightface/utils/face_align.py:23: FutureWarning: `estimate` is deprecated since version 0.26 and will be removed in version 2.2. Please use `SimilarityTransform.from_estimate` class constructor instead.
  tform.estimate(lmk, dst)
/opt/homebrew/lib/python3.12/site-packages/insightface/utils/face_align.py:23: FutureWarning: `estimate` is deprecated since version 0.26 and will be removed in version 2.2. Please use `SimilarityTransform.from_estimate` class constructor instead.
  tform.estimate(lmk, dst)
/opt/homebrew/lib/python3.12/site-packages/insightface/utils/face_align.py:23: FutureWarning: `estimate` is deprecated since version 0.26 and will be removed in version 2.2. Please use `SimilarityTransform.from_estimate` class constructor instead.
  tform.estimate(lmk, dst)
/opt/homebrew/lib/python3.12/site-packages/insightface/utils/face_align.py:23: FutureWarning: `estimate` is deprecated since version 0.26 and will be removed in version 2.2. Please use `SimilarityTransform.from_estimate` class constructor instead.
  tform.estimate(lmk, dst)
/opt/homebrew/lib/python3.12/site-packages/insightface/utils/face_align.py:23: FutureWarning: `estimate` is deprecated since version 0.26 and will be removed in version 2.2. Please use `SimilarityTransform.from_estimate` class constructor instead.
  tform.estimate(lmk, dst)
/opt/homebrew/lib/python3.12/site-packages/insightface/utils/face_align.py:23: FutureWarning: `estimate` is deprecated since version 0.26 and will be removed in version 2.2. Please use `SimilarityTransform.from_estimate` class constructor instead.
  tform.estimate(lmk, dst)
/opt/homebrew/lib/python3.12/site-packages/insightface/utils/face_align.py:23: FutureWarning: `estimate` is deprecated since version 0.26 and will be removed in version 2.2. Please use `SimilarityTransform.from_estimate` class constructor instead.
  tform.estimate(lmk, dst)
/opt/homebrew/lib/python3.12/site-packages/insightface/utils/face_align.py:23: FutureWarning: `estimate` is deprecated since version 0.26 and will be removed in version 2.2. Please use `SimilarityTransform.from_estimate` class constructor instead.
  tform.estimate(lmk, dst)
/opt/homebrew/lib/python3.12/site-packages/insightface/utils/face_align.py:23: FutureWarning: `estimate` is deprecated since version 0.26 and will be removed in version 2.2. Please use `SimilarityTransform.from_estimate` class constructor instead.
  tform.estimate(lmk, dst)
/opt/homebrew/lib/python3.12/site-packages/insightface/utils/face_align.py:23: FutureWarning: `estimate` is deprecated since version 0.26 and will be removed in version 2.2. Please use `SimilarityTransform.from_estimate` class constructor instead.
  tform.estimate(lmk, dst)
/opt/homebrew/lib/python3.12/site-packages/insightface/utils/face_align.py:23: FutureWarning: `estimate` is deprecated since version 0.26 and will be removed in version 2.2. Please use `SimilarityTransform.from_estimate` class constructor instead.
  tform.estimate(lmk, dst)
/opt/homebrew/lib/python3.12/site-packages/insightface/utils/face_align.py:23: FutureWarning: `estimate` is deprecated since version 0.26 and will be removed in version 2.2. Please use `SimilarityTransform.from_estimate` class constructor instead.
  tform.estimate(lmk, dst)
/opt/homebrew/lib/python3.12/site-packages/insightface/utils/face_align.py:23: FutureWarning: `estimate` is deprecated since version 0.26 and will be removed in version 2.2. Please use `SimilarityTransform.from_estimate` class constructor instead.
  tform.estimate(lmk, dst)
/opt/homebrew/lib/python3.12/site-packages/insightface/utils/face_align.py:23: FutureWarning: `estimate` is deprecated since version 0.26 and will be removed in version 2.2. Please use `SimilarityTransform.from_estimate` class constructor instead.
  tform.estimate(lmk, dst)
/opt/homebrew/lib/python3.12/site-packages/insightface/utils/face_align.py:23: FutureWarning: `estimate` is deprecated since version 0.26 and will be removed in version 2.2. Please use `SimilarityTransform.from_estimate` class constructor instead.
  tform.estimate(lmk, dst)
/opt/homebrew/lib/python3.12/site-packages/insightface/utils/face_align.py:23: FutureWarning: `estimate` is deprecated since version 0.26 and will be removed in version 2.2. Please use `SimilarityTransform.from_estimate` class constructor instead.
  tform.estimate(lmk, dst)
/opt/homebrew/lib/python3.12/site-packages/insightface/utils/face_align.py:23: FutureWarning: `estimate` is deprecated since version 0.26 and will be removed in version 2.2. Please use `SimilarityTransform.from_estimate` class constructor instead.
  tform.estimate(lmk, dst)
/opt/homebrew/lib/python3.12/site-packages/insightface/utils/face_align.py:23: FutureWarning: `estimate` is deprecated since version 0.26 and will be removed in version 2.2. Please use `SimilarityTransform.from_estimate` class constructor instead.
  tform.estimate(lmk, dst)
/opt/homebrew/lib/python3.12/site-packages/insightface/utils/face_align.py:23: FutureWarning: `estimate` is deprecated since version 0.26 and will be removed in version 2.2. Please use `SimilarityTransform.from_estimate` class constructor instead.
  tform.estimate(lmk, dst)
/opt/homebrew/lib/python3.12/site-packages/insightface/utils/face_align.py:23: FutureWarning: `estimate` is deprecated since version 0.26 and will be removed in version 2.2. Please use `SimilarityTransform.from_estimate` class constructor instead.
  tform.estimate(lmk, dst)
/opt/homebrew/lib/python3.12/site-packages/insightface/utils/face_align.py:23: FutureWarning: `estimate` is deprecated since version 0.26 and will be removed in version 2.2. Please use `SimilarityTransform.from_estimate` class constructor instead.
  tform.estimate(lmk, dst)
/opt/homebrew/lib/python3.12/site-packages/insightface/utils/face_align.py:23: FutureWarning: `estimate` is deprecated since version 0.26 and will be removed in version 2.2. Please use `SimilarityTransform.from_estimate` class constructor instead.
  tform.estimate(lmk, dst)
/opt/homebrew/lib/python3.12/site-packages/insightface/utils/face_align.py:23: FutureWarning: `estimate` is deprecated since version 0.26 and will be removed in version 2.2. Please use `SimilarityTransform.from_estimate` class constructor instead.
  tform.estimate(lmk, dst)
/opt/homebrew/lib/python3.12/site-packages/insightface/utils/face_align.py:23: FutureWarning: `estimate` is deprecated since version 0.26 and will be removed in version 2.2. Please use `SimilarityTransform.from_estimate` class constructor instead.
  tform.estimate(lmk, dst)
/opt/homebrew/lib/python3.12/site-packages/insightface/utils/face_align.py:23: FutureWarning: `estimate` is deprecated since version 0.26 and will be removed in version 2.2. Please use `SimilarityTransform.from_estimate` class constructor instead.
  tform.estimate(lmk, dst)
/opt/homebrew/lib/python3.12/site-packages/insightface/utils/face_align.py:23: FutureWarning: `estimate` is deprecated since version 0.26 and will be removed in version 2.2. Please use `SimilarityTransform.from_estimate` class constructor instead.
  tform.estimate(lmk, dst)
/opt/homebrew/lib/python3.12/site-packages/insightface/utils/face_align.py:23: FutureWarning: `estimate` is deprecated since version 0.26 and will be removed in version 2.2. Please use `SimilarityTransform.from_estimate` class constructor instead.
  tform.estimate(lmk, dst)
/opt/homebrew/lib/python3.12/site-packages/insightface/utils/face_align.py:23: FutureWarning: `estimate` is deprecated since version 0.26 and will be removed in version 2.2. Please use `SimilarityTransform.from_estimate` class constructor instead.
  tform.estimate(lmk, dst)
/opt/homebrew/lib/python3.12/site-packages/insightface/utils/face_align.py:23: FutureWarning: `estimate` is deprecated since version 0.26 and will be removed in version 2.2. Please use `SimilarityTransform.from_estimate` class constructor instead.
  tform.estimate(lmk, dst)
/opt/homebrew/lib/python3.12/site-packages/insightface/utils/face_align.py:23: FutureWarning: `estimate` is deprecated since version 0.26 and will be removed in version 2.2. Please use `SimilarityTransform.from_estimate` class constructor instead.
  tform.estimate(lmk, dst)
/opt/homebrew/lib/python3.12/site-packages/insightface/utils/face_align.py:23: FutureWarning: `estimate` is deprecated since version 0.26 and will be removed in version 2.2. Please use `SimilarityTransform.from_estimate` class constructor instead.
  tform.estimate(lmk, dst)
/opt/homebrew/lib/python3.12/site-packages/insightface/utils/face_align.py:23: FutureWarning: `estimate` is deprecated since version 0.26 and will be removed in version 2.2. Please use `SimilarityTransform.from_estimate` class constructor instead.
  tform.estimate(lmk, dst)
/opt/homebrew/lib/python3.12/site-packages/insightface/utils/face_align.py:23: FutureWarning: `estimate` is deprecated since version 0.26 and will be removed in version 2.2. Please use `SimilarityTransform.from_estimate` class constructor instead.
  tform.estimate(lmk, dst)
/opt/homebrew/lib/python3.12/site-packages/insightface/utils/face_align.py:23: FutureWarning: `estimate` is deprecated since version 0.26 and will be removed in version 2.2. Please use `SimilarityTransform.from_estimate` class constructor instead.
  tform.estimate(lmk, dst)
/opt/homebrew/lib/python3.12/site-packages/insightface/utils/face_align.py:23: FutureWarning: `estimate` is deprecated since version 0.26 and will be removed in version 2.2. Please use `SimilarityTransform.from_estimate` class constructor instead.
  tform.estimate(lmk, dst)
/opt/homebrew/lib/python3.12/site-packages/insightface/utils/face_align.py:23: FutureWarning: `estimate` is deprecated since version 0.26 and will be removed in version 2.2. Please use `SimilarityTransform.from_estimate` class constructor instead.
  tform.estimate(lmk, dst)
/opt/homebrew/lib/python3.12/site-packages/insightface/utils/face_align.py:23: FutureWarning: `estimate` is deprecated since version 0.26 and will be removed in version 2.2. Please use `SimilarityTransform.from_estimate` class constructor instead.
  tform.estimate(lmk, dst)
/opt/homebrew/lib/python3.12/site-packages/insightface/utils/face_align.py:23: FutureWarning: `estimate` is deprecated since version 0.26 and will be removed in version 2.2. Please use `SimilarityTransform.from_estimate` class constructor instead.
  tform.estimate(lmk, dst)
/opt/homebrew/lib/python3.12/site-packages/insightface/utils/face_align.py:23: FutureWarning: `estimate` is deprecated since version 0.26 and will be removed in version 2.2. Please use `SimilarityTransform.from_estimate` class constructor instead.
  tform.estimate(lmk, dst)
/opt/homebrew/lib/python3.12/site-packages/insightface/utils/face_align.py:23: FutureWarning: `estimate` is deprecated since version 0.26 and will be removed in version 2.2. Please use `SimilarityTransform.from_estimate` class constructor instead.
  tform.estimate(lmk, dst)
/opt/homebrew/lib/python3.12/site-packages/insightface/utils/face_align.py:23: FutureWarning: `estimate` is deprecated since version 0.26 and will be removed in version 2.2. Please use `SimilarityTransform.from_estimate` class constructor instead.
  tform.estimate(lmk, dst)
/opt/homebrew/lib/python3.12/site-packages/insightface/utils/face_align.py:23: FutureWarning: `estimate` is deprecated since version 0.26 and will be removed in version 2.2. Please use `SimilarityTransform.from_estimate` class constructor instead.
  tform.estimate(lmk, dst)
/opt/homebrew/lib/python3.12/site-packages/insightface/utils/face_align.py:23: FutureWarning: `estimate` is deprecated since version 0.26 and will be removed in version 2.2. Please use `SimilarityTransform.from_estimate` class constructor instead.
  tform.estimate(lmk, dst)
/opt/homebrew/lib/python3.12/site-packages/insightface/utils/face_align.py:23: FutureWarning: `estimate` is deprecated since version 0.26 and will be removed in version 2.2. Please use `SimilarityTransform.from_estimate` class constructor instead.
  tform.estimate(lmk, dst)
/opt/homebrew/lib/python3.12/site-packages/insightface/utils/face_align.py:23: FutureWarning: `estimate` is deprecated since version 0.26 and will be removed in version 2.2. Please use `SimilarityTransform.from_estimate` class constructor instead.
  tform.estimate(lmk, dst)
/opt/homebrew/lib/python3.12/site-packages/insightface/utils/face_align.py:23: FutureWarning: `estimate` is deprecated since version 0.26 and will be removed in version 2.2. Please use `SimilarityTransform.from_estimate` class constructor instead.
  tform.estimate(lmk, dst)
/opt/homebrew/lib/python3.12/site-packages/insightface/utils/face_align.py:23: FutureWarning: `estimate` is deprecated since version 0.26 and will be removed in version 2.2. Please use `SimilarityTransform.from_estimate` class constructor instead.
  tform.estimate(lmk, dst)
/opt/homebrew/lib/python3.12/site-packages/insightface/utils/face_align.py:23: FutureWarning: `estimate` is deprecated since version 0.26 and will be removed in version 2.2. Please use `SimilarityTransform.from_estimate` class constructor instead.
  tform.estimate(lmk, dst)
/opt/homebrew/lib/python3.12/site-packages/insightface/utils/face_align.py:23: FutureWarning: `estimate` is deprecated since version 0.26 and will be removed in version 2.2. Please use `SimilarityTransform.from_estimate` class constructor instead.
  tform.estimate(lmk, dst)
/opt/homebrew/lib/python3.12/site-packages/insightface/utils/face_align.py:23: FutureWarning: `estimate` is deprecated since version 0.26 and will be removed in version 2.2. Please use `SimilarityTransform.from_estimate` class constructor instead.
  tform.estimate(lmk, dst)
/opt/homebrew/lib/python3.12/site-packages/insightface/utils/face_align.py:23: FutureWarning: `estimate` is deprecated since version 0.26 and will be removed in version 2.2. Please use `SimilarityTransform.from_estimate` class constructor instead.
  tform.estimate(lmk, dst)
/opt/homebrew/lib/python3.12/site-packages/insightface/utils/face_align.py:23: FutureWarning: `estimate` is deprecated since version 0.26 and will be removed in version 2.2. Please use `SimilarityTransform.from_estimate` class constructor instead.
  tform.estimate(lmk, dst)
/opt/homebrew/lib/python3.12/site-packages/insightface/utils/face_align.py:23: FutureWarning: `estimate` is deprecated since version 0.26 and will be removed in version 2.2. Please use `SimilarityTransform.from_estimate` class constructor instead.
  tform.estimate(lmk, dst)
/opt/homebrew/lib/python3.12/site-packages/insightface/utils/face_align.py:23: FutureWarning: `estimate` is deprecated since version 0.26 and will be removed in version 2.2. Please use `SimilarityTransform.from_estimate` class constructor instead.
  tform.estimate(lmk, dst)
/opt/homebrew/lib/python3.12/site-packages/insightface/utils/face_align.py:23: FutureWarning: `estimate` is deprecated since version 0.26 and will be removed in version 2.2. Please use `SimilarityTransform.from_estimate` class constructor instead.
  tform.estimate(lmk, dst)
/opt/homebrew/lib/python3.12/site-packages/insightface/utils/face_align.py:23: FutureWarning: `estimate` is deprecated since version 0.26 and will be removed in version 2.2. Please use `SimilarityTransform.from_estimate` class constructor instead.
  tform.estimate(lmk, dst)
/opt/homebrew/lib/python3.12/site-packages/insightface/utils/face_align.py:23: FutureWarning: `estimate` is deprecated since version 0.26 and will be removed in version 2.2. Please use `SimilarityTransform.from_estimate` class constructor instead.
  tform.estimate(lmk, dst)
/opt/homebrew/lib/python3.12/site-packages/insightface/utils/face_align.py:23: FutureWarning: `estimate` is deprecated since version 0.26 and will be removed in version 2.2. Please use `SimilarityTransform.from_estimate` class constructor instead.
  tform.estimate(lmk, dst)
/opt/homebrew/lib/python3.12/site-packages/insightface/utils/face_align.py:23: FutureWarning: `estimate` is deprecated since version 0.26 and will be removed in version 2.2. Please use `SimilarityTransform.from_estimate` class constructor instead.
  tform.estimate(lmk, dst)
/opt/homebrew/lib/python3.12/site-packages/insightface/utils/face_align.py:23: FutureWarning: `estimate` is deprecated since version 0.26 and will be removed in version 2.2. Please use `SimilarityTransform.from_estimate` class constructor instead.
  tform.estimate(lmk, dst)
/opt/homebrew/lib/python3.12/site-packages/insightface/utils/face_align.py:23: FutureWarning: `estimate` is deprecated since version 0.26 and will be removed in version 2.2. Please use `SimilarityTransform.from_estimate` class constructor instead.
  tform.estimate(lmk, dst)
/opt/homebrew/lib/python3.12/site-packages/insightface/utils/face_align.py:23: FutureWarning: `estimate` is deprecated since version 0.26 and will be removed in version 2.2. Please use `SimilarityTransform.from_estimate` class constructor instead.
  tform.estimate(lmk, dst)
/opt/homebrew/lib/python3.12/site-packages/insightface/utils/face_align.py:23: FutureWarning: `estimate` is deprecated since version 0.26 and will be removed in version 2.2. Please use `SimilarityTransform.from_estimate` class constructor instead.
  tform.estimate(lmk, dst)
/opt/homebrew/lib/python3.12/site-packages/insightface/utils/face_align.py:23: FutureWarning: `estimate` is deprecated since version 0.26 and will be removed in version 2.2. Please use `SimilarityTransform.from_estimate` class constructor instead.
  tform.estimate(lmk, dst)
/opt/homebrew/lib/python3.12/site-packages/insightface/utils/face_align.py:23: FutureWarning: `estimate` is deprecated since version 0.26 and will be removed in version 2.2. Please use `SimilarityTransform.from_estimate` class constructor instead.
  tform.estimate(lmk, dst)
/opt/homebrew/lib/python3.12/site-packages/insightface/utils/face_align.py:23: FutureWarning: `estimate` is deprecated since version 0.26 and will be removed in version 2.2. Please use `SimilarityTransform.from_estimate` class constructor instead.
  tform.estimate(lmk, dst)
/opt/homebrew/lib/python3.12/site-packages/insightface/utils/face_align.py:23: FutureWarning: `estimate` is deprecated since version 0.26 and will be removed in version 2.2. Please use `SimilarityTransform.from_estimate` class constructor instead.
  tform.estimate(lmk, dst)
/opt/homebrew/lib/python3.12/site-packages/insightface/utils/face_align.py:23: FutureWarning: `estimate` is deprecated since version 0.26 and will be removed in version 2.2. Please use `SimilarityTransform.from_estimate` class constructor instead.
  tform.estimate(lmk, dst)
/opt/homebrew/lib/python3.12/site-packages/insightface/utils/face_align.py:23: FutureWarning: `estimate` is deprecated since version 0.26 and will be removed in version 2.2. Please use `SimilarityTransform.from_estimate` class constructor instead.
  tform.estimate(lmk, dst)
/opt/homebrew/lib/python3.12/site-packages/insightface/utils/face_align.py:23: FutureWarning: `estimate` is deprecated since version 0.26 and will be removed in version 2.2. Please use `SimilarityTransform.from_estimate` class constructor instead.
  tform.estimate(lmk, dst)
/opt/homebrew/lib/python3.12/site-packages/insightface/utils/face_align.py:23: FutureWarning: `estimate` is deprecated since version 0.26 and will be removed in version 2.2. Please use `SimilarityTransform.from_estimate` class constructor instead.
  tform.estimate(lmk, dst)
/opt/homebrew/lib/python3.12/site-packages/insightface/utils/face_align.py:23: FutureWarning: `estimate` is deprecated since version 0.26 and will be removed in version 2.2. Please use `SimilarityTransform.from_estimate` class constructor instead.
  tform.estimate(lmk, dst)
/opt/homebrew/lib/python3.12/site-packages/insightface/utils/face_align.py:23: FutureWarning: `estimate` is deprecated since version 0.26 and will be removed in version 2.2. Please use `SimilarityTransform.from_estimate` class constructor instead.
  tform.estimate(lmk, dst)
/opt/homebrew/lib/python3.12/site-packages/insightface/utils/face_align.py:23: FutureWarning: `estimate` is deprecated since version 0.26 and will be removed in version 2.2. Please use `SimilarityTransform.from_estimate` class constructor instead.
  tform.estimate(lmk, dst)
/opt/homebrew/lib/python3.12/site-packages/insightface/utils/face_align.py:23: FutureWarning: `estimate` is deprecated since version 0.26 and will be removed in version 2.2. Please use `SimilarityTransform.from_estimate` class constructor instead.
  tform.estimate(lmk, dst)
/opt/homebrew/lib/python3.12/site-packages/insightface/utils/face_align.py:23: FutureWarning: `estimate` is deprecated since version 0.26 and will be removed in version 2.2. Please use `SimilarityTransform.from_estimate` class constructor instead.
  tform.estimate(lmk, dst)
/opt/homebrew/lib/python3.12/site-packages/insightface/utils/face_align.py:23: FutureWarning: `estimate` is deprecated since version 0.26 and will be removed in version 2.2. Please use `SimilarityTransform.from_estimate` class constructor instead.
  tform.estimate(lmk, dst)
/opt/homebrew/lib/python3.12/site-packages/insightface/utils/face_align.py:23: FutureWarning: `estimate` is deprecated since version 0.26 and will be removed in version 2.2. Please use `SimilarityTransform.from_estimate` class constructor instead.
  tform.estimate(lmk, dst)
/opt/homebrew/lib/python3.12/site-packages/insightface/utils/face_align.py:23: FutureWarning: `estimate` is deprecated since version 0.26 and will be removed in version 2.2. Please use `SimilarityTransform.from_estimate` class constructor instead.
  tform.estimate(lmk, dst)
/opt/homebrew/lib/python3.12/site-packages/insightface/utils/face_align.py:23: FutureWarning: `estimate` is deprecated since version 0.26 and will be removed in version 2.2. Please use `SimilarityTransform.from_estimate` class constructor instead.
  tform.estimate(lmk, dst)
/opt/homebrew/lib/python3.12/site-packages/insightface/utils/face_align.py:23: FutureWarning: `estimate` is deprecated since version 0.26 and will be removed in version 2.2. Please use `SimilarityTransform.from_estimate` class constructor instead.
  tform.estimate(lmk, dst)
/opt/homebrew/lib/python3.12/site-packages/insightface/utils/face_align.py:23: FutureWarning: `estimate` is deprecated since version 0.26 and will be removed in version 2.2. Please use `SimilarityTransform.from_estimate` class constructor instead.
  tform.estimate(lmk, dst)
/opt/homebrew/lib/python3.12/site-packages/insightface/utils/face_align.py:23: FutureWarning: `estimate` is deprecated since version 0.26 and will be removed in version 2.2. Please use `SimilarityTransform.from_estimate` class constructor instead.
  tform.estimate(lmk, dst)
/opt/homebrew/lib/python3.12/site-packages/insightface/utils/face_align.py:23: FutureWarning: `estimate` is deprecated since version 0.26 and will be removed in version 2.2. Please use `SimilarityTransform.from_estimate` class constructor instead.
  tform.estimate(lmk, dst)
/opt/homebrew/lib/python3.12/site-packages/insightface/utils/face_align.py:23: FutureWarning: `estimate` is deprecated since version 0.26 and will be removed in version 2.2. Please use `SimilarityTransform.from_estimate` class constructor instead.
  tform.estimate(lmk, dst)
/opt/homebrew/lib/python3.12/site-packages/insightface/utils/face_align.py:23: FutureWarning: `estimate` is deprecated since version 0.26 and will be removed in version 2.2. Please use `SimilarityTransform.from_estimate` class constructor instead.
  tform.estimate(lmk, dst)
/opt/homebrew/lib/python3.12/site-packages/insightface/utils/face_align.py:23: FutureWarning: `estimate` is deprecated since version 0.26 and will be removed in version 2.2. Please use `SimilarityTransform.from_estimate` class constructor instead.
  tform.estimate(lmk, dst)
/opt/homebrew/lib/python3.12/site-packages/insightface/utils/face_align.py:23: FutureWarning: `estimate` is deprecated since version 0.26 and will be removed in version 2.2. Please use `SimilarityTransform.from_estimate` class constructor instead.
  tform.estimate(lmk, dst)
/opt/homebrew/lib/python3.12/site-packages/insightface/utils/face_align.py:23: FutureWarning: `estimate` is deprecated since version 0.26 and will be removed in version 2.2. Please use `SimilarityTransform.from_estimate` class constructor instead.
  tform.estimate(lmk, dst)
/opt/homebrew/lib/python3.12/site-packages/insightface/utils/face_align.py:23: FutureWarning: `estimate` is deprecated since version 0.26 and will be removed in version 2.2. Please use `SimilarityTransform.from_estimate` class constructor instead.
  tform.estimate(lmk, dst)
/opt/homebrew/lib/python3.12/site-packages/insightface/utils/face_align.py:23: FutureWarning: `estimate` is deprecated since version 0.26 and will be removed in version 2.2. Please use `SimilarityTransform.from_estimate` class constructor instead.
  tform.estimate(lmk, dst)
/opt/homebrew/lib/python3.12/site-packages/insightface/utils/face_align.py:23: FutureWarning: `estimate` is deprecated since version 0.26 and will be removed in version 2.2. Please use `SimilarityTransform.from_estimate` class constructor instead.
  tform.estimate(lmk, dst)
/opt/homebrew/lib/python3.12/site-packages/insightface/utils/face_align.py:23: FutureWarning: `estimate` is deprecated since version 0.26 and will be removed in version 2.2. Please use `SimilarityTransform.from_estimate` class constructor instead.
  tform.estimate(lmk, dst)
/opt/homebrew/lib/python3.12/site-packages/insightface/utils/face_align.py:23: FutureWarning: `estimate` is deprecated since version 0.26 and will be removed in version 2.2. Please use `SimilarityTransform.from_estimate` class constructor instead.
  tform.estimate(lmk, dst)
/opt/homebrew/lib/python3.12/site-packages/insightface/utils/face_align.py:23: FutureWarning: `estimate` is deprecated since version 0.26 and will be removed in version 2.2. Please use `SimilarityTransform.from_estimate` class constructor instead.
  tform.estimate(lmk, dst)
/opt/homebrew/lib/python3.12/site-packages/insightface/utils/face_align.py:23: FutureWarning: `estimate` is deprecated since version 0.26 and will be removed in version 2.2. Please use `SimilarityTransform.from_estimate` class constructor instead.
  tform.estimate(lmk, dst)
/opt/homebrew/lib/python3.12/site-packages/insightface/utils/face_align.py:23: FutureWarning: `estimate` is deprecated since version 0.26 and will be removed in version 2.2. Please use `SimilarityTransform.from_estimate` class constructor instead.
  tform.estimate(lmk, dst)
/opt/homebrew/lib/python3.12/site-packages/insightface/utils/face_align.py:23: FutureWarning: `estimate` is deprecated since version 0.26 and will be removed in version 2.2. Please use `SimilarityTransform.from_estimate` class constructor instead.
  tform.estimate(lmk, dst)
/opt/homebrew/lib/python3.12/site-packages/insightface/utils/face_align.py:23: FutureWarning: `estimate` is deprecated since version 0.26 and will be removed in version 2.2. Please use `SimilarityTransform.from_estimate` class constructor instead.
  tform.estimate(lmk, dst)
/opt/homebrew/lib/python3.12/site-packages/insightface/utils/face_align.py:23: FutureWarning: `estimate` is deprecated since version 0.26 and will be removed in version 2.2. Please use `SimilarityTransform.from_estimate` class constructor instead.
  tform.estimate(lmk, dst)
/opt/homebrew/lib/python3.12/site-packages/insightface/utils/face_align.py:23: FutureWarning: `estimate` is deprecated since version 0.26 and will be removed in version 2.2. Please use `SimilarityTransform.from_estimate` class constructor instead.
  tform.estimate(lmk, dst)
/opt/homebrew/lib/python3.12/site-packages/insightface/utils/face_align.py:23: FutureWarning: `estimate` is deprecated since version 0.26 and will be removed in version 2.2. Please use `SimilarityTransform.from_estimate` class constructor instead.
  tform.estimate(lmk, dst)
/opt/homebrew/lib/python3.12/site-packages/insightface/utils/face_align.py:23: FutureWarning: `estimate` is deprecated since version 0.26 and will be removed in version 2.2. Please use `SimilarityTransform.from_estimate` class constructor instead.
  tform.estimate(lmk, dst)
/opt/homebrew/lib/python3.12/site-packages/insightface/utils/face_align.py:23: FutureWarning: `estimate` is deprecated since version 0.26 and will be removed in version 2.2. Please use `SimilarityTransform.from_estimate` class constructor instead.
  tform.estimate(lmk, dst)
/opt/homebrew/lib/python3.12/site-packages/insightface/utils/face_align.py:23: FutureWarning: `estimate` is deprecated since version 0.26 and will be removed in version 2.2. Please use `SimilarityTransform.from_estimate` class constructor instead.
  tform.estimate(lmk, dst)
/opt/homebrew/lib/python3.12/site-packages/insightface/utils/face_align.py:23: FutureWarning: `estimate` is deprecated since version 0.26 and will be removed in version 2.2. Please use `SimilarityTransform.from_estimate` class constructor instead.
  tform.estimate(lmk, dst)
/opt/homebrew/lib/python3.12/site-packages/insightface/utils/face_align.py:23: FutureWarning: `estimate` is deprecated since version 0.26 and will be removed in version 2.2. Please use `SimilarityTransform.from_estimate` class constructor instead.
  tform.estimate(lmk, dst)
/opt/homebrew/lib/python3.12/site-packages/insightface/utils/face_align.py:23: FutureWarning: `estimate` is deprecated since version 0.26 and will be removed in version 2.2. Please use `SimilarityTransform.from_estimate` class constructor instead.
  tform.estimate(lmk, dst)
/opt/homebrew/lib/python3.12/site-packages/insightface/utils/face_align.py:23: FutureWarning: `estimate` is deprecated since version 0.26 and will be removed in version 2.2. Please use `SimilarityTransform.from_estimate` class constructor instead.
  tform.estimate(lmk, dst)
/opt/homebrew/lib/python3.12/site-packages/insightface/utils/face_align.py:23: FutureWarning: `estimate` is deprecated since version 0.26 and will be removed in version 2.2. Please use `SimilarityTransform.from_estimate` class constructor instead.
  tform.estimate(lmk, dst)
/opt/homebrew/lib/python3.12/site-packages/insightface/utils/face_align.py:23: FutureWarning: `estimate` is deprecated since version 0.26 and will be removed in version 2.2. Please use `SimilarityTransform.from_estimate` class constructor instead.
  tform.estimate(lmk, dst)
/opt/homebrew/lib/python3.12/site-packages/insightface/utils/face_align.py:23: FutureWarning: `estimate` is deprecated since version 0.26 and will be removed in version 2.2. Please use `SimilarityTransform.from_estimate` class constructor instead.
  tform.estimate(lmk, dst)
/opt/homebrew/lib/python3.12/site-packages/insightface/utils/face_align.py:23: FutureWarning: `estimate` is deprecated since version 0.26 and will be removed in version 2.2. Please use `SimilarityTransform.from_estimate` class constructor instead.
  tform.estimate(lmk, dst)
/opt/homebrew/lib/python3.12/site-packages/insightface/utils/face_align.py:23: FutureWarning: `estimate` is deprecated since version 0.26 and will be removed in version 2.2. Please use `SimilarityTransform.from_estimate` class constructor instead.
  tform.estimate(lmk, dst)
/opt/homebrew/lib/python3.12/site-packages/insightface/utils/face_align.py:23: FutureWarning: `estimate` is deprecated since version 0.26 and will be removed in version 2.2. Please use `SimilarityTransform.from_estimate` class constructor instead.
  tform.estimate(lmk, dst)
/opt/homebrew/lib/python3.12/site-packages/insightface/utils/face_align.py:23: FutureWarning: `estimate` is deprecated since version 0.26 and will be removed in version 2.2. Please use `SimilarityTransform.from_estimate` class constructor instead.
  tform.estimate(lmk, dst)
/opt/homebrew/lib/python3.12/site-packages/insightface/utils/face_align.py:23: FutureWarning: `estimate` is deprecated since version 0.26 and will be removed in version 2.2. Please use `SimilarityTransform.from_estimate` class constructor instead.
  tform.estimate(lmk, dst)
/opt/homebrew/lib/python3.12/site-packages/insightface/utils/face_align.py:23: FutureWarning: `estimate` is deprecated since version 0.26 and will be removed in version 2.2. Please use `SimilarityTransform.from_estimate` class constructor instead.
  tform.estimate(lmk, dst)
/opt/homebrew/lib/python3.12/site-packages/insightface/utils/face_align.py:23: FutureWarning: `estimate` is deprecated since version 0.26 and will be removed in version 2.2. Please use `SimilarityTransform.from_estimate` class constructor instead.
  tform.estimate(lmk, dst)
/opt/homebrew/lib/python3.12/site-packages/insightface/utils/face_align.py:23: FutureWarning: `estimate` is deprecated since version 0.26 and will be removed in version 2.2. Please use `SimilarityTransform.from_estimate` class constructor instead.
  tform.estimate(lmk, dst)
/opt/homebrew/lib/python3.12/site-packages/insightface/utils/face_align.py:23: FutureWarning: `estimate` is deprecated since version 0.26 and will be removed in version 2.2. Please use `SimilarityTransform.from_estimate` class constructor instead.
  tform.estimate(lmk, dst)
/opt/homebrew/lib/python3.12/site-packages/insightface/utils/face_align.py:23: FutureWarning: `estimate` is deprecated since version 0.26 and will be removed in version 2.2. Please use `SimilarityTransform.from_estimate` class constructor instead.
  tform.estimate(lmk, dst)
/opt/homebrew/lib/python3.12/site-packages/insightface/utils/face_align.py:23: FutureWarning: `estimate` is deprecated since version 0.26 and will be removed in version 2.2. Please use `SimilarityTransform.from_estimate` class constructor instead.
  tform.estimate(lmk, dst)
/opt/homebrew/lib/python3.12/site-packages/insightface/utils/face_align.py:23: FutureWarning: `estimate` is deprecated since version 0.26 and will be removed in version 2.2. Please use `SimilarityTransform.from_estimate` class constructor instead.
  tform.estimate(lmk, dst)
/opt/homebrew/lib/python3.12/site-packages/insightface/utils/face_align.py:23: FutureWarning: `estimate` is deprecated since version 0.26 and will be removed in version 2.2. Please use `SimilarityTransform.from_estimate` class constructor instead.
  tform.estimate(lmk, dst)
/opt/homebrew/lib/python3.12/site-packages/insightface/utils/face_align.py:23: FutureWarning: `estimate` is deprecated since version 0.26 and will be removed in version 2.2. Please use `SimilarityTransform.from_estimate` class constructor instead.
  tform.estimate(lmk, dst)
/opt/homebrew/lib/python3.12/site-packages/insightface/utils/face_align.py:23: FutureWarning: `estimate` is deprecated since version 0.26 and will be removed in version 2.2. Please use `SimilarityTransform.from_estimate` class constructor instead.
  tform.estimate(lmk, dst)
/opt/homebrew/lib/python3.12/site-packages/insightface/utils/face_align.py:23: FutureWarning: `estimate` is deprecated since version 0.26 and will be removed in version 2.2. Please use `SimilarityTransform.from_estimate` class constructor instead.
  tform.estimate(lmk, dst)
/opt/homebrew/lib/python3.12/site-packages/insightface/utils/face_align.py:23: FutureWarning: `estimate` is deprecated since version 0.26 and will be removed in version 2.2. Please use `SimilarityTransform.from_estimate` class constructor instead.
  tform.estimate(lmk, dst)
/opt/homebrew/lib/python3.12/site-packages/insightface/utils/face_align.py:23: FutureWarning: `estimate` is deprecated since version 0.26 and will be removed in version 2.2. Please use `SimilarityTransform.from_estimate` class constructor instead.
  tform.estimate(lmk, dst)
/opt/homebrew/lib/python3.12/site-packages/insightface/utils/face_align.py:23: FutureWarning: `estimate` is deprecated since version 0.26 and will be removed in version 2.2. Please use `SimilarityTransform.from_estimate` class constructor instead.
  tform.estimate(lmk, dst)
/opt/homebrew/lib/python3.12/site-packages/insightface/utils/face_align.py:23: FutureWarning: `estimate` is deprecated since version 0.26 and will be removed in version 2.2. Please use `SimilarityTransform.from_estimate` class constructor instead.
  tform.estimate(lmk, dst)
/opt/homebrew/lib/python3.12/site-packages/insightface/utils/face_align.py:23: FutureWarning: `estimate` is deprecated since version 0.26 and will be removed in version 2.2. Please use `SimilarityTransform.from_estimate` class constructor instead.
  tform.estimate(lmk, dst)
/opt/homebrew/lib/python3.12/site-packages/insightface/utils/face_align.py:23: FutureWarning: `estimate` is deprecated since version 0.26 and will be removed in version 2.2. Please use `SimilarityTransform.from_estimate` class constructor instead.
  tform.estimate(lmk, dst)
/opt/homebrew/lib/python3.12/site-packages/insightface/utils/face_align.py:23: FutureWarning: `estimate` is deprecated since version 0.26 and will be removed in version 2.2. Please use `SimilarityTransform.from_estimate` class constructor instead.
  tform.estimate(lmk, dst)
/opt/homebrew/lib/python3.12/site-packages/insightface/utils/face_align.py:23: FutureWarning: `estimate` is deprecated since version 0.26 and will be removed in version 2.2. Please use `SimilarityTransform.from_estimate` class constructor instead.
  tform.estimate(lmk, dst)
/opt/homebrew/lib/python3.12/site-packages/insightface/utils/face_align.py:23: FutureWarning: `estimate` is deprecated since version 0.26 and will be removed in version 2.2. Please use `SimilarityTransform.from_estimate` class constructor instead.
  tform.estimate(lmk, dst)
/opt/homebrew/lib/python3.12/site-packages/insightface/utils/face_align.py:23: FutureWarning: `estimate` is deprecated since version 0.26 and will be removed in version 2.2. Please use `SimilarityTransform.from_estimate` class constructor instead.
  tform.estimate(lmk, dst)
/opt/homebrew/lib/python3.12/site-packages/insightface/utils/face_align.py:23: FutureWarning: `estimate` is deprecated since version 0.26 and will be removed in version 2.2. Please use `SimilarityTransform.from_estimate` class constructor instead.
  tform.estimate(lmk, dst)
/opt/homebrew/lib/python3.12/site-packages/insightface/utils/face_align.py:23: FutureWarning: `estimate` is deprecated since version 0.26 and will be removed in version 2.2. Please use `SimilarityTransform.from_estimate` class constructor instead.
  tform.estimate(lmk, dst)
/opt/homebrew/lib/python3.12/site-packages/insightface/utils/face_align.py:23: FutureWarning: `estimate` is deprecated since version 0.26 and will be removed in version 2.2. Please use `SimilarityTransform.from_estimate` class constructor instead.
  tform.estimate(lmk, dst)
/opt/homebrew/lib/python3.12/site-packages/insightface/utils/face_align.py:23: FutureWarning: `estimate` is deprecated since version 0.26 and will be removed in version 2.2. Please use `SimilarityTransform.from_estimate` class constructor instead.
  tform.estimate(lmk, dst)
/opt/homebrew/lib/python3.12/site-packages/insightface/utils/face_align.py:23: FutureWarning: `estimate` is deprecated since version 0.26 and will be removed in version 2.2. Please use `SimilarityTransform.from_estimate` class constructor instead.
  tform.estimate(lmk, dst)
/opt/homebrew/lib/python3.12/site-packages/insightface/utils/face_align.py:23: FutureWarning: `estimate` is deprecated since version 0.26 and will be removed in version 2.2. Please use `SimilarityTransform.from_estimate` class constructor instead.
  tform.estimate(lmk, dst)
/opt/homebrew/lib/python3.12/site-packages/insightface/utils/face_align.py:23: FutureWarning: `estimate` is deprecated since version 0.26 and will be removed in version 2.2. Please use `SimilarityTransform.from_estimate` class constructor instead.
  tform.estimate(lmk, dst)
/opt/homebrew/lib/python3.12/site-packages/insightface/utils/face_align.py:23: FutureWarning: `estimate` is deprecated since version 0.26 and will be removed in version 2.2. Please use `SimilarityTransform.from_estimate` class constructor instead.
  tform.estimate(lmk, dst)
/opt/homebrew/lib/python3.12/site-packages/insightface/utils/face_align.py:23: FutureWarning: `estimate` is deprecated since version 0.26 and will be removed in version 2.2. Please use `SimilarityTransform.from_estimate` class constructor instead.
  tform.estimate(lmk, dst)
/opt/homebrew/lib/python3.12/site-packages/insightface/utils/face_align.py:23: FutureWarning: `estimate` is deprecated since version 0.26 and will be removed in version 2.2. Please use `SimilarityTransform.from_estimate` class constructor instead.
  tform.estimate(lmk, dst)
/opt/homebrew/lib/python3.12/site-packages/insightface/utils/face_align.py:23: FutureWarning: `estimate` is deprecated since version 0.26 and will be removed in version 2.2. Please use `SimilarityTransform.from_estimate` class constructor instead.
  tform.estimate(lmk, dst)
/opt/homebrew/lib/python3.12/site-packages/insightface/utils/face_align.py:23: FutureWarning: `estimate` is deprecated since version 0.26 and will be removed in version 2.2. Please use `SimilarityTransform.from_estimate` class constructor instead.
  tform.estimate(lmk, dst)
/opt/homebrew/lib/python3.12/site-packages/insightface/utils/face_align.py:23: FutureWarning: `estimate` is deprecated since version 0.26 and will be removed in version 2.2. Please use `SimilarityTransform.from_estimate` class constructor instead.
  tform.estimate(lmk, dst)
/opt/homebrew/lib/python3.12/site-packages/insightface/utils/face_align.py:23: FutureWarning: `estimate` is deprecated since version 0.26 and will be removed in version 2.2. Please use `SimilarityTransform.from_estimate` class constructor instead.
  tform.estimate(lmk, dst)
/opt/homebrew/lib/python3.12/site-packages/insightface/utils/face_align.py:23: FutureWarning: `estimate` is deprecated since version 0.26 and will be removed in version 2.2. Please use `SimilarityTransform.from_estimate` class constructor instead.
  tform.estimate(lmk, dst)
/opt/homebrew/lib/python3.12/site-packages/insightface/utils/face_align.py:23: FutureWarning: `estimate` is deprecated since version 0.26 and will be removed in version 2.2. Please use `SimilarityTransform.from_estimate` class constructor instead.
  tform.estimate(lmk, dst)
/opt/homebrew/lib/python3.12/site-packages/insightface/utils/face_align.py:23: FutureWarning: `estimate` is deprecated since version 0.26 and will be removed in version 2.2. Please use `SimilarityTransform.from_estimate` class constructor instead.
  tform.estimate(lmk, dst)
/opt/homebrew/lib/python3.12/site-packages/insightface/utils/face_align.py:23: FutureWarning: `estimate` is deprecated since version 0.26 and will be removed in version 2.2. Please use `SimilarityTransform.from_estimate` class constructor instead.
  tform.estimate(lmk, dst)
/opt/homebrew/lib/python3.12/site-packages/insightface/utils/face_align.py:23: FutureWarning: `estimate` is deprecated since version 0.26 and will be removed in version 2.2. Please use `SimilarityTransform.from_estimate` class constructor instead.
  tform.estimate(lmk, dst)
/opt/homebrew/lib/python3.12/site-packages/insightface/utils/face_align.py:23: FutureWarning: `estimate` is deprecated since version 0.26 and will be removed in version 2.2. Please use `SimilarityTransform.from_estimate` class constructor instead.
  tform.estimate(lmk, dst)
/opt/homebrew/lib/python3.12/site-packages/insightface/utils/face_align.py:23: FutureWarning: `estimate` is deprecated since version 0.26 and will be removed in version 2.2. Please use `SimilarityTransform.from_estimate` class constructor instead.
  tform.estimate(lmk, dst)
/opt/homebrew/lib/python3.12/site-packages/insightface/utils/face_align.py:23: FutureWarning: `estimate` is deprecated since version 0.26 and will be removed in version 2.2. Please use `SimilarityTransform.from_estimate` class constructor instead.
  tform.estimate(lmk, dst)
/opt/homebrew/lib/python3.12/site-packages/insightface/utils/face_align.py:23: FutureWarning: `estimate` is deprecated since version 0.26 and will be removed in version 2.2. Please use `SimilarityTransform.from_estimate` class constructor instead.
  tform.estimate(lmk, dst)
/Users/johnkuo/Library/Python/3.12/lib/python/site-packages/onnxruntime/capi/onnxruntime_inference_collection.py:147: UserWarning: Specified provider 'CUDAExecutionProvider' is not in available provider names.Available providers: 'CoreMLExecutionProvider, AzureExecutionProvider, CPUExecutionProvider'
  warnings.warn(
[06/Aug/2026 15:08:40] "GET /Photos/2023/2023-10_%E9%A6%96%E5%B0%94%E7%89%B9%E5%88%AB%E5%B8%82/IMG_4133.jpeg HTTP/1.1" 304 -
[06/Aug/2026 15:08:40] "GET /Photos/2023/2023-10_%E9%A6%96%E5%B0%94%E7%89%B9%E5%88%AB%E5%B8%82/IMG_4129.jpeg HTTP/1.1" 304 -
[06/Aug/2026 15:08:40] "GET /Photos/2023/2023-10_%E9%A6%96%E5%B0%94%E7%89%B9%E5%88%AB%E5%B8%82/IMG_4125.jpeg HTTP/1.1" 304 -
[06/Aug/2026 15:08:40] "GET /Photos/2023/2023-10_%E9%A6%96%E5%B0%94%E7%89%B9%E5%88%AB%E5%B8%82/IMG_4145.jpeg HTTP/1.1" 304 -
[06/Aug/2026 15:08:40] "GET /Photos/2023/2023-10_%E9%A6%96%E5%B0%94%E7%89%B9%E5%88%AB%E5%B8%82/IMG_4124.jpeg HTTP/1.1" 304 -
[06/Aug/2026 15:08:40] "GET /Photos/2023/2023-10_%E9%A6%96%E5%B0%94%E7%89%B9%E5%88%AB%E5%B8%82/IMG_4128.jpeg HTTP/1.1" 304 -
[06/Aug/2026 15:08:40] "GET /Photos/2023/2023-10_%E9%A6%96%E5%B0%94%E7%89%B9%E5%88%AB%E5%B8%82/IMG_4130.jpeg HTTP/1.1" 304 -
[06/Aug/2026 15:08:40] "GET /Photos/2023/2023-10_%E9%A6%96%E5%B0%94%E7%89%B9%E5%88%AB%E5%B8%82/IMG_4127.jpeg HTTP/1.1" 304 -
[06/Aug/2026 15:08:40] "GET /Photos/2023/2023-10_%E9%A6%96%E5%B0%94%E7%89%B9%E5%88%AB%E5%B8%82/IMG_4131.jpeg HTTP/1.1" 304 -
[06/Aug/2026 15:08:40] "GET /Photos/2023/2023-10_%E9%A6%96%E5%B0%94%E7%89%B9%E5%88%AB%E5%B8%82/IMG_4147.jpeg HTTP/1.1" 304 -
[06/Aug/2026 15:08:40] "GET /Photos/2023/2023-10_%E9%A6%96%E5%B0%94%E7%89%B9%E5%88%AB%E5%B8%82/IMG_4146.jpeg HTTP/1.1" 304 -
[06/Aug/2026 15:08:40] "GET /Photos/2023/2023-10_%E9%A6%96%E5%B0%94%E7%89%B9%E5%88%AB%E5%B8%82/IMG_4132.jpeg HTTP/1.1" 304 -
[06/Aug/2026 15:08:40] "GET /Photos/2023/2023-10_%E9%A6%96%E5%B0%94%E7%89%B9%E5%88%AB%E5%B8%82/IMG_4126.jpeg HTTP/1.1" 304 -
[06/Aug/2026 15:08:40] "GET /Photos/2023/2023-10_%E4%BB%81%E5%B7%9D%E5%BB%A3%E5%9F%9F%E5%B8%82/IMG_4076.jpeg HTTP/1.1" 304 -
[06/Aug/2026 15:08:40] "GET /Photos/2023/2023-10_%E4%BB%81%E5%B7%9D%E5%BB%A3%E5%9F%9F%E5%B8%82/IMG_4148.jpeg HTTP/1.1" 304 -
[06/Aug/2026 15:08:40] "GET /Photos/2023/2023-10_%E4%BB%81%E5%B7%9D%E5%BB%A3%E5%9F%9F%E5%B8%82/IMG_4149.jpeg HTTP/1.1" 304 -
[06/Aug/2026 15:08:40] "GET /Photos/2023/2023-10_%E4%BB%81%E5%B7%9D%E5%BB%A3%E5%9F%9F%E5%B8%82/IMG_4152.jpeg HTTP/1.1" 304 -
[06/Aug/2026 15:08:40] "GET /Photos/2023/2023-10_%E4%BB%81%E5%B7%9D%E5%BB%A3%E5%9F%9F%E5%B8%82/IMG_8474.jpeg HTTP/1.1" 304 -
[06/Aug/2026 15:08:40] "GET /Photos/2023/2023-10_%E4%BB%81%E5%B7%9D%E5%BB%A3%E5%9F%9F%E5%B8%82/IMG_4071.jpeg HTTP/1.1" 304 -
[06/Aug/2026 15:08:40] "GET /Photos/2023/2023-10_%E4%BB%81%E5%B7%9D%E5%BB%A3%E5%9F%9F%E5%B8%82/IMG_8475.jpeg HTTP/1.1" 304 -
[06/Aug/2026 15:08:40] "GET /Photos/2023/2023-10_%E4%BB%81%E5%B7%9D%E5%BB%A3%E5%9F%9F%E5%B8%82/IMG_4074.jpeg HTTP/1.1" 304 -
[06/Aug/2026 15:08:40] "GET /Photos/2023/2023-10_%E4%BB%81%E5%B7%9D%E5%BB%A3%E5%9F%9F%E5%B8%82/IMG_4150.jpeg HTTP/1.1" 304 -
[06/Aug/2026 15:08:40] "GET /Photos/2023/2023-10_%E4%BB%81%E5%B7%9D%E5%BB%A3%E5%9F%9F%E5%B8%82/IMG_4151.jpeg HTTP/1.1" 304 -
[06/Aug/2026 15:08:40] "GET /Photos/2023/2023-10_%E4%BB%81%E5%B7%9D%E5%BB%A3%E5%9F%9F%E5%B8%82/IMG_4075.jpeg HTTP/1.1" 304 -
[06/Aug/2026 15:08:40] "GET /Photos/2023/2023-10_%E4%BB%81%E5%B7%9D%E5%BB%A3%E5%9F%9F%E5%B8%82/IMG_8476.jpeg HTTP/1.1" 304 -
[06/Aug/2026 15:08:40] "GET /Photos/2023/2023-10_%E4%BB%81%E5%B7%9D%E5%BB%A3%E5%9F%9F%E5%B8%82/IMG_8477.jpeg HTTP/1.1" 304 -
[06/Aug/2026 15:08:40] "GET /Photos/2023/2023-11_%E8%87%BA%E5%8C%97%E5%B8%82/IMG_4332.jpeg HTTP/1.1" 304 -
[06/Aug/2026 15:08:40] "GET /Photos/2023/2023-11_%E8%87%BA%E5%8C%97%E5%B8%82/IMG_4324.jpeg HTTP/1.1" 304 -
[06/Aug/2026 15:09:00] "GET /Photos/2023/2023-01_%E4%B8%8B%E9%AB%98%E4%BA%95%E9%83%A1/IMG_2835.jpeg HTTP/1.1" 200 -
[06/Aug/2026 15:09:00] "GET /Photos/2023/2023-01_%E4%B8%8B%E9%AB%98%E4%BA%95%E9%83%A1/IMG_2989.jpeg HTTP/1.1" 200 -
[06/Aug/2026 15:09:00] "GET /Photos/2023/2023-01_%E4%B8%8B%E9%AB%98%E4%BA%95%E9%83%A1/IMG_2950.jpeg HTTP/1.1" 200 -
[06/Aug/2026 15:09:00] "GET /Photos/2023/2023-01_%E4%B8%8B%E9%AB%98%E4%BA%95%E9%83%A1/IMG_2946.jpeg HTTP/1.1" 200 -
[06/Aug/2026 15:09:00] "GET /Photos/2023/2023-01_%E4%B8%8B%E9%AB%98%E4%BA%95%E9%83%A1/IMG_2854.jpeg HTTP/1.1" 200 -
[06/Aug/2026 15:09:00] "GET /Photos/2023/2023-01_%E4%B8%8B%E9%AB%98%E4%BA%95%E9%83%A1/IMG_2855.jpeg HTTP/1.1" 200 -
[06/Aug/2026 15:09:00] "GET /Photos/2023/2023-01_%E4%B8%8B%E9%AB%98%E4%BA%95%E9%83%A1/IMG_2839.jpeg HTTP/1.1" 200 -
[06/Aug/2026 15:09:00] "GET /Photos/2023/2023-01_%E4%B8%8B%E9%AB%98%E4%BA%95%E9%83%A1/VEXOE3571.JPG HTTP/1.1" 200 -
[06/Aug/2026 15:09:00] "GET /Photos/2023/2023-01_%E4%B8%8B%E9%AB%98%E4%BA%95%E9%83%A1/IMG_2984.jpeg HTTP/1.1" 200 -
[06/Aug/2026 15:09:00] "GET /Photos/2023/2023-01_%E4%B8%8B%E9%AB%98%E4%BA%95%E9%83%A1/IMG_2947.jpeg HTTP/1.1" 200 -
[06/Aug/2026 15:09:00] "GET /Photos/2023/2023-01_%E4%B8%8B%E9%AB%98%E4%BA%95%E9%83%A1/IMG_2951.jpeg HTTP/1.1" 200 -
[06/Aug/2026 15:09:00] "GET /Photos/2023/2023-01_%E4%B8%8B%E9%AB%98%E4%BA%95%E9%83%A1/IMG_2985.jpeg HTTP/1.1" 200 -
[06/Aug/2026 15:09:00] "GET /Photos/2023/2023-01_%E4%B8%8B%E9%AB%98%E4%BA%95%E9%83%A1/IMG_2843.jpeg HTTP/1.1" 200 -
[06/Aug/2026 15:09:00] "GET /Photos/2023/2023-01_%E4%B8%8B%E9%AB%98%E4%BA%95%E9%83%A1/IMG_2988.jpeg HTTP/1.1" 200 -
[06/Aug/2026 15:09:00] "GET /Photos/2023/2023-01_%E4%B8%8B%E9%AB%98%E4%BA%95%E9%83%A1/IMG_2859.jpeg HTTP/1.1" 200 -
[06/Aug/2026 15:09:00] "GET /Photos/2023/2023-01_%E4%B8%8B%E9%AB%98%E4%BA%95%E9%83%A1/IMG_2844.jpeg HTTP/1.1" 200 -
[06/Aug/2026 15:09:00] "GET /Photos/2023/2023-01_%E4%B8%8B%E9%AB%98%E4%BA%95%E9%83%A1/IMG_2956.jpeg HTTP/1.1" 200 -
[06/Aug/2026 15:09:00] "GET /Photos/2023/2023-01_%E4%B8%8B%E9%AB%98%E4%BA%95%E9%83%A1/IMG_2983.jpeg HTTP/1.1" 200 -
[06/Aug/2026 15:09:00] "GET /Photos/2023/2023-01_%E4%B8%8B%E9%AB%98%E4%BA%95%E9%83%A1/IMG_2848.jpeg HTTP/1.1" 200 -
[06/Aug/2026 15:09:00] "GET /Photos/2023/2023-01_%E4%B8%8B%E9%AB%98%E4%BA%95%E9%83%A1/IMG_2940.jpeg HTTP/1.1" 200 -
[06/Aug/2026 15:09:00] "GET /Photos/2023/2023-01_%E4%B8%8B%E9%AB%98%E4%BA%95%E9%83%A1/IMG_2960.jpeg HTTP/1.1" 200 -
[06/Aug/2026 15:09:00] "GET /Photos/2023/2023-01_%E4%B8%8B%E9%AB%98%E4%BA%95%E9%83%A1/IMG_2864.jpeg HTTP/1.1" 200 -
[06/Aug/2026 15:09:00] "GET /Photos/2023/2023-01_%E4%B8%8B%E9%AB%98%E4%BA%95%E9%83%A1/IMG_2937.jpeg HTTP/1.1" 200 -
[06/Aug/2026 15:09:00] "GET /Photos/2023/2023-01_%E4%B8%8B%E9%AB%98%E4%BA%95%E9%83%A1/IMG_2936.jpeg HTTP/1.1" 200 -
[06/Aug/2026 15:09:00] "GET /Photos/2023/2023-01_%E4%B8%8B%E9%AB%98%E4%BA%95%E9%83%A1/IMG_2961.jpeg HTTP/1.1" 200 -
[06/Aug/2026 15:09:00] "GET /Photos/2023/2023-01_%E4%B8%8B%E9%AB%98%E4%BA%95%E9%83%A1/IMG_2849.jpeg HTTP/1.1" 200 -
[06/Aug/2026 15:09:00] "GET /Photos/2023/2023-01_%E4%B8%8B%E9%AB%98%E4%BA%95%E9%83%A1/IMG_2982.jpeg HTTP/1.1" 200 -
[06/Aug/2026 15:09:00] "GET /Photos/2023/2023-01_%E4%B8%8B%E9%AB%98%E4%BA%95%E9%83%A1/IMG_2941.jpeg HTTP/1.1" 200 -
[06/Aug/2026 15:09:00] "GET /Photos/2023/2023-01_%E4%B8%8B%E9%AB%98%E4%BA%95%E9%83%A1/IMG_2957.jpeg HTTP/1.1" 200 -
[06/Aug/2026 15:09:00] "GET /Photos/2023/2023-01_%E4%B8%8B%E9%AB%98%E4%BA%95%E9%83%A1/IMG_2845.jpeg HTTP/1.1" 200 -
[06/Aug/2026 15:09:00] "GET /Photos/2023/2023-01_%E4%B8%8B%E9%AB%98%E4%BA%95%E9%83%A1/IMG_2939.jpeg HTTP/1.1" 200 -
[06/Aug/2026 15:09:00] "GET /Photos/2023/2023-01_%E4%B8%8B%E9%AB%98%E4%BA%95%E9%83%A1/IMG_2981.jpeg HTTP/1.1" 200 -
[06/Aug/2026 15:09:01] "GET /Photos/2023/2023-03_%E4%BA%94%E5%B3%B0%E9%84%89/IMG_3183.jpeg HTTP/1.1" 200 -
[06/Aug/2026 15:09:01] "GET /Photos/2023/2023-03_%E4%BA%94%E5%B3%B0%E9%84%89/IMG_3185.jpeg HTTP/1.1" 200 -
[06/Aug/2026 15:09:01] "GET /Photos/2023/2023-03_%E4%BA%94%E5%B3%B0%E9%84%89/IMG_3182.jpeg HTTP/1.1" 200 -
[06/Aug/2026 15:09:01] "GET /Photos/2023/2023-03_%E4%BA%94%E5%B3%B0%E9%84%89/IMG_3176.jpeg HTTP/1.1" 200 -
[06/Aug/2026 15:09:01] "GET /Photos/2023/2023-03_%E4%BA%94%E5%B3%B0%E9%84%89/IMG_3177.jpeg HTTP/1.1" 200 -
[06/Aug/2026 15:09:01] "GET /Photos/2023/2023-03_%E4%BA%94%E5%B3%B0%E9%84%89/IMG_3189.jpeg HTTP/1.1" 200 -
[06/Aug/2026 15:09:01] "GET /Photos/2023/2023-03_%E4%BA%94%E5%B3%B0%E9%84%89/IMG_3187.jpeg HTTP/1.1" 200 -
[06/Aug/2026 15:09:01] "GET /Photos/2023/2023-03_%E4%BA%94%E5%B3%B0%E9%84%89/IMG_3191.jpeg HTTP/1.1" 200 -
[06/Aug/2026 15:09:01] "GET /Photos/2023/2023-03_%E4%BA%94%E5%B3%B0%E9%84%89/IMG_3192.jpeg HTTP/1.1" 200 -
[06/Aug/2026 15:09:01] "GET /Photos/2023/2023-03_%E4%BA%94%E5%B3%B0%E9%84%89/IMG_3184.jpeg HTTP/1.1" 200 -
[06/Aug/2026 15:09:01] "GET /Photos/2023/2023-03_%E4%BA%94%E5%B3%B0%E9%84%89/IMG_3188.jpeg HTTP/1.1" 200 -
[06/Aug/2026 15:09:01] "GET /Photos/2023/2023-03_%E4%BA%94%E5%B3%B0%E9%84%89/IMG_3193.jpeg HTTP/1.1" 200 -
[06/Aug/2026 15:09:01] "GET /Photos/2023/2023-03_%E4%BA%94%E5%B3%B0%E9%84%89/IMG_3186.jpeg HTTP/1.1" 200 -
[06/Aug/2026 15:09:01] "GET /Photos/2023/2023-03_%E4%BA%94%E5%B3%B0%E9%84%89/IMG_3190.jpeg HTTP/1.1" 200 -
[06/Aug/2026 15:09:01] "GET /Photos/2023/2023-03_%E4%BA%94%E5%B3%B0%E9%84%89/IMG_3178.jpeg HTTP/1.1" 200 -
[06/Aug/2026 15:09:01] "GET /Photos/2023/2023-03_%E4%BA%94%E5%B3%B0%E9%84%89/IMG_3181.jpeg HTTP/1.1" 200 -
[06/Aug/2026 15:09:01] "GET /Photos/2023/2023-03_%E4%BA%94%E5%B3%B0%E9%84%89/IMG_3180.jpeg HTTP/1.1" 200 -
[06/Aug/2026 15:09:01] "GET /Photos/2023/2023-03_%E4%BA%94%E5%B3%B0%E9%84%89/IMG_3179.jpeg HTTP/1.1" 200 -
[06/Aug/2026 15:09:07] "GET /Photos/2014/2014-01_%E6%9C%AA%E7%9F%A5%E5%9C%B0%E9%BB%9E/DF418703-B031-4312-ABA7-AEFCE4462FCE.jpeg HTTP/1.1" 200 -
[06/Aug/2026 15:09:07] "GET /Photos/2014/2014-01_%E6%9C%AA%E7%9F%A5%E5%9C%B0%E9%BB%9E/E8579411-CD1B-49F6-9F8E-D1076DC9D5A4.jpeg HTTP/1.1" 200 -
[06/Aug/2026 15:09:07] "GET /Photos/2014/2014-01_%E6%9C%AA%E7%9F%A5%E5%9C%B0%E9%BB%9E/8931FA6D-22B3-4DC5-BBD7-6D45ECB9D16F_1_201_a.jpeg HTTP/1.1" 200 -
[06/Aug/2026 15:09:07] "GET /Photos/2014/2014-01_%E6%9C%AA%E7%9F%A5%E5%9C%B0%E9%BB%9E/DA27E1B8-0DA1-456F-A776-EB9E0A123619.jpeg HTTP/1.1" 200 -
[06/Aug/2026 15:09:07] "GET /Photos/2014/2014-11_%E6%9C%AA%E7%9F%A5%E5%9C%B0%E9%BB%9E/36AF1EAC-F78A-47CD-9578-7A8A7845795E.jpeg HTTP/1.1" 200 -
[06/Aug/2026 15:09:07] "GET /Photos/2014/2014-10_%E6%9C%AA%E7%9F%A5%E5%9C%B0%E9%BB%9E/3BC0F4B9-AB00-475D-8A5F-1A8284D309F8.jpeg HTTP/1.1" 200 -
[06/Aug/2026 15:09:07] "GET /Photos/2014/2014-10_%E6%9C%AA%E7%9F%A5%E5%9C%B0%E9%BB%9E/4522884A-DAAB-45A2-976B-13718FC035AC.jpeg HTTP/1.1" 200 -
[06/Aug/2026 15:09:07] "GET /Photos/2014/2014-10_%E6%9C%AA%E7%9F%A5%E5%9C%B0%E9%BB%9E/09DE5551-D988-4088-81A1-9C078BA53D05.jpeg HTTP/1.1" 200 -
[06/Aug/2026 15:09:07] "GET /Photos/2014/2014-10_%E6%9C%AA%E7%9F%A5%E5%9C%B0%E9%BB%9E/306A572D-A0C3-440F-AC66-E072C4A9A47E.jpeg HTTP/1.1" 200 -
[06/Aug/2026 15:09:07] "GET /Photos/2014/2014-10_%E6%9C%AA%E7%9F%A5%E5%9C%B0%E9%BB%9E/ACE485FF-C1AD-4523-8E34-338EC4F72B9A.jpeg HTTP/1.1" 200 -
[06/Aug/2026 15:09:07] "GET /Photos/2014/2014-10_%E6%9C%AA%E7%9F%A5%E5%9C%B0%E9%BB%9E/6D79DDCF-23A0-48F4-AC48-49F1AA620008_1_201_a.jpeg HTTP/1.1" 200 -
[06/Aug/2026 15:09:07] "GET /Photos/2014/2014-10_%E6%9C%AA%E7%9F%A5%E5%9C%B0%E9%BB%9E/87E61128-8850-42EE-8B87-F30C0CA20DF8.jpeg HTTP/1.1" 200 -
[06/Aug/2026 15:09:07] "GET /Photos/2014/2014-10_%E6%9C%AA%E7%9F%A5%E5%9C%B0%E9%BB%9E/64EBE622-FF52-4A49-89F1-4F0839A19AE5.jpeg HTTP/1.1" 200 -
[06/Aug/2026 15:09:07] "GET /Photos/2014/2014-05_%E6%9C%AA%E7%9F%A5%E5%9C%B0%E9%BB%9E/FBE9B881-1C22-4C5E-A304-D7A9B9F4EA60.jpeg HTTP/1.1" 200 -
[06/Aug/2026 15:09:07] "GET /Photos/2014/2014-05_%E6%9C%AA%E7%9F%A5%E5%9C%B0%E9%BB%9E/13E5F047-B20C-473F-BF27-91B75398038C_1_201_a.jpeg HTTP/1.1" 200 -
[06/Aug/2026 15:09:07] "GET /Photos/2014/2014-05_%E6%9C%AA%E7%9F%A5%E5%9C%B0%E9%BB%9E/1193CA18-8F53-454D-B5FC-72460889BD04_1_201_a.jpeg HTTP/1.1" 200 -
[06/Aug/2026 15:09:07] "GET /Photos/2014/2014-05_%E6%9C%AA%E7%9F%A5%E5%9C%B0%E9%BB%9E/5B353DD9-5179-491C-A510-A95B2A5499F4_1_201_a.jpeg HTTP/1.1" 200 -
[06/Aug/2026 15:09:07] "GET /Photos/2014/2014-05_%E6%9C%AA%E7%9F%A5%E5%9C%B0%E9%BB%9E/BF8A43DB-2BAA-4071-9EDC-7EDA89CCC700_1_201_a.jpeg HTTP/1.1" 200 -
[06/Aug/2026 15:09:07] "GET /Photos/2014/2014-05_%E6%9C%AA%E7%9F%A5%E5%9C%B0%E9%BB%9E/B59C44FE-95F5-4FB5-9157-FF2CDACAAE9F_1_201_a.jpeg HTTP/1.1" 200 -
[06/Aug/2026 15:09:07] "GET /Photos/2014/2014-05_%E6%9C%AA%E7%9F%A5%E5%9C%B0%E9%BB%9E/9B84D6F0-8A63-42BE-9F32-0C5CA2B1DA7E.jpeg HTTP/1.1" 200 -
[06/Aug/2026 15:09:07] "GET /Photos/2014/2014-04_%E6%9C%AA%E7%9F%A5%E5%9C%B0%E9%BB%9E/ACE983F6-9279-471D-95A2-82A2BFADC563.jpeg HTTP/1.1" 200 -
[06/Aug/2026 15:09:10] "GET /Photos/2022/2022-05_%E5%8F%B0%E5%A4%A7%E5%85%AC%E8%A1%9B/IMG_2084.JPG HTTP/1.1" 200 -
[06/Aug/2026 15:09:10] "GET /Photos/2022/2022-05_%E5%8F%B0%E5%A4%A7%E5%85%AC%E8%A1%9B/IMG_2083.JPG HTTP/1.1" 200 -
[06/Aug/2026 15:09:10] "GET /Photos/2022/2022-05_%E5%8F%B0%E5%A4%A7%E5%85%AC%E8%A1%9B/IMG_2082.JPG HTTP/1.1" 200 -
[06/Aug/2026 15:09:10] "GET /Photos/2022/2022-04_%E6%96%B0%E5%9F%8E%E9%84%89/IMG_8827.JPG HTTP/1.1" 200 -
[06/Aug/2026 15:09:10] "GET /Photos/2022/2022-04_%E6%96%B0%E5%9F%8E%E9%84%89/IMG_8809.JPG HTTP/1.1" 200 -
[06/Aug/2026 15:09:10] "GET /Photos/2022/2022-04_%E6%96%B0%E5%9F%8E%E9%84%89/IMG_8837.JPG HTTP/1.1" 200 -
[06/Aug/2026 15:09:10] "GET /Photos/2022/2022-04_%E6%96%B0%E5%9F%8E%E9%84%89/IMG_8800.JPG HTTP/1.1" 200 -
[06/Aug/2026 15:09:10] "GET /Photos/2022/2022-07_%E5%8F%B0%E5%A4%A7%E6%A0%A1%E5%9C%92%E7%95%A2%E6%A5%AD%E7%85%A7/IMG_2373.JPG HTTP/1.1" 200 -
[06/Aug/2026 15:09:10] "GET /Photos/2022/2022-07_%E5%8F%B0%E5%A4%A7%E6%A0%A1%E5%9C%92%E7%95%A2%E6%A5%AD%E7%85%A7/IMG_2372.JPG HTTP/1.1" 200 -
[06/Aug/2026 15:09:10] "GET /Photos/2022/2022-07_%E5%8F%B0%E5%A4%A7%E6%A0%A1%E5%9C%92%E7%95%A2%E6%A5%AD%E7%85%A7/IMG_2370.JPG HTTP/1.1" 200 -
[06/Aug/2026 15:09:10] "GET /Photos/2022/2022-07_%E5%8F%B0%E5%A4%A7%E6%A0%A1%E5%9C%92%E7%95%A2%E6%A5%AD%E7%85%A7/IMG_2371.JPG HTTP/1.1" 200 -
[06/Aug/2026 15:09:12] "GET /Photos/2021/2021-08_%E8%87%BA%E4%B8%AD%E5%B8%82/IMG_9750.jpeg HTTP/1.1" 200 -
[06/Aug/2026 15:09:12] "GET /Photos/2021/2021-12_%E5%A4%AA%E9%BA%BB%E9%87%8C%E9%84%89/IMG_0392.jpeg HTTP/1.1" 200 -
[06/Aug/2026 15:09:12] "GET /Photos/2021/2021-12_%E5%A4%AA%E9%BA%BB%E9%87%8C%E9%84%89/IMG_0412.jpeg HTTP/1.1" 200 -
[06/Aug/2026 15:09:12] "GET /Photos/2021/2021-12_%E5%A4%AA%E9%BA%BB%E9%87%8C%E9%84%89/IMG_0393.jpeg HTTP/1.1" 200 -
[06/Aug/2026 15:09:12] "GET /Photos/2021/2021-12_%E5%A4%AA%E9%BA%BB%E9%87%8C%E9%84%89/IMG_0394.jpeg HTTP/1.1" 200 -
[06/Aug/2026 15:09:12] "GET /Photos/2021/2021-12_%E5%A4%AA%E9%BA%BB%E9%87%8C%E9%84%89/IMG_0422.jpeg HTTP/1.1" 200 -
[06/Aug/2026 15:09:12] "GET /Photos/2021/2021-12_%E5%A4%AA%E9%BA%BB%E9%87%8C%E9%84%89/IMG_0419.jpeg HTTP/1.1" 200 -
[06/Aug/2026 15:09:12] "GET /Photos/2021/2021-12_%E5%A4%AA%E9%BA%BB%E9%87%8C%E9%84%89/IMG_0416.jpeg HTTP/1.1" 200 -
[06/Aug/2026 15:09:12] "GET /Photos/2021/2021-12_%E5%A4%AA%E9%BA%BB%E9%87%8C%E9%84%89/IMG_0395.jpeg HTTP/1.1" 200 -
[06/Aug/2026 15:09:12] "GET /Photos/2021/2021-12_%E5%A4%AA%E9%BA%BB%E9%87%8C%E9%84%89/IMG_0396.jpeg HTTP/1.1" 200 -
[06/Aug/2026 15:09:12] "GET /Photos/2021/2021-12_%E5%A4%AA%E9%BA%BB%E9%87%8C%E9%84%89/IMG_0421.jpeg HTTP/1.1" 200 -
[06/Aug/2026 15:09:12] "GET /Photos/2021/2021-12_%E5%A4%AA%E9%BA%BB%E9%87%8C%E9%84%89/IMG_0426.jpeg HTTP/1.1" 200 -
[06/Aug/2026 15:09:12] "GET /Photos/2021/2021-12_%E5%A4%AA%E9%BA%BB%E9%87%8C%E9%84%89/IMG_0397.jpeg HTTP/1.1" 200 -
[06/Aug/2026 15:09:13] "GET /Photos/2021/2021-12_%E5%A4%AA%E9%BA%BB%E9%87%8C%E9%84%89/IMG_0391.jpeg HTTP/1.1" 200 -
[06/Aug/2026 15:09:13] "GET /Photos/2021/2021-10_%E6%9C%AA%E7%9F%A5%E5%9C%B0%E9%BB%9E/IMG_0070.JPG HTTP/1.1" 200 -
[06/Aug/2026 15:09:13] "GET /Photos/2021/2021-09_%E7%A4%81%E6%BA%AA%E9%84%89/IMG_9957.jpeg HTTP/1.1" 200 -
[06/Aug/2026 15:09:13] "GET /Photos/2021/2021-09_%E7%A4%81%E6%BA%AA%E9%84%89/IMG_9956.jpeg HTTP/1.1" 200 -
[06/Aug/2026 15:09:13] "GET /Photos/2021/2021-09_%E7%A4%81%E6%BA%AA%E9%84%89/IMG_9955.jpeg HTTP/1.1" 200 -
[06/Aug/2026 15:09:13] "GET /Photos/2021/2021-09_%E7%A4%81%E6%BA%AA%E9%84%89/IMG_9954.jpeg HTTP/1.1" 200 -
[06/Aug/2026 15:09:13] "GET /Photos/2021/2021-12_%E4%BB%81%E6%84%9B%E9%84%89/IMG_0669.jpeg HTTP/1.1" 200 -
[06/Aug/2026 15:09:13] "GET /Photos/2021/2021-12_%E4%BB%81%E6%84%9B%E9%84%89/IMG_0701.jpeg HTTP/1.1" 200 -
[06/Aug/2026 15:09:13] "GET /Photos/2021/2021-12_%E4%BB%81%E6%84%9B%E9%84%89/IMG_0768.jpeg HTTP/1.1" 200 -
[06/Aug/2026 15:09:13] "GET /Photos/2021/2021-12_%E4%BB%81%E6%84%9B%E9%84%89/IMG_0744.jpeg HTTP/1.1" 200 -
[06/Aug/2026 15:09:13] "GET /Photos/2021/2021-12_%E4%BB%81%E6%84%9B%E9%84%89/IMG_0764.jpeg HTTP/1.1" 200 -
[06/Aug/2026 15:09:13] "GET /Photos/2021/2021-12_%E4%BB%81%E6%84%9B%E9%84%89/IMG_0704.jpeg HTTP/1.1" 200 -
[06/Aug/2026 15:09:13] "GET /Photos/2021/2021-12_%E4%BB%81%E6%84%9B%E9%84%89/IMG_0769.jpeg HTTP/1.1" 200 -
[06/Aug/2026 15:09:13] "GET /Photos/2021/2021-12_%E4%BB%81%E6%84%9B%E9%84%89/IMG_0703.jpeg HTTP/1.1" 200 -
[06/Aug/2026 15:09:13] "GET /Photos/2021/2021-12_%E4%BB%81%E6%84%9B%E9%84%89/IMG_0743.jpeg HTTP/1.1" 200 -
[06/Aug/2026 15:09:13] "GET /Photos/2021/2021-12_%E4%BB%81%E6%84%9B%E9%84%89/IMG_0702.jpeg HTTP/1.1" 200 -
[06/Aug/2026 15:09:13] "GET /Photos/2021/2021-12_%E4%BB%81%E6%84%9B%E9%84%89/IMG_0763.jpeg HTTP/1.1" 200 -
[06/Aug/2026 15:09:13] "GET /Photos/2021/2021-12_%E4%BB%81%E6%84%9B%E9%84%89/IMG_0734.jpeg HTTP/1.1" 200 -
[06/Aug/2026 15:12:31] "GET / HTTP/1.1" 304 -
[06/Aug/2026 15:12:31] "GET /api/photos HTTP/1.1" 200 -
[06/Aug/2026 15:12:31] "GET /Photos/2014/2014-01_%E6%9C%AA%E7%9F%A5%E5%9C%B0%E9%BB%9E/4B9D2452-7485-420D-8ADF-98D5370323DD.jpeg HTTP/1.1" 200 -
[06/Aug/2026 15:12:31] "GET /Photos/2014/2014-01_%E6%9C%AA%E7%9F%A5%E5%9C%B0%E9%BB%9E/40918763-482B-41FD-8262-A9750E3FE139.jpeg HTTP/1.1" 200 -
[06/Aug/2026 15:12:31] "GET /Photos/2014/2014-01_%E6%9C%AA%E7%9F%A5%E5%9C%B0%E9%BB%9E/50BCB523-75DB-463E-BF76-A013F1BA9A49.jpeg HTTP/1.1" 200 -
[06/Aug/2026 15:12:31] "GET /Photos/2014/2014-01_%E6%9C%AA%E7%9F%A5%E5%9C%B0%E9%BB%9E/D544438F-055A-4B2B-B333-9EA4CE3C740C.jpeg HTTP/1.1" 200 -
[06/Aug/2026 15:12:31] "GET /Photos/2014/2014-01_%E6%9C%AA%E7%9F%A5%E5%9C%B0%E9%BB%9E/77D0EB03-8BCB-4B47-B9D3-58E03B350F66.jpeg HTTP/1.1" 200 -
[06/Aug/2026 15:12:31] "GET /Photos/2014/2014-01_%E6%9C%AA%E7%9F%A5%E5%9C%B0%E9%BB%9E/0070F37B-D235-4127-909D-94A31A92BD46.jpeg HTTP/1.1" 200 -
[06/Aug/2026 15:12:31] "GET /Photos/2014/2014-01_%E6%9C%AA%E7%9F%A5%E5%9C%B0%E9%BB%9E/D6F02760-E50D-4940-8910-1AE7DDAC6858.jpeg HTTP/1.1" 200 -
[06/Aug/2026 15:12:31] "GET /Photos/2014/2014-01_%E6%9C%AA%E7%9F%A5%E5%9C%B0%E9%BB%9E/559D0AEE-937E-491A-8FA2-770F586E3736.jpeg HTTP/1.1" 200 -
[06/Aug/2026 15:12:31] "GET /Photos/2014/2014-01_%E6%9C%AA%E7%9F%A5%E5%9C%B0%E9%BB%9E/236A006C-BC84-4097-9D8A-922237C3EE02.jpeg HTTP/1.1" 200 -
[06/Aug/2026 15:12:31] "GET /Photos/2014/2014-01_%E6%9C%AA%E7%9F%A5%E5%9C%B0%E9%BB%9E/2490781E-4A04-4597-8F33-2B635E3740E8.jpeg HTTP/1.1" 200 -
[06/Aug/2026 15:12:31] "GET /Photos/2014/2014-01_%E6%9C%AA%E7%9F%A5%E5%9C%B0%E9%BB%9E/30FBD7DC-CD94-4103-AD35-83694296F14E_1_201_a.jpeg HTTP/1.1" 200 -
[06/Aug/2026 15:12:31] "GET /Photos/2014/2014-01_%E6%9C%AA%E7%9F%A5%E5%9C%B0%E9%BB%9E/B69D3D9E-B516-4889-BFBA-05A11FDEFE49.jpeg HTTP/1.1" 200 -
[06/Aug/2026 15:12:31] "GET /Photos/2014/2014-01_%E6%9C%AA%E7%9F%A5%E5%9C%B0%E9%BB%9E/50FF06EF-C17F-47EF-8167-0BC4EACD2D61.jpeg HTTP/1.1" 200 -
[06/Aug/2026 15:12:31] "GET /Photos/2014/2014-01_%E6%9C%AA%E7%9F%A5%E5%9C%B0%E9%BB%9E/E3075114-817B-42E9-BE8B-985C9A849AFE.jpeg HTTP/1.1" 200 -
[06/Aug/2026 15:12:31] "GET /Photos/2014/2014-01_%E6%9C%AA%E7%9F%A5%E5%9C%B0%E9%BB%9E/6ED8ED8C-DB53-4B10-BCEF-EAA61E2521DA.jpeg HTTP/1.1" 200 -
[06/Aug/2026 15:12:31] "GET /Photos/2014/2014-01_%E6%9C%AA%E7%9F%A5%E5%9C%B0%E9%BB%9E/67A2BC3A-916D-42F8-B989-962E5B41478A.jpeg HTTP/1.1" 200 -
[06/Aug/2026 15:12:31] "GET /Photos/2014/2014-01_%E6%9C%AA%E7%9F%A5%E5%9C%B0%E9%BB%9E/F8453F9F-3398-453C-BFAC-5EE4896888FA.jpeg HTTP/1.1" 200 -
[06/Aug/2026 15:12:32] "GET /Photos/2014/2014-01_%E6%9C%AA%E7%9F%A5%E5%9C%B0%E9%BB%9E/1D5BDA11-5761-488C-B4A2-E4BE5385851B.jpeg HTTP/1.1" 200 -
[06/Aug/2026 15:12:32] "GET /Photos/2014/2014-01_%E6%9C%AA%E7%9F%A5%E5%9C%B0%E9%BB%9E/946947A3-5791-46AE-BC43-FBBC18D87AC9.jpeg HTTP/1.1" 200 -
[06/Aug/2026 15:12:32] "GET /Photos/2014/2014-01_%E6%9C%AA%E7%9F%A5%E5%9C%B0%E9%BB%9E/59F4A556-9FFA-4A76-B7A3-F22CC7B72837.jpeg HTTP/1.1" 200 -
[06/Aug/2026 15:12:32] "GET /Photos/2014/2014-01_%E6%9C%AA%E7%9F%A5%E5%9C%B0%E9%BB%9E/9A1F6949-8FCA-409E-BB09-92E7C23551F3.jpeg HTTP/1.1" 200 -
[06/Aug/2026 15:12:32] "GET /Photos/2014/2014-01_%E6%9C%AA%E7%9F%A5%E5%9C%B0%E9%BB%9E/CEC2C366-D87C-4A49-B5C1-C2779398AF94.jpeg HTTP/1.1" 200 -
[06/Aug/2026 15:12:32] "GET /Photos/2014/2014-01_%E6%9C%AA%E7%9F%A5%E5%9C%B0%E9%BB%9E/90DE4628-D61D-4AA2-B1FE-A4C47896B8C9_1_201_a.jpeg HTTP/1.1" 200 -
[06/Aug/2026 15:12:32] "GET /Photos/2014/2014-01_%E6%9C%AA%E7%9F%A5%E5%9C%B0%E9%BB%9E/E66FDB18-7C53-4AD2-BBC1-13BC18F45DF0.jpeg HTTP/1.1" 200 -
[06/Aug/2026 15:12:32] "GET /Photos/2014/2014-01_%E6%9C%AA%E7%9F%A5%E5%9C%B0%E9%BB%9E/85AAADD2-AE54-4907-9E1B-4E20B25D89F7.jpeg HTTP/1.1" 200 -
[06/Aug/2026 15:12:32] "GET /Photos/2014/2014-01_%E6%9C%AA%E7%9F%A5%E5%9C%B0%E9%BB%9E/A99FFD9B-34D6-4755-82DB-25AD63352056.jpeg HTTP/1.1" 200 -
[06/Aug/2026 15:12:32] "GET /Photos/2014/2014-01_%E6%9C%AA%E7%9F%A5%E5%9C%B0%E9%BB%9E/3EB538D3-3C1B-4240-981B-D75A0DA5242F_1_201_a.jpeg HTTP/1.1" 200 -
[06/Aug/2026 15:12:46] "GET /Photos/2020/2020-11_%E6%9C%AA%E7%9F%A5%E5%9C%B0%E9%BB%9E/9993370D-BCA0-4E4B-A538-11C86B679E09.jpeg HTTP/1.1" 200 -
[06/Aug/2026 15:12:46] "GET /Photos/2020/2020-10_%E6%96%B0%E7%AB%B9/%E5%8F%B0%E4%B8%AD/AFEE410F-9DFB-4A43-A1A8-95C0F7878284_1_105_c.jpeg HTTP/1.1" 200 -
[06/Aug/2026 15:12:46] "GET /Photos/2020/2020-10_%E6%96%B0%E7%AB%B9/%E5%8F%B0%E4%B8%AD/C9589C0B-6841-4033-9E88-56282AD90979_1_105_c.jpeg HTTP/1.1" 200 -
[06/Aug/2026 15:12:46] "GET /Photos/2020/2020-10_%E6%96%B0%E7%AB%B9/%E5%8F%B0%E4%B8%AD/87A033A8-A790-4B16-BB44-A75470AD0276_1_105_c.jpeg HTTP/1.1" 200 -
[06/Aug/2026 15:12:48] "GET /Photos/2019/2019-05_%E6%9C%AA%E7%9F%A5%E5%9C%B0%E9%BB%9E/E4C5A519-4A40-4920-A715-723FE6D375D3.jpeg HTTP/1.1" 200 -
[06/Aug/2026 15:12:48] "GET /Photos/2019/2019-05_%E6%9C%AA%E7%9F%A5%E5%9C%B0%E9%BB%9E/954AEF60-9B61-4345-B4A4-7B81AB6A77C0.jpeg HTTP/1.1" 200 -
[06/Aug/2026 15:12:48] "GET /Photos/2019/2019-05_%E6%9C%AA%E7%9F%A5%E5%9C%B0%E9%BB%9E/7464721C-6A4E-40C2-BA83-526E95002A47.jpeg HTTP/1.1" 200 -
[06/Aug/2026 15:12:48] "GET /Photos/2019/2019-05_%E6%9C%AA%E7%9F%A5%E5%9C%B0%E9%BB%9E/6CB8B244-062C-447D-9DE4-C68410799192.jpeg HTTP/1.1" 200 -
[06/Aug/2026 15:12:48] "GET /Photos/2019/2019-05_%E6%9C%AA%E7%9F%A5%E5%9C%B0%E9%BB%9E/FB2641EE-8BFB-4F7B-9359-AE94DDD66E63.jpeg HTTP/1.1" 200 -
[06/Aug/2026 15:12:48] "GET /Photos/2019/2019-05_%E6%9C%AA%E7%9F%A5%E5%9C%B0%E9%BB%9E/C3795D3B-C5A7-4599-B4EE-AE74147D6975.jpeg HTTP/1.1" 200 -
[06/Aug/2026 15:12:48] "GET /Photos/2019/2019-05_%E6%9C%AA%E7%9F%A5%E5%9C%B0%E9%BB%9E/390B4E75-1401-487E-A38B-3B26A0E65C06.jpeg HTTP/1.1" 200 -
[06/Aug/2026 15:12:48] "GET /Photos/2019/2019-05_%E6%9C%AA%E7%9F%A5%E5%9C%B0%E9%BB%9E/E4D3B260-ADCE-4AA3-B9BC-3E2A135C694C.jpeg HTTP/1.1" 200 -
[06/Aug/2026 15:12:48] "GET /Photos/2019/2019-05_%E6%9C%AA%E7%9F%A5%E5%9C%B0%E9%BB%9E/BA838C23-E750-490E-9130-9AD936F25135.jpeg HTTP/1.1" 200 -
[06/Aug/2026 15:12:48] "GET /Photos/2019/2019-05_%E6%9C%AA%E7%9F%A5%E5%9C%B0%E9%BB%9E/D8A64E40-527B-4CA4-9534-BB8AE4C8F984.jpeg HTTP/1.1" 200 -
[06/Aug/2026 15:12:48] "GET /Photos/2019/2019-05_%E6%9C%AA%E7%9F%A5%E5%9C%B0%E9%BB%9E/0BBB7B48-F686-435E-9947-B5A91F682320.jpeg HTTP/1.1" 200 -
[06/Aug/2026 15:12:48] "GET /Photos/2019/2019-05_%E6%9C%AA%E7%9F%A5%E5%9C%B0%E9%BB%9E/F984CBB3-A56B-47D1-8F68-7347812AA2D0.jpeg HTTP/1.1" 200 -
[06/Aug/2026 15:12:48] "GET /Photos/2019/2019-05_%E6%9C%AA%E7%9F%A5%E5%9C%B0%E9%BB%9E/AA1CAEC4-5000-4066-B68A-C49FA9B07643.jpeg HTTP/1.1" 200 -
[06/Aug/2026 15:12:48] "GET /Photos/2019/2019-05_%E6%9C%AA%E7%9F%A5%E5%9C%B0%E9%BB%9E/EFED684D-7878-411C-84FF-BC6312942F48.jpeg HTTP/1.1" 200 -
[06/Aug/2026 15:12:48] "GET /Photos/2019/2019-05_%E6%9C%AA%E7%9F%A5%E5%9C%B0%E9%BB%9E/49E2850D-D428-46D3-96E2-397365C84059.jpeg HTTP/1.1" 200 -
[06/Aug/2026 15:12:48] "GET /Photos/2019/2019-05_%E6%9C%AA%E7%9F%A5%E5%9C%B0%E9%BB%9E/93D75F24-7454-4383-86B1-931B726660F2.jpeg HTTP/1.1" 200 -
[06/Aug/2026 15:12:48] "GET /Photos/2019/2019-05_%E6%9C%AA%E7%9F%A5%E5%9C%B0%E9%BB%9E/91865555-7943-4AEC-A708-6DD62EC4F70F.jpeg HTTP/1.1" 200 -
[06/Aug/2026 15:12:48] "GET /Photos/2019/2019-05_%E6%9C%AA%E7%9F%A5%E5%9C%B0%E9%BB%9E/14B5123E-AC56-4434-A2DF-9C8F2D2EDD2B.jpeg HTTP/1.1" 200 -
[06/Aug/2026 15:12:48] "GET /Photos/2019/2019-05_%E6%9C%AA%E7%9F%A5%E5%9C%B0%E9%BB%9E/FEFD3996-52D4-4CC4-BA5C-9E5BBD31FB49.jpeg HTTP/1.1" 200 -
[06/Aug/2026 15:12:48] "GET /Photos/2019/2019-05_%E6%9C%AA%E7%9F%A5%E5%9C%B0%E9%BB%9E/8FEB4AC0-3606-408A-A29B-EE4025A2A350.jpeg HTTP/1.1" 200 -
[06/Aug/2026 15:12:48] "GET /Photos/2019/2019-05_%E6%9C%AA%E7%9F%A5%E5%9C%B0%E9%BB%9E/BFF416AF-45F3-4091-A868-6D57E1BF6200.jpeg HTTP/1.1" 200 -
[06/Aug/2026 15:12:48] "GET /Photos/2019/2019-05_%E6%9C%AA%E7%9F%A5%E5%9C%B0%E9%BB%9E/6F5BD965-C698-468C-9A5A-B9607790E6F3.jpeg HTTP/1.1" 200 -
[06/Aug/2026 15:12:50] "GET /Photos/2019/2019-05_%E6%9C%AA%E7%9F%A5%E5%9C%B0%E9%BB%9E/FE4E022C-D243-4A42-9F5F-925FCD61929D.jpeg HTTP/1.1" 200 -
[06/Aug/2026 15:12:50] "GET /Photos/2019/2019-05_%E6%9C%AA%E7%9F%A5%E5%9C%B0%E9%BB%9E/D1A0092B-BCC4-452C-8FB2-2374FFD458CD.jpeg HTTP/1.1" 200 -
[06/Aug/2026 15:12:50] "GET /Photos/2019/2019-05_%E6%9C%AA%E7%9F%A5%E5%9C%B0%E9%BB%9E/B92D27F4-F7FC-4C75-AB26-02CA4F06120D.jpeg HTTP/1.1" 200 -
[06/Aug/2026 15:12:50] "GET /Photos/2019/2019-05_%E6%9C%AA%E7%9F%A5%E5%9C%B0%E9%BB%9E/1C3C4697-44D5-4F00-923B-A0E64B68DA56.jpeg HTTP/1.1" 200 -
[06/Aug/2026 15:12:50] "GET /Photos/2019/2019-05_%E6%9C%AA%E7%9F%A5%E5%9C%B0%E9%BB%9E/8616716E-C196-4F91-B605-51EDB85786EA.jpeg HTTP/1.1" 200 -
[06/Aug/2026 15:12:50] "GET /Photos/2019/2019-05_%E6%9C%AA%E7%9F%A5%E5%9C%B0%E9%BB%9E/D1298C51-7C35-4FF1-ACA6-211BEC486734.jpeg HTTP/1.1" 200 -
[06/Aug/2026 15:12:50] "GET /Photos/2019/2019-05_%E6%9C%AA%E7%9F%A5%E5%9C%B0%E9%BB%9E/F3B04AF6-6818-49B8-8BC9-8FA3B946ACF4.jpeg HTTP/1.1" 200 -
[06/Aug/2026 15:12:50] "GET /Photos/2019/2019-05_%E6%9C%AA%E7%9F%A5%E5%9C%B0%E9%BB%9E/6CA48627-A2BF-42CC-BECF-3478E0970C29.jpeg HTTP/1.1" 200 -
[06/Aug/2026 15:14:00] "GET /Photos/2014/2014-10_%E6%9C%AA%E7%9F%A5%E5%9C%B0%E9%BB%9E/BEEA5EB4-5163-418E-8A31-AA8BCA969190_1_201_a.jpeg HTTP/1.1" 200 -
[06/Aug/2026 15:14:00] "GET /Photos/2014/2014-10_%E6%9C%AA%E7%9F%A5%E5%9C%B0%E9%BB%9E/9542E388-AE5D-4916-9F61-C62F17E57BB9_1_201_a.jpeg HTTP/1.1" 200 -
[06/Aug/2026 15:14:00] "GET /Photos/2014/2014-11_%E6%9C%AA%E7%9F%A5%E5%9C%B0%E9%BB%9E/5F89046F-F446-48F6-A27D-E2FE22EBA07A.jpeg HTTP/1.1" 200 -
[06/Aug/2026 15:14:00] "GET /Photos/2014/2014-10_%E6%9C%AA%E7%9F%A5%E5%9C%B0%E9%BB%9E/BA3CE5CC-8754-4F9C-9091-57F284E9C87A_1_201_a.jpeg HTTP/1.1" 200 -
[06/Aug/2026 15:14:00] "GET /Photos/2014/2014-06_%E6%9C%AA%E7%9F%A5%E5%9C%B0%E9%BB%9E/6BC3BF77-197E-4E7A-8898-56410105971D_1_201_a.jpeg HTTP/1.1" 200 -
[06/Aug/2026 15:14:00] "GET /Photos/2014/2014-06_%E6%9C%AA%E7%9F%A5%E5%9C%B0%E9%BB%9E/66687871-B5EE-4C36-A905-1BDD077F5E10.jpeg HTTP/1.1" 200 -
[06/Aug/2026 15:14:00] "GET /Photos/2014/2014-06_%E6%9C%AA%E7%9F%A5%E5%9C%B0%E9%BB%9E/770ADA07-4F0E-4378-A1E2-D9214A54317E.jpeg HTTP/1.1" 200 -
[06/Aug/2026 15:14:00] "GET /Photos/2014/2014-06_%E6%9C%AA%E7%9F%A5%E5%9C%B0%E9%BB%9E/40724AE5-C76B-4AD6-9D38-8E46C2094A93.jpeg HTTP/1.1" 200 -
[06/Aug/2026 15:14:00] "GET /Photos/2014/2014-06_%E6%9C%AA%E7%9F%A5%E5%9C%B0%E9%BB%9E/F94BFC89-61DE-435B-9CC9-A21726F45FC9.jpeg HTTP/1.1" 200 -
[06/Aug/2026 15:14:00] "GET /Photos/2014/2014-06_%E6%9C%AA%E7%9F%A5%E5%9C%B0%E9%BB%9E/FF85566B-5943-4991-BFF0-8CD15845B16B.jpeg HTTP/1.1" 200 -
[06/Aug/2026 15:14:00] "GET /Photos/2014/2014-06_%E6%9C%AA%E7%9F%A5%E5%9C%B0%E9%BB%9E/BCFA91C9-0B18-4AC8-9AB0-B1C7B61EC1E0.jpeg HTTP/1.1" 200 -
[06/Aug/2026 15:14:00] "GET /Photos/2014/2014-06_%E6%9C%AA%E7%9F%A5%E5%9C%B0%E9%BB%9E/9E2A8643-CEBC-429B-B7E5-40DCFAA34F95.jpeg HTTP/1.1" 200 -
[06/Aug/2026 15:14:00] "GET /Photos/2014/2014-05_%E6%9C%AA%E7%9F%A5%E5%9C%B0%E9%BB%9E/50975177-1CC2-46B5-8D5B-DCBD823A3428.jpeg HTTP/1.1" 200 -
[06/Aug/2026 15:14:00] "GET /Photos/2014/2014-05_%E6%9C%AA%E7%9F%A5%E5%9C%B0%E9%BB%9E/2AB5864D-890B-408B-8532-C1BD696CB147_1_201_a.jpeg HTTP/1.1" 200 -
[06/Aug/2026 15:14:00] "GET /Photos/2014/2014-05_%E6%9C%AA%E7%9F%A5%E5%9C%B0%E9%BB%9E/80727B2F-84E3-455D-99E1-12795D0EEEE6.jpeg HTTP/1.1" 200 -
[06/Aug/2026 15:14:00] "GET /Photos/2014/2014-05_%E6%9C%AA%E7%9F%A5%E5%9C%B0%E9%BB%9E/50075931-1D37-4C11-9D92-2A10F835D3D9.jpeg HTTP/1.1" 200 -
[06/Aug/2026 15:14:00] "GET /Photos/2014/2014-05_%E6%9C%AA%E7%9F%A5%E5%9C%B0%E9%BB%9E/07E3387D-EA94-4BF4-8207-FCE936771177.jpeg HTTP/1.1" 200 -
[06/Aug/2026 15:14:00] "GET /Photos/2014/2014-05_%E6%9C%AA%E7%9F%A5%E5%9C%B0%E9%BB%9E/FFEA1017-0A3D-43C1-B7C0-94003F78EEC1.jpeg HTTP/1.1" 200 -
[06/Aug/2026 15:14:03] "GET /Photos/2021/2021-12_%E5%A4%AA%E9%BA%BB%E9%87%8C%E9%84%89/IMG_0404.jpeg HTTP/1.1" 200 -
[06/Aug/2026 15:14:03] "GET /Photos/2021/2021-12_%E5%A4%AA%E9%BA%BB%E9%87%8C%E9%84%89/IMG_0405.jpeg HTTP/1.1" 200 -
[06/Aug/2026 15:14:03] "GET /Photos/2021/2021-12_%E5%A4%AA%E9%BA%BB%E9%87%8C%E9%84%89/IMG_0402.jpeg HTTP/1.1" 200 -
[06/Aug/2026 15:14:03] "GET /Photos/2021/2021-12_%E5%A4%AA%E9%BA%BB%E9%87%8C%E9%84%89/IMG_0399.jpeg HTTP/1.1" 200 -
[06/Aug/2026 15:14:03] "GET /Photos/2021/2021-12_%E5%A4%AA%E9%BA%BB%E9%87%8C%E9%84%89/IMG_0398.jpeg HTTP/1.1" 200 -
[06/Aug/2026 15:14:03] "GET /Photos/2021/2021-12_%E5%A4%AA%E9%BA%BB%E9%87%8C%E9%84%89/IMG_0403.jpeg HTTP/1.1" 200 -
[06/Aug/2026 15:14:03] "GET /Photos/2021/2021-12_%E5%A4%AA%E9%BA%BB%E9%87%8C%E9%84%89/IMG_0400.jpeg HTTP/1.1" 200 -
[06/Aug/2026 15:14:03] "GET /Photos/2021/2021-12_%E5%A4%AA%E9%BA%BB%E9%87%8C%E9%84%89/IMG_0401.jpeg HTTP/1.1" 200 -
[06/Aug/2026 15:14:03] "GET /Photos/2021/2021-12_%E5%A4%AA%E9%BA%BB%E9%87%8C%E9%84%89/IMG_0406.jpeg HTTP/1.1" 200 -
[06/Aug/2026 15:14:03] "GET /Photos/2021/2021-12_%E5%A4%AA%E9%BA%BB%E9%87%8C%E9%84%89/IMG_0407.jpeg HTTP/1.1" 200 -
[06/Aug/2026 15:14:03] "GET /Photos/2021/2021-12_%E5%A4%AA%E4%BF%9D%E5%B8%82/IMG_0633.jpeg HTTP/1.1" 200 -
[06/Aug/2026 15:14:03] "GET /Photos/2021/2021-12_%E5%A4%AA%E4%BF%9D%E5%B8%82/IMG_0652.jpeg HTTP/1.1" 200 -
[06/Aug/2026 15:14:03] "GET /Photos/2021/2021-12_%E5%A4%AA%E4%BF%9D%E5%B8%82/IMG_0629.jpeg HTTP/1.1" 200 -
[06/Aug/2026 15:14:03] "GET /Photos/2021/2021-12_%E5%A4%AA%E4%BF%9D%E5%B8%82/IMG_0628.jpeg HTTP/1.1" 200 -
[06/Aug/2026 15:14:03] "GET /Photos/2021/2021-12_%E5%A4%AA%E4%BF%9D%E5%B8%82/IMG_0645.jpeg HTTP/1.1" 200 -
[06/Aug/2026 15:14:03] "GET /Photos/2021/2021-12_%E5%A4%AA%E4%BF%9D%E5%B8%82/IMG_0632.jpeg HTTP/1.1" 200 -
[06/Aug/2026 15:14:03] "GET /Photos/2021/2021-12_%E5%A4%AA%E4%BF%9D%E5%B8%82/IMG_0642.jpeg HTTP/1.1" 200 -
[06/Aug/2026 15:14:03] "GET /Photos/2021/2021-12_%E5%A4%AA%E4%BF%9D%E5%B8%82/IMG_0639.jpeg HTTP/1.1" 200 -
[06/Aug/2026 15:14:05] "GET /Photos/2020/2020-10_%E6%96%B0%E7%AB%B9/%E5%8F%B0%E4%B8%AD/C2E8B1E1-BC41-405A-8EBF-332C0CCEFEFD_1_105_c.jpeg HTTP/1.1" 200 -
[06/Aug/2026 15:14:05] "GET /Photos/2020/2020-10_%E6%96%B0%E7%AB%B9/%E5%8F%B0%E4%B8%AD/7E23A5D2-612C-41C5-95EC-8001CB1E2278_1_105_c.jpeg HTTP/1.1" 200 -
[06/Aug/2026 15:14:05] "GET /Photos/2020/2020-10_%E6%96%B0%E7%AB%B9/%E5%8F%B0%E4%B8%AD/F60FC993-8ECA-40F8-A3B2-C5DF601CBCD6_1_105_c.jpeg HTTP/1.1" 200 -
[06/Aug/2026 15:14:05] "GET /Photos/2020/2020-10_%E6%96%B0%E7%AB%B9/%E5%8F%B0%E4%B8%AD/CDC126E7-7AA0-4CFB-951F-E8776068E55A_1_105_c.jpeg HTTP/1.1" 200 -
[06/Aug/2026 15:14:05] "GET /Photos/2020/2020-10_%E6%96%B0%E7%AB%B9/%E5%8F%B0%E4%B8%AD/D8DAD5D8-BFF6-4993-BE17-495B16DEC4E9_1_105_c.jpeg HTTP/1.1" 200 -
[06/Aug/2026 15:14:08] "GET /Photos/2019/2019-05_%E6%9C%AA%E7%9F%A5%E5%9C%B0%E9%BB%9E/B1E0F018-95D0-490D-96E1-FD176D9CC25C.jpeg HTTP/1.1" 200 -
[06/Aug/2026 15:14:08] "GET /Photos/2019/2019-05_%E6%9C%AA%E7%9F%A5%E5%9C%B0%E9%BB%9E/6E6E9E2E-B0C7-4A74-A5E7-E9B6E8BEC58C.jpeg HTTP/1.1" 200 -
[06/Aug/2026 15:14:08] "GET /Photos/2019/2019-08_Seine-et-Marne/94262743-7B59-4C78-B4E4-25838A5585ED.jpeg HTTP/1.1" 200 -
[06/Aug/2026 15:14:08] "GET /Photos/2019/2019-05_%E6%9C%AA%E7%9F%A5%E5%9C%B0%E9%BB%9E/90465D9C-D938-4B68-A2E2-2C2AD0F1264F.jpeg HTTP/1.1" 200 -
[06/Aug/2026 15:14:08] "GET /Photos/2019/2019-05_%E6%9C%AA%E7%9F%A5%E5%9C%B0%E9%BB%9E/C2B6DA4D-1B6D-4E83-B60D-E142409E709F.jpeg HTTP/1.1" 200 -
[06/Aug/2026 15:14:08] "GET /Photos/2019/2019-05_%E6%9C%AA%E7%9F%A5%E5%9C%B0%E9%BB%9E/878056D8-3065-4D0B-8F80-BBE6D258987F.jpeg HTTP/1.1" 200 -
[06/Aug/2026 15:14:08] "GET /Photos/2019/2019-05_%E6%9C%AA%E7%9F%A5%E5%9C%B0%E9%BB%9E/9330C210-DBC3-46E5-A49F-573A47B139ED.jpeg HTTP/1.1" 200 -
[06/Aug/2026 15:14:08] "GET /Photos/2019/2019-05_%E6%9C%AA%E7%9F%A5%E5%9C%B0%E9%BB%9E/91838F18-FAE5-4BBF-9D2C-5665C4F7B1FF.jpeg HTTP/1.1" 200 -
[06/Aug/2026 15:14:08] "GET /Photos/2019/2019-05_%E6%9C%AA%E7%9F%A5%E5%9C%B0%E9%BB%9E/B1BB6214-AE9D-4B51-AB9E-450E399C099C.jpeg HTTP/1.1" 200 -
[06/Aug/2026 15:14:08] "GET /Photos/2019/2019-05_%E6%9C%AA%E7%9F%A5%E5%9C%B0%E9%BB%9E/CCC80448-DA7D-4737-B2B1-F78E8C0FC4C9.jpeg HTTP/1.1" 200 -
[06/Aug/2026 15:14:08] "GET /Photos/2019/2019-05_%E6%9C%AA%E7%9F%A5%E5%9C%B0%E9%BB%9E/05BC60B5-132B-4688-A153-657B28880E6D.jpeg HTTP/1.1" 200 -
[06/Aug/2026 15:14:08] "GET /Photos/2019/2019-05_%E6%9C%AA%E7%9F%A5%E5%9C%B0%E9%BB%9E/C829C984-0BBF-4184-A48D-3FC5AD05AF58.jpeg HTTP/1.1" 200 -
[06/Aug/2026 15:14:08] "GET /Photos/2019/2019-05_%E6%9C%AA%E7%9F%A5%E5%9C%B0%E9%BB%9E/A55A04FB-6F81-4C45-B12A-26CA535A99FB.jpeg HTTP/1.1" 200 -
[06/Aug/2026 15:14:08] "GET /Photos/2019/2019-05_%E6%9C%AA%E7%9F%A5%E5%9C%B0%E9%BB%9E/DA75BAC6-3571-495E-86A1-8B2F0E32E0F6.jpeg HTTP/1.1" 200 -
[06/Aug/2026 15:14:08] "GET /Photos/2019/2019-05_%E6%9C%AA%E7%9F%A5%E5%9C%B0%E9%BB%9E/CF61824E-D390-442A-834C-468AC3E72210.jpeg HTTP/1.1" 200 -
[06/Aug/2026 15:14:08] "GET /Photos/2019/2019-05_%E6%9C%AA%E7%9F%A5%E5%9C%B0%E9%BB%9E/2C580019-9FE1-4A67-89DD-B33CF0CFDCD5.jpeg HTTP/1.1" 200 -
[06/Aug/2026 15:14:10] "GET /Photos/2019/2019-05_%E6%9C%AA%E7%9F%A5%E5%9C%B0%E9%BB%9E/EA095721-B25D-4AA9-9F79-B7F406AE153C.jpeg HTTP/1.1" 200 -
[06/Aug/2026 15:14:10] "GET /Photos/2019/2019-05_%E6%9C%AA%E7%9F%A5%E5%9C%B0%E9%BB%9E/3CF7E120-7ABE-494C-BAD6-DF6A684DA322.jpeg HTTP/1.1" 200 -
[06/Aug/2026 15:14:10] "GET /Photos/2019/2019-05_%E6%9C%AA%E7%9F%A5%E5%9C%B0%E9%BB%9E/510ECE9B-C4E3-48AB-9132-DBA7FEDC1BFA.jpeg HTTP/1.1" 200 -
[06/Aug/2026 15:14:10] "GET /Photos/2019/2019-05_%E6%9C%AA%E7%9F%A5%E5%9C%B0%E9%BB%9E/775495BC-5386-4373-9183-C5F51379B323.jpeg HTTP/1.1" 200 -
[06/Aug/2026 15:14:10] "GET /Photos/2019/2019-05_%E6%9C%AA%E7%9F%A5%E5%9C%B0%E9%BB%9E/6A133D8C-FD4C-4AE3-B2A6-9E01C13A5013.jpeg HTTP/1.1" 200 -
[06/Aug/2026 15:14:10] "GET /Photos/2019/2019-05_%E6%9C%AA%E7%9F%A5%E5%9C%B0%E9%BB%9E/3F00A5F0-7314-439F-8A32-B2D3887D0111.jpeg HTTP/1.1" 200 -
[06/Aug/2026 15:14:10] "GET /Photos/2019/2019-05_%E6%9C%AA%E7%9F%A5%E5%9C%B0%E9%BB%9E/40B8EFF3-AAE0-43B8-9DB1-3362FCF2DF17.jpeg HTTP/1.1" 200 -
[06/Aug/2026 15:14:10] "GET /Photos/2019/2019-05_%E6%9C%AA%E7%9F%A5%E5%9C%B0%E9%BB%9E/E3E7C847-5219-447C-805A-1B6BC814BE53.jpeg HTTP/1.1" 200 -
[06/Aug/2026 15:14:10] "GET /Photos/2019/2019-05_%E6%9C%AA%E7%9F%A5%E5%9C%B0%E9%BB%9E/FBD05B33-2A84-48BA-AB54-79D1CB04CE49.jpeg HTTP/1.1" 200 -
[06/Aug/2026 15:14:14] "GET /Photos/2019/2019-05_%E6%9C%AA%E7%9F%A5%E5%9C%B0%E9%BB%9E/07E1414F-383E-4A0D-A698-0F9133ADEB2C.jpeg HTTP/1.1" 200 -
[06/Aug/2026 15:14:14] "GET /Photos/2019/2019-05_%E6%9C%AA%E7%9F%A5%E5%9C%B0%E9%BB%9E/95A9E799-185B-457A-A7E6-009A8E9BF744.jpeg HTTP/1.1" 200 -
[06/Aug/2026 15:14:14] "GET /Photos/2019/2019-05_%E6%9C%AA%E7%9F%A5%E5%9C%B0%E9%BB%9E/31416593-95E4-4B66-BB7F-B38D92E176FB.jpeg HTTP/1.1" 200 -
[06/Aug/2026 15:14:14] "GET /Photos/2019/2019-05_%E6%9C%AA%E7%9F%A5%E5%9C%B0%E9%BB%9E/D0759E16-0862-4521-8AFF-FFA9D1B51AD5.jpeg HTTP/1.1" 200 -
[06/Aug/2026 15:14:15] "GET /Photos/2019/2019-05_%E6%9C%AA%E7%9F%A5%E5%9C%B0%E9%BB%9E/1D1E8B81-6252-4D89-B029-FE63BB023A92.jpeg HTTP/1.1" 200 -
[06/Aug/2026 15:14:15] "GET /Photos/2019/2019-05_%E6%9C%AA%E7%9F%A5%E5%9C%B0%E9%BB%9E/785A2DF7-1CDB-45B4-BC5A-55454C90E790.jpeg HTTP/1.1" 200 -
[06/Aug/2026 15:14:15] "GET /Photos/2019/2019-05_%E6%9C%AA%E7%9F%A5%E5%9C%B0%E9%BB%9E/62F166AF-5AFC-4FBC-B20E-5730D24727E7.jpeg HTTP/1.1" 200 -
[06/Aug/2026 15:15:00] "GET /Photos/2014/2014-11_%E6%9C%AA%E7%9F%A5%E5%9C%B0%E9%BB%9E/20F34AB2-1E89-4437-8013-41EF5D48D5E1.jpeg HTTP/1.1" 200 -
[06/Aug/2026 15:15:00] "GET /Photos/2014/2014-11_%E6%9C%AA%E7%9F%A5%E5%9C%B0%E9%BB%9E/2B51ACEE-002A-4A7B-9AD1-953D984B6AA3.jpeg HTTP/1.1" 200 -
[06/Aug/2026 15:15:00] "GET /Photos/2014/2014-11_%E6%9C%AA%E7%9F%A5%E5%9C%B0%E9%BB%9E/0D97CE51-EC3C-4888-A806-1C247FC8FF27_1_201_a.jpeg HTTP/1.1" 200 -
[06/Aug/2026 15:15:00] "GET /Photos/2014/2014-10_%E6%9C%AA%E7%9F%A5%E5%9C%B0%E9%BB%9E/E7B72EE2-8F42-4F53-99F1-F49E29D1927F_1_201_a.jpeg HTTP/1.1" 200 -
[06/Aug/2026 15:15:00] "GET /Photos/2014/2014-10_%E6%9C%AA%E7%9F%A5%E5%9C%B0%E9%BB%9E/8E9160B0-231C-4801-AF8F-EC24E545415B.jpeg HTTP/1.1" 200 -
[06/Aug/2026 15:15:00] "GET /Photos/2014/2014-10_%E6%9C%AA%E7%9F%A5%E5%9C%B0%E9%BB%9E/88AE79F7-6542-4F96-8374-ABDA4B37886A.jpeg HTTP/1.1" 200 -
[06/Aug/2026 15:15:00] "GET /Photos/2014/2014-06_%E6%9C%AA%E7%9F%A5%E5%9C%B0%E9%BB%9E/305B26FF-A814-4BD3-9957-AEE52DC9C2D7.jpeg HTTP/1.1" 200 -
[06/Aug/2026 15:15:00] "GET /Photos/2014/2014-06_%E6%9C%AA%E7%9F%A5%E5%9C%B0%E9%BB%9E/D45F045B-E85F-40DC-A43C-A9DB8F3C92E3.jpeg HTTP/1.1" 200 -
[06/Aug/2026 15:15:04] "GET /Photos/2020/2020-01_%E6%9C%AA%E7%9F%A5%E5%9C%B0%E9%BB%9E/BB325778-98BA-4F9A-9192-44E72216F6C2.jpeg HTTP/1.1" 200 -
[06/Aug/2026 15:21:27] "GET /Photos/2023/2023-10_%E9%A6%96%E5%B0%94%E7%89%B9%E5%88%AB%E5%B8%82/IMG_4133.jpeg HTTP/1.1" 304 -
[06/Aug/2026 15:21:27] "GET /Photos/2023/2023-10_%E9%A6%96%E5%B0%94%E7%89%B9%E5%88%AB%E5%B8%82/IMG_4125.jpeg HTTP/1.1" 304 -
[06/Aug/2026 15:21:27] "GET /Photos/2023/2023-10_%E9%A6%96%E5%B0%94%E7%89%B9%E5%88%AB%E5%B8%82/IMG_4129.jpeg HTTP/1.1" 304 -
[06/Aug/2026 15:21:27] "GET /Photos/2023/2023-10_%E9%A6%96%E5%B0%94%E7%89%B9%E5%88%AB%E5%B8%82/IMG_4128.jpeg HTTP/1.1" 304 -
[06/Aug/2026 15:21:27] "GET /Photos/2023/2023-10_%E9%A6%96%E5%B0%94%E7%89%B9%E5%88%AB%E5%B8%82/IMG_4145.jpeg HTTP/1.1" 304 -
[06/Aug/2026 15:21:27] "GET /Photos/2023/2023-10_%E9%A6%96%E5%B0%94%E7%89%B9%E5%88%AB%E5%B8%82/IMG_4124.jpeg HTTP/1.1" 304 -
[06/Aug/2026 15:21:27] "GET /Photos/2023/2023-10_%E9%A6%96%E5%B0%94%E7%89%B9%E5%88%AB%E5%B8%82/IMG_4127.jpeg HTTP/1.1" 304 -
[06/Aug/2026 15:21:27] "GET /Photos/2023/2023-10_%E9%A6%96%E5%B0%94%E7%89%B9%E5%88%AB%E5%B8%82/IMG_4131.jpeg HTTP/1.1" 304 -
[06/Aug/2026 15:21:27] "GET /Photos/2023/2023-10_%E9%A6%96%E5%B0%94%E7%89%B9%E5%88%AB%E5%B8%82/IMG_4130.jpeg HTTP/1.1" 304 -
[06/Aug/2026 15:21:27] "GET /Photos/2023/2023-10_%E9%A6%96%E5%B0%94%E7%89%B9%E5%88%AB%E5%B8%82/IMG_4147.jpeg HTTP/1.1" 304 -
[06/Aug/2026 15:21:27] "GET /Photos/2023/2023-10_%E9%A6%96%E5%B0%94%E7%89%B9%E5%88%AB%E5%B8%82/IMG_4132.jpeg HTTP/1.1" 304 -
[06/Aug/2026 15:21:27] "GET /Photos/2023/2023-10_%E9%A6%96%E5%B0%94%E7%89%B9%E5%88%AB%E5%B8%82/IMG_4146.jpeg HTTP/1.1" 304 -
[06/Aug/2026 15:21:27] "GET /Photos/2023/2023-10_%E9%A6%96%E5%B0%94%E7%89%B9%E5%88%AB%E5%B8%82/IMG_4126.jpeg HTTP/1.1" 304 -
[06/Aug/2026 15:21:27] "GET /Photos/2023/2023-10_%E4%BB%81%E5%B7%9D%E5%BB%A3%E5%9F%9F%E5%B8%82/IMG_4076.jpeg HTTP/1.1" 304 -
[06/Aug/2026 15:21:27] "GET /Photos/2023/2023-10_%E4%BB%81%E5%B7%9D%E5%BB%A3%E5%9F%9F%E5%B8%82/IMG_4148.jpeg HTTP/1.1" 304 -
[06/Aug/2026 15:21:27] "GET /Photos/2023/2023-10_%E4%BB%81%E5%B7%9D%E5%BB%A3%E5%9F%9F%E5%B8%82/IMG_4152.jpeg HTTP/1.1" 304 -
[06/Aug/2026 15:21:27] "GET /Photos/2023/2023-10_%E4%BB%81%E5%B7%9D%E5%BB%A3%E5%9F%9F%E5%B8%82/IMG_4149.jpeg HTTP/1.1" 304 -
[06/Aug/2026 15:21:27] "GET /Photos/2023/2023-10_%E4%BB%81%E5%B7%9D%E5%BB%A3%E5%9F%9F%E5%B8%82/IMG_8474.jpeg HTTP/1.1" 304 -
[06/Aug/2026 15:21:27] "GET /Photos/2023/2023-10_%E4%BB%81%E5%B7%9D%E5%BB%A3%E5%9F%9F%E5%B8%82/IMG_4071.jpeg HTTP/1.1" 304 -
[06/Aug/2026 15:21:27] "GET /Photos/2023/2023-10_%E4%BB%81%E5%B7%9D%E5%BB%A3%E5%9F%9F%E5%B8%82/IMG_8475.jpeg HTTP/1.1" 304 -
[06/Aug/2026 15:21:27] "GET /Photos/2023/2023-10_%E4%BB%81%E5%B7%9D%E5%BB%A3%E5%9F%9F%E5%B8%82/IMG_8476.jpeg HTTP/1.1" 304 -
[06/Aug/2026 15:21:27] "GET /Photos/2023/2023-10_%E4%BB%81%E5%B7%9D%E5%BB%A3%E5%9F%9F%E5%B8%82/IMG_8477.jpeg HTTP/1.1" 304 -
[06/Aug/2026 15:21:27] "GET /Photos/2023/2023-10_%E4%BB%81%E5%B7%9D%E5%BB%A3%E5%9F%9F%E5%B8%82/IMG_4074.jpeg HTTP/1.1" 304 -
[06/Aug/2026 15:21:27] "GET /Photos/2023/2023-10_%E4%BB%81%E5%B7%9D%E5%BB%A3%E5%9F%9F%E5%B8%82/IMG_4150.jpeg HTTP/1.1" 304 -
[06/Aug/2026 15:21:27] "GET /Photos/2023/2023-10_%E4%BB%81%E5%B7%9D%E5%BB%A3%E5%9F%9F%E5%B8%82/IMG_4151.jpeg HTTP/1.1" 304 -
[06/Aug/2026 15:21:27] "GET /Photos/2023/2023-10_%E4%BB%81%E5%B7%9D%E5%BB%A3%E5%9F%9F%E5%B8%82/IMG_4075.jpeg HTTP/1.1" 304 -
[06/Aug/2026 15:21:27] "GET /Photos/2023/2023-11_%E8%87%BA%E5%8C%97%E5%B8%82/IMG_4332.jpeg HTTP/1.1" 304 -
[06/Aug/2026 15:21:27] "GET /Photos/2023/2023-11_%E8%87%BA%E5%8C%97%E5%B8%82/IMG_4324.jpeg HTTP/1.1" 304 -
[06/Aug/2026 15:21:34] "GET /Photos/2022/2022-05_%E5%8F%B0%E5%A4%A7%E5%85%AC%E8%A1%9B/IMG_2081.JPG HTTP/1.1" 200 -
[06/Aug/2026 15:21:34] "GET /Photos/2022/2022-05_%E5%8F%B0%E5%A4%A7%E5%85%AC%E8%A1%9B/IMG_2043.JPG HTTP/1.1" 200 -
[06/Aug/2026 15:21:34] "GET /Photos/2022/2022-05_%E5%8F%B0%E5%A4%A7%E5%85%AC%E8%A1%9B/IMG_2080.JPG HTTP/1.1" 200 -
[06/Aug/2026 15:21:34] "GET /Photos/2022/2022-02_%E5%8F%B8%E9%A6%AC%E5%BA%AB%E6%96%AF/IMG_1433.jpeg HTTP/1.1" 200 -
[06/Aug/2026 15:21:34] "GET /Photos/2022/2022-02_%E5%8F%B8%E9%A6%AC%E5%BA%AB%E6%96%AF/IMG_1432.jpeg HTTP/1.1" 200 -
[06/Aug/2026 15:21:34] "GET /Photos/2022/2022-02_%E5%8F%B8%E9%A6%AC%E5%BA%AB%E6%96%AF/IMG_6256.jpeg HTTP/1.1" 200 -
[06/Aug/2026 15:21:35] "GET /Photos/2022/2022-02_%E5%8F%B8%E9%A6%AC%E5%BA%AB%E6%96%AF/IMG_1413.jpeg HTTP/1.1" 200 -
[06/Aug/2026 15:21:35] "GET /Photos/2022/2022-02_%E5%8F%B8%E9%A6%AC%E5%BA%AB%E6%96%AF/IMG_6260.jpeg HTTP/1.1" 200 -
[06/Aug/2026 15:21:35] "GET /Photos/2022/2022-02_%E5%8F%B8%E9%A6%AC%E5%BA%AB%E6%96%AF/IMG_6261.jpeg HTTP/1.1" 200 -
[06/Aug/2026 15:21:35] "GET /Photos/2022/2022-02_%E5%8F%B8%E9%A6%AC%E5%BA%AB%E6%96%AF/IMG_6257.jpeg HTTP/1.1" 200 -
[06/Aug/2026 15:21:35] "GET /Photos/2022/2022-02_%E5%8F%B8%E9%A6%AC%E5%BA%AB%E6%96%AF/IMG_1414.jpeg HTTP/1.1" 200 -
[06/Aug/2026 15:21:35] "GET /Photos/2022/2022-02_%E5%8F%B8%E9%A6%AC%E5%BA%AB%E6%96%AF/IMG_6254.jpeg HTTP/1.1" 200 -
[06/Aug/2026 15:21:35] "GET /Photos/2022/2022-02_%E5%8F%B8%E9%A6%AC%E5%BA%AB%E6%96%AF/IMG_6258.jpeg HTTP/1.1" 200 -
[06/Aug/2026 15:21:35] "GET /Photos/2022/2022-02_%E5%8F%B8%E9%A6%AC%E5%BA%AB%E6%96%AF/IMG_6262.jpeg HTTP/1.1" 200 -
[06/Aug/2026 15:21:35] "GET /Photos/2022/2022-02_%E5%8F%B8%E9%A6%AC%E5%BA%AB%E6%96%AF/IMG_6263.jpeg HTTP/1.1" 200 -
[06/Aug/2026 15:21:35] "GET /Photos/2022/2022-02_%E5%8F%B8%E9%A6%AC%E5%BA%AB%E6%96%AF/IMG_6259.jpeg HTTP/1.1" 200 -
[06/Aug/2026 15:21:35] "GET /Photos/2022/2022-02_%E5%8F%B8%E9%A6%AC%E5%BA%AB%E6%96%AF/IMG_6255.jpeg HTTP/1.1" 200 -
[06/Aug/2026 15:21:35] "GET /Photos/2022/2022-02_%E5%8F%B8%E9%A6%AC%E5%BA%AB%E6%96%AF/IMG_1431.jpeg HTTP/1.1" 200 -
[06/Aug/2026 15:21:35] "GET /Photos/2022/2022-02_%E5%8F%B8%E9%A6%AC%E5%BA%AB%E6%96%AF/IMG_6252.jpeg HTTP/1.1" 200 -
[06/Aug/2026 15:21:35] "GET /Photos/2022/2022-02_%E5%8F%B8%E9%A6%AC%E5%BA%AB%E6%96%AF/IMG_6253.jpeg HTTP/1.1" 200 -
[06/Aug/2026 15:21:35] "GET /Photos/2022/2022-02_%E5%8F%B8%E9%A6%AC%E5%BA%AB%E6%96%AF/IMG_1430.jpeg HTTP/1.1" 200 -
[06/Aug/2026 15:21:35] "GET /Photos/2022/2022-08_%E5%9F%BA%E9%9A%86%E5%B8%82/IMG_2491.jpeg HTTP/1.1" 200 -
[06/Aug/2026 15:21:35] "GET /Photos/2022/2022-08_%E5%9F%BA%E9%9A%86%E5%B8%82/IMG_2490.jpeg HTTP/1.1" 200 -
[06/Aug/2026 15:21:38] "GET /Photos/2022/2022-05_%E5%8F%B0%E5%A4%A7%E5%85%AC%E8%A1%9B/IMG_2042.JPG HTTP/1.1" 200 -
[06/Aug/2026 15:21:38] "GET /Photos/2022/2022-07_%E5%8F%B0%E5%A4%A7%E6%A0%A1%E5%9C%92%E7%95%A2%E6%A5%AD%E7%85%A7/IMG_2367.JPG HTTP/1.1" 200 -
[06/Aug/2026 15:21:38] "GET /Photos/2022/2022-07_%E5%8F%B0%E5%A4%A7%E6%A0%A1%E5%9C%92%E7%95%A2%E6%A5%AD%E7%85%A7/IMG_2366.JPG HTTP/1.1" 200 -
[06/Aug/2026 15:21:38] "GET /Photos/2022/2022-07_%E5%8F%B0%E5%A4%A7%E6%A0%A1%E5%9C%92%E7%95%A2%E6%A5%AD%E7%85%A7/IMG_2364.JPG HTTP/1.1" 200 -
[06/Aug/2026 15:21:38] "GET /Photos/2022/2022-07_%E5%8F%B0%E5%A4%A7%E6%A0%A1%E5%9C%92%E7%95%A2%E6%A5%AD%E7%85%A7/IMG_2359.JPG HTTP/1.1" 200 -
[06/Aug/2026 15:21:38] "GET /Photos/2022/2022-07_%E5%8F%B0%E5%A4%A7%E6%A0%A1%E5%9C%92%E7%95%A2%E6%A5%AD%E7%85%A7/IMG_2365.JPG HTTP/1.1" 200 -
[06/Aug/2026 15:21:38] "GET /Photos/2022/2022-07_%E5%8F%B0%E5%A4%A7%E6%A0%A1%E5%9C%92%E7%95%A2%E6%A5%AD%E7%85%A7/IMG_2360.JPG HTTP/1.1" 200 -
[06/Aug/2026 15:21:38] "GET /Photos/2022/2022-07_%E5%8F%B0%E5%A4%A7%E6%A0%A1%E5%9C%92%E7%95%A2%E6%A5%AD%E7%85%A7/IMG_2362.JPG HTTP/1.1" 200 -
[06/Aug/2026 15:21:38] "GET /Photos/2022/2022-07_%E5%8F%B0%E5%A4%A7%E6%A0%A1%E5%9C%92%E7%95%A2%E6%A5%AD%E7%85%A7/IMG_2363.JPG HTTP/1.1" 200 -
[06/Aug/2026 15:21:38] "GET /Photos/2022/2022-07_%E5%8F%B0%E5%A4%A7%E6%A0%A1%E5%9C%92%E7%95%A2%E6%A5%AD%E7%85%A7/IMG_2368.JPG HTTP/1.1" 200 -
[06/Aug/2026 15:21:54] "GET / HTTP/1.1" 304 -
[06/Aug/2026 15:21:54] "GET /api/photos HTTP/1.1" 200 -
[06/Aug/2026 15:22:00] "GET /Photos/2023/2023-11_%E8%87%BA%E5%8C%97%E5%B8%82/IMG_4328.jpeg HTTP/1.1" 200 -
[06/Aug/2026 15:22:00] "GET /Photos/2023/2023-11_%E8%87%BA%E5%8C%97%E5%B8%82/IMG_4325.jpeg HTTP/1.1" 200 -
[06/Aug/2026 15:22:00] "GET /Photos/2023/2023-11_%E8%87%BA%E5%8C%97%E5%B8%82/IMG_4326.jpeg HTTP/1.1" 200 -
[06/Aug/2026 15:22:00] "GET /Photos/2023/2023-06_%E6%9C%AA%E7%9F%A5%E5%9C%B0%E9%BB%9E/IMG_3618.JPG HTTP/1.1" 200 -
[06/Aug/2026 15:22:00] "GET /Photos/2023/2023-06_%E6%9C%AA%E7%9F%A5%E5%9C%B0%E9%BB%9E/IMG_3615.JPG HTTP/1.1" 200 -
[06/Aug/2026 15:22:00] "GET /Photos/2023/2023-06_%E6%9C%AA%E7%9F%A5%E5%9C%B0%E9%BB%9E/IMG_3614.JPG HTTP/1.1" 200 -
[06/Aug/2026 15:22:00] "GET /Photos/2023/2023-06_%E6%9C%AA%E7%9F%A5%E5%9C%B0%E9%BB%9E/IMG_3616.JPG HTTP/1.1" 200 -
[06/Aug/2026 15:22:00] "GET /Photos/2023/2023-06_%E6%9C%AA%E7%9F%A5%E5%9C%B0%E9%BB%9E/IMG_3613.JPG HTTP/1.1" 200 -
[06/Aug/2026 15:22:00] "GET /Photos/2023/2023-06_%E6%9C%AA%E7%9F%A5%E5%9C%B0%E9%BB%9E/IMG_3617.JPG HTTP/1.1" 200 -
[06/Aug/2026 15:22:00] "GET /Photos/2023/2023-10_%E6%9C%AA%E7%9F%A5%E5%9C%B0%E9%BB%9E/IMG_3973.JPG HTTP/1.1" 200 -
[06/Aug/2026 15:22:00] "GET /Photos/2023/2023-10_%E6%9C%AA%E7%9F%A5%E5%9C%B0%E9%BB%9E/IMG_3989.JPG HTTP/1.1" 200 -
[06/Aug/2026 15:22:00] "GET /Photos/2023/2023-10_%E6%9C%AA%E7%9F%A5%E5%9C%B0%E9%BB%9E/IMG_4004.JPG HTTP/1.1" 200 -
[06/Aug/2026 15:22:00] "GET /Photos/2023/2023-10_%E6%9C%AA%E7%9F%A5%E5%9C%B0%E9%BB%9E/IMG_4002.JPG HTTP/1.1" 200 -
[06/Aug/2026 15:22:00] "GET /Photos/2023/2023-10_%E6%9C%AA%E7%9F%A5%E5%9C%B0%E9%BB%9E/IMG_4003.JPG HTTP/1.1" 200 -
[06/Aug/2026 15:22:00] "GET /Photos/2023/2023-10_%E6%9C%AA%E7%9F%A5%E5%9C%B0%E9%BB%9E/IMG_4005.JPG HTTP/1.1" 200 -
[06/Aug/2026 15:22:01] "GET /Photos/2023/2023-10_%E6%9C%AA%E7%9F%A5%E5%9C%B0%E9%BB%9E/IMG_3990.JPG HTTP/1.1" 200 -
[06/Aug/2026 15:22:01] "GET /Photos/2023/2023-10_%E6%9C%AA%E7%9F%A5%E5%9C%B0%E9%BB%9E/IMG_3983.JPG HTTP/1.1" 200 -
[06/Aug/2026 15:22:01] "GET /Photos/2023/2023-10_%E6%9C%AA%E7%9F%A5%E5%9C%B0%E9%BB%9E/IMG_3986.JPG HTTP/1.1" 200 -
[06/Aug/2026 15:22:01] "GET /Photos/2023/2023-10_%E6%9C%AA%E7%9F%A5%E5%9C%B0%E9%BB%9E/IMG_3992.JPG HTTP/1.1" 200 -
[06/Aug/2026 15:22:01] "GET /Photos/2023/2023-10_%E6%9C%AA%E7%9F%A5%E5%9C%B0%E9%BB%9E/IMG_3984.JPG HTTP/1.1" 200 -
[06/Aug/2026 15:22:01] "GET /Photos/2023/2023-10_%E6%9C%AA%E7%9F%A5%E5%9C%B0%E9%BB%9E/IMG_3985.JPG HTTP/1.1" 200 -
[06/Aug/2026 15:22:01] "GET /Photos/2023/2023-10_%E6%9C%AA%E7%9F%A5%E5%9C%B0%E9%BB%9E/IMG_3994.JPG HTTP/1.1" 200 -
[06/Aug/2026 15:22:01] "GET /Photos/2023/2023-10_%E6%9C%AA%E7%9F%A5%E5%9C%B0%E9%BB%9E/IMG_3996.JPG HTTP/1.1" 200 -
[06/Aug/2026 15:22:01] "GET /Photos/2023/2023-10_%E6%9C%AA%E7%9F%A5%E5%9C%B0%E9%BB%9E/4941096403330738135.96db27816bf41a362b4e2dd79d1d447a.23102308.JPG HTTP/1.1" 200 -
[06/Aug/2026 15:22:01] "GET /Photos/2023/2023-03_%E4%BA%94%E5%B3%B0%E9%84%89/IMG_3185.jpeg HTTP/1.1" 200 -
[06/Aug/2026 15:22:09] "GET /Photos/2023/2023-11_%E8%87%BA%E5%8C%97%E5%B8%82/IMG_4323.jpeg HTTP/1.1" 200 -
[06/Aug/2026 15:22:09] "GET /Photos/2023/2023-11_%E8%87%BA%E5%8C%97%E5%B8%82/IMG_4319.jpeg HTTP/1.1" 200 -
[06/Aug/2026 15:22:09] "GET /Photos/2023/2023-11_%E8%87%BA%E5%8C%97%E5%B8%82/IMG_4320.jpeg HTTP/1.1" 200 -
[06/Aug/2026 15:22:09] "GET /Photos/2023/2023-10_%E6%9D%9F%E8%8D%89%E5%B8%82/IMG_4099.jpeg HTTP/1.1" 200 -
[06/Aug/2026 15:22:09] "GET /Photos/2023/2023-10_%E6%9D%9F%E8%8D%89%E5%B8%82/IMG_4102.jpeg HTTP/1.1" 200 -
[06/Aug/2026 15:22:09] "GET /Photos/2023/2023-10_%E6%9D%9F%E8%8D%89%E5%B8%82/IMG_4101.jpeg HTTP/1.1" 200 -
[06/Aug/2026 15:22:09] "GET /Photos/2023/2023-10_%E6%9C%AA%E7%9F%A5%E5%9C%B0%E9%BB%9E/IMG_3988.JPG HTTP/1.1" 200 -
[06/Aug/2026 15:22:09] "GET /Photos/2023/2023-10_%E6%9C%AA%E7%9F%A5%E5%9C%B0%E9%BB%9E/IMG_3991.JPG HTTP/1.1" 200 -
[06/Aug/2026 15:22:09] "GET /Photos/2023/2023-10_%E6%9C%AA%E7%9F%A5%E5%9C%B0%E9%BB%9E/IMG_4139.JPG HTTP/1.1" 200 -
[06/Aug/2026 15:22:09] "GET /Photos/2023/2023-10_%E6%9C%AA%E7%9F%A5%E5%9C%B0%E9%BB%9E/IMG_3987.JPG HTTP/1.1" 200 -
[06/Aug/2026 15:22:09] "GET /Photos/2023/2023-10_%E6%9C%AA%E7%9F%A5%E5%9C%B0%E9%BB%9E/IMG_4144.JPG HTTP/1.1" 200 -
[06/Aug/2026 15:22:09] "GET /Photos/2023/2023-10_%E6%9C%AA%E7%9F%A5%E5%9C%B0%E9%BB%9E/IMG_3993.JPG HTTP/1.1" 200 -
[06/Aug/2026 15:22:12] "GET /Photos/2023/2023-08_%E6%9C%AA%E7%9F%A5%E5%9C%B0%E9%BB%9E/IMG_3755.JPG HTTP/1.1" 200 -
[06/Aug/2026 15:22:12] "GET /Photos/2023/2023-08_%E6%9C%AA%E7%9F%A5%E5%9C%B0%E9%BB%9E/IMG_3756.JPG HTTP/1.1" 200 -
[06/Aug/2026 15:22:12] "GET /Photos/2023/2023-08_%E6%9C%AA%E7%9F%A5%E5%9C%B0%E9%BB%9E/IMG_3754.JPG HTTP/1.1" 200 -
[06/Aug/2026 15:22:12] "GET /Photos/2023/2023-04_%E7%A4%81%E6%BA%AA%E9%84%89/IMG_3273.jpeg HTTP/1.1" 200 -
[06/Aug/2026 15:22:12] "GET /Photos/2023/2023-04_%E7%A4%81%E6%BA%AA%E9%84%89/IMG_3272.jpeg HTTP/1.1" 200 -
[06/Aug/2026 15:22:12] "GET /Photos/2023/2023-04_%E7%A4%81%E6%BA%AA%E9%84%89/IMG_3271.jpeg HTTP/1.1" 200 -
[06/Aug/2026 15:22:12] "GET /Photos/2023/2023-06_%E6%9C%AA%E7%9F%A5%E5%9C%B0%E9%BB%9E/IMG_3605.JPG HTTP/1.1" 200 -
[06/Aug/2026 15:22:12] "GET /Photos/2023/2023-10_%E6%9C%AA%E7%9F%A5%E5%9C%B0%E9%BB%9E/IMG_3999.JPG HTTP/1.1" 200 -
[06/Aug/2026 15:22:12] "GET /Photos/2023/2023-01_%E4%B8%8B%E9%AB%98%E4%BA%95%E9%83%A1/IMG_2961.jpeg HTTP/1.1" 200 -
[06/Aug/2026 15:22:12] "GET /Photos/2023/2023-01_%E4%B8%8B%E9%AB%98%E4%BA%95%E9%83%A1/IMG_2962.jpeg HTTP/1.1" 200 -
[06/Aug/2026 15:22:12] "GET /Photos/2023/2023-01_%E4%B8%8B%E9%AB%98%E4%BA%95%E9%83%A1/IMG_2984.jpeg HTTP/1.1" 304 -
[06/Aug/2026 15:22:12] "GET /Photos/2023/2023-01_%E4%B8%8B%E9%AB%98%E4%BA%95%E9%83%A1/IMG_2982.jpeg HTTP/1.1" 304 -
[06/Aug/2026 15:22:12] "GET /Photos/2023/2023-01_%E4%B8%8B%E9%AB%98%E4%BA%95%E9%83%A1/IMG_2983.jpeg HTTP/1.1" 304 -
[06/Aug/2026 15:22:12] "GET /Photos/2023/2023-01_%E4%B8%8B%E9%AB%98%E4%BA%95%E9%83%A1/IMG_2956.jpeg HTTP/1.1" 304 -
[06/Aug/2026 15:22:12] "GET /Photos/2023/2023-01_%E4%B8%8B%E9%AB%98%E4%BA%95%E9%83%A1/IMG_2985.jpeg HTTP/1.1" 304 -
[06/Aug/2026 15:22:12] "GET /Photos/2023/2023-01_%E4%B8%8B%E9%AB%98%E4%BA%95%E9%83%A1/IMG_2960.jpeg HTTP/1.1" 304 -
[06/Aug/2026 15:22:12] "GET /Photos/2023/2023-10_%E6%9C%AA%E7%9F%A5%E5%9C%B0%E9%BB%9E/IMG_4009.JPG HTTP/1.1" 200 -
[06/Aug/2026 15:22:12] "GET /Photos/2023/2023-01_%E4%B8%8B%E9%AB%98%E4%BA%95%E9%83%A1/IMG_2958.jpeg HTTP/1.1" 200 -
[06/Aug/2026 15:22:12] "GET /Photos/2023/2023-01_%E4%B8%8B%E9%AB%98%E4%BA%95%E9%83%A1/IMG_2959.jpeg HTTP/1.1" 200 -
[06/Aug/2026 15:22:12] "GET /Photos/2023/2023-01_%E4%B8%8B%E9%AB%98%E4%BA%95%E9%83%A1/IMG_2955.jpeg HTTP/1.1" 200 -
[06/Aug/2026 15:22:12] "GET /Photos/2023/2023-01_%E4%B8%8B%E9%AB%98%E4%BA%95%E9%83%A1/IMG_2980.jpeg HTTP/1.1" 200 -
[06/Aug/2026 15:22:12] "GET /Photos/2023/2023-01_%E4%B8%8B%E9%AB%98%E4%BA%95%E9%83%A1/IMG_2979.jpeg HTTP/1.1" 200 -
[06/Aug/2026 15:22:12] "GET /Photos/2023/2023-01_%E4%B8%8B%E9%AB%98%E4%BA%95%E9%83%A1/IMG_2986.jpeg HTTP/1.1" 200 -
[06/Aug/2026 15:22:12] "GET /Photos/2023/2023-08_%E6%9C%AA%E7%9F%A5%E5%9C%B0%E9%BB%9E/IMG_3839.JPG HTTP/1.1" 200 -
[06/Aug/2026 15:22:12] "GET /Photos/2023/2023-08_%E6%9C%AA%E7%9F%A5%E5%9C%B0%E9%BB%9E/IMG_3765.JPG HTTP/1.1" 200 -
[06/Aug/2026 15:23:12] "GET /Photos/2021/2021-08_%E4%BB%81%E6%84%9B%E9%84%89/IMG_9828.jpeg HTTP/1.1" 200 -
[06/Aug/2026 15:23:12] "GET /Photos/2021/2021-08_%E4%BB%81%E6%84%9B%E9%84%89/IMG_9853.jpeg HTTP/1.1" 200 -
[06/Aug/2026 15:23:12] "GET /Photos/2021/2021-08_%E4%BB%81%E6%84%9B%E9%84%89/IMG_9845.jpeg HTTP/1.1" 200 -
[06/Aug/2026 15:23:12] "GET /Photos/2021/2021-08_%E4%BB%81%E6%84%9B%E9%84%89/IMG_9832.jpeg HTTP/1.1" 200 -
[06/Aug/2026 15:23:12] "GET /Photos/2021/2021-08_%E4%BB%81%E6%84%9B%E9%84%89/IMG_9824.jpeg HTTP/1.1" 200 -
[06/Aug/2026 15:23:12] "GET /Photos/2021/2021-08_%E4%BB%81%E6%84%9B%E9%84%89/IMG_9833.jpeg HTTP/1.1" 200 -
[06/Aug/2026 15:23:13] "GET /Photos/2021/2021-08_%E4%BB%81%E6%84%9B%E9%84%89/IMG_9829.jpeg HTTP/1.1" 200 -
[06/Aug/2026 15:23:13] "GET /Photos/2021/2021-08_%E4%BB%81%E6%84%9B%E9%84%89/IMG_9822.jpeg HTTP/1.1" 200 -
[06/Aug/2026 15:23:13] "GET /Photos/2021/2021-08_%E4%BB%81%E6%84%9B%E9%84%89/IMG_9834.jpeg HTTP/1.1" 200 -
[06/Aug/2026 15:23:13] "GET /Photos/2021/2021-08_%E4%BB%81%E6%84%9B%E9%84%89/IMG_9825.jpeg HTTP/1.1" 200 -
[06/Aug/2026 15:23:13] "GET /Photos/2021/2021-08_%E4%BB%81%E6%84%9B%E9%84%89/IMG_9813.jpeg HTTP/1.1" 200 -
[06/Aug/2026 15:23:13] "GET /Photos/2021/2021-08_%E4%BB%81%E6%84%9B%E9%84%89/IMG_9849.jpeg HTTP/1.1" 200 -
[06/Aug/2026 15:23:13] "GET /Photos/2021/2021-08_%E4%BB%81%E6%84%9B%E9%84%89/IMG_9818.jpeg HTTP/1.1" 200 -
[06/Aug/2026 15:23:13] "GET /Photos/2021/2021-08_%E4%BB%81%E6%84%9B%E9%84%89/IMG_9814.jpeg HTTP/1.1" 200 -
[06/Aug/2026 15:23:13] "GET /Photos/2021/2021-08_%E4%BB%81%E6%84%9B%E9%84%89/IMG_9815.jpeg HTTP/1.1" 200 -
[06/Aug/2026 15:23:13] "GET /Photos/2021/2021-08_%E4%BB%81%E6%84%9B%E9%84%89/IMG_9819.jpeg HTTP/1.1" 200 -
[06/Aug/2026 15:23:13] "GET /Photos/2021/2021-08_%E4%BB%81%E6%84%9B%E9%84%89/IMG_9788.jpeg HTTP/1.1" 200 -
[06/Aug/2026 15:23:13] "GET /Photos/2021/2021-08_%E4%BB%81%E6%84%9B%E9%84%89/IMG_9823.jpeg HTTP/1.1" 200 -
[06/Aug/2026 15:23:13] "GET /Photos/2021/2021-08_%E4%BB%81%E6%84%9B%E9%84%89/IMG_9835.jpeg HTTP/1.1" 200 -
[06/Aug/2026 15:23:13] "GET /Photos/2021/2021-08_%E4%BB%81%E6%84%9B%E9%84%89/IMG_9820.jpeg HTTP/1.1" 200 -
[06/Aug/2026 15:23:13] "GET /Photos/2021/2021-08_%E4%BB%81%E6%84%9B%E9%84%89/IMG_9816.jpeg HTTP/1.1" 200 -
[06/Aug/2026 15:23:13] "GET /Photos/2021/2021-08_%E4%BB%81%E6%84%9B%E9%84%89/IMG_9787.jpeg HTTP/1.1" 200 -
[06/Aug/2026 15:23:13] "GET /Photos/2021/2021-08_%E4%BB%81%E6%84%9B%E9%84%89/IMG_9817.jpeg HTTP/1.1" 200 -
[06/Aug/2026 15:23:13] "GET /Photos/2021/2021-08_%E4%BB%81%E6%84%9B%E9%84%89/IMG_9821.jpeg HTTP/1.1" 200 -
[06/Aug/2026 15:23:13] "GET /Photos/2021/2021-08_%E4%BB%81%E6%84%9B%E9%84%89/IMG_9851.jpeg HTTP/1.1" 200 -
[06/Aug/2026 15:23:13] "GET /Photos/2021/2021-08_%E4%BB%81%E6%84%9B%E9%84%89/IMG_9826.jpeg HTTP/1.1" 200 -
[06/Aug/2026 15:23:13] "GET /Photos/2021/2021-08_%E4%BB%81%E6%84%9B%E9%84%89/IMG_9830.jpeg HTTP/1.1" 200 -
[06/Aug/2026 15:23:13] "GET /Photos/2021/2021-08_%E4%BB%81%E6%84%9B%E9%84%89/IMG_9831.jpeg HTTP/1.1" 200 -
[06/Aug/2026 15:23:13] "GET /Photos/2021/2021-08_%E4%BB%81%E6%84%9B%E9%84%89/IMG_9827.jpeg HTTP/1.1" 200 -
[06/Aug/2026 15:23:13] "GET /Photos/2021/2021-08_%E4%BB%81%E6%84%9B%E9%84%89/IMG_9850.jpeg HTTP/1.1" 200 -
[06/Aug/2026 15:23:13] "GET /Photos/2021/2021-08_%E4%BB%81%E6%84%9B%E9%84%89/IMG_9846.jpeg HTTP/1.1" 200 -
[06/Aug/2026 15:23:32] "GET /Photos/2022/2022-02_%E9%AB%98%E9%9B%84%E5%B8%82/IMG_0936.jpeg HTTP/1.1" 200 -
[06/Aug/2026 15:23:32] "GET /Photos/2022/2022-02_%E9%AB%98%E9%9B%84%E5%B8%82/IMG_1223.jpeg HTTP/1.1" 200 -
[06/Aug/2026 15:23:32] "GET /Photos/2022/2022-02_%E9%AB%98%E9%9B%84%E5%B8%82/IMG_1219.jpeg HTTP/1.1" 200 -
[06/Aug/2026 15:23:32] "GET /Photos/2022/2022-02_%E9%AB%98%E9%9B%84%E5%B8%82/IMG_1215.jpeg HTTP/1.1" 200 -
[06/Aug/2026 15:23:32] "GET /Photos/2022/2022-02_%E9%AB%98%E9%9B%84%E5%B8%82/IMG_0957.jpeg HTTP/1.1" 200 -
[06/Aug/2026 15:23:32] "GET /Photos/2022/2022-02_%E9%AB%98%E9%9B%84%E5%B8%82/IMG_0946.JPG HTTP/1.1" 200 -
[06/Aug/2026 15:23:32] "GET /Photos/2022/2022-02_%E9%AB%98%E9%9B%84%E5%B8%82/IMG_1218.jpeg HTTP/1.1" 200 -
[06/Aug/2026 15:23:32] "GET /Photos/2022/2022-02_%E9%AB%98%E9%9B%84%E5%B8%82/IMG_1222.jpeg HTTP/1.1" 200 -
[06/Aug/2026 15:23:32] "GET /Photos/2022/2022-02_%E9%AB%98%E9%9B%84%E5%B8%82/IMG_0950.JPG HTTP/1.1" 200 -
[06/Aug/2026 15:23:32] "GET /Photos/2022/2022-02_%E9%AB%98%E9%9B%84%E5%B8%82/IMG_0944.JPG HTTP/1.1" 200 -
[06/Aug/2026 15:23:32] "GET /Photos/2022/2022-02_%E9%AB%98%E9%9B%84%E5%B8%82/IMG_1214.jpeg HTTP/1.1" 200 -
[06/Aug/2026 15:23:32] "GET /Photos/2022/2022-02_%E9%AB%98%E9%9B%84%E5%B8%82/IMG_0943.JPG HTTP/1.1" 200 -
[06/Aug/2026 15:23:32] "GET /Photos/2022/2022-02_%E9%AB%98%E9%9B%84%E5%B8%82/IMG_0945.JPG HTTP/1.1" 200 -
[06/Aug/2026 15:23:32] "GET /Photos/2022/2022-02_%E9%AB%98%E9%9B%84%E5%B8%82/IMG_1213.jpeg HTTP/1.1" 200 -
[06/Aug/2026 15:23:32] "GET /Photos/2022/2022-02_%E9%AB%98%E9%9B%84%E5%B8%82/IMG_0951.jpeg HTTP/1.1" 200 -
[06/Aug/2026 15:23:32] "GET /Photos/2022/2022-02_%E9%AB%98%E9%9B%84%E5%B8%82/IMG_0947.jpeg HTTP/1.1" 200 -
[06/Aug/2026 15:23:32] "GET /Photos/2022/2022-02_%E9%AB%98%E9%9B%84%E5%B8%82/IMG_1225.jpeg HTTP/1.1" 200 -
[06/Aug/2026 15:23:32] "GET /Photos/2022/2022-02_%E9%AB%98%E9%9B%84%E5%B8%82/IMG_1233.jpeg HTTP/1.1" 200 -
[06/Aug/2026 15:23:32] "GET /Photos/2022/2022-02_%E9%AB%98%E9%9B%84%E5%B8%82/IMG_1232.jpeg HTTP/1.1" 200 -
[06/Aug/2026 15:23:32] "GET /Photos/2022/2022-02_%E9%AB%98%E9%9B%84%E5%B8%82/IMG_1224.jpeg HTTP/1.1" 200 -
[06/Aug/2026 15:23:32] "GET /Photos/2022/2022-02_%E9%AB%98%E9%9B%84%E5%B8%82/IMG_1212.jpeg HTTP/1.1" 200 -
[06/Aug/2026 15:23:32] "GET /Photos/2022/2022-02_%E9%AB%98%E9%9B%84%E5%B8%82/IMG_1228.jpeg HTTP/1.1" 200 -
[06/Aug/2026 15:23:32] "GET /Photos/2022/2022-02_%E9%AB%98%E9%9B%84%E5%B8%82/IMG_1211.jpeg HTTP/1.1" 200 -
[06/Aug/2026 15:23:32] "GET /Photos/2022/2022-02_%E9%AB%98%E9%9B%84%E5%B8%82/IMG_1227.jpeg HTTP/1.1" 200 -
[06/Aug/2026 15:23:32] "GET /Photos/2022/2022-02_%E9%AB%98%E9%9B%84%E5%B8%82/IMG_1226.jpeg HTTP/1.1" 200 -
[06/Aug/2026 15:23:32] "GET /Photos/2022/2022-02_%E9%AB%98%E9%9B%84%E5%B8%82/IMG_1230.jpeg HTTP/1.1" 200 -
[06/Aug/2026 15:23:32] "GET /Photos/2022/2022-02_%E9%AB%98%E9%9B%84%E5%B8%82/IMG_1210.jpeg HTTP/1.1" 200 -
[06/Aug/2026 15:23:32] "GET /Photos/2022/2022-02_%E9%AB%98%E9%9B%84%E5%B8%82/IMG_0952.jpeg HTTP/1.1" 200 -
[06/Aug/2026 15:23:32] "GET /Photos/2022/2022-02_%E9%AB%98%E9%9B%84%E5%B8%82/IMG_1237.jpeg HTTP/1.1" 200 -
[06/Aug/2026 15:23:32] "GET /Photos/2022/2022-02_%E9%AB%98%E9%9B%84%E5%B8%82/IMG_1221.jpeg HTTP/1.1" 200 -
[06/Aug/2026 15:23:32] "GET /Photos/2022/2022-02_%E9%AB%98%E9%9B%84%E5%B8%82/IMG_0949.JPG HTTP/1.1" 200 -
[06/Aug/2026 15:23:32] "GET /Photos/2022/2022-02_%E9%AB%98%E9%9B%84%E5%B8%82/IMG_1201.jpeg HTTP/1.1" 200 -
[06/Aug/2026 15:23:34] "GET /Photos/2022/2022-06_%E9%A6%AC%E5%85%AC%E5%B8%82/IMG_8448.JPG HTTP/1.1" 200 -
[06/Aug/2026 15:23:34] "GET /Photos/2022/2022-06_%E9%A6%AC%E5%85%AC%E5%B8%82/IMG_8460.JPG HTTP/1.1" 200 -
[06/Aug/2026 15:23:34] "GET /Photos/2022/2022-06_%E9%A6%AC%E5%85%AC%E5%B8%82/IMG_8487.jpeg HTTP/1.1" 200 -
[06/Aug/2026 15:23:34] "GET /Photos/2022/2022-06_%E9%A6%AC%E5%85%AC%E5%B8%82/IMG_8449.JPG HTTP/1.1" 200 -
[06/Aug/2026 15:23:34] "GET /Photos/2022/2022-06_%E9%A6%AC%E5%85%AC%E5%B8%82/IMG_8491.jpeg HTTP/1.1" 200 -
[06/Aug/2026 15:23:34] "GET /Photos/2022/2022-06_%E9%A6%AC%E5%85%AC%E5%B8%82/IMG_8490.jpeg HTTP/1.1" 200 -
[06/Aug/2026 15:23:34] "GET /Photos/2022/2022-06_%E9%A6%AC%E5%85%AC%E5%B8%82/IMG_2239.jpeg HTTP/1.1" 200 -
[06/Aug/2026 15:23:34] "GET /Photos/2022/2022-06_%E9%A6%AC%E5%85%AC%E5%B8%82/IMG_8467.JPG HTTP/1.1" 200 -
[06/Aug/2026 15:23:34] "GET /Photos/2022/2022-06_%E9%A6%AC%E5%85%AC%E5%B8%82/IMG_2262.jpeg HTTP/1.1" 200 -
[06/Aug/2026 15:23:34] "GET /Photos/2022/2022-06_%E9%A6%AC%E5%85%AC%E5%B8%82/IMG_8466.JPG HTTP/1.1" 200 -
[06/Aug/2026 15:23:34] "GET /Photos/2022/2022-06_%E9%A6%AC%E5%85%AC%E5%B8%82/IMG_8458.JPG HTTP/1.1" 200 -
[06/Aug/2026 15:23:34] "GET /Photos/2022/2022-06_%E9%A6%AC%E5%85%AC%E5%B8%82/IMG_8476.JPG HTTP/1.1" 200 -
[06/Aug/2026 15:23:34] "GET /Photos/2022/2022-06_%E9%A6%AC%E5%85%AC%E5%B8%82/IMG_8439.JPG HTTP/1.1" 200 -
[06/Aug/2026 15:23:34] "GET /Photos/2022/2022-06_%E9%A6%AC%E5%85%AC%E5%B8%82/IMG_2240.jpeg HTTP/1.1" 200 -
[06/Aug/2026 15:23:34] "GET /Photos/2022/2022-06_%E9%A6%AC%E5%85%AC%E5%B8%82/IMG_8493.jpeg HTTP/1.1" 200 -
[06/Aug/2026 15:23:34] "GET /Photos/2022/2022-06_%E9%A6%AC%E5%85%AC%E5%B8%82/IMG_8455.JPG HTTP/1.1" 200 -
[06/Aug/2026 15:23:34] "GET /Photos/2022/2022-06_%E9%A6%AC%E5%85%AC%E5%B8%82/IMG_8454.JPG HTTP/1.1" 200 -
[06/Aug/2026 15:23:34] "GET /Photos/2022/2022-06_%E9%A6%AC%E5%85%AC%E5%B8%82/IMG_8468.JPG HTTP/1.1" 200 -
[06/Aug/2026 15:23:34] "GET /Photos/2022/2022-06_%E9%A6%AC%E5%85%AC%E5%B8%82/IMG_8456.JPG HTTP/1.1" 200 -
[06/Aug/2026 15:23:34] "GET /Photos/2022/2022-06_%E9%A6%AC%E5%85%AC%E5%B8%82/IMG_2246.jpeg HTTP/1.1" 200 -
[06/Aug/2026 15:23:34] "GET /Photos/2022/2022-06_%E9%A6%AC%E5%85%AC%E5%B8%82/IMG_2250.jpeg HTTP/1.1" 200 -
[06/Aug/2026 15:23:34] "GET /Photos/2022/2022-06_%E9%A6%AC%E5%85%AC%E5%B8%82/IMG_8489.jpeg HTTP/1.1" 200 -
[06/Aug/2026 15:23:34] "GET /Photos/2022/2022-06_%E9%A6%AC%E5%85%AC%E5%B8%82/IMG_8457.JPG HTTP/1.1" 200 -
[06/Aug/2026 15:23:34] "GET /Photos/2022/2022-06_%E9%A6%AC%E5%85%AC%E5%B8%82/IMG_8453.JPG HTTP/1.1" 200 -
[06/Aug/2026 15:23:34] "GET /Photos/2022/2022-06_%E9%A6%AC%E5%85%AC%E5%B8%82/IMG_8488.jpeg HTTP/1.1" 200 -
[06/Aug/2026 15:23:34] "GET /Photos/2022/2022-06_%E9%A6%AC%E5%85%AC%E5%B8%82/IMG_2247.jpeg HTTP/1.1" 200 -
[06/Aug/2026 15:23:34] "GET /Photos/2022/2022-06_%E9%A6%AC%E5%85%AC%E5%B8%82/IMG_8452.JPG HTTP/1.1" 200 -
[06/Aug/2026 15:23:34] "GET /Photos/2022/2022-06_%E9%A6%AC%E5%85%AC%E5%B8%82/IMG_8450.JPG HTTP/1.1" 200 -
[06/Aug/2026 15:23:34] "GET /Photos/2022/2022-06_%E9%A6%AC%E5%85%AC%E5%B8%82/IMG_8444.JPG HTTP/1.1" 200 -
[06/Aug/2026 15:23:34] "GET /Photos/2022/2022-06_%E9%A6%AC%E5%85%AC%E5%B8%82/IMG_8451.JPG HTTP/1.1" 200 -
[06/Aug/2026 15:23:34] "GET /Photos/2022/2022-06_%E9%A6%AC%E5%85%AC%E5%B8%82/IMG_8492.jpeg HTTP/1.1" 200 -
[06/Aug/2026 15:23:39] "GET /Photos/2023/2023-04_%E8%B6%B3%E5%88%A9%E5%B8%82/IMG_3403%20(1).jpeg HTTP/1.1" 200 -
[06/Aug/2026 15:23:39] "GET /Photos/2023/2023-04_%E8%B6%B3%E5%88%A9%E5%B8%82/IMG_3402%20(1).jpeg HTTP/1.1" 200 -
[06/Aug/2026 15:23:39] "GET /Photos/2023/2023-04_%E8%B6%B3%E5%88%A9%E5%B8%82/IMG_3404%20(1).jpeg HTTP/1.1" 200 -
[06/Aug/2026 15:23:39] "GET /Photos/2023/2023-04_%E8%B6%B3%E5%88%A9%E5%B8%82/IMG_3400.jpeg HTTP/1.1" 200 -
[06/Aug/2026 15:23:39] "GET /Photos/2023/2023-04_%E8%B6%B3%E5%88%A9%E5%B8%82/IMG_3401%20(1).jpeg HTTP/1.1" 200 -
[06/Aug/2026 15:23:44] "GET /Photos/2022/2022-04_%E7%B1%B3%E5%85%B6%E6%9E%97%E6%85%8B%E8%8A%AE/IMG_1537.jpeg HTTP/1.1" 200 -
[06/Aug/2026 15:23:44] "GET /Photos/2022/2022-04_%E7%B1%B3%E5%85%B6%E6%9E%97%E6%85%8B%E8%8A%AE/IMG_1556.jpeg HTTP/1.1" 200 -
[06/Aug/2026 15:23:44] "GET /Photos/2022/2022-04_%E7%B1%B3%E5%85%B6%E6%9E%97%E6%85%8B%E8%8A%AE/IMG_1540.jpeg HTTP/1.1" 200 -
[06/Aug/2026 15:23:44] "GET /Photos/2022/2022-04_%E7%B1%B3%E5%85%B6%E6%9E%97%E6%85%8B%E8%8A%AE/IMG_1541.jpeg HTTP/1.1" 200 -
[06/Aug/2026 15:23:44] "GET /Photos/2022/2022-04_%E7%B1%B3%E5%85%B6%E6%9E%97%E6%85%8B%E8%8A%AE/IMG_1536.jpeg HTTP/1.1" 200 -
[06/Aug/2026 15:23:44] "GET /Photos/2022/2022-04_%E7%B1%B3%E5%85%B6%E6%9E%97%E6%85%8B%E8%8A%AE/IMG_1557.jpeg HTTP/1.1" 200 -
[06/Aug/2026 15:23:44] "GET /Photos/2022/2022-04_%E7%B1%B3%E5%85%B6%E6%9E%97%E6%85%8B%E8%8A%AE/IMG_1546.jpeg HTTP/1.1" 200 -
[06/Aug/2026 15:23:44] "GET /Photos/2022/2022-04_%E7%B1%B3%E5%85%B6%E6%9E%97%E6%85%8B%E8%8A%AE/IMG_1552.jpeg HTTP/1.1" 200 -
[06/Aug/2026 15:23:44] "GET /Photos/2022/2022-04_%E7%B1%B3%E5%85%B6%E6%9E%97%E6%85%8B%E8%8A%AE/IMG_1548.jpeg HTTP/1.1" 200 -
[06/Aug/2026 15:23:44] "GET /Photos/2022/2022-04_%E7%B1%B3%E5%85%B6%E6%9E%97%E6%85%8B%E8%8A%AE/IMG_1544.jpeg HTTP/1.1" 200 -
[06/Aug/2026 15:23:44] "GET /Photos/2022/2022-04_%E7%B1%B3%E5%85%B6%E6%9E%97%E6%85%8B%E8%8A%AE/IMG_1547.jpeg HTTP/1.1" 200 -
[06/Aug/2026 15:23:44] "GET /Photos/2022/2022-04_%E7%B1%B3%E5%85%B6%E6%9E%97%E6%85%8B%E8%8A%AE/IMG_1551.jpeg HTTP/1.1" 200 -
[06/Aug/2026 15:23:44] "GET /Photos/2022/2022-04_%E7%B1%B3%E5%85%B6%E6%9E%97%E6%85%8B%E8%8A%AE/IMG_1549.jpeg HTTP/1.1" 200 -
[06/Aug/2026 15:23:44] "GET /Photos/2022/2022-04_%E7%B1%B3%E5%85%B6%E6%9E%97%E6%85%8B%E8%8A%AE/IMG_1553.jpeg HTTP/1.1" 200 -
[06/Aug/2026 15:23:44] "GET /Photos/2022/2022-04_%E7%B1%B3%E5%85%B6%E6%9E%97%E6%85%8B%E8%8A%AE/IMG_1545.jpeg HTTP/1.1" 200 -
[06/Aug/2026 15:23:44] "GET /Photos/2022/2022-04_%E7%B1%B3%E5%85%B6%E6%9E%97%E6%85%8B%E8%8A%AE/IMG_1558.jpeg HTTP/1.1" 200 -
[06/Aug/2026 15:23:44] "GET /Photos/2022/2022-04_%E7%B1%B3%E5%85%B6%E6%9E%97%E6%85%8B%E8%8A%AE/IMG_1539.jpeg HTTP/1.1" 200 -
[06/Aug/2026 15:23:44] "GET /Photos/2022/2022-04_%E7%B1%B3%E5%85%B6%E6%9E%97%E6%85%8B%E8%8A%AE/IMG_1542.jpeg HTTP/1.1" 200 -
[06/Aug/2026 15:23:44] "GET /Photos/2022/2022-04_%E7%B1%B3%E5%85%B6%E6%9E%97%E6%85%8B%E8%8A%AE/IMG_1554.jpeg HTTP/1.1" 200 -
[06/Aug/2026 15:23:44] "GET /Photos/2022/2022-04_%E7%B1%B3%E5%85%B6%E6%9E%97%E6%85%8B%E8%8A%AE/IMG_1555.jpeg HTTP/1.1" 200 -
[06/Aug/2026 15:23:44] "GET /Photos/2022/2022-04_%E7%B1%B3%E5%85%B6%E6%9E%97%E6%85%8B%E8%8A%AE/IMG_1543.jpeg HTTP/1.1" 200 -
[06/Aug/2026 15:23:44] "GET /Photos/2022/2022-04_%E7%B1%B3%E5%85%B6%E6%9E%97%E6%85%8B%E8%8A%AE/IMG_1538.jpeg HTTP/1.1" 200 -
[06/Aug/2026 15:23:49] "GET /Photos/2023/2023-04_%E7%9B%AE%E9%BB%91%E5%8D%80/IMG_3366.jpeg HTTP/1.1" 200 -
[06/Aug/2026 15:23:49] "GET /Photos/2023/2023-04_%E7%9B%AE%E9%BB%91%E5%8D%80/IMG_3364.jpeg HTTP/1.1" 200 -
[06/Aug/2026 15:23:49] "GET /Photos/2023/2023-04_%E7%9B%AE%E9%BB%91%E5%8D%80/IMG_3363.jpeg HTTP/1.1" 200 -
[06/Aug/2026 15:23:53] "GET /Photos/2023/2023-02_%E6%B8%AF%E5%8D%80/IMG_3033.jpeg HTTP/1.1" 200 -
[06/Aug/2026 15:23:53] "GET /Photos/2023/2023-02_%E6%B8%AF%E5%8D%80/IMG_3028.jpeg HTTP/1.1" 200 -
[06/Aug/2026 15:23:53] "GET /Photos/2023/2023-02_%E6%B8%AF%E5%8D%80/IMG_3032.jpeg HTTP/1.1" 200 -
[06/Aug/2026 15:23:53] "GET /Photos/2023/2023-02_%E6%B8%AF%E5%8D%80/IMG_3031.jpeg HTTP/1.1" 200 -
[06/Aug/2026 15:23:53] "GET /Photos/2023/2023-02_%E6%B8%AF%E5%8D%80/IMG_3027.jpeg HTTP/1.1" 200 -
[06/Aug/2026 15:23:53] "GET /Photos/2023/2023-04_%E6%B8%AF%E5%8D%80/IMG_3359.jpeg HTTP/1.1" 200 -
[06/Aug/2026 15:23:53] "GET /Photos/2023/2023-04_%E6%B8%AF%E5%8D%80/IMG_3356.jpeg HTTP/1.1" 200 -
[06/Aug/2026 15:23:53] "GET /Photos/2023/2023-02_%E6%B8%AF%E5%8D%80/IMG_3026.jpeg HTTP/1.1" 200 -
[06/Aug/2026 15:23:57] "GET /Photos/2023/2023-10_%E6%B1%9F%E9%99%B5%E5%B8%82/IMG_4123.jpeg HTTP/1.1" 200 -
[06/Aug/2026 15:24:01] "GET /Photos/2023/2023-10_%E6%9D%9F%E8%8D%89%E5%B8%82/IMG_4098.jpeg HTTP/1.1" 200 -
[06/Aug/2026 15:24:01] "GET /Photos/2023/2023-10_%E6%9D%9F%E8%8D%89%E5%B8%82/IMG_4122.jpeg HTTP/1.1" 200 -
[06/Aug/2026 15:24:01] "GET /Photos/2023/2023-10_%E6%9D%9F%E8%8D%89%E5%B8%82/IMG_4095.jpeg HTTP/1.1" 200 -
[06/Aug/2026 15:24:01] "GET /Photos/2023/2023-10_%E6%9D%9F%E8%8D%89%E5%B8%82/IMG_4093.jpeg HTTP/1.1" 200 -
[06/Aug/2026 15:24:01] "GET /Photos/2023/2023-10_%E6%9D%9F%E8%8D%89%E5%B8%82/IMG_4094.jpeg HTTP/1.1" 200 -
[06/Aug/2026 15:24:01] "GET /Photos/2023/2023-10_%E6%9D%9F%E8%8D%89%E5%B8%82/IMG_4097.jpeg HTTP/1.1" 200 -
[06/Aug/2026 15:24:01] "GET /Photos/2023/2023-10_%E6%9D%9F%E8%8D%89%E5%B8%82/IMG_4092.jpeg HTTP/1.1" 200 -
[06/Aug/2026 15:24:01] "GET /Photos/2023/2023-10_%E6%9D%9F%E8%8D%89%E5%B8%82/IMG_4091.jpeg HTTP/1.1" 200 -
[06/Aug/2026 15:24:01] "GET /Photos/2023/2023-10_%E6%9D%9F%E8%8D%89%E5%B8%82/IMG_4096.jpeg HTTP/1.1" 200 -
[06/Aug/2026 15:24:01] "GET /Photos/2023/2023-10_%E6%9D%9F%E8%8D%89%E5%B8%82/IMG_4100.jpeg HTTP/1.1" 200 -
[06/Aug/2026 15:24:06] "GET /Photos/2023/2023-10_%E6%98%A5%E5%B7%9D%E5%B8%82/IMG_4090.jpeg HTTP/1.1" 200 -
[06/Aug/2026 15:24:11] "GET /Photos/2021/2021-12_%E6%81%86%E6%98%A5%E9%8E%AE/IMG_0465.jpeg HTTP/1.1" 200 -
[06/Aug/2026 15:24:11] "GET /Photos/2021/2021-12_%E6%81%86%E6%98%A5%E9%8E%AE/IMG_0577.jpeg HTTP/1.1" 200 -
[06/Aug/2026 15:24:11] "GET /Photos/2021/2021-12_%E6%81%86%E6%98%A5%E9%8E%AE/IMG_0473.jpeg HTTP/1.1" 200 -
[06/Aug/2026 15:24:11] "GET /Photos/2021/2021-12_%E6%81%86%E6%98%A5%E9%8E%AE/IMG_0561.jpeg HTTP/1.1" 200 -
[06/Aug/2026 15:24:11] "GET /Photos/2021/2021-12_%E6%81%86%E6%98%A5%E9%8E%AE/IMG_0541.jpeg HTTP/1.1" 200 -
[06/Aug/2026 15:24:11] "GET /Photos/2021/2021-12_%E6%81%86%E6%98%A5%E9%8E%AE/IMG_0556.jpeg HTTP/1.1" 200 -
[06/Aug/2026 15:24:11] "GET /Photos/2021/2021-12_%E6%81%86%E6%98%A5%E9%8E%AE/IMG_0576.jpeg HTTP/1.1" 200 -
[06/Aug/2026 15:24:11] "GET /Photos/2021/2021-12_%E6%81%86%E6%98%A5%E9%8E%AE/IMG_0547.jpeg HTTP/1.1" 200 -
[06/Aug/2026 15:24:11] "GET /Photos/2021/2021-12_%E6%81%86%E6%98%A5%E9%8E%AE/IMG_0560.jpeg HTTP/1.1" 200 -
[06/Aug/2026 15:24:11] "GET /Photos/2021/2021-12_%E6%81%86%E6%98%A5%E9%8E%AE/IMG_0540.jpeg HTTP/1.1" 200 -
[06/Aug/2026 15:24:11] "GET /Photos/2021/2021-12_%E6%81%86%E6%98%A5%E9%8E%AE/IMG_0464.jpeg HTTP/1.1" 200 -
[06/Aug/2026 15:24:11] "GET /Photos/2021/2021-12_%E6%81%86%E6%98%A5%E9%8E%AE/IMG_0557.jpeg HTTP/1.1" 200 -
[06/Aug/2026 15:24:11] "GET /Photos/2021/2021-12_%E6%81%86%E6%98%A5%E9%8E%AE/IMG_0551.jpeg HTTP/1.1" 200 -
[06/Aug/2026 15:24:11] "GET /Photos/2021/2021-12_%E6%81%86%E6%98%A5%E9%8E%AE/IMG_0463.jpeg HTTP/1.1" 200 -
[06/Aug/2026 15:24:11] "GET /Photos/2021/2021-12_%E6%81%86%E6%98%A5%E9%8E%AE/IMG_0571.jpeg HTTP/1.1" 200 -
[06/Aug/2026 15:24:11] "GET /Photos/2021/2021-12_%E6%81%86%E6%98%A5%E9%8E%AE/IMG_0567.jpeg HTTP/1.1" 200 -
[06/Aug/2026 15:24:11] "GET /Photos/2021/2021-12_%E6%81%86%E6%98%A5%E9%8E%AE/IMG_0459.jpeg HTTP/1.1" 200 -
[06/Aug/2026 15:24:11] "GET /Photos/2021/2021-12_%E6%81%86%E6%98%A5%E9%8E%AE/IMG_0458.jpeg HTTP/1.1" 200 -
[06/Aug/2026 15:24:11] "GET /Photos/2021/2021-12_%E6%81%86%E6%98%A5%E9%8E%AE/IMG_0474.jpeg HTTP/1.1" 200 -
[06/Aug/2026 15:24:11] "GET /Photos/2021/2021-12_%E6%81%86%E6%98%A5%E9%8E%AE/IMG_0566.jpeg HTTP/1.1" 200 -
[06/Aug/2026 15:24:11] "GET /Photos/2021/2021-12_%E6%81%86%E6%98%A5%E9%8E%AE/IMG_0570.jpeg HTTP/1.1" 200 -
[06/Aug/2026 15:24:11] "GET /Photos/2021/2021-12_%E6%81%86%E6%98%A5%E9%8E%AE/IMG_0462.jpeg HTTP/1.1" 200 -
[06/Aug/2026 15:24:11] "GET /Photos/2021/2021-12_%E6%81%86%E6%98%A5%E9%8E%AE/IMG_0550.jpeg HTTP/1.1" 200 -
[06/Aug/2026 15:24:11] "GET /Photos/2021/2021-12_%E6%81%86%E6%98%A5%E9%8E%AE/IMG_0546.jpeg HTTP/1.1" 200 -
[06/Aug/2026 15:24:11] "GET /Photos/2021/2021-12_%E6%81%86%E6%98%A5%E9%8E%AE/IMG_0553.jpeg HTTP/1.1" 200 -
[06/Aug/2026 15:24:11] "GET /Photos/2021/2021-12_%E6%81%86%E6%98%A5%E9%8E%AE/IMG_0545.jpeg HTTP/1.1" 200 -
[06/Aug/2026 15:24:11] "GET /Photos/2021/2021-12_%E6%81%86%E6%98%A5%E9%8E%AE/IMG_0569.jpeg HTTP/1.1" 200 -
[06/Aug/2026 15:24:11] "GET /Photos/2021/2021-12_%E6%81%86%E6%98%A5%E9%8E%AE/IMG_0549.jpeg HTTP/1.1" 200 -
[06/Aug/2026 15:24:11] "GET /Photos/2021/2021-12_%E6%81%86%E6%98%A5%E9%8E%AE/IMG_0477.jpeg HTTP/1.1" 200 -
[06/Aug/2026 15:24:11] "GET /Photos/2021/2021-12_%E6%81%86%E6%98%A5%E9%8E%AE/IMG_0565.jpeg HTTP/1.1" 200 -
[06/Aug/2026 15:24:11] "GET /Photos/2021/2021-12_%E6%81%86%E6%98%A5%E9%8E%AE/IMG_0461.jpeg HTTP/1.1" 200 -
[06/Aug/2026 15:24:12] "GET /Photos/2021/2021-12_%E6%81%86%E6%98%A5%E9%8E%AE/IMG_0460.jpeg HTTP/1.1" 200 -
[06/Aug/2026 15:24:16] "GET /Photos/2023/2023-04_%E5%BE%A1%E6%AE%BF%E5%A0%B4%E5%B8%82/IMG_3387.jpeg HTTP/1.1" 200 -
[06/Aug/2026 15:24:16] "GET /Photos/2023/2023-04_%E5%BE%A1%E6%AE%BF%E5%A0%B4%E5%B8%82/IMG_3388.jpeg HTTP/1.1" 200 -
[06/Aug/2026 15:24:20] "GET /Photos/2021/1999-07_%E5%B0%8F%E8%8A%B1%E7%AB%A5/IMG_7578.jpeg HTTP/1.1" 200 -
[06/Aug/2026 15:24:22] "GET /Photos/2022/2022-02_%E5%A4%AA%E9%BA%BB%E9%87%8C%E9%84%89/IMG_1262.jpeg HTTP/1.1" 200 -
[06/Aug/2026 15:24:22] "GET /Photos/2022/2022-02_%E5%A4%AA%E9%BA%BB%E9%87%8C%E9%84%89/IMG_1258.jpeg HTTP/1.1" 200 -
[06/Aug/2026 15:24:22] "GET /Photos/2022/2022-02_%E5%A4%AA%E9%BA%BB%E9%87%8C%E9%84%89/IMG_1255.jpeg HTTP/1.1" 200 -
[06/Aug/2026 15:24:22] "GET /Photos/2022/2022-02_%E5%A4%AA%E9%BA%BB%E9%87%8C%E9%84%89/IMG_1259.jpeg HTTP/1.1" 200 -
[06/Aug/2026 15:24:22] "GET /Photos/2022/2022-02_%E5%A4%AA%E9%BA%BB%E9%87%8C%E9%84%89/IMG_0987.jpeg HTTP/1.1" 200 -
[06/Aug/2026 15:24:22] "GET /Photos/2022/2022-02_%E5%A4%AA%E9%BA%BB%E9%87%8C%E9%84%89/IMG_1257.jpeg HTTP/1.1" 200 -
[06/Aug/2026 15:24:22] "GET /Photos/2022/2022-02_%E5%A4%AA%E9%BA%BB%E9%87%8C%E9%84%89/IMG_1256.jpeg HTTP/1.1" 200 -
[06/Aug/2026 15:24:22] "GET /Photos/2021/2021-12_%E5%A4%AA%E9%BA%BB%E9%87%8C%E9%84%89/IMG_0424.jpeg HTTP/1.1" 200 -
[06/Aug/2026 15:24:22] "GET /Photos/2021/2021-12_%E5%A4%AA%E9%BA%BB%E9%87%8C%E9%84%89/IMG_0388.jpeg HTTP/1.1" 200 -
[06/Aug/2026 15:24:22] "GET /Photos/2022/2022-02_%E5%A4%AA%E9%BA%BB%E9%87%8C%E9%84%89/IMG_1261.jpeg HTTP/1.1" 200 -
[06/Aug/2026 15:24:22] "GET /Photos/2021/2021-12_%E5%A4%AA%E9%BA%BB%E9%87%8C%E9%84%89/IMG_0408.jpeg HTTP/1.1" 200 -
[06/Aug/2026 15:24:22] "GET /Photos/2022/2022-02_%E5%A4%AA%E9%BA%BB%E9%87%8C%E9%84%89/IMG_1260.jpeg HTTP/1.1" 200 -
[06/Aug/2026 15:24:22] "GET /Photos/2021/2021-12_%E5%A4%AA%E9%BA%BB%E9%87%8C%E9%84%89/IMG_0428.jpeg HTTP/1.1" 200 -
[06/Aug/2026 15:24:22] "GET /Photos/2021/2021-12_%E5%A4%AA%E9%BA%BB%E9%87%8C%E9%84%89/IMG_0404.jpeg HTTP/1.1" 200 -
[06/Aug/2026 15:24:22] "GET /Photos/2021/2021-12_%E5%A4%AA%E9%BA%BB%E9%87%8C%E9%84%89/IMG_0392.jpeg HTTP/1.1" 200 -
[06/Aug/2026 15:24:22] "GET /Photos/2021/2021-12_%E5%A4%AA%E9%BA%BB%E9%87%8C%E9%84%89/IMG_0384.jpeg HTTP/1.1" 200 -
[06/Aug/2026 15:24:22] "GET /Photos/2021/2021-12_%E5%A4%AA%E9%BA%BB%E9%87%8C%E9%84%89/IMG_0385.jpeg HTTP/1.1" 200 -
[06/Aug/2026 15:24:22] "GET /Photos/2021/2021-12_%E5%A4%AA%E9%BA%BB%E9%87%8C%E9%84%89/IMG_0393.jpeg HTTP/1.1" 200 -
[06/Aug/2026 15:24:22] "GET /Photos/2021/2021-12_%E5%A4%AA%E9%BA%BB%E9%87%8C%E9%84%89/IMG_0405.jpeg HTTP/1.1" 200 -
[06/Aug/2026 15:24:22] "GET /Photos/2021/2021-12_%E5%A4%AA%E9%BA%BB%E9%87%8C%E9%84%89/IMG_0429.jpeg HTTP/1.1" 200 -
[06/Aug/2026 15:24:22] "GET /Photos/2021/2021-12_%E5%A4%AA%E9%BA%BB%E9%87%8C%E9%84%89/IMG_0425.jpeg HTTP/1.1" 200 -
[06/Aug/2026 15:24:22] "GET /Photos/2021/2021-12_%E5%A4%AA%E9%BA%BB%E9%87%8C%E9%84%89/IMG_0389.jpeg HTTP/1.1" 200 -
[06/Aug/2026 15:24:22] "GET /Photos/2021/2021-12_%E5%A4%AA%E9%BA%BB%E9%87%8C%E9%84%89/IMG_0409.jpeg HTTP/1.1" 200 -
[06/Aug/2026 15:24:22] "GET /Photos/2021/2021-12_%E5%A4%AA%E9%BA%BB%E9%87%8C%E9%84%89/IMG_0402.jpeg HTTP/1.1" 200 -
[06/Aug/2026 15:24:22] "GET /Photos/2021/2021-12_%E5%A4%AA%E9%BA%BB%E9%87%8C%E9%84%89/IMG_0394.jpeg HTTP/1.1" 200 -
[06/Aug/2026 15:24:22] "GET /Photos/2021/2021-12_%E5%A4%AA%E9%BA%BB%E9%87%8C%E9%84%89/IMG_0382.jpeg HTTP/1.1" 200 -
[06/Aug/2026 15:24:22] "GET /Photos/2021/2021-12_%E5%A4%AA%E9%BA%BB%E9%87%8C%E9%84%89/IMG_0422.jpeg HTTP/1.1" 200 -
[06/Aug/2026 15:24:22] "GET /Photos/2021/2021-12_%E5%A4%AA%E9%BA%BB%E9%87%8C%E9%84%89/IMG_0419.jpeg HTTP/1.1" 200 -
[06/Aug/2026 15:24:22] "GET /Photos/2021/2021-12_%E5%A4%AA%E9%BA%BB%E9%87%8C%E9%84%89/IMG_0398.jpeg HTTP/1.1" 200 -
[06/Aug/2026 15:24:22] "GET /Photos/2021/2021-12_%E5%A4%AA%E9%BA%BB%E9%87%8C%E9%84%89/IMG_0399.jpeg HTTP/1.1" 200 -
[06/Aug/2026 15:24:22] "GET /Photos/2021/2021-12_%E5%A4%AA%E9%BA%BB%E9%87%8C%E9%84%89/IMG_0376.jpeg HTTP/1.1" 200 -
[06/Aug/2026 15:24:24] "GET /Photos/2021/2021-12_%E5%A4%AA%E4%BF%9D%E5%B8%82/IMG_0648.jpeg HTTP/1.1" 200 -
[06/Aug/2026 15:24:24] "GET /Photos/2021/2021-12_%E5%A4%AA%E4%BF%9D%E5%B8%82/IMG_0652.jpeg HTTP/1.1" 200 -
[06/Aug/2026 15:24:24] "GET /Photos/2021/2021-12_%E5%A4%AA%E4%BF%9D%E5%B8%82/IMG_0644.jpeg HTTP/1.1" 200 -
[06/Aug/2026 15:24:24] "GET /Photos/2021/2021-12_%E5%A4%AA%E4%BF%9D%E5%B8%82/IMG_0633.jpeg HTTP/1.1" 200 -
[06/Aug/2026 15:24:24] "GET /Photos/2021/2021-12_%E5%A4%AA%E4%BF%9D%E5%B8%82/IMG_0629.jpeg HTTP/1.1" 200 -
[06/Aug/2026 15:24:24] "GET /Photos/2021/2021-12_%E5%A4%AA%E4%BF%9D%E5%B8%82/IMG_0632.jpeg HTTP/1.1" 200 -
[06/Aug/2026 15:24:24] "GET /Photos/2021/2021-12_%E5%A4%AA%E4%BF%9D%E5%B8%82/IMG_0639.jpeg HTTP/1.1" 200 -
[06/Aug/2026 15:24:24] "GET /Photos/2021/2021-12_%E5%A4%AA%E4%BF%9D%E5%B8%82/IMG_0635.jpeg HTTP/1.1" 200 -
[06/Aug/2026 15:24:24] "GET /Photos/2021/2021-12_%E5%A4%AA%E4%BF%9D%E5%B8%82/IMG_0642.jpeg HTTP/1.1" 200 -
[06/Aug/2026 15:24:24] "GET /Photos/2021/2021-12_%E5%A4%AA%E4%BF%9D%E5%B8%82/IMG_0649.jpeg HTTP/1.1" 200 -
[06/Aug/2026 15:24:24] "GET /Photos/2021/2021-12_%E5%A4%AA%E4%BF%9D%E5%B8%82/IMG_0628.jpeg HTTP/1.1" 200 -
[06/Aug/2026 15:24:24] "GET /Photos/2021/2021-12_%E5%A4%AA%E4%BF%9D%E5%B8%82/IMG_0634.jpeg HTTP/1.1" 200 -
[06/Aug/2026 15:24:24] "GET /Photos/2021/2021-12_%E5%A4%AA%E4%BF%9D%E5%B8%82/IMG_0638.jpeg HTTP/1.1" 200 -
[06/Aug/2026 15:24:24] "GET /Photos/2021/2021-12_%E5%A4%AA%E4%BF%9D%E5%B8%82/IMG_0643.jpeg HTTP/1.1" 200 -
[06/Aug/2026 15:24:24] "GET /Photos/2021/2021-12_%E5%A4%AA%E4%BF%9D%E5%B8%82/IMG_0640.jpeg HTTP/1.1" 200 -
[06/Aug/2026 15:24:24] "GET /Photos/2021/2021-12_%E5%A4%AA%E4%BF%9D%E5%B8%82/IMG_0637.jpeg HTTP/1.1" 200 -
[06/Aug/2026 15:24:24] "GET /Photos/2021/2021-12_%E5%A4%AA%E4%BF%9D%E5%B8%82/IMG_0636.jpeg HTTP/1.1" 200 -
[06/Aug/2026 15:24:24] "GET /Photos/2021/2021-12_%E5%A4%AA%E4%BF%9D%E5%B8%82/IMG_0641.jpeg HTTP/1.1" 200 -
[06/Aug/2026 15:24:24] "GET /Photos/2021/2021-12_%E5%A4%AA%E4%BF%9D%E5%B8%82/IMG_0631.jpeg HTTP/1.1" 200 -
[06/Aug/2026 15:24:24] "GET /Photos/2021/2021-12_%E5%A4%AA%E4%BF%9D%E5%B8%82/IMG_0646.jpeg HTTP/1.1" 200 -
[06/Aug/2026 15:24:24] "GET /Photos/2021/2021-12_%E5%A4%AA%E4%BF%9D%E5%B8%82/IMG_0650.jpeg HTTP/1.1" 200 -
[06/Aug/2026 15:24:24] "GET /Photos/2021/2021-12_%E5%A4%AA%E4%BF%9D%E5%B8%82/IMG_0651.jpeg HTTP/1.1" 200 -
[06/Aug/2026 15:24:24] "GET /Photos/2021/2021-12_%E5%A4%AA%E4%BF%9D%E5%B8%82/IMG_0647.jpeg HTTP/1.1" 200 -
[06/Aug/2026 15:24:24] "GET /Photos/2021/2021-12_%E5%A4%AA%E4%BF%9D%E5%B8%82/IMG_0630.jpeg HTTP/1.1" 200 -
[06/Aug/2026 15:24:28] "GET /Photos/2021/2021-12_%E5%A4%A7%E6%AD%A6%E9%84%89/IMG_0432.jpeg HTTP/1.1" 200 -
[06/Aug/2026 15:24:28] "GET /Photos/2021/2021-12_%E5%A4%A7%E6%AD%A6%E9%84%89/IMG_0449.jpeg HTTP/1.1" 200 -
[06/Aug/2026 15:24:28] "GET /Photos/2021/2021-12_%E5%A4%A7%E6%AD%A6%E9%84%89/IMG_0453.jpeg HTTP/1.1" 200 -
[06/Aug/2026 15:24:28] "GET /Photos/2021/2021-12_%E5%A4%A7%E6%AD%A6%E9%84%89/IMG_0445.jpeg HTTP/1.1" 200 -
[06/Aug/2026 15:24:28] "GET /Photos/2021/2021-12_%E5%A4%A7%E6%AD%A6%E9%84%89/IMG_0444.jpeg HTTP/1.1" 200 -
[06/Aug/2026 15:24:28] "GET /Photos/2021/2021-12_%E5%A4%A7%E6%AD%A6%E9%84%89/IMG_0448.jpeg HTTP/1.1" 200 -
[06/Aug/2026 15:24:28] "GET /Photos/2021/2021-12_%E5%A4%A7%E6%AD%A6%E9%84%89/IMG_0433.jpeg HTTP/1.1" 200 -
[06/Aug/2026 15:24:28] "GET /Photos/2021/2021-12_%E5%A4%A7%E6%AD%A6%E9%84%89/IMG_0443.jpeg HTTP/1.1" 200 -
[06/Aug/2026 15:24:28] "GET /Photos/2021/2021-12_%E5%A4%A7%E6%AD%A6%E9%84%89/IMG_0435.jpeg HTTP/1.1" 200 -
[06/Aug/2026 15:24:28] "GET /Photos/2021/2021-12_%E5%A4%A7%E6%AD%A6%E9%84%89/IMG_0438.jpeg HTTP/1.1" 200 -
[06/Aug/2026 15:24:28] "GET /Photos/2021/2021-12_%E5%A4%A7%E6%AD%A6%E9%84%89/IMG_0434.jpeg HTTP/1.1" 200 -
[06/Aug/2026 15:24:28] "GET /Photos/2021/2021-12_%E5%A4%A7%E6%AD%A6%E9%84%89/IMG_0452.jpeg HTTP/1.1" 200 -
[06/Aug/2026 15:24:28] "GET /Photos/2021/2021-12_%E5%A4%A7%E6%AD%A6%E9%84%89/IMG_0442.jpeg HTTP/1.1" 200 -
[06/Aug/2026 15:24:28] "GET /Photos/2021/2021-12_%E5%A4%A7%E6%AD%A6%E9%84%89/IMG_0439.jpeg HTTP/1.1" 200 -
[06/Aug/2026 15:24:28] "GET /Photos/2021/2021-12_%E5%A4%A7%E6%AD%A6%E9%84%89/IMG_0441.jpeg HTTP/1.1" 200 -
[06/Aug/2026 15:24:28] "GET /Photos/2021/2021-12_%E5%A4%A7%E6%AD%A6%E9%84%89/IMG_0457.jpeg HTTP/1.1" 200 -
[06/Aug/2026 15:24:28] "GET /Photos/2021/2021-12_%E5%A4%A7%E6%AD%A6%E9%84%89/IMG_0436.jpeg HTTP/1.1" 200 -
[06/Aug/2026 15:24:28] "GET /Photos/2021/2021-12_%E5%A4%A7%E6%AD%A6%E9%84%89/IMG_0437.jpeg HTTP/1.1" 200 -
[06/Aug/2026 15:24:28] "GET /Photos/2021/2021-12_%E5%A4%A7%E6%AD%A6%E9%84%89/IMG_0456.jpeg HTTP/1.1" 200 -
[06/Aug/2026 15:24:28] "GET /Photos/2021/2021-12_%E5%A4%A7%E6%AD%A6%E9%84%89/IMG_0440.jpeg HTTP/1.1" 200 -
[06/Aug/2026 15:24:28] "GET /Photos/2021/2021-12_%E5%A4%A7%E6%AD%A6%E9%84%89/IMG_0447.jpeg HTTP/1.1" 200 -
[06/Aug/2026 15:24:28] "GET /Photos/2021/2021-12_%E5%A4%A7%E6%AD%A6%E9%84%89/IMG_0451.jpeg HTTP/1.1" 200 -
[06/Aug/2026 15:24:28] "GET /Photos/2021/2021-12_%E5%A4%A7%E6%AD%A6%E9%84%89/IMG_0450.jpeg HTTP/1.1" 200 -
[06/Aug/2026 15:24:28] "GET /Photos/2021/2021-12_%E5%A4%A7%E6%AD%A6%E9%84%89/IMG_0446.jpeg HTTP/1.1" 200 -
[06/Aug/2026 15:24:28] "GET /Photos/2021/2021-12_%E5%A4%A7%E6%AD%A6%E9%84%89/IMG_0431.jpeg HTTP/1.1" 200 -
[06/Aug/2026 15:24:30] "GET /Photos/2023/2023-04_%E5%A2%A8%E7%94%B0%E5%8D%80/IMG_4580.jpeg HTTP/1.1" 200 -
[06/Aug/2026 15:24:30] "GET /Photos/2023/2023-04_%E5%A2%A8%E7%94%B0%E5%8D%80/IMG_4610.jpeg HTTP/1.1" 200 -
[06/Aug/2026 15:24:30] "GET /Photos/2023/2023-04_%E5%A2%A8%E7%94%B0%E5%8D%80/IMG_4586.jpeg HTTP/1.1" 200 -
[06/Aug/2026 15:24:30] "GET /Photos/2023/2023-04_%E5%A2%A8%E7%94%B0%E5%8D%80/IMG_4617.jpeg HTTP/1.1" 200 -
[06/Aug/2026 15:24:30] "GET /Photos/2023/2023-04_%E5%A2%A8%E7%94%B0%E5%8D%80/IMG_4565.jpeg HTTP/1.1" 200 -
[06/Aug/2026 15:24:30] "GET /Photos/2023/2023-04_%E5%A2%A8%E7%94%B0%E5%8D%80/IMG_4614.jpeg HTTP/1.1" 200 -
[06/Aug/2026 15:24:30] "GET /Photos/2023/2023-04_%E5%A2%A8%E7%94%B0%E5%8D%80/IMG_4584.jpeg HTTP/1.1" 200 -
[06/Aug/2026 15:24:30] "GET /Photos/2023/2023-04_%E5%A2%A8%E7%94%B0%E5%8D%80/IMG_4615.jpeg HTTP/1.1" 200 -
[06/Aug/2026 15:24:30] "GET /Photos/2023/2023-04_%E5%A2%A8%E7%94%B0%E5%8D%80/IMG_4571.jpeg HTTP/1.1" 200 -
[06/Aug/2026 15:24:30] "GET /Photos/2023/2023-04_%E5%A2%A8%E7%94%B0%E5%8D%80/IMG_4587.jpeg HTTP/1.1" 200 -
[06/Aug/2026 15:24:30] "GET /Photos/2023/2023-04_%E5%A2%A8%E7%94%B0%E5%8D%80/IMG_4609.jpeg HTTP/1.1" 200 -
[06/Aug/2026 15:24:30] "GET /Photos/2023/2023-04_%E5%A2%A8%E7%94%B0%E5%8D%80/IMG_3367.jpeg HTTP/1.1" 200 -
[06/Aug/2026 15:24:30] "GET /Photos/2023/2023-04_%E5%A2%A8%E7%94%B0%E5%8D%80/IMG_4613.jpeg HTTP/1.1" 200 -
[06/Aug/2026 15:24:30] "GET /Photos/2023/2023-04_%E5%A2%A8%E7%94%B0%E5%8D%80/IMG_4582.jpeg HTTP/1.1" 200 -
[06/Aug/2026 15:24:30] "GET /Photos/2023/2023-04_%E5%A2%A8%E7%94%B0%E5%8D%80/IMG_4608.jpeg HTTP/1.1" 200 -
[06/Aug/2026 15:24:30] "GET /Photos/2023/2023-04_%E5%A2%A8%E7%94%B0%E5%8D%80/IMG_4624.jpeg HTTP/1.1" 200 -
[06/Aug/2026 15:24:35] "GET /Photos/2022/2022-02_%E5%93%A1%E5%B1%B1%E9%84%89%E9%87%91%E8%BB%8A%E4%BC%AF%E6%9C%97%E5%92%96%E5%95%A1/IMG_1177.jpeg HTTP/1.1" 200 -
[06/Aug/2026 15:24:35] "GET /Photos/2022/2022-02_%E5%93%A1%E5%B1%B1%E9%84%89%E9%87%91%E8%BB%8A%E4%BC%AF%E6%9C%97%E5%92%96%E5%95%A1/IMG_1179.jpeg HTTP/1.1" 200 -
[06/Aug/2026 15:24:35] "GET /Photos/2022/2022-02_%E5%93%A1%E5%B1%B1%E9%84%89%E9%87%91%E8%BB%8A%E4%BC%AF%E6%9C%97%E5%92%96%E5%95%A1/IMG_1180.jpeg HTTP/1.1" 200 -
[06/Aug/2026 15:24:35] "GET /Photos/2022/2022-02_%E5%93%A1%E5%B1%B1%E9%84%89%E9%87%91%E8%BB%8A%E4%BC%AF%E6%9C%97%E5%92%96%E5%95%A1/IMG_1178.jpeg HTTP/1.1" 200 -
[06/Aug/2026 15:24:38] "GET /Photos/2022/2022-02_%E5%8F%B8%E9%A6%AC%E5%BA%AB%E6%96%AF/IMG_1366.jpeg HTTP/1.1" 200 -
[06/Aug/2026 15:24:38] "GET /Photos/2022/2022-02_%E5%8F%B8%E9%A6%AC%E5%BA%AB%E6%96%AF/IMG_6266.jpeg HTTP/1.1" 200 -
[06/Aug/2026 15:24:38] "GET /Photos/2022/2022-02_%E5%8F%B8%E9%A6%AC%E5%BA%AB%E6%96%AF/IMG_1370.jpeg HTTP/1.1" 200 -
[06/Aug/2026 15:24:38] "GET /Photos/2022/2022-02_%E5%8F%B8%E9%A6%AC%E5%BA%AB%E6%96%AF/IMG_6285.jpeg HTTP/1.1" 200 -
[06/Aug/2026 15:24:38] "GET /Photos/2022/2022-02_%E5%8F%B8%E9%A6%AC%E5%BA%AB%E6%96%AF/IMG_6250.jpeg HTTP/1.1" 200 -
[06/Aug/2026 15:24:38] "GET /Photos/2022/2022-02_%E5%8F%B8%E9%A6%AC%E5%BA%AB%E6%96%AF/IMG_6284.jpeg HTTP/1.1" 200 -
[06/Aug/2026 15:24:38] "GET /Photos/2022/2022-02_%E5%8F%B8%E9%A6%AC%E5%BA%AB%E6%96%AF/IMG_1428.jpeg HTTP/1.1" 200 -
[06/Aug/2026 15:24:38] "GET /Photos/2022/2022-02_%E5%8F%B8%E9%A6%AC%E5%BA%AB%E6%96%AF/IMG_6251.jpeg HTTP/1.1" 200 -
[06/Aug/2026 15:24:38] "GET /Photos/2022/2022-02_%E5%8F%B8%E9%A6%AC%E5%BA%AB%E6%96%AF/IMG_1371.jpeg HTTP/1.1" 200 -
[06/Aug/2026 15:24:38] "GET /Photos/2022/2022-02_%E5%8F%B8%E9%A6%AC%E5%BA%AB%E6%96%AF/IMG_6267.jpeg HTTP/1.1" 200 -
[06/Aug/2026 15:24:38] "GET /Photos/2022/2022-02_%E5%8F%B8%E9%A6%AC%E5%BA%AB%E6%96%AF/IMG_1367.jpeg HTTP/1.1" 200 -
[06/Aug/2026 15:24:38] "GET /Photos/2022/2022-02_%E5%8F%B8%E9%A6%AC%E5%BA%AB%E6%96%AF/IMG_6271.jpeg HTTP/1.1" 200 -
[06/Aug/2026 15:24:39] "GET /Photos/2022/2022-02_%E5%8F%B8%E9%A6%AC%E5%BA%AB%E6%96%AF/IMG_6283.jpeg HTTP/1.1" 200 -
[06/Aug/2026 15:24:39] "GET /Photos/2022/2022-02_%E5%8F%B8%E9%A6%AC%E5%BA%AB%E6%96%AF/IMG_1356.jpeg HTTP/1.1" 200 -
[06/Aug/2026 15:24:39] "GET /Photos/2022/2022-02_%E5%8F%B8%E9%A6%AC%E5%BA%AB%E6%96%AF/IMG_6256.jpeg HTTP/1.1" 200 -
[06/Aug/2026 15:24:39] "GET /Photos/2022/2022-02_%E5%8F%B8%E9%A6%AC%E5%BA%AB%E6%96%AF/IMG_6276.jpeg HTTP/1.1" 200 -
[06/Aug/2026 15:24:39] "GET /Photos/2022/2022-02_%E5%8F%B8%E9%A6%AC%E5%BA%AB%E6%96%AF/IMG_1419.jpeg HTTP/1.1" 200 -
[06/Aug/2026 15:24:39] "GET /Photos/2022/2022-02_%E5%8F%B8%E9%A6%AC%E5%BA%AB%E6%96%AF/IMG_6260.jpeg HTTP/1.1" 200 -
[06/Aug/2026 15:24:39] "GET /Photos/2022/2022-02_%E5%8F%B8%E9%A6%AC%E5%BA%AB%E6%96%AF/IMG_1435.jpeg HTTP/1.1" 200 -
[06/Aug/2026 15:24:39] "GET /Photos/2022/2022-02_%E5%8F%B8%E9%A6%AC%E5%BA%AB%E6%96%AF/IMG_1434.jpeg HTTP/1.1" 200 -
[06/Aug/2026 15:24:39] "GET /Photos/2022/2022-02_%E5%8F%B8%E9%A6%AC%E5%BA%AB%E6%96%AF/IMG_6261.jpeg HTTP/1.1" 200 -
[06/Aug/2026 15:24:39] "GET /Photos/2022/2022-02_%E5%8F%B8%E9%A6%AC%E5%BA%AB%E6%96%AF/IMG_1361.jpeg HTTP/1.1" 200 -
[06/Aug/2026 15:24:39] "GET /Photos/2022/2022-02_%E5%8F%B8%E9%A6%AC%E5%BA%AB%E6%96%AF/IMG_6277.jpeg HTTP/1.1" 200 -
[06/Aug/2026 15:24:39] "GET /Photos/2022/2022-02_%E5%8F%B8%E9%A6%AC%E5%BA%AB%E6%96%AF/IMG_6257.jpeg HTTP/1.1" 200 -
[06/Aug/2026 15:24:39] "GET /Photos/2022/2022-02_%E5%8F%B8%E9%A6%AC%E5%BA%AB%E6%96%AF/IMG_1418.jpeg HTTP/1.1" 200 -
[06/Aug/2026 15:24:39] "GET /Photos/2022/2022-02_%E5%8F%B8%E9%A6%AC%E5%BA%AB%E6%96%AF/IMG_1357.jpeg HTTP/1.1" 200 -
[06/Aug/2026 15:24:39] "GET /Photos/2022/2022-02_%E5%8F%B8%E9%A6%AC%E5%BA%AB%E6%96%AF/IMG_6282.jpeg HTTP/1.1" 200 -
[06/Aug/2026 15:24:41] "GET /Photos/2022/2022-07_%E5%8F%B0%E5%A4%A7%E6%A0%A1%E5%9C%92%E7%95%A2%E6%A5%AD%E7%85%A7/IMG_2367.JPG HTTP/1.1" 200 -
[06/Aug/2026 15:24:41] "GET /Photos/2022/2022-07_%E5%8F%B0%E5%A4%A7%E6%A0%A1%E5%9C%92%E7%95%A2%E6%A5%AD%E7%85%A7/IMG_2373.JPG HTTP/1.1" 200 -
[06/Aug/2026 15:24:41] "GET /Photos/2022/2022-07_%E5%8F%B0%E5%A4%A7%E6%A0%A1%E5%9C%92%E7%95%A2%E6%A5%AD%E7%85%A7/IMG_2372.JPG HTTP/1.1" 200 -
[06/Aug/2026 15:24:41] "GET /Photos/2022/2022-07_%E5%8F%B0%E5%A4%A7%E6%A0%A1%E5%9C%92%E7%95%A2%E6%A5%AD%E7%85%A7/IMG_2370.JPG HTTP/1.1" 200 -
[06/Aug/2026 15:24:41] "GET /Photos/2022/2022-07_%E5%8F%B0%E5%A4%A7%E6%A0%A1%E5%9C%92%E7%95%A2%E6%A5%AD%E7%85%A7/IMG_2364.JPG HTTP/1.1" 200 -
[06/Aug/2026 15:24:41] "GET /Photos/2022/2022-07_%E5%8F%B0%E5%A4%A7%E6%A0%A1%E5%9C%92%E7%95%A2%E6%A5%AD%E7%85%A7/IMG_2358.JPG HTTP/1.1" 200 -
[06/Aug/2026 15:24:41] "GET /Photos/2022/2022-07_%E5%8F%B0%E5%A4%A7%E6%A0%A1%E5%9C%92%E7%95%A2%E6%A5%AD%E7%85%A7/IMG_2365.JPG HTTP/1.1" 200 -
[06/Aug/2026 15:24:41] "GET /Photos/2022/2022-07_%E5%8F%B0%E5%A4%A7%E6%A0%A1%E5%9C%92%E7%95%A2%E6%A5%AD%E7%85%A7/IMG_2371.JPG HTTP/1.1" 200 -
[06/Aug/2026 15:24:41] "GET /Photos/2022/2022-07_%E5%8F%B0%E5%A4%A7%E6%A0%A1%E5%9C%92%E7%95%A2%E6%A5%AD%E7%85%A7/4773787789729682352.4503801d1237712917fbf22f6cd52fce.22071815.JPG HTTP/1.1" 200 -
[06/Aug/2026 15:24:41] "GET /Photos/2022/2022-07_%E5%8F%B0%E5%A4%A7%E6%A0%A1%E5%9C%92%E7%95%A2%E6%A5%AD%E7%85%A7/4773787789729682352.8acc899276e4346f87d893d6c2763809.22071815.JPG HTTP/1.1" 200 -
[06/Aug/2026 15:24:41] "GET /Photos/2022/2022-07_%E5%8F%B0%E5%A4%A7%E6%A0%A1%E5%9C%92%E7%95%A2%E6%A5%AD%E7%85%A7/IMG_2363.JPG HTTP/1.1" 200 -
[06/Aug/2026 15:24:41] "GET /Photos/2022/2022-07_%E5%8F%B0%E5%A4%A7%E6%A0%A1%E5%9C%92%E7%95%A2%E6%A5%AD%E7%85%A7/4773787789729682352.5db30d00de546effc602306d90ad941a.22071815.JPG HTTP/1.1" 200 -
[06/Aug/2026 15:24:41] "GET /Photos/2022/2022-07_%E5%8F%B0%E5%A4%A7%E6%A0%A1%E5%9C%92%E7%95%A2%E6%A5%AD%E7%85%A7/4773787789729682352.96552202a0ee5249489f234313f49152.22071815.JPG HTTP/1.1" 200 -
[06/Aug/2026 15:24:41] "GET /Photos/2022/2022-07_%E5%8F%B0%E5%A4%A7%E6%A0%A1%E5%9C%92%E7%95%A2%E6%A5%AD%E7%85%A7/4773787789729682352.213d8743bfb460b9a75a437e6cf0d100.22071815.JPG HTTP/1.1" 200 -
[06/Aug/2026 15:24:41] "GET /Photos/2022/2022-07_%E5%8F%B0%E5%A4%A7%E6%A0%A1%E5%9C%92%E7%95%A2%E6%A5%AD%E7%85%A7/4773787789729682352.a1ff4f4cb86f544cac1deec323fd44a2.22071815.JPG HTTP/1.1" 200 -
[06/Aug/2026 15:24:41] "GET /Photos/2022/2022-07_%E5%8F%B0%E5%A4%A7%E6%A0%A1%E5%9C%92%E7%95%A2%E6%A5%AD%E7%85%A7/4773787789729682352.24a4b5daf84b995d482be831f78a10e8.22071815.JPG HTTP/1.1" 200 -
[06/Aug/2026 15:24:41] "GET /Photos/2022/2022-07_%E5%8F%B0%E5%A4%A7%E6%A0%A1%E5%9C%92%E7%95%A2%E6%A5%AD%E7%85%A7/4773787789729682352.f26546ae9cdcea1a133527f6ca81f90c.22071815.JPG HTTP/1.1" 200 -
[06/Aug/2026 15:24:41] "GET /Photos/2022/2022-07_%E5%8F%B0%E5%A4%A7%E6%A0%A1%E5%9C%92%E7%95%A2%E6%A5%AD%E7%85%A7/4773787789729682352.1819054214e466d0fbc7c240d658f0a4.22071815.JPG HTTP/1.1" 200 -
[06/Aug/2026 15:24:41] "GET /Photos/2022/2022-07_%E5%8F%B0%E5%A4%A7%E6%A0%A1%E5%9C%92%E7%95%A2%E6%A5%AD%E7%85%A7/4773787789729682352.fcc2177d7e26fa711effccf3d807522f.22071815.JPG HTTP/1.1" 200 -
[06/Aug/2026 15:24:41] "GET /Photos/2022/2022-07_%E5%8F%B0%E5%A4%A7%E6%A0%A1%E5%9C%92%E7%95%A2%E6%A5%AD%E7%85%A7/4773787789729682352.dd02e7032a32438612ec4deffed35293.22071815.JPG HTTP/1.1" 200 -
[06/Aug/2026 15:24:41] "GET /Photos/2022/2022-07_%E5%8F%B0%E5%A4%A7%E6%A0%A1%E5%9C%92%E7%95%A2%E6%A5%AD%E7%85%A7/4773787789729682352.d6926d8acee653dd156d6601b33a6fe9.22071815.JPG HTTP/1.1" 200 -
[06/Aug/2026 15:24:41] "GET /Photos/2022/2022-07_%E5%8F%B0%E5%A4%A7%E6%A0%A1%E5%9C%92%E7%95%A2%E6%A5%AD%E7%85%A7/IMG_2368.JPG HTTP/1.1" 200 -
[06/Aug/2026 15:24:43] "GET /Photos/2022/2022-05_%E5%8F%B0%E5%A4%A7%E5%85%AC%E8%A1%9B/IMG_2033.jpeg HTTP/1.1" 200 -
[06/Aug/2026 15:24:43] "GET /Photos/2022/2022-05_%E5%8F%B0%E5%A4%A7%E5%85%AC%E8%A1%9B/IMG_2034.jpeg HTTP/1.1" 200 -
[06/Aug/2026 15:24:43] "GET /Photos/2022/2022-05_%E5%8F%B0%E5%A4%A7%E5%85%AC%E8%A1%9B/IMG_2035.jpeg HTTP/1.1" 200 -
[06/Aug/2026 15:24:43] "GET /Photos/2022/2022-05_%E5%8F%B0%E5%A4%A7%E5%85%AC%E8%A1%9B/IMG_2036.jpeg HTTP/1.1" 200 -
[06/Aug/2026 15:24:43] "GET /Photos/2022/2022-05_%E5%8F%B0%E5%A4%A7%E5%85%AC%E8%A1%9B/IMG_2044.JPG HTTP/1.1" 200 -
[06/Aug/2026 15:24:43] "GET /Photos/2022/2022-05_%E5%8F%B0%E5%A4%A7%E5%85%AC%E8%A1%9B/IMG_2045.JPG HTTP/1.1" 200 -
[06/Aug/2026 15:24:43] "GET /Photos/2022/2022-05_%E5%8F%B0%E5%A4%A7%E5%85%AC%E8%A1%9B/IMG_2037.jpeg HTTP/1.1" 200 -
[06/Aug/2026 15:24:44] "GET /Photos/2022/2022-11_%E5%8F%B0%E5%8C%97%E8%A1%97%E9%A0%AD/DSC05939.JPG HTTP/1.1" 200 -
[06/Aug/2026 15:24:44] "GET /Photos/2022/2022-11_%E5%8F%B0%E5%8C%97%E8%A1%97%E9%A0%AD/DSC05959.JPG HTTP/1.1" 200 -
[06/Aug/2026 15:24:44] "GET /Photos/2022/2022-11_%E5%8F%B0%E5%8C%97%E8%A1%97%E9%A0%AD/DSC05965.JPG HTTP/1.1" 200 -
[06/Aug/2026 15:24:44] "GET /Photos/2022/2022-11_%E5%8F%B0%E5%8C%97%E8%A1%97%E9%A0%AD/DSC05964.JPG HTTP/1.1" 200 -
[06/Aug/2026 15:24:44] "GET /Photos/2022/2022-11_%E5%8F%B0%E5%8C%97%E8%A1%97%E9%A0%AD/DSC05938.JPG HTTP/1.1" 200 -
[06/Aug/2026 15:24:44] "GET /Photos/2022/2022-11_%E5%8F%B0%E5%8C%97%E8%A1%97%E9%A0%AD/DSC05944.JPG HTTP/1.1" 200 -
[06/Aug/2026 15:24:44] "GET /Photos/2022/2022-11_%E5%8F%B0%E5%8C%97%E8%A1%97%E9%A0%AD/DSC05945.JPG HTTP/1.1" 200 -
[06/Aug/2026 15:24:44] "GET /Photos/2022/2022-11_%E5%8F%B0%E5%8C%97%E8%A1%97%E9%A0%AD/DSC05966.JPG HTTP/1.1" 200 -
[06/Aug/2026 15:24:44] "GET /Photos/2022/2022-11_%E5%8F%B0%E5%8C%97%E8%A1%97%E9%A0%AD/DSC05963.JPG HTTP/1.1" 200 -
[06/Aug/2026 15:24:44] "GET /Photos/2022/2022-11_%E5%8F%B0%E5%8C%97%E8%A1%97%E9%A0%AD/DSC05960.JPG HTTP/1.1" 200 -
[06/Aug/2026 15:24:44] "GET /Photos/2022/2022-11_%E5%8F%B0%E5%8C%97%E8%A1%97%E9%A0%AD/DSC05962.JPG HTTP/1.1" 200 -
[06/Aug/2026 15:24:44] "GET /Photos/2022/2022-11_%E5%8F%B0%E5%8C%97%E8%A1%97%E9%A0%AD/DSC05958.JPG HTTP/1.1" 200 -
[06/Aug/2026 15:24:44] "GET /Photos/2022/2022-11_%E5%8F%B0%E5%8C%97%E8%A1%97%E9%A0%AD/DSC05946.JPG HTTP/1.1" 200 -
[06/Aug/2026 15:24:44] "GET /Photos/2022/2022-11_%E5%8F%B0%E5%8C%97%E8%A1%97%E9%A0%AD/DSC05956.JPG HTTP/1.1" 200 -
[06/Aug/2026 15:24:44] "GET /Photos/2022/2022-11_%E5%8F%B0%E5%8C%97%E8%A1%97%E9%A0%AD/DSC05942.JPG HTTP/1.1" 200 -
[06/Aug/2026 15:24:44] "GET /Photos/2022/2022-11_%E5%8F%B0%E5%8C%97%E8%A1%97%E9%A0%AD/DSC05943.JPG HTTP/1.1" 200 -
[06/Aug/2026 15:24:44] "GET /Photos/2022/2022-11_%E5%8F%B0%E5%8C%97%E8%A1%97%E9%A0%AD/DSC05957.JPG HTTP/1.1" 200 -
[06/Aug/2026 15:24:44] "GET /Photos/2022/2022-11_%E5%8F%B0%E5%8C%97%E8%A1%97%E9%A0%AD/DSC05941.JPG HTTP/1.1" 200 -
[06/Aug/2026 15:24:44] "GET /Photos/2022/2022-11_%E5%8F%B0%E5%8C%97%E8%A1%97%E9%A0%AD/DSC05955.JPG HTTP/1.1" 200 -
[06/Aug/2026 15:24:44] "GET /Photos/2022/2022-11_%E5%8F%B0%E5%8C%97%E8%A1%97%E9%A0%AD/DSC05954.JPG HTTP/1.1" 200 -
[06/Aug/2026 15:24:44] "GET /Photos/2022/2022-11_%E5%8F%B0%E5%8C%97%E8%A1%97%E9%A0%AD/DSC05940.JPG HTTP/1.1" 200 -
[06/Aug/2026 15:24:44] "GET /Photos/2022/2022-11_%E5%8F%B0%E5%8C%97%E8%A1%97%E9%A0%AD/DSC05937.JPG HTTP/1.1" 200 -
[06/Aug/2026 15:24:44] "GET /Photos/2022/2022-11_%E5%8F%B0%E5%8C%97%E8%A1%97%E9%A0%AD/DSC05936.JPG HTTP/1.1" 200 -
[06/Aug/2026 15:24:47] "GET /Photos/2023/2023-04_%E5%8D%97%E9%83%BD%E7%95%99%E9%83%A1/IMG_3392.jpeg HTTP/1.1" 200 -
[06/Aug/2026 15:24:47] "GET /Photos/2023/2023-04_%E5%8D%97%E9%83%BD%E7%95%99%E9%83%A1/IMG_3393.jpeg HTTP/1.1" 200 -
[06/Aug/2026 15:24:47] "GET /Photos/2023/2023-04_%E5%8D%97%E9%83%BD%E7%95%99%E9%83%A1/IMG_3390.jpeg HTTP/1.1" 200 -
[06/Aug/2026 15:24:47] "GET /Photos/2023/2023-04_%E5%8D%97%E9%83%BD%E7%95%99%E9%83%A1/IMG_3391.jpeg HTTP/1.1" 200 -
[06/Aug/2026 15:24:53] "GET /Photos/2023/2023-10_%E5%8A%A0%E5%B9%B3%E9%82%91/IMG_4089.jpeg HTTP/1.1" 200 -
[06/Aug/2026 15:24:53] "GET /Photos/2023/2023-10_%E5%8A%A0%E5%B9%B3%E9%82%91/IMG_4088.jpeg HTTP/1.1" 200 -
[06/Aug/2026 15:24:53] "GET /Photos/2023/2023-10_%E5%8A%A0%E5%B9%B3%E9%82%91/IMG_4087.jpeg HTTP/1.1" 200 -
[06/Aug/2026 15:25:03] "GET /Photos/2023/2023-10_%E4%BB%81%E5%B7%9D%E5%BB%A3%E5%9F%9F%E5%B8%82/IMG_8474.jpeg HTTP/1.1" 200 -
[06/Aug/2026 15:25:07] "GET /Photos/2023/2023-01_%E4%B8%8B%E9%AB%98%E4%BA%95%E9%83%A1/IMG_2989.jpeg HTTP/1.1" 200 -
[06/Aug/2026 15:25:07] "GET /Photos/2023/2023-01_%E4%B8%8B%E9%AB%98%E4%BA%95%E9%83%A1/IMG_2835.jpeg HTTP/1.1" 200 -
[06/Aug/2026 15:25:07] "GET /Photos/2023/2023-01_%E4%B8%8B%E9%AB%98%E4%BA%95%E9%83%A1/IMG_2946.jpeg HTTP/1.1" 200 -
[06/Aug/2026 15:25:07] "GET /Photos/2023/2023-01_%E4%B8%8B%E9%AB%98%E4%BA%95%E9%83%A1/IMG_2950.jpeg HTTP/1.1" 200 -
[06/Aug/2026 15:25:07] "GET /Photos/2023/2023-01_%E4%B8%8B%E9%AB%98%E4%BA%95%E9%83%A1/IMG_2854.jpeg HTTP/1.1" 200 -
[06/Aug/2026 15:25:07] "GET /Photos/2023/2023-01_%E4%B8%8B%E9%AB%98%E4%BA%95%E9%83%A1/IMG_2951.jpeg HTTP/1.1" 200 -
[06/Aug/2026 15:25:07] "GET /Photos/2023/2023-01_%E4%B8%8B%E9%AB%98%E4%BA%95%E9%83%A1/IMG_2985.jpeg HTTP/1.1" 200 -
[06/Aug/2026 15:25:07] "GET /Photos/2023/2023-01_%E4%B8%8B%E9%AB%98%E4%BA%95%E9%83%A1/IMG_2984.jpeg HTTP/1.1" 200 -
[06/Aug/2026 15:25:07] "GET /Photos/2023/2023-01_%E4%B8%8B%E9%AB%98%E4%BA%95%E9%83%A1/IMG_2947.jpeg HTTP/1.1" 200 -
[06/Aug/2026 15:25:07] "GET /Photos/2023/2023-01_%E4%B8%8B%E9%AB%98%E4%BA%95%E9%83%A1/IMG_2855.jpeg HTTP/1.1" 200 -
[06/Aug/2026 15:25:07] "GET /Photos/2023/2023-01_%E4%B8%8B%E9%AB%98%E4%BA%95%E9%83%A1/VEXOE3571.JPG HTTP/1.1" 200 -
[06/Aug/2026 15:25:07] "GET /Photos/2023/2023-01_%E4%B8%8B%E9%AB%98%E4%BA%95%E9%83%A1/IMG_2839.jpeg HTTP/1.1" 200 -
[06/Aug/2026 15:25:07] "GET /Photos/2023/2023-01_%E4%B8%8B%E9%AB%98%E4%BA%95%E9%83%A1/IMG_2843.jpeg HTTP/1.1" 200 -
[06/Aug/2026 15:25:07] "GET /Photos/2023/2023-01_%E4%B8%8B%E9%AB%98%E4%BA%95%E9%83%A1/IMG_2859.jpeg HTTP/1.1" 200 -
[06/Aug/2026 15:25:07] "GET /Photos/2023/2023-01_%E4%B8%8B%E9%AB%98%E4%BA%95%E9%83%A1/IMG_2844.jpeg HTTP/1.1" 200 -
[06/Aug/2026 15:25:07] "GET /Photos/2023/2023-01_%E4%B8%8B%E9%AB%98%E4%BA%95%E9%83%A1/IMG_2940.jpeg HTTP/1.1" 200 -
[06/Aug/2026 15:25:07] "GET /Photos/2023/2023-01_%E4%B8%8B%E9%AB%98%E4%BA%95%E9%83%A1/IMG_2988.jpeg HTTP/1.1" 200 -
[06/Aug/2026 15:25:07] "GET /Photos/2023/2023-01_%E4%B8%8B%E9%AB%98%E4%BA%95%E9%83%A1/IMG_2956.jpeg HTTP/1.1" 200 -
[06/Aug/2026 15:25:07] "GET /Photos/2023/2023-01_%E4%B8%8B%E9%AB%98%E4%BA%95%E9%83%A1/IMG_2848.jpeg HTTP/1.1" 200 -
[06/Aug/2026 15:25:07] "GET /Photos/2023/2023-01_%E4%B8%8B%E9%AB%98%E4%BA%95%E9%83%A1/IMG_2960.jpeg HTTP/1.1" 200 -
[06/Aug/2026 15:25:07] "GET /Photos/2023/2023-01_%E4%B8%8B%E9%AB%98%E4%BA%95%E9%83%A1/IMG_2937.jpeg HTTP/1.1" 200 -
[06/Aug/2026 15:25:07] "GET /Photos/2023/2023-01_%E4%B8%8B%E9%AB%98%E4%BA%95%E9%83%A1/IMG_2864.jpeg HTTP/1.1" 200 -
[06/Aug/2026 15:25:07] "GET /Photos/2023/2023-01_%E4%B8%8B%E9%AB%98%E4%BA%95%E9%83%A1/IMG_2936.jpeg HTTP/1.1" 200 -
[06/Aug/2026 15:25:07] "GET /Photos/2023/2023-01_%E4%B8%8B%E9%AB%98%E4%BA%95%E9%83%A1/IMG_2961.jpeg HTTP/1.1" 200 -
[06/Aug/2026 15:25:07] "GET /Photos/2023/2023-01_%E4%B8%8B%E9%AB%98%E4%BA%95%E9%83%A1/IMG_2849.jpeg HTTP/1.1" 200 -
[06/Aug/2026 15:25:07] "GET /Photos/2023/2023-01_%E4%B8%8B%E9%AB%98%E4%BA%95%E9%83%A1/IMG_2982.jpeg HTTP/1.1" 200 -
[06/Aug/2026 15:25:07] "GET /Photos/2023/2023-01_%E4%B8%8B%E9%AB%98%E4%BA%95%E9%83%A1/IMG_2941.jpeg HTTP/1.1" 200 -
[06/Aug/2026 15:25:07] "GET /Photos/2023/2023-01_%E4%B8%8B%E9%AB%98%E4%BA%95%E9%83%A1/IMG_2957.jpeg HTTP/1.1" 200 -
[06/Aug/2026 15:25:07] "GET /Photos/2023/2023-01_%E4%B8%8B%E9%AB%98%E4%BA%95%E9%83%A1/IMG_2845.jpeg HTTP/1.1" 200 -
[06/Aug/2026 15:25:07] "GET /Photos/2023/2023-01_%E4%B8%8B%E9%AB%98%E4%BA%95%E9%83%A1/IMG_2939.jpeg HTTP/1.1" 200 -
[06/Aug/2026 15:25:07] "GET /Photos/2023/2023-01_%E4%B8%8B%E9%AB%98%E4%BA%95%E9%83%A1/IMG_2981.jpeg HTTP/1.1" 200 -
[06/Aug/2026 15:25:11] "GET /Photos/2021/2021-12_%E4%B8%89%E5%9C%B0%E9%96%80%E9%84%89/IMG_0598.jpeg HTTP/1.1" 200 -
[06/Aug/2026 15:25:11] "GET /Photos/2021/2021-12_%E4%B8%89%E5%9C%B0%E9%96%80%E9%84%89/IMG_0595.jpeg HTTP/1.1" 200 -
[06/Aug/2026 15:25:11] "GET /Photos/2021/2021-12_%E4%B8%89%E5%9C%B0%E9%96%80%E9%84%89/IMG_0599.jpeg HTTP/1.1" 200 -
[06/Aug/2026 15:25:11] "GET /Photos/2021/2021-12_%E4%B8%89%E5%9C%B0%E9%96%80%E9%84%89/IMG_0603.jpeg HTTP/1.1" 200 -
[06/Aug/2026 15:25:11] "GET /Photos/2021/2021-12_%E4%B8%89%E5%9C%B0%E9%96%80%E9%84%89/IMG_0601.jpeg HTTP/1.1" 200 -
[06/Aug/2026 15:25:11] "GET /Photos/2021/2021-12_%E4%B8%89%E5%9C%B0%E9%96%80%E9%84%89/IMG_0597.jpeg HTTP/1.1" 200 -
[06/Aug/2026 15:25:11] "GET /Photos/2021/2021-12_%E4%B8%89%E5%9C%B0%E9%96%80%E9%84%89/IMG_0596.jpeg HTTP/1.1" 200 -
[06/Aug/2026 15:25:13] "GET /Photos/2019/2019-08_Seine-et-Marne/94262743-7B59-4C78-B4E4-25838A5585ED.jpeg HTTP/1.1" 200 -
[06/Aug/2026 15:25:18] "GET /Photos/2022/2022-12_IBMYEP/IMG_2830.JPG HTTP/1.1" 200 -
[06/Aug/2026 15:25:18] "GET /Photos/2022/2022-12_IBMYEP/IMG_2762.JPG HTTP/1.1" 200 -
[06/Aug/2026 15:25:18] "GET /Photos/2022/2022-12_IBMYEP/IMG_2831.JPG HTTP/1.1" 200 -
[06/Aug/2026 15:25:18] "GET /Photos/2022/2022-12_IBMYEP/IMG_2760.JPG HTTP/1.1" 200 -
[06/Aug/2026 15:25:18] "GET /Photos/2022/2022-12_IBMYEP/IMG_2761.JPG HTTP/1.1" 200 -
[06/Aug/2026 15:25:18] "GET /Photos/2022/2022-12_IBMYEP/IMG_2739.JPG HTTP/1.1" 200 -
[06/Aug/2026 15:25:18] "GET /Photos/2022/2022-12_IBMYEP/IMG_2759.JPG HTTP/1.1" 200 -
[06/Aug/2026 15:25:23] "GET /Photos/2022/2022-01_101/IMG_1025.JPG HTTP/1.1" 200 -
[06/Aug/2026 15:25:25] "GET /Photos/2014/2014-01_%E6%9C%AA%E7%9F%A5%E5%9C%B0%E9%BB%9E/4B9D2452-7485-420D-8ADF-98D5370323DD.jpeg HTTP/1.1" 200 -
[06/Aug/2026 15:25:25] "GET /Photos/2014/2014-01_%E6%9C%AA%E7%9F%A5%E5%9C%B0%E9%BB%9E/40918763-482B-41FD-8262-A9750E3FE139.jpeg HTTP/1.1" 200 -
[06/Aug/2026 15:25:25] "GET /Photos/2014/2014-01_%E6%9C%AA%E7%9F%A5%E5%9C%B0%E9%BB%9E/D544438F-055A-4B2B-B333-9EA4CE3C740C.jpeg HTTP/1.1" 200 -
[06/Aug/2026 15:25:25] "GET /Photos/2014/2014-01_%E6%9C%AA%E7%9F%A5%E5%9C%B0%E9%BB%9E/50BCB523-75DB-463E-BF76-A013F1BA9A49.jpeg HTTP/1.1" 200 -
[06/Aug/2026 15:25:25] "GET /Photos/2014/2014-01_%E6%9C%AA%E7%9F%A5%E5%9C%B0%E9%BB%9E/DF418703-B031-4312-ABA7-AEFCE4462FCE.jpeg HTTP/1.1" 200 -
[06/Aug/2026 15:25:25] "GET /Photos/2014/2014-01_%E6%9C%AA%E7%9F%A5%E5%9C%B0%E9%BB%9E/77D0EB03-8BCB-4B47-B9D3-58E03B350F66.jpeg HTTP/1.1" 200 -
[06/Aug/2026 15:25:25] "GET /Photos/2014/2014-01_%E6%9C%AA%E7%9F%A5%E5%9C%B0%E9%BB%9E/0070F37B-D235-4127-909D-94A31A92BD46.jpeg HTTP/1.1" 200 -
[06/Aug/2026 15:25:25] "GET /Photos/2014/2014-01_%E6%9C%AA%E7%9F%A5%E5%9C%B0%E9%BB%9E/559D0AEE-937E-491A-8FA2-770F586E3736.jpeg HTTP/1.1" 200 -
[06/Aug/2026 15:25:25] "GET /Photos/2014/2014-01_%E6%9C%AA%E7%9F%A5%E5%9C%B0%E9%BB%9E/236A006C-BC84-4097-9D8A-922237C3EE02.jpeg HTTP/1.1" 200 -
[06/Aug/2026 15:25:25] "GET /Photos/2014/2014-01_%E6%9C%AA%E7%9F%A5%E5%9C%B0%E9%BB%9E/2490781E-4A04-4597-8F33-2B635E3740E8.jpeg HTTP/1.1" 200 -
[06/Aug/2026 15:25:25] "GET /Photos/2014/2014-01_%E6%9C%AA%E7%9F%A5%E5%9C%B0%E9%BB%9E/B69D3D9E-B516-4889-BFBA-05A11FDEFE49.jpeg HTTP/1.1" 200 -
[06/Aug/2026 15:25:25] "GET /Photos/2014/2014-01_%E6%9C%AA%E7%9F%A5%E5%9C%B0%E9%BB%9E/8931FA6D-22B3-4DC5-BBD7-6D45ECB9D16F_1_201_a.jpeg HTTP/1.1" 200 -
[06/Aug/2026 15:25:25] "GET /Photos/2014/2014-01_%E6%9C%AA%E7%9F%A5%E5%9C%B0%E9%BB%9E/E3075114-817B-42E9-BE8B-985C9A849AFE.jpeg HTTP/1.1" 200 -
[06/Aug/2026 15:25:25] "GET /Photos/2014/2014-01_%E6%9C%AA%E7%9F%A5%E5%9C%B0%E9%BB%9E/6ED8ED8C-DB53-4B10-BCEF-EAA61E2521DA.jpeg HTTP/1.1" 200 -
[06/Aug/2026 15:25:25] "GET /Photos/2014/2014-01_%E6%9C%AA%E7%9F%A5%E5%9C%B0%E9%BB%9E/67A2BC3A-916D-42F8-B989-962E5B41478A.jpeg HTTP/1.1" 200 -
[06/Aug/2026 15:25:25] "GET /Photos/2014/2014-01_%E6%9C%AA%E7%9F%A5%E5%9C%B0%E9%BB%9E/F8453F9F-3398-453C-BFAC-5EE4896888FA.jpeg HTTP/1.1" 200 -
[06/Aug/2026 15:25:25] "GET /Photos/2014/2014-01_%E6%9C%AA%E7%9F%A5%E5%9C%B0%E9%BB%9E/1D5BDA11-5761-488C-B4A2-E4BE5385851B.jpeg HTTP/1.1" 200 -
[06/Aug/2026 15:25:25] "GET /Photos/2014/2014-01_%E6%9C%AA%E7%9F%A5%E5%9C%B0%E9%BB%9E/946947A3-5791-46AE-BC43-FBBC18D87AC9.jpeg HTTP/1.1" 200 -
[06/Aug/2026 15:25:25] "GET /Photos/2014/2014-01_%E6%9C%AA%E7%9F%A5%E5%9C%B0%E9%BB%9E/DA27E1B8-0DA1-456F-A776-EB9E0A123619.jpeg HTTP/1.1" 200 -
[06/Aug/2026 15:25:25] "GET /Photos/2014/2014-01_%E6%9C%AA%E7%9F%A5%E5%9C%B0%E9%BB%9E/59F4A556-9FFA-4A76-B7A3-F22CC7B72837.jpeg HTTP/1.1" 200 -
[06/Aug/2026 15:25:25] "GET /Photos/2014/2014-01_%E6%9C%AA%E7%9F%A5%E5%9C%B0%E9%BB%9E/9A1F6949-8FCA-409E-BB09-92E7C23551F3.jpeg HTTP/1.1" 200 -
[06/Aug/2026 15:25:25] "GET /Photos/2014/2014-01_%E6%9C%AA%E7%9F%A5%E5%9C%B0%E9%BB%9E/CEC2C366-D87C-4A49-B5C1-C2779398AF94.jpeg HTTP/1.1" 200 -
[06/Aug/2026 15:25:25] "GET /Photos/2014/2014-01_%E6%9C%AA%E7%9F%A5%E5%9C%B0%E9%BB%9E/E66FDB18-7C53-4AD2-BBC1-13BC18F45DF0.jpeg HTTP/1.1" 200 -
[06/Aug/2026 15:25:25] "GET /Photos/2014/2014-01_%E6%9C%AA%E7%9F%A5%E5%9C%B0%E9%BB%9E/A99FFD9B-34D6-4755-82DB-25AD63352056.jpeg HTTP/1.1" 200 -
[06/Aug/2026 15:25:25] "GET /Photos/2014/2014-01_%E6%9C%AA%E7%9F%A5%E5%9C%B0%E9%BB%9E/3EB538D3-3C1B-4240-981B-D75A0DA5242F_1_201_a.jpeg HTTP/1.1" 200 -
[06/Aug/2026 15:25:45] "GET /Photos/2014/2014-07_%E6%9C%AA%E7%9F%A5%E5%9C%B0%E9%BB%9E/5741A539-4744-4102-B4CB-8D32CC00AB75_1_201_a.jpeg HTTP/1.1" 200 -
[06/Aug/2026 15:25:45] "GET /Photos/2014/2014-07_%E6%9C%AA%E7%9F%A5%E5%9C%B0%E9%BB%9E/7BC02B1F-8932-4E56-8314-A0AAE35E1839_1_201_a.jpeg HTTP/1.1" 200 -
[06/Aug/2026 15:25:45] "GET /Photos/2014/2014-07_%E6%9C%AA%E7%9F%A5%E5%9C%B0%E9%BB%9E/CCE789EC-B842-4700-ACC3-C48C91E8BBD5_1_201_a.jpeg HTTP/1.1" 200 -
[06/Aug/2026 15:25:45] "GET /Photos/2014/2014-11_%E6%9C%AA%E7%9F%A5%E5%9C%B0%E9%BB%9E/38191C67-D7BC-4E1B-85FE-EFE36FEB8FAA.jpeg HTTP/1.1" 200 -
[06/Aug/2026 15:25:45] "GET /Photos/2014/2014-11_%E6%9C%AA%E7%9F%A5%E5%9C%B0%E9%BB%9E/A18F285D-DC7B-4E26-AEB3-9F9966E0B737.jpeg HTTP/1.1" 200 -
[06/Aug/2026 15:25:45] "GET /Photos/2014/2014-11_%E6%9C%AA%E7%9F%A5%E5%9C%B0%E9%BB%9E/20F34AB2-1E89-4437-8013-41EF5D48D5E1.jpeg HTTP/1.1" 200 -
[06/Aug/2026 15:25:45] "GET /Photos/2014/2014-11_%E6%9C%AA%E7%9F%A5%E5%9C%B0%E9%BB%9E/5F89046F-F446-48F6-A27D-E2FE22EBA07A.jpeg HTTP/1.1" 200 -
[06/Aug/2026 15:25:45] "GET /Photos/2014/2014-11_%E6%9C%AA%E7%9F%A5%E5%9C%B0%E9%BB%9E/2B51ACEE-002A-4A7B-9AD1-953D984B6AA3.jpeg HTTP/1.1" 200 -
[06/Aug/2026 15:25:45] "GET /Photos/2014/2014-11_%E6%9C%AA%E7%9F%A5%E5%9C%B0%E9%BB%9E/0D97CE51-EC3C-4888-A806-1C247FC8FF27_1_201_a.jpeg HTTP/1.1" 200 -
[06/Aug/2026 15:25:45] "GET /Photos/2014/2014-11_%E6%9C%AA%E7%9F%A5%E5%9C%B0%E9%BB%9E/E40E3425-EC73-4880-89FB-0D5B88890F4F.jpeg HTTP/1.1" 200 -
[06/Aug/2026 15:25:45] "GET /Photos/2014/2014-10_%E6%9C%AA%E7%9F%A5%E5%9C%B0%E9%BB%9E/E7B72EE2-8F42-4F53-99F1-F49E29D1927F_1_201_a.jpeg HTTP/1.1" 200 -
[06/Aug/2026 15:25:45] "GET /Photos/2014/2014-10_%E6%9C%AA%E7%9F%A5%E5%9C%B0%E9%BB%9E/ADFBC50B-867E-478D-ADCB-BA495D38C325.jpeg HTTP/1.1" 200 -
[06/Aug/2026 15:25:46] "GET /Photos/2014/2014-10_%E6%9C%AA%E7%9F%A5%E5%9C%B0%E9%BB%9E/7FBF4EB8-8EE6-469F-9625-6DB0A4AD6C62.jpeg HTTP/1.1" 200 -
[06/Aug/2026 15:25:46] "GET /Photos/2014/2014-10_%E6%9C%AA%E7%9F%A5%E5%9C%B0%E9%BB%9E/7928173E-3480-4C27-8CF6-176A161B0E3A.jpeg HTTP/1.1" 200 -
[06/Aug/2026 15:25:46] "GET /Photos/2014/2014-10_%E6%9C%AA%E7%9F%A5%E5%9C%B0%E9%BB%9E/BEEA5EB4-5163-418E-8A31-AA8BCA969190_1_201_a.jpeg HTTP/1.1" 200 -
[06/Aug/2026 15:25:46] "GET /Photos/2014/2014-10_%E6%9C%AA%E7%9F%A5%E5%9C%B0%E9%BB%9E/8FAF2B53-22DB-4268-9115-74AF0E68961A.jpeg HTTP/1.1" 200 -
[06/Aug/2026 15:25:46] "GET /Photos/2014/2014-10_%E6%9C%AA%E7%9F%A5%E5%9C%B0%E9%BB%9E/2626B4FB-3A37-46D5-B772-6C158CF0F22E.jpeg HTTP/1.1" 200 -
[06/Aug/2026 15:25:46] "GET /Photos/2014/2014-10_%E6%9C%AA%E7%9F%A5%E5%9C%B0%E9%BB%9E/E2D1A830-17E8-46CA-9F9F-EDADA6D6D160_1_201_a.jpeg HTTP/1.1" 200 -
[06/Aug/2026 15:25:46] "GET /Photos/2014/2014-10_%E6%9C%AA%E7%9F%A5%E5%9C%B0%E9%BB%9E/A8F0FF16-B884-4060-95CB-FB3A7FF40684.jpeg HTTP/1.1" 200 -
[06/Aug/2026 15:25:46] "GET /Photos/2014/2014-10_%E6%9C%AA%E7%9F%A5%E5%9C%B0%E9%BB%9E/60CE1C21-C9FD-4860-B4B9-D83E5262091B.jpeg HTTP/1.1" 200 -
[06/Aug/2026 15:25:46] "GET /Photos/2014/2014-10_%E6%9C%AA%E7%9F%A5%E5%9C%B0%E9%BB%9E/67FAD2EA-9CAD-4517-8CA4-C83D4115DE38.jpeg HTTP/1.1" 200 -
[06/Aug/2026 15:25:46] "GET /Photos/2014/2014-10_%E6%9C%AA%E7%9F%A5%E5%9C%B0%E9%BB%9E/CA89A7E6-6087-428F-BB97-065BB19D35A3.jpeg HTTP/1.1" 200 -
[06/Aug/2026 15:25:46] "GET /Photos/2014/2014-10_%E6%9C%AA%E7%9F%A5%E5%9C%B0%E9%BB%9E/C6F7834A-FC78-411A-A611-1412E21F9578.jpeg HTTP/1.1" 200 -
[06/Aug/2026 15:25:46] "GET /Photos/2014/2014-10_%E6%9C%AA%E7%9F%A5%E5%9C%B0%E9%BB%9E/B3167BFA-B129-4E8A-97BB-820BDDA3C092.jpeg HTTP/1.1" 200 -
[06/Aug/2026 15:25:46] "GET /Photos/2014/2014-10_%E6%9C%AA%E7%9F%A5%E5%9C%B0%E9%BB%9E/73DBC903-4125-4C75-AF0E-BC2A94E4B6D9.jpeg HTTP/1.1" 200 -
[06/Aug/2026 15:25:46] "GET /Photos/2014/2014-10_%E6%9C%AA%E7%9F%A5%E5%9C%B0%E9%BB%9E/9542E388-AE5D-4916-9F61-C62F17E57BB9_1_201_a.jpeg HTTP/1.1" 200 -
[06/Aug/2026 15:25:46] "GET /Photos/2014/2014-10_%E6%9C%AA%E7%9F%A5%E5%9C%B0%E9%BB%9E/D48DBE78-80A7-49EC-9030-DD3563F4BC28.jpeg HTTP/1.1" 200 -
[06/Aug/2026 15:25:46] "GET /Photos/2014/2014-10_%E6%9C%AA%E7%9F%A5%E5%9C%B0%E9%BB%9E/BA3CE5CC-8754-4F9C-9091-57F284E9C87A_1_201_a.jpeg HTTP/1.1" 200 -
[06/Aug/2026 15:25:47] "GET /Photos/2014/2014-10_%E6%9C%AA%E7%9F%A5%E5%9C%B0%E9%BB%9E/6381646E-8B31-41EC-A7D1-736F9867362C.jpeg HTTP/1.1" 200 -
[06/Aug/2026 15:25:47] "GET /Photos/2014/2014-10_%E6%9C%AA%E7%9F%A5%E5%9C%B0%E9%BB%9E/9894E7F4-5846-4B01-A860-CBA82B0FA549.jpeg HTTP/1.1" 200 -
[06/Aug/2026 15:25:47] "GET /Photos/2014/2014-10_%E6%9C%AA%E7%9F%A5%E5%9C%B0%E9%BB%9E/8E9160B0-231C-4801-AF8F-EC24E545415B.jpeg HTTP/1.1" 200 -
[06/Aug/2026 15:25:47] "GET /Photos/2014/2014-10_%E6%9C%AA%E7%9F%A5%E5%9C%B0%E9%BB%9E/4522884A-DAAB-45A2-976B-13718FC035AC.jpeg HTTP/1.1" 200 -
[06/Aug/2026 15:25:47] "GET /Photos/2014/2014-10_%E6%9C%AA%E7%9F%A5%E5%9C%B0%E9%BB%9E/FEC9C62C-03B3-4A19-9A71-1FDBA3363585.jpeg HTTP/1.1" 200 -
[06/Aug/2026 15:25:47] "GET /Photos/2014/2014-10_%E6%9C%AA%E7%9F%A5%E5%9C%B0%E9%BB%9E/6E92F5C0-3CF7-4CC2-B771-6D859CE6AE0A.jpeg HTTP/1.1" 200 -
[06/Aug/2026 15:25:47] "GET /Photos/2014/2014-10_%E6%9C%AA%E7%9F%A5%E5%9C%B0%E9%BB%9E/E8D8FFA4-3647-4CF2-A906-21871D474386.jpeg HTTP/1.1" 200 -
[06/Aug/2026 15:25:47] "GET /Photos/2014/2014-10_%E6%9C%AA%E7%9F%A5%E5%9C%B0%E9%BB%9E/09DE5551-D988-4088-81A1-9C078BA53D05.jpeg HTTP/1.1" 200 -
[06/Aug/2026 15:25:47] "GET /Photos/2014/2014-10_%E6%9C%AA%E7%9F%A5%E5%9C%B0%E9%BB%9E/306A572D-A0C3-440F-AC66-E072C4A9A47E.jpeg HTTP/1.1" 200 -
[06/Aug/2026 15:25:47] "GET /Photos/2014/2014-10_%E6%9C%AA%E7%9F%A5%E5%9C%B0%E9%BB%9E/ACE485FF-C1AD-4523-8E34-338EC4F72B9A.jpeg HTTP/1.1" 200 -
[06/Aug/2026 15:25:47] "GET /Photos/2014/2014-10_%E6%9C%AA%E7%9F%A5%E5%9C%B0%E9%BB%9E/88AE79F7-6542-4F96-8374-ABDA4B37886A.jpeg HTTP/1.1" 200 -
[06/Aug/2026 15:25:47] "GET /Photos/2014/2014-10_%E6%9C%AA%E7%9F%A5%E5%9C%B0%E9%BB%9E/6D79DDCF-23A0-48F4-AC48-49F1AA620008_1_201_a.jpeg HTTP/1.1" 200 -
[06/Aug/2026 15:25:47] "GET /Photos/2014/2014-10_%E6%9C%AA%E7%9F%A5%E5%9C%B0%E9%BB%9E/87E61128-8850-42EE-8B87-F30C0CA20DF8.jpeg HTTP/1.1" 200 -
[06/Aug/2026 15:25:47] "GET /Photos/2014/2014-10_%E6%9C%AA%E7%9F%A5%E5%9C%B0%E9%BB%9E/64EBE622-FF52-4A49-89F1-4F0839A19AE5.jpeg HTTP/1.1" 200 -
[06/Aug/2026 15:25:47] "GET /Photos/2014/2014-10_%E6%9C%AA%E7%9F%A5%E5%9C%B0%E9%BB%9E/19AA5868-DB87-405E-93C9-0BBEF8B5ECDE_1_201_a.jpeg HTTP/1.1" 200 -
[06/Aug/2026 15:25:47] "GET /Photos/2014/2014-06_%E6%9C%AA%E7%9F%A5%E5%9C%B0%E9%BB%9E/305B26FF-A814-4BD3-9957-AEE52DC9C2D7.jpeg HTTP/1.1" 200 -
[06/Aug/2026 15:25:47] "GET /Photos/2014/2014-10_%E6%9C%AA%E7%9F%A5%E5%9C%B0%E9%BB%9E/0B1EAC1D-75B5-4FF9-8F61-825DB612C2D7.jpeg HTTP/1.1" 200 -
[06/Aug/2026 15:25:47] "GET /Photos/2014/2014-06_%E6%9C%AA%E7%9F%A5%E5%9C%B0%E9%BB%9E/6BC3BF77-197E-4E7A-8898-56410105971D_1_201_a.jpeg HTTP/1.1" 200 -
[06/Aug/2026 15:25:47] "GET /Photos/2014/2014-06_%E6%9C%AA%E7%9F%A5%E5%9C%B0%E9%BB%9E/D45F045B-E85F-40DC-A43C-A9DB8F3C92E3.jpeg HTTP/1.1" 200 -
[06/Aug/2026 15:25:47] "GET /Photos/2014/2014-06_%E6%9C%AA%E7%9F%A5%E5%9C%B0%E9%BB%9E/36E2BF37-5D9B-45FD-AE6C-E565B3165D8C.jpeg HTTP/1.1" 200 -
[06/Aug/2026 15:25:47] "GET /Photos/2014/2014-06_%E6%9C%AA%E7%9F%A5%E5%9C%B0%E9%BB%9E/F587DC1D-FE46-4FDE-8687-BFD5485B3AD4.jpeg HTTP/1.1" 200 -
[06/Aug/2026 15:25:47] "GET /Photos/2014/2014-06_%E6%9C%AA%E7%9F%A5%E5%9C%B0%E9%BB%9E/66687871-B5EE-4C36-A905-1BDD077F5E10.jpeg HTTP/1.1" 200 -
[06/Aug/2026 15:25:47] "GET /Photos/2014/2014-06_%E6%9C%AA%E7%9F%A5%E5%9C%B0%E9%BB%9E/770ADA07-4F0E-4378-A1E2-D9214A54317E.jpeg HTTP/1.1" 200 -
[06/Aug/2026 15:25:47] "GET /Photos/2014/2014-06_%E6%9C%AA%E7%9F%A5%E5%9C%B0%E9%BB%9E/40724AE5-C76B-4AD6-9D38-8E46C2094A93.jpeg HTTP/1.1" 200 -
[06/Aug/2026 15:25:47] "GET /Photos/2014/2014-06_%E6%9C%AA%E7%9F%A5%E5%9C%B0%E9%BB%9E/F94BFC89-61DE-435B-9CC9-A21726F45FC9.jpeg HTTP/1.1" 200 -
[06/Aug/2026 15:25:47] "GET /Photos/2014/2014-06_%E6%9C%AA%E7%9F%A5%E5%9C%B0%E9%BB%9E/FF85566B-5943-4991-BFF0-8CD15845B16B.jpeg HTTP/1.1" 200 -
[06/Aug/2026 15:25:47] "GET /Photos/2014/2014-06_%E6%9C%AA%E7%9F%A5%E5%9C%B0%E9%BB%9E/86A7564A-DB52-4347-BF31-4769C99E0048.jpeg HTTP/1.1" 200 -
[06/Aug/2026 15:25:47] "GET /Photos/2014/2014-06_%E6%9C%AA%E7%9F%A5%E5%9C%B0%E9%BB%9E/550B8C37-6DF0-487B-81D7-087CD89D427F.jpeg HTTP/1.1" 200 -
[06/Aug/2026 15:25:47] "GET /Photos/2014/2014-06_%E6%9C%AA%E7%9F%A5%E5%9C%B0%E9%BB%9E/BCFA91C9-0B18-4AC8-9AB0-B1C7B61EC1E0.jpeg HTTP/1.1" 200 -
[06/Aug/2026 15:25:47] "GET /Photos/2014/2014-06_%E6%9C%AA%E7%9F%A5%E5%9C%B0%E9%BB%9E/499F463A-82C1-42F2-9F78-9743AFA27F5B.jpeg HTTP/1.1" 200 -
[06/Aug/2026 15:25:47] "GET /Photos/2014/2014-06_%E6%9C%AA%E7%9F%A5%E5%9C%B0%E9%BB%9E/8185521D-3457-45E6-9763-698A660A4816.jpeg HTTP/1.1" 200 -
[06/Aug/2026 15:25:47] "GET /Photos/2014/2014-06_%E6%9C%AA%E7%9F%A5%E5%9C%B0%E9%BB%9E/9E2A8643-CEBC-429B-B7E5-40DCFAA34F95.jpeg HTTP/1.1" 200 -
[06/Aug/2026 15:25:47] "GET /Photos/2014/2014-09_%E6%9C%AA%E7%9F%A5%E5%9C%B0%E9%BB%9E/0E9175D2-4D4A-441E-B97B-DD717176F3CC.jpeg HTTP/1.1" 200 -
[06/Aug/2026 15:25:47] "GET /Photos/2014/2014-09_%E6%9C%AA%E7%9F%A5%E5%9C%B0%E9%BB%9E/A5110021-E93F-4A4A-8648-11F5970117D0.jpeg HTTP/1.1" 200 -
[06/Aug/2026 15:25:47] "GET /Photos/2014/2014-09_%E6%9C%AA%E7%9F%A5%E5%9C%B0%E9%BB%9E/8290604A-6F93-4168-AD7E-277256846C39.jpeg HTTP/1.1" 200 -
[06/Aug/2026 15:25:47] "GET /Photos/2014/2014-09_%E6%9C%AA%E7%9F%A5%E5%9C%B0%E9%BB%9E/B44E0C23-C1F1-4E7D-9DF2-83056F50B3EC.jpeg HTTP/1.1" 200 -
[06/Aug/2026 15:25:47] "GET /Photos/2014/2014-09_%E6%9C%AA%E7%9F%A5%E5%9C%B0%E9%BB%9E/E1280FBE-464D-4162-99F2-B51F55CA17BE.jpeg HTTP/1.1" 200 -
[06/Aug/2026 15:25:47] "GET /Photos/2014/2014-09_%E6%9C%AA%E7%9F%A5%E5%9C%B0%E9%BB%9E/3DDA48F6-FB44-4300-817E-B55385B844BF.jpeg HTTP/1.1" 200 -
[06/Aug/2026 15:25:47] "GET /Photos/2014/2014-09_%E6%9C%AA%E7%9F%A5%E5%9C%B0%E9%BB%9E/2ECF57CE-DACC-4177-8B6C-B6F02AF3D90F.jpeg HTTP/1.1" 200 -
[06/Aug/2026 15:25:47] "GET /Photos/2014/2014-09_%E6%9C%AA%E7%9F%A5%E5%9C%B0%E9%BB%9E/F43E6CE2-3F39-4A81-BF61-B761FF9A4C08.jpeg HTTP/1.1" 200 -
[06/Aug/2026 15:25:47] "GET /Photos/2014/2014-09_%E6%9C%AA%E7%9F%A5%E5%9C%B0%E9%BB%9E/A0B40696-C4F8-4057-9304-9B08FB1A2DFB.jpeg HTTP/1.1" 200 -
[06/Aug/2026 15:25:47] "GET /Photos/2014/2014-09_%E6%9C%AA%E7%9F%A5%E5%9C%B0%E9%BB%9E/4A51AAD3-EAED-4A9C-B644-927615391463.jpeg HTTP/1.1" 200 -
[06/Aug/2026 15:25:47] "GET /Photos/2014/2014-09_%E6%9C%AA%E7%9F%A5%E5%9C%B0%E9%BB%9E/DAA80B8E-FCC0-481E-AFC3-19B3965D0D1C.jpeg HTTP/1.1" 200 -
[06/Aug/2026 15:25:48] "GET /Photos/2014/2014-09_%E6%9C%AA%E7%9F%A5%E5%9C%B0%E9%BB%9E/C6C0BB9E-D7E2-4522-8056-4EA764036B71.jpeg HTTP/1.1" 200 -
[06/Aug/2026 15:25:48] "GET /Photos/2014/2014-05_%E6%9C%AA%E7%9F%A5%E5%9C%B0%E9%BB%9E/DB31EFF0-20F9-41EF-9D9D-A6251BA89224_1_201_a.jpeg HTTP/1.1" 200 -
[06/Aug/2026 15:25:48] "GET /Photos/2014/2014-05_%E6%9C%AA%E7%9F%A5%E5%9C%B0%E9%BB%9E/C7C43AFD-9D40-4A6C-A97E-299C2E05A6D4_1_201_a.jpeg HTTP/1.1" 200 -
[06/Aug/2026 15:25:48] "GET /Photos/2014/2014-05_%E6%9C%AA%E7%9F%A5%E5%9C%B0%E9%BB%9E/50975177-1CC2-46B5-8D5B-DCBD823A3428.jpeg HTTP/1.1" 200 -
[06/Aug/2026 15:25:48] "GET /Photos/2014/2014-05_%E6%9C%AA%E7%9F%A5%E5%9C%B0%E9%BB%9E/EEC887E7-18E7-4909-A3AF-852B384805E0_1_201_a.jpeg HTTP/1.1" 200 -
[06/Aug/2026 15:25:48] "GET /Photos/2014/2014-05_%E6%9C%AA%E7%9F%A5%E5%9C%B0%E9%BB%9E/2AB5864D-890B-408B-8532-C1BD696CB147_1_201_a.jpeg HTTP/1.1" 200 -
[06/Aug/2026 15:25:48] "GET /Photos/2014/2014-05_%E6%9C%AA%E7%9F%A5%E5%9C%B0%E9%BB%9E/D039328A-623B-47B6-9DA7-7910ED8C1F64.jpeg HTTP/1.1" 200 -
[06/Aug/2026 15:25:48] "GET /Photos/2014/2014-05_%E6%9C%AA%E7%9F%A5%E5%9C%B0%E9%BB%9E/55A2944D-FB93-409F-B231-2368CD1BA2F4_1_201_a.jpeg HTTP/1.1" 200 -
[06/Aug/2026 15:25:48] "GET /Photos/2014/2014-05_%E6%9C%AA%E7%9F%A5%E5%9C%B0%E9%BB%9E/BADDF46F-D571-4341-9536-9CF2C0F503D3_1_201_a.jpeg HTTP/1.1" 200 -
[06/Aug/2026 15:25:48] "GET /Photos/2014/2014-05_%E6%9C%AA%E7%9F%A5%E5%9C%B0%E9%BB%9E/80727B2F-84E3-455D-99E1-12795D0EEEE6.jpeg HTTP/1.1" 200 -
[06/Aug/2026 15:25:48] "GET /Photos/2014/2014-05_%E6%9C%AA%E7%9F%A5%E5%9C%B0%E9%BB%9E/FBE9B881-1C22-4C5E-A304-D7A9B9F4EA60.jpeg HTTP/1.1" 200 -
[06/Aug/2026 15:25:48] "GET /Photos/2014/2014-05_%E6%9C%AA%E7%9F%A5%E5%9C%B0%E9%BB%9E/50075931-1D37-4C11-9D92-2A10F835D3D9.jpeg HTTP/1.1" 200 -
[06/Aug/2026 15:25:48] "GET /Photos/2014/2014-05_%E6%9C%AA%E7%9F%A5%E5%9C%B0%E9%BB%9E/2493B12B-F3C3-4D07-B55A-668578F1D64F.jpeg HTTP/1.1" 200 -
[06/Aug/2026 15:25:48] "GET /Photos/2014/2014-05_%E6%9C%AA%E7%9F%A5%E5%9C%B0%E9%BB%9E/D73FD281-2B1E-4255-BB7F-3E12B4233F85_1_201_a.jpeg HTTP/1.1" 200 -
[06/Aug/2026 15:25:48] "GET /Photos/2014/2014-05_%E6%9C%AA%E7%9F%A5%E5%9C%B0%E9%BB%9E/33F3D9E9-9AED-4184-86FD-1704346AF84F_1_201_a.jpeg HTTP/1.1" 200 -
[06/Aug/2026 15:25:48] "GET /Photos/2014/2014-05_%E6%9C%AA%E7%9F%A5%E5%9C%B0%E9%BB%9E/07E3387D-EA94-4BF4-8207-FCE936771177.jpeg HTTP/1.1" 200 -
[06/Aug/2026 15:25:48] "GET /Photos/2014/2014-05_%E6%9C%AA%E7%9F%A5%E5%9C%B0%E9%BB%9E/08893CBB-A9AF-4347-970E-A483393EBF1F.jpeg HTTP/1.1" 200 -
[06/Aug/2026 15:25:48] "GET /Photos/2014/2014-05_%E6%9C%AA%E7%9F%A5%E5%9C%B0%E9%BB%9E/FFEA1017-0A3D-43C1-B7C0-94003F78EEC1.jpeg HTTP/1.1" 200 -
[06/Aug/2026 15:25:48] "GET /Photos/2014/2014-05_%E6%9C%AA%E7%9F%A5%E5%9C%B0%E9%BB%9E/A5032CBC-0032-4CE8-BE92-781DDA7F9B18_1_201_a.jpeg HTTP/1.1" 200 -
[06/Aug/2026 15:25:48] "GET /Photos/2014/2014-05_%E6%9C%AA%E7%9F%A5%E5%9C%B0%E9%BB%9E/93208BE7-4310-4E90-A0C3-851D45FEFCB4_1_201_a.jpeg HTTP/1.1" 200 -
[06/Aug/2026 15:25:48] "GET /Photos/2014/2014-05_%E6%9C%AA%E7%9F%A5%E5%9C%B0%E9%BB%9E/13E5F047-B20C-473F-BF27-91B75398038C_1_201_a.jpeg HTTP/1.1" 200 -
[06/Aug/2026 15:25:48] "GET /Photos/2014/2014-05_%E6%9C%AA%E7%9F%A5%E5%9C%B0%E9%BB%9E/6E94A885-423B-49AF-88F4-AC18170BF1A7_1_201_a.jpeg HTTP/1.1" 200 -
[06/Aug/2026 15:25:48] "GET /Photos/2014/2014-05_%E6%9C%AA%E7%9F%A5%E5%9C%B0%E9%BB%9E/19A96766-0216-4A7F-AD7D-7D0185BF6248_1_201_a.jpeg HTTP/1.1" 200 -
[06/Aug/2026 15:25:48] "GET /Photos/2014/2014-05_%E6%9C%AA%E7%9F%A5%E5%9C%B0%E9%BB%9E/B3980932-17B9-435B-B32C-26818D966BCE_1_201_a.jpeg HTTP/1.1" 200 -
[06/Aug/2026 15:25:48] "GET /Photos/2014/2014-05_%E6%9C%AA%E7%9F%A5%E5%9C%B0%E9%BB%9E/43351CC6-6790-446C-A67C-9C19F30B238C_1_201_a.jpeg HTTP/1.1" 200 -
[06/Aug/2026 15:25:48] "GET /Photos/2014/2014-05_%E6%9C%AA%E7%9F%A5%E5%9C%B0%E9%BB%9E/049F711E-9B33-4549-BAED-5577AB8B3220_1_201_a.jpeg HTTP/1.1" 200 -
[06/Aug/2026 15:25:48] "GET /Photos/2014/2014-05_%E6%9C%AA%E7%9F%A5%E5%9C%B0%E9%BB%9E/1193CA18-8F53-454D-B5FC-72460889BD04_1_201_a.jpeg HTTP/1.1" 200 -
[06/Aug/2026 15:25:48] "GET /Photos/2014/2014-05_%E6%9C%AA%E7%9F%A5%E5%9C%B0%E9%BB%9E/7A7D58BD-399B-4E26-A78A-60BE60543E1E_1_201_a.jpeg HTTP/1.1" 200 -
[06/Aug/2026 15:25:48] "GET /Photos/2014/2014-05_%E6%9C%AA%E7%9F%A5%E5%9C%B0%E9%BB%9E/F9CD64B2-8F3C-4143-98DD-D0CAD253BF0F_1_201_a.jpeg HTTP/1.1" 200 -
[06/Aug/2026 15:25:48] "GET /Photos/2014/2014-05_%E6%9C%AA%E7%9F%A5%E5%9C%B0%E9%BB%9E/543DE8D8-7A54-4A23-A527-AC1C05FB1BCD_1_201_a.jpeg HTTP/1.1" 200 -
[06/Aug/2026 15:25:48] "GET /Photos/2014/2014-05_%E6%9C%AA%E7%9F%A5%E5%9C%B0%E9%BB%9E/B0C3CC4B-C6FC-45F9-89BB-B351D6B28BEF.jpeg HTTP/1.1" 200 -
[06/Aug/2026 15:25:48] "GET /Photos/2014/2014-05_%E6%9C%AA%E7%9F%A5%E5%9C%B0%E9%BB%9E/D8596C0E-6322-4935-B979-B886D28DE167_1_201_a.jpeg HTTP/1.1" 200 -
[06/Aug/2026 15:25:48] "GET /Photos/2014/2014-05_%E6%9C%AA%E7%9F%A5%E5%9C%B0%E9%BB%9E/A490C6BA-1260-459D-8104-B667C3C9D058_1_201_a.jpeg HTTP/1.1" 200 -
[06/Aug/2026 15:25:48] "GET /Photos/2014/2014-05_%E6%9C%AA%E7%9F%A5%E5%9C%B0%E9%BB%9E/C87EEAA2-7B8B-4490-A8F1-46954BF9227B.jpeg HTTP/1.1" 200 -
[06/Aug/2026 15:25:48] "GET /Photos/2014/2014-05_%E6%9C%AA%E7%9F%A5%E5%9C%B0%E9%BB%9E/5B353DD9-5179-491C-A510-A95B2A5499F4_1_201_a.jpeg HTTP/1.1" 200 -
[06/Aug/2026 15:25:48] "GET /Photos/2014/2014-05_%E6%9C%AA%E7%9F%A5%E5%9C%B0%E9%BB%9E/BF8A43DB-2BAA-4071-9EDC-7EDA89CCC700_1_201_a.jpeg HTTP/1.1" 200 -
[06/Aug/2026 15:25:48] "GET /Photos/2014/2014-05_%E6%9C%AA%E7%9F%A5%E5%9C%B0%E9%BB%9E/11E6AAD9-C03B-498D-BD4A-D68B3431D377.jpeg HTTP/1.1" 200 -
[06/Aug/2026 15:25:48] "GET /Photos/2014/2014-05_%E6%9C%AA%E7%9F%A5%E5%9C%B0%E9%BB%9E/CAD88797-D469-4BE7-8A10-2219D0CF4FDC.jpeg HTTP/1.1" 200 -
[06/Aug/2026 15:25:48] "GET /Photos/2014/2014-05_%E6%9C%AA%E7%9F%A5%E5%9C%B0%E9%BB%9E/9D093396-3A99-4C16-A35E-4FC48D611636_1_201_a.jpeg HTTP/1.1" 200 -
[06/Aug/2026 15:25:48] "GET /Photos/2014/2014-05_%E6%9C%AA%E7%9F%A5%E5%9C%B0%E9%BB%9E/89EABF0C-B522-41C7-A26A-6A3C18A55797_1_201_a.jpeg HTTP/1.1" 200 -
[06/Aug/2026 15:25:48] "GET /Photos/2014/2014-05_%E6%9C%AA%E7%9F%A5%E5%9C%B0%E9%BB%9E/7BE5A606-366B-43A0-99C6-1020A2FDB2D4_1_201_a.jpeg HTTP/1.1" 200 -
[06/Aug/2026 15:25:48] "GET /Photos/2014/2014-05_%E6%9C%AA%E7%9F%A5%E5%9C%B0%E9%BB%9E/B59C44FE-95F5-4FB5-9157-FF2CDACAAE9F_1_201_a.jpeg HTTP/1.1" 200 -
[06/Aug/2026 15:25:48] "GET /Photos/2014/2014-05_%E6%9C%AA%E7%9F%A5%E5%9C%B0%E9%BB%9E/9B84D6F0-8A63-42BE-9F32-0C5CA2B1DA7E.jpeg HTTP/1.1" 200 -
[06/Aug/2026 15:25:48] "GET /Photos/2014/2014-05_%E6%9C%AA%E7%9F%A5%E5%9C%B0%E9%BB%9E/8D405F84-4E29-4A03-914C-F55A7446883A_1_201_a.jpeg HTTP/1.1" 200 -
[06/Aug/2026 15:25:48] "GET /Photos/2014/2014-05_%E6%9C%AA%E7%9F%A5%E5%9C%B0%E9%BB%9E/76358F20-314F-4FBB-BF79-BA94AF6582EA.jpeg HTTP/1.1" 200 -
[06/Aug/2026 15:25:48] "GET /Photos/2014/2014-05_%E6%9C%AA%E7%9F%A5%E5%9C%B0%E9%BB%9E/A8D87E16-1D56-40AD-9621-41D423CAE95A.jpeg HTTP/1.1" 200 -
[06/Aug/2026 15:25:48] "GET /Photos/2014/2014-04_%E6%9C%AA%E7%9F%A5%E5%9C%B0%E9%BB%9E/35AD898F-071A-46F4-882B-575F9AF74AF9.jpeg HTTP/1.1" 200 -
[06/Aug/2026 15:25:48] "GET /Photos/2014/2014-04_%E6%9C%AA%E7%9F%A5%E5%9C%B0%E9%BB%9E/225FB652-0A7C-4625-A8D2-AAE6241E1849.jpeg HTTP/1.1" 200 -
[06/Aug/2026 15:25:48] "GET /Photos/2014/2014-04_%E6%9C%AA%E7%9F%A5%E5%9C%B0%E9%BB%9E/ACE983F6-9279-471D-95A2-82A2BFADC563.jpeg HTTP/1.1" 200 -
[06/Aug/2026 15:25:48] "GET /Photos/2014/2014-04_%E6%9C%AA%E7%9F%A5%E5%9C%B0%E9%BB%9E/581C9CED-F0CA-43DB-9BB4-DC9BAEB1C6D5.jpeg HTTP/1.1" 200 -
[06/Aug/2026 15:25:48] "GET /Photos/2014/2014-04_%E6%9C%AA%E7%9F%A5%E5%9C%B0%E9%BB%9E/5929FA62-960F-4E54-B3F3-E739FE3BE380.jpeg HTTP/1.1" 200 -
[06/Aug/2026 15:25:48] "GET /Photos/2014/2014-04_%E6%9C%AA%E7%9F%A5%E5%9C%B0%E9%BB%9E/932831CC-9D81-4FE6-8492-63EEA47FA4CD.jpeg HTTP/1.1" 200 -
[06/Aug/2026 15:25:48] "GET /Photos/2014/2014-04_%E6%9C%AA%E7%9F%A5%E5%9C%B0%E9%BB%9E/CC4E3013-A2AA-4A68-846B-81324F24388B.jpeg HTTP/1.1" 200 -
[06/Aug/2026 15:25:48] "GET /Photos/2014/2014-04_%E6%9C%AA%E7%9F%A5%E5%9C%B0%E9%BB%9E/8A53FE94-9C15-4545-8CBD-7327C07794AA.jpeg HTTP/1.1" 200 -
[06/Aug/2026 15:25:48] "GET /Photos/2014/2014-04_%E6%9C%AA%E7%9F%A5%E5%9C%B0%E9%BB%9E/D029748B-E3FA-4B4F-8987-1090D85B0C7E.jpeg HTTP/1.1" 200 -
[06/Aug/2026 15:25:48] "GET /Photos/2014/2014-04_%E6%9C%AA%E7%9F%A5%E5%9C%B0%E9%BB%9E/B6880C7D-DB46-485B-9E89-13B33F8D6C9D_1_201_a.jpeg HTTP/1.1" 200 -
[06/Aug/2026 15:25:48] "GET /Photos/2014/2014-04_%E6%9C%AA%E7%9F%A5%E5%9C%B0%E9%BB%9E/1F6355FF-AFC9-4BBF-AD11-FD91CB2B1CF9.jpeg HTTP/1.1" 200 -
[06/Aug/2026 15:25:48] "GET /Photos/2014/2014-04_%E6%9C%AA%E7%9F%A5%E5%9C%B0%E9%BB%9E/0F4834D6-610A-42BA-8131-F1B9EB30A34A.jpeg HTTP/1.1" 200 -
[06/Aug/2026 15:25:48] "GET /Photos/2014/2014-04_%E6%9C%AA%E7%9F%A5%E5%9C%B0%E9%BB%9E/0AB74767-AAD2-40A1-9F81-3D397D099474.jpeg HTTP/1.1" 200 -
[06/Aug/2026 15:25:48] "GET /Photos/2014/2014-04_%E6%9C%AA%E7%9F%A5%E5%9C%B0%E9%BB%9E/F526ED26-3023-4C8D-AE6B-CB5B4EF20431_1_201_a.jpeg HTTP/1.1" 200 -
[06/Aug/2026 15:25:49] "GET /Photos/2014/2014-04_%E6%9C%AA%E7%9F%A5%E5%9C%B0%E9%BB%9E/A7831F54-5003-4266-BC23-1DA34F178DD0.jpeg HTTP/1.1" 200 -
[06/Aug/2026 15:25:49] "GET /Photos/2014/2014-04_%E6%9C%AA%E7%9F%A5%E5%9C%B0%E9%BB%9E/CA6762D1-BC11-4922-BEAA-060F28324D00.jpeg HTTP/1.1" 200 -
[06/Aug/2026 15:25:49] "GET /Photos/2014/2014-04_%E6%9C%AA%E7%9F%A5%E5%9C%B0%E9%BB%9E/FDA927FB-4C5D-4B4C-8140-6C10F60A88D8.jpeg HTTP/1.1" 200 -
[06/Aug/2026 15:25:49] "GET /Photos/2014/2014-04_%E6%9C%AA%E7%9F%A5%E5%9C%B0%E9%BB%9E/C4012B5A-E7A1-4FC6-869C-56AB0C1573BA.jpeg HTTP/1.1" 200 -
[06/Aug/2026 15:25:50] "GET /Photos/2014/2014-04_%E6%9C%AA%E7%9F%A5%E5%9C%B0%E9%BB%9E/6C6A20E1-10CB-40C3-BE1D-3D146DD1441F.jpeg HTTP/1.1" 200 -
[06/Aug/2026 15:25:50] "GET /Photos/2014/2014-04_%E6%9C%AA%E7%9F%A5%E5%9C%B0%E9%BB%9E/544F6D16-932A-4372-9588-0D1C38519A9A.jpeg HTTP/1.1" 200 -
[06/Aug/2026 15:25:50] "GET /Photos/2014/2014-04_%E6%9C%AA%E7%9F%A5%E5%9C%B0%E9%BB%9E/CA3052EF-7A87-46C2-A1C1-932F03D1F778.jpeg HTTP/1.1" 200 -
[06/Aug/2026 15:25:50] "GET /Photos/2014/2014-04_%E6%9C%AA%E7%9F%A5%E5%9C%B0%E9%BB%9E/F3B4AC33-2D61-4041-91AC-E6020C6DC4ED.jpeg HTTP/1.1" 200 -
[06/Aug/2026 15:25:50] "GET /Photos/2014/2014-04_%E6%9C%AA%E7%9F%A5%E5%9C%B0%E9%BB%9E/2AA27CC2-021C-4951-85BA-6DB7EEBC7563.jpeg HTTP/1.1" 200 -
[06/Aug/2026 15:25:50] "GET /Photos/2014/2014-04_%E6%9C%AA%E7%9F%A5%E5%9C%B0%E9%BB%9E/A9CDE83B-6A5C-49AB-B913-3903AF52AD74.jpeg HTTP/1.1" 200 -
[06/Aug/2026 15:25:50] "GET /Photos/2014/2014-04_%E6%9C%AA%E7%9F%A5%E5%9C%B0%E9%BB%9E/A8B8E73E-7D6B-4017-91E6-23CDC2BA2B7A.jpeg HTTP/1.1" 200 -
[06/Aug/2026 15:25:50] "GET /Photos/2014/2014-04_%E6%9C%AA%E7%9F%A5%E5%9C%B0%E9%BB%9E/82B4B58C-88ED-4F80-A4FF-C1D0C5EC5477.jpeg HTTP/1.1" 200 -
[06/Aug/2026 15:25:50] "GET /Photos/2014/2014-04_%E6%9C%AA%E7%9F%A5%E5%9C%B0%E9%BB%9E/170BC19C-6940-474A-A3C0-36D4BB3E3649.jpeg HTTP/1.1" 200 -
[06/Aug/2026 15:25:50] "GET /Photos/2014/2014-04_%E6%9C%AA%E7%9F%A5%E5%9C%B0%E9%BB%9E/50E2E361-2F2A-4DAB-9B8E-EEB20C2F3EC6.jpeg HTTP/1.1" 200 -
[06/Aug/2026 15:25:50] "GET /Photos/2014/2014-12_%E6%9C%AA%E7%9F%A5%E5%9C%B0%E9%BB%9E/4253293B-3CC6-4014-856A-3A67226C449E.jpeg HTTP/1.1" 200 -
[06/Aug/2026 15:25:50] "GET /Photos/2014/2014-12_%E6%9C%AA%E7%9F%A5%E5%9C%B0%E9%BB%9E/2762B6A7-2D2F-438D-ABEC-EB5C6D56B041.jpeg HTTP/1.1" 200 -
[06/Aug/2026 15:25:50] "GET /Photos/2014/2014-12_%E6%9C%AA%E7%9F%A5%E5%9C%B0%E9%BB%9E/102B244C-BAFD-4C15-BB6C-9E3B52B12B3F.jpeg HTTP/1.1" 200 -
[06/Aug/2026 15:25:50] "GET /Photos/2014/2014-12_%E6%9C%AA%E7%9F%A5%E5%9C%B0%E9%BB%9E/512257AF-2020-46E1-947D-187FF61A79F7.jpeg HTTP/1.1" 200 -
[06/Aug/2026 15:25:50] "GET /Photos/2014/2014-12_%E6%9C%AA%E7%9F%A5%E5%9C%B0%E9%BB%9E/3ADE732F-9765-4F49-8638-612A9F6CE260.jpeg HTTP/1.1" 200 -
[06/Aug/2026 15:25:50] "GET /Photos/2014/2014-12_%E6%9C%AA%E7%9F%A5%E5%9C%B0%E9%BB%9E/74A98EFC-5173-45CB-BC0B-7B6F2488EA78.jpeg HTTP/1.1" 200 -
[06/Aug/2026 15:25:50] "GET /Photos/2014/2014-12_%E6%9C%AA%E7%9F%A5%E5%9C%B0%E9%BB%9E/0E38DC45-A1C0-4F11-BE2A-0BF14C59B55C.jpeg HTTP/1.1" 200 -
[06/Aug/2026 15:25:50] "GET /Photos/2014/2014-12_%E6%9C%AA%E7%9F%A5%E5%9C%B0%E9%BB%9E/B61756EF-173F-4AA3-869C-6A402282E817.jpeg HTTP/1.1" 200 -
[06/Aug/2026 15:25:50] "GET /Photos/2014/2014-12_%E6%9C%AA%E7%9F%A5%E5%9C%B0%E9%BB%9E/20E38379-C2DD-4636-9686-BEC3BE24DF59.jpeg HTTP/1.1" 200 -
[06/Aug/2026 15:25:50] "GET /Photos/2014/2014-12_%E6%9C%AA%E7%9F%A5%E5%9C%B0%E9%BB%9E/44070BF5-8EFF-4FA0-AEC8-B3F51B904F3E.jpeg HTTP/1.1" 200 -
[06/Aug/2026 15:25:50] "GET /Photos/2014/2014-12_%E6%9C%AA%E7%9F%A5%E5%9C%B0%E9%BB%9E/A0A66FAE-A144-44D7-B74C-FC6BA670587F.jpeg HTTP/1.1" 200 -
[06/Aug/2026 15:25:50] "GET /Photos/2014/2014-12_%E6%9C%AA%E7%9F%A5%E5%9C%B0%E9%BB%9E/8EC19966-7109-41D0-89CB-FDFFA2D5DC2C.jpeg HTTP/1.1" 200 -
[06/Aug/2026 15:25:50] "GET /Photos/2014/2014-12_%E6%9C%AA%E7%9F%A5%E5%9C%B0%E9%BB%9E/44C6D2FA-3453-40B0-9AAD-AEE18F020C88.jpeg HTTP/1.1" 200 -
[06/Aug/2026 15:25:50] "GET /Photos/2014/2014-12_%E6%9C%AA%E7%9F%A5%E5%9C%B0%E9%BB%9E/B1EBEF79-FD86-473E-986B-B6A416BF8F96.jpeg HTTP/1.1" 200 -
[06/Aug/2026 15:25:50] "GET /Photos/2014/2014-12_%E6%9C%AA%E7%9F%A5%E5%9C%B0%E9%BB%9E/2FE23055-7A5B-4EDF-9198-D1C0BC1B4BDC.jpeg HTTP/1.1" 200 -
[06/Aug/2026 15:25:50] "GET /Photos/2014/2014-12_%E6%9C%AA%E7%9F%A5%E5%9C%B0%E9%BB%9E/C9140ADC-E26E-4779-8F9F-30CB73529F06.jpeg HTTP/1.1" 200 -
[06/Aug/2026 15:25:50] "GET /Photos/2014/2014-12_%E6%9C%AA%E7%9F%A5%E5%9C%B0%E9%BB%9E/246A8927-02C5-4A84-BD8F-E1E9881C792A.jpeg HTTP/1.1" 200 -
[06/Aug/2026 15:25:50] "GET /Photos/2014/2014-12_%E6%9C%AA%E7%9F%A5%E5%9C%B0%E9%BB%9E/651537B8-F056-47FF-9D57-0202DB4E03E0.jpeg HTTP/1.1" 200 -
[06/Aug/2026 15:25:50] "GET /Photos/2014/2014-12_%E6%9C%AA%E7%9F%A5%E5%9C%B0%E9%BB%9E/E55031CA-573E-4E79-9333-9AD71E68B616.jpeg HTTP/1.1" 200 -
[06/Aug/2026 15:25:50] "GET /Photos/2014/2014-12_%E6%9C%AA%E7%9F%A5%E5%9C%B0%E9%BB%9E/960293AA-4B85-4178-882C-53115A6F0C5A.jpeg HTTP/1.1" 200 -
[06/Aug/2026 15:25:50] "GET /Photos/2014/2014-12_%E6%9C%AA%E7%9F%A5%E5%9C%B0%E9%BB%9E/C6A69DF9-189C-4D3C-B0E0-AD45B9E21DE8.jpeg HTTP/1.1" 200 -
[06/Aug/2026 15:25:50] "GET /Photos/2014/2014-12_%E6%9C%AA%E7%9F%A5%E5%9C%B0%E9%BB%9E/BFCA55A9-44CF-4939-8DA3-F973D2685582.jpeg HTTP/1.1" 200 -
[06/Aug/2026 15:25:50] "GET /Photos/2014/2014-12_%E6%9C%AA%E7%9F%A5%E5%9C%B0%E9%BB%9E/1B2D6282-171D-4DC9-8B44-81766B847BCB.jpeg HTTP/1.1" 200 -
[06/Aug/2026 15:25:50] "GET /Photos/2014/2014-12_%E6%9C%AA%E7%9F%A5%E5%9C%B0%E9%BB%9E/5960C2FC-9560-449C-A069-DFDBCAD62929.jpeg HTTP/1.1" 200 -
[06/Aug/2026 15:25:50] "GET /Photos/2014/2014-12_%E6%9C%AA%E7%9F%A5%E5%9C%B0%E9%BB%9E/67134D98-D3F7-49C6-8DB6-4527807921DB.jpeg HTTP/1.1" 200 -
[06/Aug/2026 15:25:50] "GET /Photos/2014/2014-12_%E6%9C%AA%E7%9F%A5%E5%9C%B0%E9%BB%9E/52116D1E-994E-40D8-8C1B-C3BFFED2CE14.jpeg HTTP/1.1" 200 -
[06/Aug/2026 15:25:50] "GET /Photos/2014/2014-12_%E6%9C%AA%E7%9F%A5%E5%9C%B0%E9%BB%9E/01198279-20D2-40EA-949B-DB1C5B31FAE7.jpeg HTTP/1.1" 200 -
[06/Aug/2026 15:25:50] "GET /Photos/2014/2014-12_%E6%9C%AA%E7%9F%A5%E5%9C%B0%E9%BB%9E/663A935B-2357-470B-90FA-C707EFD9D502.jpeg HTTP/1.1" 200 -
[06/Aug/2026 15:25:50] "GET /Photos/2014/2014-12_%E6%9C%AA%E7%9F%A5%E5%9C%B0%E9%BB%9E/C8B48E52-1B4F-4DA3-B95F-1ACC27674FDB.jpeg HTTP/1.1" 200 -
[06/Aug/2026 15:25:50] "GET /Photos/2014/2014-12_%E6%9C%AA%E7%9F%A5%E5%9C%B0%E9%BB%9E/DE8756C6-BC98-4AC6-AA09-D68ACAC360DD.jpeg HTTP/1.1" 200 -
[06/Aug/2026 15:25:50] "GET /Photos/2014/2014-12_%E6%9C%AA%E7%9F%A5%E5%9C%B0%E9%BB%9E/DB052E72-063E-4A99-87EA-6E7273F62689.jpeg HTTP/1.1" 200 -
[06/Aug/2026 15:25:50] "GET /Photos/2014/2014-12_%E6%9C%AA%E7%9F%A5%E5%9C%B0%E9%BB%9E/5994D638-E0F7-4C87-BD02-76CD4998643B.jpeg HTTP/1.1" 200 -
[06/Aug/2026 15:25:50] "GET /Photos/2014/2014-12_%E6%9C%AA%E7%9F%A5%E5%9C%B0%E9%BB%9E/21362174-F097-400E-8295-2887DDD1B4C1.jpeg HTTP/1.1" 200 -
[06/Aug/2026 15:25:50] "GET /Photos/2014/2014-12_%E6%9C%AA%E7%9F%A5%E5%9C%B0%E9%BB%9E/16B3EE8B-1876-4E86-A5CA-03B0FF29A6BC.jpeg HTTP/1.1" 200 -
[06/Aug/2026 15:25:50] "GET /Photos/2014/2014-12_%E6%9C%AA%E7%9F%A5%E5%9C%B0%E9%BB%9E/22F30B63-1A29-44EA-A7E1-9D2B46A12694.jpeg HTTP/1.1" 200 -
[06/Aug/2026 15:25:50] "GET /Photos/2014/2014-12_%E6%9C%AA%E7%9F%A5%E5%9C%B0%E9%BB%9E/52DD6471-8F78-4CF9-B0E7-5E11DBE14463.jpeg HTTP/1.1" 200 -
[06/Aug/2026 15:25:50] "GET /Photos/2014/2014-12_%E6%9C%AA%E7%9F%A5%E5%9C%B0%E9%BB%9E/A8C1653F-E259-418F-B453-AF97F86D00F1.jpeg HTTP/1.1" 200 -
[06/Aug/2026 15:25:50] "GET /Photos/2014/2014-12_%E6%9C%AA%E7%9F%A5%E5%9C%B0%E9%BB%9E/46E16A51-0F64-49AE-8902-DBD61925D09D.jpeg HTTP/1.1" 200 -
[06/Aug/2026 15:25:50] "GET /Photos/2014/2014-12_%E6%9C%AA%E7%9F%A5%E5%9C%B0%E9%BB%9E/0550687F-B227-4F09-940F-93DF5A66FDBE.jpeg HTTP/1.1" 200 -
[06/Aug/2026 15:25:50] "GET /Photos/2014/2014-12_%E6%9C%AA%E7%9F%A5%E5%9C%B0%E9%BB%9E/9BCA3019-CD67-4CD6-A79D-1D449F547022.jpeg HTTP/1.1" 200 -
[06/Aug/2026 15:25:50] "GET /Photos/2014/2014-12_%E6%9C%AA%E7%9F%A5%E5%9C%B0%E9%BB%9E/EEF4A6CD-ECF3-4B9D-BF4B-424277B485C4.jpeg HTTP/1.1" 200 -
[06/Aug/2026 15:25:50] "GET /Photos/2014/2014-12_%E6%9C%AA%E7%9F%A5%E5%9C%B0%E9%BB%9E/38586C0D-C9A0-4C03-92C7-7CABCEC85881.jpeg HTTP/1.1" 200 -
[06/Aug/2026 15:25:50] "GET /Photos/2014/2014-12_%E6%9C%AA%E7%9F%A5%E5%9C%B0%E9%BB%9E/EF5B3879-5DF7-46D6-A126-0A172F100136.jpeg HTTP/1.1" 200 -
[06/Aug/2026 15:25:50] "GET /Photos/2014/2014-12_%E6%9C%AA%E7%9F%A5%E5%9C%B0%E9%BB%9E/E6B85D8F-490E-4B2E-A012-18478546E3A8.jpeg HTTP/1.1" 200 -
[06/Aug/2026 15:25:50] "GET /Photos/2014/2014-12_%E6%9C%AA%E7%9F%A5%E5%9C%B0%E9%BB%9E/65E09A48-7594-437D-B120-A3B7C306FEBC.jpeg HTTP/1.1" 200 -
[06/Aug/2026 15:25:50] "GET /Photos/2014/2014-12_%E6%9C%AA%E7%9F%A5%E5%9C%B0%E9%BB%9E/3A6ECDA9-5884-408B-98D1-3C1DD2274C93.jpeg HTTP/1.1" 200 -
[06/Aug/2026 15:25:50] "GET /Photos/2014/2014-12_%E6%9C%AA%E7%9F%A5%E5%9C%B0%E9%BB%9E/D98F0742-28E5-4003-BBE0-2A0297E90E6C.jpeg HTTP/1.1" 200 -
[06/Aug/2026 15:25:50] "GET /Photos/2014/2014-12_%E6%9C%AA%E7%9F%A5%E5%9C%B0%E9%BB%9E/64CE2C73-8B0A-4CEE-B5FE-356CE161EFC2.jpeg HTTP/1.1" 200 -
[06/Aug/2026 15:25:50] "GET /Photos/2014/2014-12_%E6%9C%AA%E7%9F%A5%E5%9C%B0%E9%BB%9E/9EB0D04A-F8E9-43AF-BBA5-33149513291B.jpeg HTTP/1.1" 200 -
[06/Aug/2026 15:25:50] "GET /Photos/2014/2014-12_%E6%9C%AA%E7%9F%A5%E5%9C%B0%E9%BB%9E/090887CB-A19D-4BAA-8333-4408F4AD7717.jpeg HTTP/1.1" 200 -
[06/Aug/2026 15:25:50] "GET /Photos/2014/2014-12_%E6%9C%AA%E7%9F%A5%E5%9C%B0%E9%BB%9E/2ADF8575-01C9-4967-A65D-A1AEFD66E651.jpeg HTTP/1.1" 200 -
[06/Aug/2026 15:25:50] "GET /Photos/2014/2014-12_%E6%9C%AA%E7%9F%A5%E5%9C%B0%E9%BB%9E/F16D28A0-B84E-4D89-B3A0-4B9EAC92A853.jpeg HTTP/1.1" 200 -
[06/Aug/2026 15:25:50] "GET /Photos/2014/2014-12_%E6%9C%AA%E7%9F%A5%E5%9C%B0%E9%BB%9E/1C63C46A-6DE2-4C30-B319-8CB69A2ACD22.jpeg HTTP/1.1" 200 -
[06/Aug/2026 15:25:50] "GET /Photos/2014/2014-12_%E6%9C%AA%E7%9F%A5%E5%9C%B0%E9%BB%9E/268AB4C0-4DDA-42E6-B293-448407EEEFEC.jpeg HTTP/1.1" 200 -
[06/Aug/2026 15:25:50] "GET /Photos/2014/2014-12_%E6%9C%AA%E7%9F%A5%E5%9C%B0%E9%BB%9E/D6B01924-2F60-49B5-8495-4D6FBCA72389.jpeg HTTP/1.1" 200 -
[06/Aug/2026 15:25:50] "GET /Photos/2014/2014-12_%E6%9C%AA%E7%9F%A5%E5%9C%B0%E9%BB%9E/A57530BC-9C16-4396-AD6E-767CE6EAB45C.jpeg HTTP/1.1" 200 -
[06/Aug/2026 15:25:50] "GET /Photos/2014/2014-12_%E6%9C%AA%E7%9F%A5%E5%9C%B0%E9%BB%9E/0EF94473-1B8E-4E43-AF78-64795EF5BFE4.jpeg HTTP/1.1" 200 -
[06/Aug/2026 15:25:50] "GET /Photos/2014/2014-12_%E6%9C%AA%E7%9F%A5%E5%9C%B0%E9%BB%9E/CC41068C-A378-4626-BD7C-8A72932BB15E.jpeg HTTP/1.1" 200 -
[06/Aug/2026 15:25:50] "GET /Photos/2014/2014-12_%E6%9C%AA%E7%9F%A5%E5%9C%B0%E9%BB%9E/CD4A9BCA-5CB0-449E-A655-BB9A00958EAF.jpeg HTTP/1.1" 200 -
[06/Aug/2026 15:25:50] "GET /Photos/2014/2014-12_%E6%9C%AA%E7%9F%A5%E5%9C%B0%E9%BB%9E/359EDA10-5A89-4271-A97A-745BE0B5A42B.jpeg HTTP/1.1" 200 -
[06/Aug/2026 15:25:50] "GET /Photos/2014/2014-12_%E6%9C%AA%E7%9F%A5%E5%9C%B0%E9%BB%9E/41ECB071-EF13-4215-844C-34F73C594B09.jpeg HTTP/1.1" 200 -
[06/Aug/2026 15:25:50] "GET /Photos/2014/2014-12_%E6%9C%AA%E7%9F%A5%E5%9C%B0%E9%BB%9E/CE6DAD56-61D2-4A87-9331-9D317FD5F609.jpeg HTTP/1.1" 200 -
[06/Aug/2026 15:25:50] "GET /Photos/2014/2014-12_%E6%9C%AA%E7%9F%A5%E5%9C%B0%E9%BB%9E/5F223524-C5C6-4DAE-BAAC-971DBFBCFC92.jpeg HTTP/1.1" 200 -
[06/Aug/2026 15:25:50] "GET /Photos/2014/2014-12_%E6%9C%AA%E7%9F%A5%E5%9C%B0%E9%BB%9E/677D3BC0-86B0-440A-A5A2-F2CB4BD3A126.jpeg HTTP/1.1" 200 -
[06/Aug/2026 15:25:50] "GET /Photos/2014/2014-12_%E6%9C%AA%E7%9F%A5%E5%9C%B0%E9%BB%9E/DA6B2908-4EE7-4D33-B8ED-A11FCCF4DFF9.jpeg HTTP/1.1" 200 -
[06/Aug/2026 15:25:50] "GET /Photos/2014/2014-12_%E6%9C%AA%E7%9F%A5%E5%9C%B0%E9%BB%9E/24D30C99-3920-4460-B1CE-CC14D882A276.jpeg HTTP/1.1" 200 -
[06/Aug/2026 15:25:51] "GET /Photos/2014/2014-12_%E6%9C%AA%E7%9F%A5%E5%9C%B0%E9%BB%9E/E38D1A82-C81D-4EA1-BE19-4D1CB4FE92CF.jpeg HTTP/1.1" 200 -
[06/Aug/2026 15:25:51] "GET /Photos/2014/2014-12_%E6%9C%AA%E7%9F%A5%E5%9C%B0%E9%BB%9E/5984A6A0-932C-4155-85B3-249F06CF965B.jpeg HTTP/1.1" 200 -
[06/Aug/2026 15:25:51] "GET /Photos/2014/2014-12_%E6%9C%AA%E7%9F%A5%E5%9C%B0%E9%BB%9E/214C1092-0C26-4B37-9739-4276787995C7.jpeg HTTP/1.1" 200 -
[06/Aug/2026 15:25:51] "GET /Photos/2014/2014-12_%E6%9C%AA%E7%9F%A5%E5%9C%B0%E9%BB%9E/11B40644-7C0C-4648-976A-B1D4F0BBEA5E.jpeg HTTP/1.1" 200 -
[06/Aug/2026 15:25:51] "GET /Photos/2014/2014-12_%E6%9C%AA%E7%9F%A5%E5%9C%B0%E9%BB%9E/0936FF8B-AEE1-4B51-B6DB-20F22F9A9B71.jpeg HTTP/1.1" 200 -
[06/Aug/2026 15:25:51] "GET /Photos/2014/2014-12_%E6%9C%AA%E7%9F%A5%E5%9C%B0%E9%BB%9E/5F0B67D0-3E8E-4171-9C0C-DEE9E7D427FA.jpeg HTTP/1.1" 200 -
[06/Aug/2026 15:25:51] "GET /Photos/2014/2014-12_%E6%9C%AA%E7%9F%A5%E5%9C%B0%E9%BB%9E/D1AB7E40-B81F-4D43-9CF0-BBA4313AC050.jpeg HTTP/1.1" 200 -
[06/Aug/2026 15:25:51] "GET /Photos/2014/2014-12_%E6%9C%AA%E7%9F%A5%E5%9C%B0%E9%BB%9E/76C9F87C-788A-48E0-B758-D00E18559A85.jpeg HTTP/1.1" 200 -
[06/Aug/2026 15:25:51] "GET /Photos/2014/2014-12_%E6%9C%AA%E7%9F%A5%E5%9C%B0%E9%BB%9E/840118EF-93D4-4F10-B2BA-C7E2C1158A21.jpeg HTTP/1.1" 200 -
[06/Aug/2026 15:25:51] "GET /Photos/2014/2014-12_%E6%9C%AA%E7%9F%A5%E5%9C%B0%E9%BB%9E/E417B323-162B-4C5D-846D-C0ABCE9ACE01.jpeg HTTP/1.1" 200 -
[06/Aug/2026 15:25:51] "GET /Photos/2014/2014-12_%E6%9C%AA%E7%9F%A5%E5%9C%B0%E9%BB%9E/61409E69-E4F3-4680-84AE-5F4DAEA65F64.jpeg HTTP/1.1" 200 -
[06/Aug/2026 15:25:51] "GET /Photos/2014/2014-12_%E6%9C%AA%E7%9F%A5%E5%9C%B0%E9%BB%9E/17398D2D-0FD3-4ACA-86EB-E2EFFC9D4C82.jpeg HTTP/1.1" 200 -
[06/Aug/2026 15:25:51] "GET /Photos/2014/2014-12_%E6%9C%AA%E7%9F%A5%E5%9C%B0%E9%BB%9E/DB1887D5-8566-462A-B473-307E13E83061.jpeg HTTP/1.1" 200 -
[06/Aug/2026 15:25:51] "GET /Photos/2014/2014-12_%E6%9C%AA%E7%9F%A5%E5%9C%B0%E9%BB%9E/30ED87D9-2C19-4FCB-A983-865FBC056964.jpeg HTTP/1.1" 200 -
[06/Aug/2026 15:25:51] "GET /Photos/2014/2014-12_%E6%9C%AA%E7%9F%A5%E5%9C%B0%E9%BB%9E/5BB7556A-A9F7-470E-8FB4-FAE928156461.jpeg HTTP/1.1" 200 -
[06/Aug/2026 15:25:51] "GET /Photos/2014/2014-12_%E6%9C%AA%E7%9F%A5%E5%9C%B0%E9%BB%9E/164C05F5-F6C0-4E28-BC2A-7E00779DC267.jpeg HTTP/1.1" 200 -
[06/Aug/2026 15:25:51] "GET /Photos/2014/2014-12_%E6%9C%AA%E7%9F%A5%E5%9C%B0%E9%BB%9E/60641EEB-8F41-4395-BFB7-8A6C6CDDC220.jpeg HTTP/1.1" 200 -
[06/Aug/2026 15:25:51] "GET /Photos/2014/2014-12_%E6%9C%AA%E7%9F%A5%E5%9C%B0%E9%BB%9E/9BF69E96-3220-40D5-A70F-DE7E2B876B63.jpeg HTTP/1.1" 200 -
[06/Aug/2026 15:25:51] "GET /Photos/2014/2014-12_%E6%9C%AA%E7%9F%A5%E5%9C%B0%E9%BB%9E/8D608527-2108-4DC0-BD05-36127BEEDA66.jpeg HTTP/1.1" 200 -
[06/Aug/2026 15:25:51] "GET /Photos/2014/2014-12_%E6%9C%AA%E7%9F%A5%E5%9C%B0%E9%BB%9E/A409A6A2-FB40-4C43-8E4D-CBF3434D487D.jpeg HTTP/1.1" 200 -
[06/Aug/2026 15:25:51] "GET /Photos/2014/2014-12_%E6%9C%AA%E7%9F%A5%E5%9C%B0%E9%BB%9E/0B55FC79-5C9D-4EBE-B068-EC561BC93558.jpeg HTTP/1.1" 200 -
[06/Aug/2026 15:25:51] "GET /Photos/2014/2014-12_%E6%9C%AA%E7%9F%A5%E5%9C%B0%E9%BB%9E/53039AFD-F566-4135-95E8-75A86A59756C.jpeg HTTP/1.1" 200 -
[06/Aug/2026 15:25:51] "GET /Photos/2014/2014-12_%E6%9C%AA%E7%9F%A5%E5%9C%B0%E9%BB%9E/AAB8EECA-C8FC-4E4E-BD7A-E7A498649B15.jpeg HTTP/1.1" 200 -
[06/Aug/2026 15:25:51] "GET /Photos/2014/2014-12_%E6%9C%AA%E7%9F%A5%E5%9C%B0%E9%BB%9E/8ADEB126-34FC-4DBC-903B-26486BD0F533.jpeg HTTP/1.1" 200 -
[06/Aug/2026 15:25:51] "GET /Photos/2014/2014-12_%E6%9C%AA%E7%9F%A5%E5%9C%B0%E9%BB%9E/8D3FEE49-2F68-434C-9141-3D3905DE864E.jpeg HTTP/1.1" 200 -
[06/Aug/2026 15:25:51] "GET /Photos/2014/2014-12_%E6%9C%AA%E7%9F%A5%E5%9C%B0%E9%BB%9E/1300C9CD-518B-4F0F-8047-9516816A388A.jpeg HTTP/1.1" 200 -
[06/Aug/2026 15:25:51] "GET /Photos/2014/2014-12_%E6%9C%AA%E7%9F%A5%E5%9C%B0%E9%BB%9E/C87A32EB-6B87-47B9-9C7F-15B66AC849EC.jpeg HTTP/1.1" 200 -
[06/Aug/2026 15:25:51] "GET /Photos/2014/2014-12_%E6%9C%AA%E7%9F%A5%E5%9C%B0%E9%BB%9E/7FA8E402-A90A-4EAD-B9EC-C4287C0ACA4D.jpeg HTTP/1.1" 200 -
[06/Aug/2026 15:25:51] "GET /Photos/2014/2014-12_%E6%9C%AA%E7%9F%A5%E5%9C%B0%E9%BB%9E/DB978B4E-D59A-4F3B-9742-4F69840399FD.jpeg HTTP/1.1" 200 -
[06/Aug/2026 15:25:51] "GET /Photos/2014/2014-12_%E6%9C%AA%E7%9F%A5%E5%9C%B0%E9%BB%9E/D20CC9DB-7E75-4DC9-A1CC-FCD08EAAC958.jpeg HTTP/1.1" 200 -
[06/Aug/2026 15:25:51] "GET /Photos/2014/2014-12_%E6%9C%AA%E7%9F%A5%E5%9C%B0%E9%BB%9E/270FC892-D829-422E-8D3D-4B98FD980615.jpeg HTTP/1.1" 200 -
[06/Aug/2026 15:25:51] "GET /Photos/2014/2014-12_%E6%9C%AA%E7%9F%A5%E5%9C%B0%E9%BB%9E/8AF726C7-BBFF-4FDF-BF28-FDC362037CCA.jpeg HTTP/1.1" 200 -
[06/Aug/2026 15:25:51] "GET /Photos/2014/2014-12_%E6%9C%AA%E7%9F%A5%E5%9C%B0%E9%BB%9E/ECD8C00F-C6D6-4DC1-9A1D-36481C47DBCC.jpeg HTTP/1.1" 200 -
[06/Aug/2026 15:25:51] "GET /Photos/2014/2014-12_%E6%9C%AA%E7%9F%A5%E5%9C%B0%E9%BB%9E/42EBB796-6C34-4B2C-86C1-2740F137B741.jpeg HTTP/1.1" 200 -
[06/Aug/2026 15:25:51] "GET /Photos/2014/2014-12_%E6%9C%AA%E7%9F%A5%E5%9C%B0%E9%BB%9E/F741033F-E9F8-41F6-8712-87A654C58199.jpeg HTTP/1.1" 200 -
[06/Aug/2026 15:25:51] "GET /Photos/2014/2014-12_%E6%9C%AA%E7%9F%A5%E5%9C%B0%E9%BB%9E/58E1CA46-6CB8-4454-94F8-8C32EAE52C6E.jpeg HTTP/1.1" 200 -
[06/Aug/2026 15:25:51] "GET /Photos/2014/2014-12_%E6%9C%AA%E7%9F%A5%E5%9C%B0%E9%BB%9E/3C3A4710-8D44-4CF8-B1A9-C8600B249434.jpeg HTTP/1.1" 200 -
[06/Aug/2026 15:25:51] "GET /Photos/2014/2014-12_%E6%9C%AA%E7%9F%A5%E5%9C%B0%E9%BB%9E/41C5F60A-842F-48C1-A849-F32497C25C0E.jpeg HTTP/1.1" 200 -
[06/Aug/2026 15:25:51] "GET /Photos/2014/2014-12_%E6%9C%AA%E7%9F%A5%E5%9C%B0%E9%BB%9E/E9F0A2F4-9AB4-4047-97C7-8181164CE0EB.jpeg HTTP/1.1" 200 -
[06/Aug/2026 15:25:51] "GET /Photos/2014/2014-12_%E6%9C%AA%E7%9F%A5%E5%9C%B0%E9%BB%9E/4C5BB35A-9666-42D6-A8F0-FEA133175323.jpeg HTTP/1.1" 200 -
[06/Aug/2026 15:25:51] "GET /Photos/2014/2014-12_%E6%9C%AA%E7%9F%A5%E5%9C%B0%E9%BB%9E/2308405C-4C7F-4EAF-851C-B39575B9CA83.jpeg HTTP/1.1" 200 -
[06/Aug/2026 15:25:51] "GET /Photos/2014/2014-12_%E6%9C%AA%E7%9F%A5%E5%9C%B0%E9%BB%9E/8C1D5235-842D-40FB-AAA0-39F5160415DB.jpeg HTTP/1.1" 200 -
[06/Aug/2026 15:25:51] "GET /Photos/2014/2014-12_%E6%9C%AA%E7%9F%A5%E5%9C%B0%E9%BB%9E/9F45A7B1-AD4D-41E6-A04E-2FF3679C2392.jpeg HTTP/1.1" 200 -
[06/Aug/2026 15:25:51] "GET /Photos/2014/2014-12_%E6%9C%AA%E7%9F%A5%E5%9C%B0%E9%BB%9E/A2FDB358-325E-4B1C-9E50-51671AB51E4A.jpeg HTTP/1.1" 200 -
[06/Aug/2026 15:25:51] "GET /Photos/2014/2014-12_%E6%9C%AA%E7%9F%A5%E5%9C%B0%E9%BB%9E/3DD42627-787B-41E5-BFE8-DBB2F43CB8E1.jpeg HTTP/1.1" 200 -
[06/Aug/2026 15:25:51] "GET /Photos/2014/2014-12_%E6%9C%AA%E7%9F%A5%E5%9C%B0%E9%BB%9E/0D491B81-CB71-44F2-88C6-0C9D0636FCD1.jpeg HTTP/1.1" 200 -
[06/Aug/2026 15:25:51] "GET /Photos/2014/2014-12_%E6%9C%AA%E7%9F%A5%E5%9C%B0%E9%BB%9E/190CB114-C353-488C-BCD4-049AAEC5176F.jpeg HTTP/1.1" 200 -
[06/Aug/2026 15:25:51] "GET /Photos/2014/2014-12_%E6%9C%AA%E7%9F%A5%E5%9C%B0%E9%BB%9E/4223628D-7346-493A-A49D-85FEF8B44B1D.jpeg HTTP/1.1" 200 -
[06/Aug/2026 15:25:51] "GET /Photos/2014/2014-12_%E6%9C%AA%E7%9F%A5%E5%9C%B0%E9%BB%9E/FA3D4C59-2463-423F-8798-AFB91FAF5A47.jpeg HTTP/1.1" 200 -
[06/Aug/2026 15:25:51] "GET /Photos/2014/2014-12_%E6%9C%AA%E7%9F%A5%E5%9C%B0%E9%BB%9E/1A1E1A00-733B-4AD3-99EE-25FF26A512FE.jpeg HTTP/1.1" 200 -
[06/Aug/2026 15:25:51] "GET /Photos/2014/2014-12_%E6%9C%AA%E7%9F%A5%E5%9C%B0%E9%BB%9E/991EE05C-A6FB-467F-B5D0-DC53CBD5C8EA.jpeg HTTP/1.1" 200 -
[06/Aug/2026 15:25:51] "GET /Photos/2014/2014-12_%E6%9C%AA%E7%9F%A5%E5%9C%B0%E9%BB%9E/5F1EACFA-C3F3-469B-BA32-3EA028D1D124.jpeg HTTP/1.1" 200 -
[06/Aug/2026 15:25:51] "GET /Photos/2014/2014-12_%E6%9C%AA%E7%9F%A5%E5%9C%B0%E9%BB%9E/C09FCEB0-9312-437E-B6B2-158FED93CA74.jpeg HTTP/1.1" 200 -
[06/Aug/2026 15:25:51] "GET /Photos/2014/2014-12_%E6%9C%AA%E7%9F%A5%E5%9C%B0%E9%BB%9E/6A078090-AC4C-4ED6-9FCC-0BFD6A6A3166.jpeg HTTP/1.1" 200 -
[06/Aug/2026 15:25:51] "GET /Photos/2014/2014-12_%E6%9C%AA%E7%9F%A5%E5%9C%B0%E9%BB%9E/F0E5D984-13B9-4A00-A2B8-006DC36A0EBB.jpeg HTTP/1.1" 200 -
[06/Aug/2026 15:25:51] "GET /Photos/2014/2014-12_%E6%9C%AA%E7%9F%A5%E5%9C%B0%E9%BB%9E/5048F534-01DB-4ADE-860F-6A465534A6C1.jpeg HTTP/1.1" 200 -
[06/Aug/2026 15:25:51] "GET /Photos/2014/2014-12_%E6%9C%AA%E7%9F%A5%E5%9C%B0%E9%BB%9E/7C72A833-0289-4ABF-9BC0-16D2AA37864F.jpeg HTTP/1.1" 200 -
[06/Aug/2026 15:25:51] "GET /Photos/2014/2014-12_%E6%9C%AA%E7%9F%A5%E5%9C%B0%E9%BB%9E/69149CC9-D9E0-443C-B619-9E528FBB21A0.jpeg HTTP/1.1" 200 -
[06/Aug/2026 15:25:51] "GET /Photos/2014/2014-12_%E6%9C%AA%E7%9F%A5%E5%9C%B0%E9%BB%9E/5C6FA681-6030-4DED-ACED-ACDB09D6359B.jpeg HTTP/1.1" 200 -
[06/Aug/2026 15:25:51] "GET /Photos/2014/2014-12_%E6%9C%AA%E7%9F%A5%E5%9C%B0%E9%BB%9E/AA424EC0-F375-4DAD-8132-F854DD4C08D2.jpeg HTTP/1.1" 200 -
[06/Aug/2026 15:25:51] "GET /Photos/2014/2014-12_%E6%9C%AA%E7%9F%A5%E5%9C%B0%E9%BB%9E/DBAA22CE-3333-432C-AAD0-85D12D80D224.jpeg HTTP/1.1" 200 -
[06/Aug/2026 15:25:51] "GET /Photos/2014/2014-12_%E6%9C%AA%E7%9F%A5%E5%9C%B0%E9%BB%9E/A9546861-CC4D-4D83-AC91-455D42CB8B17.jpeg HTTP/1.1" 200 -
[06/Aug/2026 15:25:51] "GET /Photos/2014/2014-12_%E6%9C%AA%E7%9F%A5%E5%9C%B0%E9%BB%9E/68A3C457-75EA-40CA-88FF-1ABCF5A493B7.jpeg HTTP/1.1" 200 -
[06/Aug/2026 15:25:51] "GET /Photos/2014/2014-12_%E6%9C%AA%E7%9F%A5%E5%9C%B0%E9%BB%9E/957A0EAD-8DEA-4CB3-8D70-D459D4DDCA5B.jpeg HTTP/1.1" 200 -
[06/Aug/2026 15:25:51] "GET /Photos/2014/2014-12_%E6%9C%AA%E7%9F%A5%E5%9C%B0%E9%BB%9E/F783E258-5D08-44A7-9E61-A7F3BDEDA4E9.jpeg HTTP/1.1" 200 -
[06/Aug/2026 15:25:51] "GET /Photos/2014/2014-12_%E6%9C%AA%E7%9F%A5%E5%9C%B0%E9%BB%9E/90EEC2AF-DB3D-471A-AC48-AE3DE40AC941.jpeg HTTP/1.1" 200 -
[06/Aug/2026 15:25:51] "GET /Photos/2014/2014-12_%E6%9C%AA%E7%9F%A5%E5%9C%B0%E9%BB%9E/B7118D07-4C5E-4F46-B10C-7E19197265C3.jpeg HTTP/1.1" 200 -
[06/Aug/2026 15:25:51] "GET /Photos/2014/2014-12_%E6%9C%AA%E7%9F%A5%E5%9C%B0%E9%BB%9E/AC38186F-A20F-41B5-AB73-806566623A53.jpeg HTTP/1.1" 200 -
[06/Aug/2026 15:25:51] "GET /Photos/2014/2014-08_%E6%9C%AA%E7%9F%A5%E5%9C%B0%E9%BB%9E/C4DF26CB-F4CE-4377-8B3D-281A94ECDF39.jpeg HTTP/1.1" 200 -
[06/Aug/2026 15:25:51] "GET /Photos/2014/2014-08_%E6%9C%AA%E7%9F%A5%E5%9C%B0%E9%BB%9E/D4781A7C-E665-4365-ABDA-D535BAF0F145.jpeg HTTP/1.1" 200 -
[06/Aug/2026 15:25:51] "GET /Photos/2014/2014-08_%E6%9C%AA%E7%9F%A5%E5%9C%B0%E9%BB%9E/652D5764-CB8D-4DE8-919C-4486341E8CBD.jpeg HTTP/1.1" 200 -
[06/Aug/2026 15:25:51] "GET /Photos/2014/2014-08_%E6%9C%AA%E7%9F%A5%E5%9C%B0%E9%BB%9E/A8ABE09B-7BF5-4CE5-8B88-AB16890E26BF.jpeg HTTP/1.1" 200 -
[06/Aug/2026 15:25:51] "GET /Photos/2014/2014-08_%E6%9C%AA%E7%9F%A5%E5%9C%B0%E9%BB%9E/048DA4E6-A3D9-4B3C-9566-B662118B7FF4.jpeg HTTP/1.1" 200 -
[06/Aug/2026 15:25:51] "GET /Photos/2014/2014-08_%E6%9C%AA%E7%9F%A5%E5%9C%B0%E9%BB%9E/ED773ADA-4F4C-4A01-BBAC-654AB1CE3639.jpeg HTTP/1.1" 200 -
[06/Aug/2026 15:25:51] "GET /Photos/2014/2014-08_%E6%9C%AA%E7%9F%A5%E5%9C%B0%E9%BB%9E/9DA2D871-AF52-4826-BC2E-E709A3C24BF7.jpeg HTTP/1.1" 200 -
[06/Aug/2026 15:25:51] "GET /Photos/2014/2014-08_%E6%9C%AA%E7%9F%A5%E5%9C%B0%E9%BB%9E/1E76CA58-C2EB-4143-8557-E69F37BB5FD4.jpeg HTTP/1.1" 200 -
[06/Aug/2026 15:25:52] "GET /Photos/2014/2014-08_%E6%9C%AA%E7%9F%A5%E5%9C%B0%E9%BB%9E/3CFCA2A8-CCC7-4EDE-8AF0-BD97FDC1D3D4.jpeg HTTP/1.1" 200 -
[06/Aug/2026 15:25:52] "GET /Photos/2014/2014-08_%E6%9C%AA%E7%9F%A5%E5%9C%B0%E9%BB%9E/DAD9F562-BE0F-46D3-A218-2DCE1A43C129.jpeg HTTP/1.1" 200 -
[06/Aug/2026 15:25:52] "GET /Photos/2014/2014-03_%E6%9C%AA%E7%9F%A5%E5%9C%B0%E9%BB%9E/471ABBC0-B250-427D-99F8-7235D8390657.jpeg HTTP/1.1" 200 -
[06/Aug/2026 15:25:52] "GET /Photos/2014/2014-03_%E6%9C%AA%E7%9F%A5%E5%9C%B0%E9%BB%9E/575699AB-7450-4E42-AF5B-3932B4D9F4AE.jpeg HTTP/1.1" 200 -
[06/Aug/2026 15:25:52] "GET /Photos/2014/2014-03_%E6%9C%AA%E7%9F%A5%E5%9C%B0%E9%BB%9E/1D669D80-8BA1-49A1-9DD6-C427FE47F564.jpeg HTTP/1.1" 200 -
[06/Aug/2026 15:25:52] "GET /Photos/2014/2014-03_%E6%9C%AA%E7%9F%A5%E5%9C%B0%E9%BB%9E/22CC0F36-D540-48EF-B366-13F3422161C3.jpeg HTTP/1.1" 200 -
[06/Aug/2026 15:25:52] "GET /Photos/2014/2014-03_%E6%9C%AA%E7%9F%A5%E5%9C%B0%E9%BB%9E/7DB4CC2F-925A-4186-9602-C2B8900B85C4.jpeg HTTP/1.1" 200 -
[06/Aug/2026 15:25:52] "GET /Photos/2014/2014-03_%E6%9C%AA%E7%9F%A5%E5%9C%B0%E9%BB%9E/B44E268A-9E78-4F47-923C-42F021F7910D.jpeg HTTP/1.1" 200 -
[06/Aug/2026 15:25:52] "GET /Photos/2014/2014-03_%E6%9C%AA%E7%9F%A5%E5%9C%B0%E9%BB%9E/FB23E1EE-DC76-4760-9212-8B4C7104E41E.jpeg HTTP/1.1" 200 -
[06/Aug/2026 15:25:52] "GET /Photos/2014/2014-03_%E6%9C%AA%E7%9F%A5%E5%9C%B0%E9%BB%9E/D2F3DF78-740A-4F7B-BFDF-AA29F0198757.jpeg HTTP/1.1" 200 -
[06/Aug/2026 15:25:52] "GET /Photos/2014/2014-03_%E6%9C%AA%E7%9F%A5%E5%9C%B0%E9%BB%9E/B706E03F-87C2-4F06-BFA3-06378FBC1E50.jpeg HTTP/1.1" 200 -
[06/Aug/2026 15:25:52] "GET /Photos/2014/2014-03_%E6%9C%AA%E7%9F%A5%E5%9C%B0%E9%BB%9E/0716522C-2B72-4449-9B4C-2FA67095015F.jpeg HTTP/1.1" 200 -
[06/Aug/2026 15:25:52] "GET /Photos/2014/2014-03_%E6%9C%AA%E7%9F%A5%E5%9C%B0%E9%BB%9E/3130E583-9CD6-4137-AC60-96C9EB28EDF0.jpeg HTTP/1.1" 200 -
[06/Aug/2026 15:25:52] "GET /Photos/2014/2014-03_%E6%9C%AA%E7%9F%A5%E5%9C%B0%E9%BB%9E/1099A546-B091-4DFC-A50A-2100069E28CF.jpeg HTTP/1.1" 200 -
[06/Aug/2026 15:25:52] "GET /Photos/2014/2014-03_%E6%9C%AA%E7%9F%A5%E5%9C%B0%E9%BB%9E/CD57BE3F-E3B0-4D78-A27B-16BE29FC5076.jpeg HTTP/1.1" 200 -
[06/Aug/2026 15:25:52] "GET /Photos/2014/2014-03_%E6%9C%AA%E7%9F%A5%E5%9C%B0%E9%BB%9E/93D19DB0-0A28-43C8-A890-E2840793D970.jpeg HTTP/1.1" 200 -
[06/Aug/2026 15:25:52] "GET /Photos/2014/2014-03_%E6%9C%AA%E7%9F%A5%E5%9C%B0%E9%BB%9E/9F3BF8FB-BED5-4274-9823-D23BFE3342E2.jpeg HTTP/1.1" 200 -
[06/Aug/2026 15:25:52] "GET /Photos/2014/2014-03_%E6%9C%AA%E7%9F%A5%E5%9C%B0%E9%BB%9E/A45BDB78-DFE3-4D4A-995E-70E3C138E9D0.jpeg HTTP/1.1" 200 -
[06/Aug/2026 15:25:52] "GET /Photos/2014/2014-03_%E6%9C%AA%E7%9F%A5%E5%9C%B0%E9%BB%9E/BA3B6A8E-F456-45CE-BAB4-BEDF12239B0D.jpeg HTTP/1.1" 200 -
[06/Aug/2026 15:25:52] "GET /Photos/2014/2014-03_%E6%9C%AA%E7%9F%A5%E5%9C%B0%E9%BB%9E/092A0973-9B1C-474F-B260-65504E546F69_1_201_a.jpeg HTTP/1.1" 200 -
[06/Aug/2026 15:25:52] "GET /Photos/2014/2014-03_%E6%9C%AA%E7%9F%A5%E5%9C%B0%E9%BB%9E/4852FFAD-7FD5-407E-8766-93317FFB1D88.jpeg HTTP/1.1" 200 -
[06/Aug/2026 15:25:52] "GET /Photos/2014/2014-03_%E6%9C%AA%E7%9F%A5%E5%9C%B0%E9%BB%9E/AA88ADD7-F3A7-49C1-8BE9-1DF1DBA5BC4C.jpeg HTTP/1.1" 200 -
[06/Aug/2026 15:25:52] "GET /Photos/2014/2014-03_%E6%9C%AA%E7%9F%A5%E5%9C%B0%E9%BB%9E/9E4EB109-F259-4B9C-B200-C36498E3F80A.jpeg HTTP/1.1" 200 -
[06/Aug/2026 15:25:52] "GET /Photos/2014/2014-03_%E6%9C%AA%E7%9F%A5%E5%9C%B0%E9%BB%9E/70F2E835-9AED-42F8-8772-95650EFB5058.jpeg HTTP/1.1" 200 -
[06/Aug/2026 15:25:52] "GET /Photos/2014/2014-03_%E6%9C%AA%E7%9F%A5%E5%9C%B0%E9%BB%9E/96AD719D-3263-46F1-82B1-949CD6D18FDE.jpeg HTTP/1.1" 200 -
[06/Aug/2026 15:25:52] "GET /Photos/2014/2014-03_%E6%9C%AA%E7%9F%A5%E5%9C%B0%E9%BB%9E/CA6816D9-DBCF-4241-B13E-4CC1BD0587B3.jpeg HTTP/1.1" 200 -
[06/Aug/2026 15:25:52] "GET /Photos/2014/2014-03_%E6%9C%AA%E7%9F%A5%E5%9C%B0%E9%BB%9E/FFB73825-21D5-4CE6-B9C6-E2CE6CFF3F83.jpeg HTTP/1.1" 200 -
[06/Aug/2026 15:25:52] "GET /Photos/2014/2014-03_%E6%9C%AA%E7%9F%A5%E5%9C%B0%E9%BB%9E/4744198A-F51C-4344-9549-A3C5941C0954.jpeg HTTP/1.1" 200 -
[06/Aug/2026 15:25:52] "GET /Photos/2014/2014-03_%E6%9C%AA%E7%9F%A5%E5%9C%B0%E9%BB%9E/EF5661CF-340B-4332-AFC9-9EECB9DF8F59_1_201_a.jpeg HTTP/1.1" 200 -
[06/Aug/2026 15:25:52] "GET /Photos/2014/2014-03_%E6%9C%AA%E7%9F%A5%E5%9C%B0%E9%BB%9E/8404A1E0-4F6B-4516-8B02-B9538894F745.jpeg HTTP/1.1" 200 -
[06/Aug/2026 15:25:52] "GET /Photos/2014/2014-03_%E6%9C%AA%E7%9F%A5%E5%9C%B0%E9%BB%9E/B16AF03B-B1E6-4EE4-A463-826B748C8A80.jpeg HTTP/1.1" 200 -
[06/Aug/2026 15:25:52] "GET /Photos/2014/2014-03_%E6%9C%AA%E7%9F%A5%E5%9C%B0%E9%BB%9E/F21EC8B0-1648-41C5-82F6-4FAFDA416E16.jpeg HTTP/1.1" 200 -
[06/Aug/2026 15:25:52] "GET /Photos/2014/2014-03_%E6%9C%AA%E7%9F%A5%E5%9C%B0%E9%BB%9E/66E35E88-39C7-4FEE-9BE6-05186BBEB9F8_1_201_a.jpeg HTTP/1.1" 200 -
[06/Aug/2026 15:25:52] "GET /Photos/2014/2014-03_%E6%9C%AA%E7%9F%A5%E5%9C%B0%E9%BB%9E/57010CEF-9B8A-48C0-9D73-9CDA2A1E35C1.jpeg HTTP/1.1" 200 -
[06/Aug/2026 15:25:52] "GET /Photos/2014/2014-03_%E6%9C%AA%E7%9F%A5%E5%9C%B0%E9%BB%9E/05107094-AD6B-4380-ACC8-776F94BEA355.jpeg HTTP/1.1" 200 -
[06/Aug/2026 15:25:52] "GET /Photos/2014/2014-03_%E6%9C%AA%E7%9F%A5%E5%9C%B0%E9%BB%9E/B9206430-9A56-4FF7-93A6-E0CC851322A1.jpeg HTTP/1.1" 200 -
[06/Aug/2026 15:25:52] "GET /Photos/2014/2014-03_%E6%9C%AA%E7%9F%A5%E5%9C%B0%E9%BB%9E/D98EC535-AB23-48F1-A1F3-EC594A4D73F4.jpeg HTTP/1.1" 200 -
[06/Aug/2026 15:25:52] "GET /Photos/2014/2014-03_%E6%9C%AA%E7%9F%A5%E5%9C%B0%E9%BB%9E/F1862739-4A8D-49F6-80F1-AB126F2218E5.jpeg HTTP/1.1" 200 -
[06/Aug/2026 15:25:52] "GET /Photos/2014/2014-03_%E6%9C%AA%E7%9F%A5%E5%9C%B0%E9%BB%9E/7B16FC97-646F-44A9-B154-90DDFB01478D.jpeg HTTP/1.1" 200 -
[06/Aug/2026 15:25:52] "GET /Photos/2014/2014-03_%E6%9C%AA%E7%9F%A5%E5%9C%B0%E9%BB%9E/ACAE0091-49BB-4709-96F4-763B83A19822.jpeg HTTP/1.1" 200 -
[06/Aug/2026 15:25:52] "GET /Photos/2014/2014-03_%E6%9C%AA%E7%9F%A5%E5%9C%B0%E9%BB%9E/82EC8A5B-D4E0-48B4-A629-BF58C1ADC8AB.jpeg HTTP/1.1" 200 -
[06/Aug/2026 15:25:52] "GET /Photos/2014/2014-03_%E6%9C%AA%E7%9F%A5%E5%9C%B0%E9%BB%9E/D1BB25AB-226C-4B4D-B1B6-02DD3CD4ECE7.jpeg HTTP/1.1" 200 -
[06/Aug/2026 15:25:52] "GET /Photos/2014/2014-03_%E6%9C%AA%E7%9F%A5%E5%9C%B0%E9%BB%9E/7917BCF8-05CB-45D8-81BA-AEC48ACCD723.jpeg HTTP/1.1" 200 -
[06/Aug/2026 15:25:52] "GET /Photos/2014/2014-03_%E6%9C%AA%E7%9F%A5%E5%9C%B0%E9%BB%9E/C5C57DE5-F774-4D90-BC10-D719CA1E9DEE.jpeg HTTP/1.1" 200 -
[06/Aug/2026 15:25:52] "GET /Photos/2014/2014-03_%E6%9C%AA%E7%9F%A5%E5%9C%B0%E9%BB%9E/BABB07A0-2C29-4CAB-800A-C25FF59BAE26.jpeg HTTP/1.1" 200 -
[06/Aug/2026 15:25:52] "GET /Photos/2014/2014-03_%E6%9C%AA%E7%9F%A5%E5%9C%B0%E9%BB%9E/49300BBD-A039-412D-B247-7B82C33298A0.jpeg HTTP/1.1" 200 -
[06/Aug/2026 15:25:52] "GET /Photos/2014/2014-03_%E6%9C%AA%E7%9F%A5%E5%9C%B0%E9%BB%9E/D908BB9F-7903-4153-AA93-61C2FCAA788A.jpeg HTTP/1.1" 200 -
[06/Aug/2026 15:25:52] "GET /Photos/2014/2014-03_%E6%9C%AA%E7%9F%A5%E5%9C%B0%E9%BB%9E/0531F870-37DD-432B-A242-5DF7509C313C.jpeg HTTP/1.1" 200 -
[06/Aug/2026 15:25:52] "GET /Photos/2014/2014-03_%E6%9C%AA%E7%9F%A5%E5%9C%B0%E9%BB%9E/1914AE55-3E35-47EF-B3B4-0B0E61C3CC24_1_201_a.jpeg HTTP/1.1" 200 -
[06/Aug/2026 15:25:52] "GET /Photos/2014/2014-03_%E6%9C%AA%E7%9F%A5%E5%9C%B0%E9%BB%9E/685287CD-E05B-48F3-938B-DB0DBB3855CF.jpeg HTTP/1.1" 200 -
[06/Aug/2026 15:25:52] "GET /Photos/2014/2014-03_%E6%9C%AA%E7%9F%A5%E5%9C%B0%E9%BB%9E/353A3358-85A9-4448-B4E5-AB12FD3141C4.jpeg HTTP/1.1" 200 -
[06/Aug/2026 15:25:52] "GET /Photos/2014/2014-03_%E6%9C%AA%E7%9F%A5%E5%9C%B0%E9%BB%9E/C5ED1263-1231-468C-91A1-119A41AEBBC2.jpeg HTTP/1.1" 200 -
[06/Aug/2026 15:25:52] "GET /Photos/2014/2014-03_%E6%9C%AA%E7%9F%A5%E5%9C%B0%E9%BB%9E/C8693ADE-FB93-4516-A10B-599198B80C9F.jpeg HTTP/1.1" 200 -
[06/Aug/2026 15:25:52] "GET /Photos/2014/2014-03_%E6%9C%AA%E7%9F%A5%E5%9C%B0%E9%BB%9E/CE8074C6-9D2F-42CB-A556-B3F12B1F6D5F.jpeg HTTP/1.1" 200 -
[06/Aug/2026 15:25:52] "GET /Photos/2014/2014-03_%E6%9C%AA%E7%9F%A5%E5%9C%B0%E9%BB%9E/C27A2AD7-627D-4F28-80E1-82D46F512C24.jpeg HTTP/1.1" 200 -
[06/Aug/2026 15:25:52] "GET /Photos/2014/2014-03_%E6%9C%AA%E7%9F%A5%E5%9C%B0%E9%BB%9E/EBC5D272-9ABB-4730-92A1-C6FE73CD1EF2.jpeg HTTP/1.1" 200 -
[06/Aug/2026 15:25:52] "GET /Photos/2014/2014-03_%E6%9C%AA%E7%9F%A5%E5%9C%B0%E9%BB%9E/F83B112C-7D1E-46AE-8081-40C9D2BD005E.jpeg HTTP/1.1" 200 -
[06/Aug/2026 15:25:52] "GET /Photos/2014/2014-03_%E6%9C%AA%E7%9F%A5%E5%9C%B0%E9%BB%9E/4B9BC8B8-6E02-4383-8219-7B1C93B4D429_1_201_a.jpeg HTTP/1.1" 200 -
[06/Aug/2026 15:25:52] "GET /Photos/2014/2014-03_%E6%9C%AA%E7%9F%A5%E5%9C%B0%E9%BB%9E/03BF0E8B-9819-4C85-9A6B-E493BF9A2AF1.jpeg HTTP/1.1" 200 -
[06/Aug/2026 15:25:52] "GET /Photos/2014/2014-03_%E6%9C%AA%E7%9F%A5%E5%9C%B0%E9%BB%9E/1521FDEA-9A3F-45C3-AE19-F88D0DD40B8B.jpeg HTTP/1.1" 200 -
[06/Aug/2026 15:25:52] "GET /Photos/2014/2014-03_%E6%9C%AA%E7%9F%A5%E5%9C%B0%E9%BB%9E/E753C0A3-D96B-48DE-9C3F-CA513FCC75A6.jpeg HTTP/1.1" 200 -
[06/Aug/2026 15:25:52] "GET /Photos/2014/2014-03_%E6%9C%AA%E7%9F%A5%E5%9C%B0%E9%BB%9E/FAA0D50A-4AD0-4980-BF26-E1ADC0AC3F81.jpeg HTTP/1.1" 200 -
[06/Aug/2026 15:25:52] "GET /Photos/2014/2014-03_%E6%9C%AA%E7%9F%A5%E5%9C%B0%E9%BB%9E/D7DBD6F9-69E9-4A4B-B182-719C8256033E.jpeg HTTP/1.1" 200 -
[06/Aug/2026 15:25:52] "GET /Photos/2014/2014-03_%E6%9C%AA%E7%9F%A5%E5%9C%B0%E9%BB%9E/FD222BA7-A177-425D-9F02-7B3DCAC16F5C.jpeg HTTP/1.1" 200 -
[06/Aug/2026 15:25:52] "GET /Photos/2014/2014-03_%E6%9C%AA%E7%9F%A5%E5%9C%B0%E9%BB%9E/0DB34B7A-551B-4817-9741-4401CF56801B.jpeg HTTP/1.1" 200 -
[06/Aug/2026 15:25:52] "GET /Photos/2014/2014-03_%E6%9C%AA%E7%9F%A5%E5%9C%B0%E9%BB%9E/FD0DB564-279F-403F-89D2-F76AE927813B.jpeg HTTP/1.1" 200 -
[06/Aug/2026 15:25:52] "GET /Photos/2014/2014-02_%E6%9C%AA%E7%9F%A5%E5%9C%B0%E9%BB%9E/069EA691-B3DA-4039-8ECF-720801345B9E.jpeg HTTP/1.1" 200 -
[06/Aug/2026 15:25:52] "GET /Photos/2014/2014-02_%E6%9C%AA%E7%9F%A5%E5%9C%B0%E9%BB%9E/56B9270A-0480-4D4D-8F59-1039E6959190.jpeg HTTP/1.1" 200 -
[06/Aug/2026 15:25:52] "GET /Photos/2014/2014-02_%E6%9C%AA%E7%9F%A5%E5%9C%B0%E9%BB%9E/431851F8-0D99-457F-843A-EFDD870A7733.jpeg HTTP/1.1" 200 -
[06/Aug/2026 15:25:52] "GET /Photos/2014/2014-02_%E6%9C%AA%E7%9F%A5%E5%9C%B0%E9%BB%9E/85B07330-1F6F-4208-9967-CBC292BDB17A.jpeg HTTP/1.1" 200 -
[06/Aug/2026 15:25:52] "GET /Photos/2014/2014-02_%E6%9C%AA%E7%9F%A5%E5%9C%B0%E9%BB%9E/69D75DEF-F523-40DD-8546-8E66E1018CC0.jpeg HTTP/1.1" 200 -
[06/Aug/2026 15:25:52] "GET /Photos/2014/2014-02_%E6%9C%AA%E7%9F%A5%E5%9C%B0%E9%BB%9E/0888E135-A48E-46AB-AECB-7CE1D0717A88.jpeg HTTP/1.1" 200 -
[06/Aug/2026 15:25:52] "GET /Photos/2014/2014-02_%E6%9C%AA%E7%9F%A5%E5%9C%B0%E9%BB%9E/72B0248B-2A15-4C8B-B8DF-705CF1D1E97D.jpeg HTTP/1.1" 200 -
[06/Aug/2026 15:25:52] "GET /Photos/2014/2014-02_%E6%9C%AA%E7%9F%A5%E5%9C%B0%E9%BB%9E/739F87CF-89E3-4E41-85BE-AEDF7D318ED8.jpeg HTTP/1.1" 200 -
[06/Aug/2026 15:25:52] "GET /Photos/2014/2014-02_%E6%9C%AA%E7%9F%A5%E5%9C%B0%E9%BB%9E/69F507EB-BDD4-482D-BA63-55BF8E49E102.jpeg HTTP/1.1" 200 -
[06/Aug/2026 15:25:52] "GET /Photos/2014/2014-02_%E6%9C%AA%E7%9F%A5%E5%9C%B0%E9%BB%9E/21D4FAE6-0BE2-4FE2-AC04-B7108AB262A6.jpeg HTTP/1.1" 200 -
[06/Aug/2026 15:25:52] "GET /Photos/2014/2014-02_%E6%9C%AA%E7%9F%A5%E5%9C%B0%E9%BB%9E/5285378A-9483-4115-8E95-9FAC80907975.jpeg HTTP/1.1" 200 -
[06/Aug/2026 15:25:52] "GET /Photos/2014/2014-02_%E6%9C%AA%E7%9F%A5%E5%9C%B0%E9%BB%9E/D34EA892-FC17-4555-910C-2669E287D76A.jpeg HTTP/1.1" 200 -
[06/Aug/2026 15:25:52] "GET /Photos/2014/2014-02_%E6%9C%AA%E7%9F%A5%E5%9C%B0%E9%BB%9E/8CC1135E-45DE-4AD8-8B01-3A95CD2316CB.jpeg HTTP/1.1" 200 -
[06/Aug/2026 15:25:52] "GET /Photos/2014/2014-02_%E6%9C%AA%E7%9F%A5%E5%9C%B0%E9%BB%9E/3CF0B155-2E1A-4AA3-A352-C528FF8968B2.jpeg HTTP/1.1" 200 -
[06/Aug/2026 15:25:52] "GET /Photos/2022/2022-05_%E6%9C%AA%E7%9F%A5%E5%9C%B0%E9%BB%9E/IMG_2048.JPG HTTP/1.1" 200 -
[06/Aug/2026 15:25:52] "GET /Photos/2022/2022-05_%E6%9C%AA%E7%9F%A5%E5%9C%B0%E9%BB%9E/IMG_2049.JPG HTTP/1.1" 200 -
[06/Aug/2026 15:25:52] "GET /Photos/2022/2022-05_%E6%9C%AA%E7%9F%A5%E5%9C%B0%E9%BB%9E/IMG_1823.JPG HTTP/1.1" 200 -
[06/Aug/2026 15:25:52] "GET /Photos/2022/2022-05_%E6%9C%AA%E7%9F%A5%E5%9C%B0%E9%BB%9E/IMG_2084.JPG HTTP/1.1" 200 -
[06/Aug/2026 15:25:52] "GET /Photos/2022/2022-05_%E6%9C%AA%E7%9F%A5%E5%9C%B0%E9%BB%9E/IMG_2047.JPG HTTP/1.1" 200 -
[06/Aug/2026 15:25:52] "GET /Photos/2022/2022-05_%E6%9C%AA%E7%9F%A5%E5%9C%B0%E9%BB%9E/IMG_2046.JPG HTTP/1.1" 200 -
[06/Aug/2026 15:25:52] "GET /Photos/2022/2022-05_%E6%9C%AA%E7%9F%A5%E5%9C%B0%E9%BB%9E/IMG_2045.JPG HTTP/1.1" 200 -
[06/Aug/2026 15:25:52] "GET /Photos/2022/2022-05_%E6%9C%AA%E7%9F%A5%E5%9C%B0%E9%BB%9E/IMG_2044.JPG HTTP/1.1" 200 -
[06/Aug/2026 15:25:52] "GET /Photos/2022/2022-05_%E6%9C%AA%E7%9F%A5%E5%9C%B0%E9%BB%9E/IMG_2082.JPG HTTP/1.1" 200 -
[06/Aug/2026 15:25:52] "GET /Photos/2022/2022-05_%E6%9C%AA%E7%9F%A5%E5%9C%B0%E9%BB%9E/IMG_2083.JPG HTTP/1.1" 200 -
[06/Aug/2026 15:25:52] "GET /Photos/2022/2022-05_%E6%9C%AA%E7%9F%A5%E5%9C%B0%E9%BB%9E/IMG_2081.JPG HTTP/1.1" 200 -
[06/Aug/2026 15:25:52] "GET /Photos/2022/2022-05_%E6%9C%AA%E7%9F%A5%E5%9C%B0%E9%BB%9E/IMG_2042.JPG HTTP/1.1" 200 -
[06/Aug/2026 15:25:52] "GET /Photos/2022/2022-05_%E6%9C%AA%E7%9F%A5%E5%9C%B0%E9%BB%9E/IMG_2080.JPG HTTP/1.1" 200 -
[06/Aug/2026 15:25:52] "GET /Photos/2022/2022-05_%E6%9C%AA%E7%9F%A5%E5%9C%B0%E9%BB%9E/IMG_2043.JPG HTTP/1.1" 200 -
[06/Aug/2026 15:25:52] "GET /Photos/2023/2023-01_%E6%9C%AA%E7%9F%A5%E5%9C%B0%E9%BB%9E/IMG_2987.JPG HTTP/1.1" 200 -
[06/Aug/2026 15:25:52] "GET /Photos/2023/2023-06_%E6%9C%AA%E7%9F%A5%E5%9C%B0%E9%BB%9E/IMG_3618.JPG HTTP/1.1" 200 -
[06/Aug/2026 15:25:52] "GET /Photos/2023/2023-01_%E6%9C%AA%E7%9F%A5%E5%9C%B0%E9%BB%9E/IMG_2997.JPG HTTP/1.1" 200 -
[06/Aug/2026 15:25:52] "GET /Photos/2023/2023-06_%E6%9C%AA%E7%9F%A5%E5%9C%B0%E9%BB%9E/IMG_3615.JPG HTTP/1.1" 200 -
[06/Aug/2026 15:25:52] "GET /Photos/2023/2023-01_%E6%9C%AA%E7%9F%A5%E5%9C%B0%E9%BB%9E/IMG_2996.JPG HTTP/1.1" 200 -
[06/Aug/2026 15:25:52] "GET /Photos/2023/2023-01_%E6%9C%AA%E7%9F%A5%E5%9C%B0%E9%BB%9E/IMG_2998.JPG HTTP/1.1" 200 -
[06/Aug/2026 15:25:52] "GET /Photos/2023/2023-06_%E6%9C%AA%E7%9F%A5%E5%9C%B0%E9%BB%9E/IMG_3614.JPG HTTP/1.1" 200 -
[06/Aug/2026 15:25:52] "GET /Photos/2023/2023-06_%E6%9C%AA%E7%9F%A5%E5%9C%B0%E9%BB%9E/IMG_3616.JPG HTTP/1.1" 200 -
[06/Aug/2026 15:25:52] "GET /Photos/2023/2023-06_%E6%9C%AA%E7%9F%A5%E5%9C%B0%E9%BB%9E/IMG_3576.JPG HTTP/1.1" 200 -
[06/Aug/2026 15:25:52] "GET /Photos/2023/2023-10_%E6%9C%AA%E7%9F%A5%E5%9C%B0%E9%BB%9E/4941096403330738135.350e7875997359edc655e1debaa8e016.23102308.JPG HTTP/1.1" 200 -
[06/Aug/2026 15:25:53] "GET /Photos/2023/2023-10_%E6%9C%AA%E7%9F%A5%E5%9C%B0%E9%BB%9E/IMG_4138.JPG HTTP/1.1" 200 -
[06/Aug/2026 15:25:53] "GET /Photos/2023/2023-10_%E6%9C%AA%E7%9F%A5%E5%9C%B0%E9%BB%9E/IMG_4139.JPG HTTP/1.1" 200 -
[06/Aug/2026 15:25:53] "GET /Photos/2023/2023-10_%E6%9C%AA%E7%9F%A5%E5%9C%B0%E9%BB%9E/4941096403330738135.83dbc18c624099c1a8ba5304c9d8dd27.23102308.JPG HTTP/1.1" 200 -
[06/Aug/2026 15:25:53] "GET /Photos/2023/2023-10_%E6%9C%AA%E7%9F%A5%E5%9C%B0%E9%BB%9E/4941096403330738135.a7333bc670b0d0980f1215b5b8080820.23102308.JPG HTTP/1.1" 200 -
[06/Aug/2026 15:25:53] "GET /Photos/2023/2023-06_%E6%9C%AA%E7%9F%A5%E5%9C%B0%E9%BB%9E/IMG_3613.JPG HTTP/1.1" 200 -
[06/Aug/2026 15:25:53] "GET /Photos/2023/2023-06_%E6%9C%AA%E7%9F%A5%E5%9C%B0%E9%BB%9E/IMG_3617.JPG HTTP/1.1" 200 -
[06/Aug/2026 15:25:53] "GET /Photos/2023/2023-10_%E6%9C%AA%E7%9F%A5%E5%9C%B0%E9%BB%9E/4941096403330738135.953519dded85119a59512a29022b2394.23102308.JPG HTTP/1.1" 200 -
[06/Aug/2026 15:25:53] "GET /Photos/2023/2023-10_%E6%9C%AA%E7%9F%A5%E5%9C%B0%E9%BB%9E/4941096403330738135.67c17f5d3e71d5e9cd13e2c7ddca93c3.23102308.JPG HTTP/1.1" 200 -
[06/Aug/2026 15:25:53] "GET /Photos/2023/2023-10_%E6%9C%AA%E7%9F%A5%E5%9C%B0%E9%BB%9E/4941096403330738135.97fde932e83d57f48c65b9c0b1521b35.23102308.JPG HTTP/1.1" 200 -
[06/Aug/2026 15:25:53] "GET /Photos/2023/2023-10_%E6%9C%AA%E7%9F%A5%E5%9C%B0%E9%BB%9E/IMG_4153.JPG HTTP/1.1" 200 -
[06/Aug/2026 15:25:53] "GET /Photos/2023/2023-10_%E6%9C%AA%E7%9F%A5%E5%9C%B0%E9%BB%9E/4941096403330738135.2299f60fc8156e84900a89ebb685ccb1.23102308.JPG HTTP/1.1" 200 -
[06/Aug/2026 15:25:53] "GET /Photos/2023/2023-10_%E6%9C%AA%E7%9F%A5%E5%9C%B0%E9%BB%9E/IMG_4144.JPG HTTP/1.1" 200 -
[06/Aug/2026 15:25:53] "GET /Photos/2023/2023-10_%E6%9C%AA%E7%9F%A5%E5%9C%B0%E9%BB%9E/IMG_4140.JPG HTTP/1.1" 200 -
[06/Aug/2026 15:25:53] "GET /Photos/2023/2023-10_%E6%9C%AA%E7%9F%A5%E5%9C%B0%E9%BB%9E/IMG_4141.JPG HTTP/1.1" 200 -
[06/Aug/2026 15:25:53] "GET /Photos/2023/2023-10_%E6%9C%AA%E7%9F%A5%E5%9C%B0%E9%BB%9E/IMG_4143.JPG HTTP/1.1" 200 -
[06/Aug/2026 15:25:53] "GET /Photos/2023/2023-10_%E6%9C%AA%E7%9F%A5%E5%9C%B0%E9%BB%9E/4941096403330738135.bb2dc322e2728380e3cc708d25b9fbd4.23102308.JPG HTTP/1.1" 200 -
[06/Aug/2026 15:25:53] "GET /Photos/2023/2023-10_%E6%9C%AA%E7%9F%A5%E5%9C%B0%E9%BB%9E/IMG_4142.JPG HTTP/1.1" 200 -
[06/Aug/2026 15:25:53] "GET /Photos/2023/2023-10_%E6%9C%AA%E7%9F%A5%E5%9C%B0%E9%BB%9E/4941096403330738135.f2f98c678922fd7f8e673d02f8d6c85f.23102308.JPG HTTP/1.1" 200 -
[06/Aug/2026 15:25:53] "GET /Photos/2023/2023-10_%E6%9C%AA%E7%9F%A5%E5%9C%B0%E9%BB%9E/4941096403330738135.61372dd792b903e0352fa2177a119771.23102308.JPG HTTP/1.1" 200 -
[06/Aug/2026 15:25:53] "GET /Photos/2023/2023-10_%E6%9C%AA%E7%9F%A5%E5%9C%B0%E9%BB%9E/IMG_3995.JPG HTTP/1.1" 200 -
[06/Aug/2026 15:25:53] "GET /Photos/2023/2023-10_%E6%9C%AA%E7%9F%A5%E5%9C%B0%E9%BB%9E/IMG_4137.JPG HTTP/1.1" 200 -
[06/Aug/2026 15:25:53] "GET /Photos/2023/2023-10_%E6%9C%AA%E7%9F%A5%E5%9C%B0%E9%BB%9E/IMG_4136.JPG HTTP/1.1" 200 -
[06/Aug/2026 15:25:53] "GET /Photos/2023/2023-10_%E6%9C%AA%E7%9F%A5%E5%9C%B0%E9%BB%9E/4941096403330738135.5be61fb26e1b3f738e3b9b3430d564aa.23102308.JPG HTTP/1.1" 200 -
[06/Aug/2026 15:25:53] "GET /Photos/2023/2023-10_%E6%9C%AA%E7%9F%A5%E5%9C%B0%E9%BB%9E/IMG_4081.JPG HTTP/1.1" 200 -
[06/Aug/2026 15:25:53] "GET /Photos/2023/2023-10_%E6%9C%AA%E7%9F%A5%E5%9C%B0%E9%BB%9E/4941096403330738135.f8fe1be501afd7bb7a9987acb6d40e3e.23102308.JPG HTTP/1.1" 200 -
[06/Aug/2026 15:25:53] "GET /Photos/2023/2023-10_%E6%9C%AA%E7%9F%A5%E5%9C%B0%E9%BB%9E/IMG_4135.JPG HTTP/1.1" 200 -
[06/Aug/2026 15:25:53] "GET /Photos/2023/2023-10_%E6%9C%AA%E7%9F%A5%E5%9C%B0%E9%BB%9E/IMG_4082.JPG HTTP/1.1" 200 -
[06/Aug/2026 15:25:53] "GET /Photos/2023/2023-11_%E6%9C%AA%E7%9F%A5%E5%9C%B0%E9%BB%9E/DSC03104.JPG HTTP/1.1" 200 -
[06/Aug/2026 15:25:53] "GET /Photos/2023/2023-11_%E6%9C%AA%E7%9F%A5%E5%9C%B0%E9%BB%9E/Trail-Map-23-24-2048x1759.JPG HTTP/1.1" 200 -
[06/Aug/2026 15:25:53] "GET /Photos/2023/2023-11_%E6%9C%AA%E7%9F%A5%E5%9C%B0%E9%BB%9E/DSC03105.JPG HTTP/1.1" 200 -
[06/Aug/2026 15:25:53] "GET /Photos/2023/2023-07_%E6%9C%AA%E7%9F%A5%E5%9C%B0%E9%BB%9E/IMG_8556.jpeg HTTP/1.1" 200 -
[06/Aug/2026 15:25:53] "GET /Photos/2023/2023-11_%E6%9C%AA%E7%9F%A5%E5%9C%B0%E9%BB%9E/DSC03106.JPG HTTP/1.1" 200 -
[06/Aug/2026 15:25:53] "GET /Photos/2023/2023-07_%E6%9C%AA%E7%9F%A5%E5%9C%B0%E9%BB%9E/IMG_8560.jpeg HTTP/1.1" 200 -
[06/Aug/2026 15:25:53] "GET /Photos/2023/2023-07_%E6%9C%AA%E7%9F%A5%E5%9C%B0%E9%BB%9E/IMG_8561.jpeg HTTP/1.1" 200 -
[06/Aug/2026 15:25:53] "GET /Photos/2023/2023-07_%E6%9C%AA%E7%9F%A5%E5%9C%B0%E9%BB%9E/IMG_8557.jpeg HTTP/1.1" 200 -
[06/Aug/2026 15:25:53] "GET /Photos/2023/2023-07_%E6%9C%AA%E7%9F%A5%E5%9C%B0%E9%BB%9E/IMG_3684.JPG HTTP/1.1" 200 -
[06/Aug/2026 15:25:53] "GET /Photos/2023/2023-07_%E6%9C%AA%E7%9F%A5%E5%9C%B0%E9%BB%9E/IMG_8550.jpeg HTTP/1.1" 200 -
[06/Aug/2026 15:25:53] "GET /Photos/2023/2023-07_%E6%9C%AA%E7%9F%A5%E5%9C%B0%E9%BB%9E/IMG_8551.jpeg HTTP/1.1" 200 -
[06/Aug/2026 15:25:53] "GET /Photos/2023/2023-07_%E6%9C%AA%E7%9F%A5%E5%9C%B0%E9%BB%9E/IMG_8547.jpeg HTTP/1.1" 200 -
[06/Aug/2026 15:25:53] "GET /Photos/2023/2023-07_%E6%9C%AA%E7%9F%A5%E5%9C%B0%E9%BB%9E/IMG_8564.jpeg HTTP/1.1" 200 -
[06/Aug/2026 15:25:53] "GET /Photos/2023/2023-07_%E6%9C%AA%E7%9F%A5%E5%9C%B0%E9%BB%9E/IMG_8548.jpeg HTTP/1.1" 200 -
[06/Aug/2026 15:25:53] "GET /Photos/2023/2023-07_%E6%9C%AA%E7%9F%A5%E5%9C%B0%E9%BB%9E/IMG_8552.jpeg HTTP/1.1" 200 -
[06/Aug/2026 15:25:53] "GET /Photos/2023/2023-07_%E6%9C%AA%E7%9F%A5%E5%9C%B0%E9%BB%9E/IMG_8553.jpeg HTTP/1.1" 200 -
[06/Aug/2026 15:25:53] "GET /Photos/2023/2023-07_%E6%9C%AA%E7%9F%A5%E5%9C%B0%E9%BB%9E/IMG_8549.jpeg HTTP/1.1" 200 -
[06/Aug/2026 15:25:53] "GET /Photos/2023/2023-07_%E6%9C%AA%E7%9F%A5%E5%9C%B0%E9%BB%9E/IMG_8565.jpeg HTTP/1.1" 200 -
[06/Aug/2026 15:25:53] "GET /Photos/2023/2023-07_%E6%9C%AA%E7%9F%A5%E5%9C%B0%E9%BB%9E/IMG_8554.jpeg HTTP/1.1" 200 -
[06/Aug/2026 15:25:53] "GET /Photos/2023/2023-07_%E6%9C%AA%E7%9F%A5%E5%9C%B0%E9%BB%9E/IMG_8562.jpeg HTTP/1.1" 200 -
[06/Aug/2026 15:25:53] "GET /Photos/2023/2023-07_%E6%9C%AA%E7%9F%A5%E5%9C%B0%E9%BB%9E/IMG_4859.JPG HTTP/1.1" 200 -
[06/Aug/2026 15:25:53] "GET /Photos/2023/2023-07_%E6%9C%AA%E7%9F%A5%E5%9C%B0%E9%BB%9E/IMG_8558.jpeg HTTP/1.1" 200 -
[06/Aug/2026 15:25:53] "GET /Photos/2023/2023-07_%E6%9C%AA%E7%9F%A5%E5%9C%B0%E9%BB%9E/IMG_8559.jpeg HTTP/1.1" 200 -
[06/Aug/2026 15:25:53] "GET /Photos/2023/2023-07_%E6%9C%AA%E7%9F%A5%E5%9C%B0%E9%BB%9E/IMG_8563.jpeg HTTP/1.1" 200 -
[06/Aug/2026 15:25:53] "GET /Photos/2023/2023-07_%E6%9C%AA%E7%9F%A5%E5%9C%B0%E9%BB%9E/IMG_8555.jpeg HTTP/1.1" 200 -
[06/Aug/2026 15:25:53] "GET /Photos/2023/2023-04_%E6%9C%AA%E7%9F%A5%E5%9C%B0%E9%BB%9E/IMG_3422.JPG HTTP/1.1" 200 -
[06/Aug/2026 15:25:53] "GET /Photos/2023/2023-04_%E6%9C%AA%E7%9F%A5%E5%9C%B0%E9%BB%9E/IMG_3423.JPG HTTP/1.1" 200 -
[06/Aug/2026 15:25:53] "GET /Photos/2023/2023-04_%E6%9C%AA%E7%9F%A5%E5%9C%B0%E9%BB%9E/IMG_3409.JPG HTTP/1.1" 200 -
[06/Aug/2026 15:25:53] "GET /Photos/2023/2023-04_%E6%9C%AA%E7%9F%A5%E5%9C%B0%E9%BB%9E/IMG_3421.JPG HTTP/1.1" 200 -
[06/Aug/2026 15:25:53] "GET /Photos/2023/2023-04_%E6%9C%AA%E7%9F%A5%E5%9C%B0%E9%BB%9E/IMG_3420.JPG HTTP/1.1" 200 -
[06/Aug/2026 15:25:53] "GET /Photos/2023/2023-04_%E6%9C%AA%E7%9F%A5%E5%9C%B0%E9%BB%9E/IMG_3408.JPG HTTP/1.1" 200 -
[06/Aug/2026 15:25:53] "GET /Photos/2023/2023-04_%E6%9C%AA%E7%9F%A5%E5%9C%B0%E9%BB%9E/IMG_3395.JPG HTTP/1.1" 200 -
[06/Aug/2026 15:25:53] "GET /Photos/2023/2023-04_%E6%9C%AA%E7%9F%A5%E5%9C%B0%E9%BB%9E/IMG_3424.JPG HTTP/1.1" 200 -
[06/Aug/2026 15:25:53] "GET /Photos/2023/2023-04_%E6%9C%AA%E7%9F%A5%E5%9C%B0%E9%BB%9E/IMG_3430.JPG HTTP/1.1" 200 -
[06/Aug/2026 15:25:53] "GET /Photos/2023/2023-04_%E6%9C%AA%E7%9F%A5%E5%9C%B0%E9%BB%9E/IMG_3418.JPG HTTP/1.1" 200 -
[06/Aug/2026 15:25:53] "GET /Photos/2023/2023-04_%E6%9C%AA%E7%9F%A5%E5%9C%B0%E9%BB%9E/IMG_3425.JPG HTTP/1.1" 200 -
[06/Aug/2026 15:25:53] "GET /Photos/2023/2023-04_%E6%9C%AA%E7%9F%A5%E5%9C%B0%E9%BB%9E/IMG_3419.JPG HTTP/1.1" 200 -
[06/Aug/2026 15:25:53] "GET /Photos/2023/2023-04_%E6%9C%AA%E7%9F%A5%E5%9C%B0%E9%BB%9E/IMG_3396.JPG HTTP/1.1" 200 -
[06/Aug/2026 15:25:53] "GET /Photos/2023/2023-04_%E6%9C%AA%E7%9F%A5%E5%9C%B0%E9%BB%9E/IMG_3427.JPG HTTP/1.1" 200 -
[06/Aug/2026 15:25:53] "GET /Photos/2023/2023-04_%E6%9C%AA%E7%9F%A5%E5%9C%B0%E9%BB%9E/IMG_3426.JPG HTTP/1.1" 200 -
[06/Aug/2026 15:25:53] "GET /Photos/2023/2023-04_%E6%9C%AA%E7%9F%A5%E5%9C%B0%E9%BB%9E/IMG_3397.JPG HTTP/1.1" 200 -
[06/Aug/2026 15:25:53] "GET /Photos/2023/2023-04_%E6%9C%AA%E7%9F%A5%E5%9C%B0%E9%BB%9E/IMG_3417.JPG HTTP/1.1" 200 -
[06/Aug/2026 15:25:54] "GET /Photos/2023/2023-04_%E6%9C%AA%E7%9F%A5%E5%9C%B0%E9%BB%9E/IMG_3416.JPG HTTP/1.1" 200 -
[06/Aug/2026 15:26:00] "GET /Photos/2023/2023-04_%E6%9C%AA%E7%9F%A5%E5%9C%B0%E9%BB%9E/IMG_3428.JPG HTTP/1.1" 200 -
[06/Aug/2026 15:26:00] "GET /Photos/2023/2023-04_%E6%9C%AA%E7%9F%A5%E5%9C%B0%E9%BB%9E/IMG_3415.JPG HTTP/1.1" 200 -
[06/Aug/2026 15:26:00] "GET /Photos/2023/2023-04_%E6%9C%AA%E7%9F%A5%E5%9C%B0%E9%BB%9E/IMG_3414.JPG HTTP/1.1" 200 -
[06/Aug/2026 15:26:00] "GET /Photos/2023/2023-04_%E6%9C%AA%E7%9F%A5%E5%9C%B0%E9%BB%9E/IMG_3358.JPG HTTP/1.1" 200 -
[06/Aug/2026 15:26:00] "GET /Photos/2023/2023-04_%E6%9C%AA%E7%9F%A5%E5%9C%B0%E9%BB%9E/IMG_3429.JPG HTTP/1.1" 200 -
[06/Aug/2026 15:26:00] "GET /Photos/2023/2023-04_%E6%9C%AA%E7%9F%A5%E5%9C%B0%E9%BB%9E/IMG_3398.JPG HTTP/1.1" 200 -
[06/Aug/2026 15:26:00] "GET /Photos/2023/2023-04_%E6%9C%AA%E7%9F%A5%E5%9C%B0%E9%BB%9E/IMG_3405.JPG HTTP/1.1" 200 -
[06/Aug/2026 15:26:00] "GET /Photos/2023/2023-04_%E6%9C%AA%E7%9F%A5%E5%9C%B0%E9%BB%9E/IMG_3410.JPG HTTP/1.1" 200 -
[06/Aug/2026 15:26:00] "GET /Photos/2023/2023-04_%E6%9C%AA%E7%9F%A5%E5%9C%B0%E9%BB%9E/IMG_3412.JPG HTTP/1.1" 200 -
[06/Aug/2026 15:26:00] "GET /Photos/2023/2023-04_%E6%9C%AA%E7%9F%A5%E5%9C%B0%E9%BB%9E/IMG_3411.JPG HTTP/1.1" 200 -
[06/Aug/2026 15:26:00] "GET /Photos/2023/2023-04_%E6%9C%AA%E7%9F%A5%E5%9C%B0%E9%BB%9E/IMG_3406.JPG HTTP/1.1" 200 -
[06/Aug/2026 15:26:00] "GET /Photos/2023/2023-04_%E6%9C%AA%E7%9F%A5%E5%9C%B0%E9%BB%9E/IMG_3407.JPG HTTP/1.1" 200 -
[06/Aug/2026 15:26:00] "GET /Photos/2023/2023-08_%E6%9C%AA%E7%9F%A5%E5%9C%B0%E9%BB%9E/IMG_3753.JPG HTTP/1.1" 200 -
[06/Aug/2026 15:26:00] "GET /Photos/2023/2023-04_%E6%9C%AA%E7%9F%A5%E5%9C%B0%E9%BB%9E/IMG_3413.JPG HTTP/1.1" 200 -
[06/Aug/2026 15:26:00] "GET /Photos/2023/2023-08_%E6%9C%AA%E7%9F%A5%E5%9C%B0%E9%BB%9E/IMG_3752.JPG HTTP/1.1" 200 -
[06/Aug/2026 15:26:00] "GET /Photos/2023/2023-08_%E6%9C%AA%E7%9F%A5%E5%9C%B0%E9%BB%9E/IMG_3751.JPG HTTP/1.1" 200 -
[06/Aug/2026 15:26:00] "GET /Photos/2023/2023-08_%E6%9C%AA%E7%9F%A5%E5%9C%B0%E9%BB%9E/IMG_3750.JPG HTTP/1.1" 200 -
[06/Aug/2026 15:26:00] "GET /Photos/2023/2023-08_%E6%9C%AA%E7%9F%A5%E5%9C%B0%E9%BB%9E/IMG_3831.JPG HTTP/1.1" 200 -
[06/Aug/2026 15:26:00] "GET /Photos/2023/2023-08_%E6%9C%AA%E7%9F%A5%E5%9C%B0%E9%BB%9E/IMG_3834.JPG HTTP/1.1" 200 -
[06/Aug/2026 15:26:00] "GET /Photos/2023/2023-08_%E6%9C%AA%E7%9F%A5%E5%9C%B0%E9%BB%9E/IMG_3842.JPG HTTP/1.1" 200 -
[06/Aug/2026 15:26:00] "GET /Photos/2023/2023-08_%E6%9C%AA%E7%9F%A5%E5%9C%B0%E9%BB%9E/IMG_3832.JPG HTTP/1.1" 200 -
[06/Aug/2026 15:26:00] "GET /Photos/2023/2023-08_%E6%9C%AA%E7%9F%A5%E5%9C%B0%E9%BB%9E/IMG_3845.JPG HTTP/1.1" 200 -
[06/Aug/2026 15:26:00] "GET /Photos/2023/2023-08_%E6%9C%AA%E7%9F%A5%E5%9C%B0%E9%BB%9E/IMG_3841.JPG HTTP/1.1" 200 -
[06/Aug/2026 15:26:00] "GET /Photos/2023/2023-05_%E6%9C%AA%E7%9F%A5%E5%9C%B0%E9%BB%9E/IMG_3546.JPG HTTP/1.1" 200 -
[06/Aug/2026 15:26:00] "GET /Photos/2023/2023-02_%E6%9C%AA%E7%9F%A5%E5%9C%B0%E9%BB%9E/IMG_3050.JPG HTTP/1.1" 200 -
[06/Aug/2026 15:26:00] "GET /Photos/2023/2023-02_%E6%9C%AA%E7%9F%A5%E5%9C%B0%E9%BB%9E/IMG_3047.JPG HTTP/1.1" 200 -
[06/Aug/2026 15:26:00] "GET /Photos/2023/2023-02_%E6%9C%AA%E7%9F%A5%E5%9C%B0%E9%BB%9E/IMG_3051.JPG HTTP/1.1" 200 -
[06/Aug/2026 15:26:00] "GET /Photos/2023/2023-02_%E6%9C%AA%E7%9F%A5%E5%9C%B0%E9%BB%9E/IMG_3052.JPG HTTP/1.1" 200 -
[06/Aug/2026 15:26:00] "GET /Photos/2023/2023-02_%E6%9C%AA%E7%9F%A5%E5%9C%B0%E9%BB%9E/IMG_3053.JPG HTTP/1.1" 200 -
[06/Aug/2026 15:26:00] "GET /Photos/2023/2023-02_%E6%9C%AA%E7%9F%A5%E5%9C%B0%E9%BB%9E/IMG_3056.JPG HTTP/1.1" 200 -
[06/Aug/2026 15:26:00] "GET /Photos/2023/2023-02_%E6%9C%AA%E7%9F%A5%E5%9C%B0%E9%BB%9E/IMG_3057.JPG HTTP/1.1" 200 -
[06/Aug/2026 15:26:00] "GET /Photos/2023/2023-02_%E6%9C%AA%E7%9F%A5%E5%9C%B0%E9%BB%9E/IMG_3055.JPG HTTP/1.1" 200 -
[06/Aug/2026 15:26:00] "GET /Photos/2023/2023-02_%E6%9C%AA%E7%9F%A5%E5%9C%B0%E9%BB%9E/IMG_3054.JPG HTTP/1.1" 200 -
[06/Aug/2026 15:26:00] "GET /Photos/2023/2023-02_%E6%9C%AA%E7%9F%A5%E5%9C%B0%E9%BB%9E/IMG_3058.JPG HTTP/1.1" 200 -
[06/Aug/2026 15:26:00] "GET /Photos/2023/2023-02_%E6%9C%AA%E7%9F%A5%E5%9C%B0%E9%BB%9E/IMG_3049.JPG HTTP/1.1" 200 -
[06/Aug/2026 15:26:00] "GET /Photos/2023/2023-02_%E6%9C%AA%E7%9F%A5%E5%9C%B0%E9%BB%9E/IMG_3048.JPG HTTP/1.1" 200 -
[06/Aug/2026 15:26:00] "GET /Photos/2023/2023-03_%E6%9C%AA%E7%9F%A5%E5%9C%B0%E9%BB%9E/IMG_3147.JPG HTTP/1.1" 200 -
[06/Aug/2026 15:26:00] "GET /Photos/2023/2023-03_%E6%9C%AA%E7%9F%A5%E5%9C%B0%E9%BB%9E/IMG_3150.JPG HTTP/1.1" 200 -
[06/Aug/2026 15:26:00] "GET /Photos/2023/2023-03_%E6%9C%AA%E7%9F%A5%E5%9C%B0%E9%BB%9E/IMG_3168.JPG HTTP/1.1" 200 -
[06/Aug/2026 15:26:05] "GET /Photos/2023/2023-03_%E6%9C%AA%E7%9F%A5%E5%9C%B0%E9%BB%9E/IMG_3169.JPG HTTP/1.1" 200 -
[06/Aug/2026 15:26:05] "GET /Photos/2023/2023-03_%E6%9C%AA%E7%9F%A5%E5%9C%B0%E9%BB%9E/IMG_3167.JPG HTTP/1.1" 200 -
[06/Aug/2026 15:26:05] "GET /Photos/2023/2023-03_%E6%9C%AA%E7%9F%A5%E5%9C%B0%E9%BB%9E/IMG_3166.JPG HTTP/1.1" 200 -
[06/Aug/2026 15:26:05] "GET /Photos/2023/2023-03_%E6%9C%AA%E7%9F%A5%E5%9C%B0%E9%BB%9E/IMG_3199.JPG HTTP/1.1" 200 -
[06/Aug/2026 15:26:05] "GET /Photos/2023/2023-03_%E6%9C%AA%E7%9F%A5%E5%9C%B0%E9%BB%9E/IMG_3164.JPG HTTP/1.1" 200 -
[06/Aug/2026 15:26:05] "GET /Photos/2023/2023-03_%E6%9C%AA%E7%9F%A5%E5%9C%B0%E9%BB%9E/IMG_3161.JPG HTTP/1.1" 200 -
[06/Aug/2026 15:26:05] "GET /Photos/2023/2023-03_%E6%9C%AA%E7%9F%A5%E5%9C%B0%E9%BB%9E/IMG_3170.JPG HTTP/1.1" 200 -
[06/Aug/2026 15:26:05] "GET /Photos/2023/2023-03_%E6%9C%AA%E7%9F%A5%E5%9C%B0%E9%BB%9E/IMG_3160.JPG HTTP/1.1" 200 -
[06/Aug/2026 15:26:05] "GET /Photos/2023/2023-03_%E6%9C%AA%E7%9F%A5%E5%9C%B0%E9%BB%9E/IMG_3149.JPG HTTP/1.1" 200 -
[06/Aug/2026 15:26:05] "GET /Photos/2023/2023-03_%E6%9C%AA%E7%9F%A5%E5%9C%B0%E9%BB%9E/IMG_3148.JPG HTTP/1.1" 200 -
[06/Aug/2026 15:26:05] "GET /Photos/2023/2023-03_%E6%9C%AA%E7%9F%A5%E5%9C%B0%E9%BB%9E/IMG_3202.JPG HTTP/1.1" 200 -
[06/Aug/2026 15:26:05] "GET /Photos/2023/2023-03_%E6%9C%AA%E7%9F%A5%E5%9C%B0%E9%BB%9E/IMG_3163.JPG HTTP/1.1" 200 -
[06/Aug/2026 15:26:05] "GET /Photos/2023/2023-03_%E6%9C%AA%E7%9F%A5%E5%9C%B0%E9%BB%9E/IMG_3162.JPG HTTP/1.1" 200 -
[06/Aug/2026 15:26:05] "GET /Photos/2015/2015-01_%E6%9C%AA%E7%9F%A5%E5%9C%B0%E9%BB%9E/F5429AD4-229B-4DBE-9289-26189E6657BE.jpeg HTTP/1.1" 200 -
[06/Aug/2026 15:26:05] "GET /Photos/2015/2015-01_%E6%9C%AA%E7%9F%A5%E5%9C%B0%E9%BB%9E/BA1F3F52-61B7-45BC-9CCD-469A0213178E.jpeg HTTP/1.1" 200 -
[06/Aug/2026 15:26:05] "GET /Photos/2015/2015-01_%E6%9C%AA%E7%9F%A5%E5%9C%B0%E9%BB%9E/9C95D8E5-7755-41F8-BCC5-F8C43D652803.jpeg HTTP/1.1" 200 -
[06/Aug/2026 15:26:05] "GET /Photos/2015/2015-01_%E6%9C%AA%E7%9F%A5%E5%9C%B0%E9%BB%9E/D6C1C033-5232-4F2C-8776-1DDE57F9923A.jpeg HTTP/1.1" 200 -
[06/Aug/2026 15:26:05] "GET /Photos/2015/2015-01_%E6%9C%AA%E7%9F%A5%E5%9C%B0%E9%BB%9E/4BC99232-C660-46E6-B7E0-77306662D759.jpeg HTTP/1.1" 200 -
[06/Aug/2026 15:26:05] "GET /Photos/2015/2015-01_%E6%9C%AA%E7%9F%A5%E5%9C%B0%E9%BB%9E/D2DECB67-B0A0-4869-9FA8-11ABE72F57A1.jpeg HTTP/1.1" 200 -
[06/Aug/2026 15:26:05] "GET /Photos/2015/2015-01_%E6%9C%AA%E7%9F%A5%E5%9C%B0%E9%BB%9E/006E115A-C855-411A-8EEC-0D007D0F2717.jpeg HTTP/1.1" 200 -
[06/Aug/2026 15:26:05] "GET /Photos/2015/2015-01_%E6%9C%AA%E7%9F%A5%E5%9C%B0%E9%BB%9E/3C233125-A208-415B-8317-360C055D24F2.jpeg HTTP/1.1" 200 -
[06/Aug/2026 15:26:05] "GET /Photos/2015/2015-01_%E6%9C%AA%E7%9F%A5%E5%9C%B0%E9%BB%9E/FF7ADD92-A314-45C7-A42B-A8DEA7C04E9B.jpeg HTTP/1.1" 200 -
[06/Aug/2026 15:26:05] "GET /Photos/2015/2015-01_%E6%9C%AA%E7%9F%A5%E5%9C%B0%E9%BB%9E/D3E709D2-9937-43C1-91D0-1D37A64B744B.jpeg HTTP/1.1" 200 -
[06/Aug/2026 15:26:05] "GET /Photos/2015/2015-01_%E6%9C%AA%E7%9F%A5%E5%9C%B0%E9%BB%9E/47E516C7-AAD0-4B11-A8B6-CA9CB4696D8C.jpeg HTTP/1.1" 200 -
[06/Aug/2026 15:26:05] "GET /Photos/2015/2015-01_%E6%9C%AA%E7%9F%A5%E5%9C%B0%E9%BB%9E/9245F8C4-4FD1-4AD8-893D-8586BC1D7AC2.jpeg HTTP/1.1" 200 -
[06/Aug/2026 15:26:05] "GET /Photos/2015/2015-01_%E6%9C%AA%E7%9F%A5%E5%9C%B0%E9%BB%9E/715B1A08-A465-49A4-98D4-2F38D2A7FE37.jpeg HTTP/1.1" 200 -
[06/Aug/2026 15:26:05] "GET /Photos/2015/2015-01_%E6%9C%AA%E7%9F%A5%E5%9C%B0%E9%BB%9E/0C156BE4-CD1A-4590-BAB2-BC13EED7D900.jpeg HTTP/1.1" 200 -
[06/Aug/2026 15:26:05] "GET /Photos/2015/2015-01_%E6%9C%AA%E7%9F%A5%E5%9C%B0%E9%BB%9E/A332529E-26B4-4419-9173-FEEA993E1451.jpeg HTTP/1.1" 200 -
[06/Aug/2026 15:26:05] "GET /Photos/2015/2015-01_%E6%9C%AA%E7%9F%A5%E5%9C%B0%E9%BB%9E/BD8DDA44-546F-4C64-AD63-D0DD9B088736_1_201_a.jpeg HTTP/1.1" 200 -
[06/Aug/2026 15:26:05] "GET /Photos/2015/2015-01_%E6%9C%AA%E7%9F%A5%E5%9C%B0%E9%BB%9E/C3351E93-0D86-4341-BBB1-C8E2BB62740D.jpeg HTTP/1.1" 200 -
[06/Aug/2026 15:26:05] "GET /Photos/2015/2015-01_%E6%9C%AA%E7%9F%A5%E5%9C%B0%E9%BB%9E/16925790-FC0D-4A50-8571-54B91BF43BFB.jpeg HTTP/1.1" 200 -
[06/Aug/2026 15:26:05] "GET /Photos/2015/2015-01_%E6%9C%AA%E7%9F%A5%E5%9C%B0%E9%BB%9E/8E0DCAF5-99A9-42C2-A270-6C1174B77CB9.jpeg HTTP/1.1" 200 -
[06/Aug/2026 15:26:05] "GET /Photos/2015/2015-01_%E6%9C%AA%E7%9F%A5%E5%9C%B0%E9%BB%9E/01726A27-55B5-4C00-8CA9-4966A4411E6B.jpeg HTTP/1.1" 200 -
[06/Aug/2026 15:26:05] "GET /Photos/2015/2015-01_%E6%9C%AA%E7%9F%A5%E5%9C%B0%E9%BB%9E/853D29AF-06CE-4C2F-B3BD-10D2666C22BB.jpeg HTTP/1.1" 200 -
[06/Aug/2026 15:26:05] "GET /Photos/2015/2015-01_%E6%9C%AA%E7%9F%A5%E5%9C%B0%E9%BB%9E/5124825B-F499-40A2-8496-1EE336184141.jpeg HTTP/1.1" 200 -
[06/Aug/2026 15:26:05] "GET /Photos/2015/2015-01_%E6%9C%AA%E7%9F%A5%E5%9C%B0%E9%BB%9E/7A3CC008-CD07-4D4F-A815-B7789AE8F53F.jpeg HTTP/1.1" 200 -
[06/Aug/2026 15:26:05] "GET /Photos/2015/2015-01_%E6%9C%AA%E7%9F%A5%E5%9C%B0%E9%BB%9E/6C585FD7-A4F2-4E61-BAE0-EDD9FF42E05B.jpeg HTTP/1.1" 200 -
[06/Aug/2026 15:26:05] "GET /Photos/2015/2015-01_%E6%9C%AA%E7%9F%A5%E5%9C%B0%E9%BB%9E/A6F7CC45-D95A-492D-B4A3-4FD3F01A0E2D.jpeg HTTP/1.1" 200 -
[06/Aug/2026 15:26:05] "GET /Photos/2015/2015-01_%E6%9C%AA%E7%9F%A5%E5%9C%B0%E9%BB%9E/1458B9AE-F165-4222-8EB5-D2C04692F328.jpeg HTTP/1.1" 200 -
[06/Aug/2026 15:26:05] "GET /Photos/2015/2015-01_%E6%9C%AA%E7%9F%A5%E5%9C%B0%E9%BB%9E/4CF0A693-53FB-415F-8C43-DFE8C378CF71.jpeg HTTP/1.1" 200 -
[06/Aug/2026 15:26:06] "GET /Photos/2015/2015-01_%E6%9C%AA%E7%9F%A5%E5%9C%B0%E9%BB%9E/7EFED771-82D1-4795-8015-7CF978FF9FD8.jpeg HTTP/1.1" 200 -
[06/Aug/2026 15:26:06] "GET /Photos/2015/2015-01_%E6%9C%AA%E7%9F%A5%E5%9C%B0%E9%BB%9E/B7891360-309D-4CA2-8E71-59D84AA57E05.jpeg HTTP/1.1" 200 -
[06/Aug/2026 15:26:06] "GET /Photos/2015/2015-01_%E6%9C%AA%E7%9F%A5%E5%9C%B0%E9%BB%9E/2C043299-2BED-49E8-8FE0-62EEBB84F630.jpeg HTTP/1.1" 200 -
[06/Aug/2026 15:26:06] "GET /Photos/2015/2015-01_%E6%9C%AA%E7%9F%A5%E5%9C%B0%E9%BB%9E/38AD07E3-0556-4266-A48F-593CFE3DB0ED.jpeg HTTP/1.1" 200 -
[06/Aug/2026 15:26:06] "GET /Photos/2015/2015-01_%E6%9C%AA%E7%9F%A5%E5%9C%B0%E9%BB%9E/AB6D2E1A-5895-4158-BB03-BB6ECDFF0907.jpeg HTTP/1.1" 200 -
[06/Aug/2026 15:26:06] "GET /Photos/2015/2015-01_%E6%9C%AA%E7%9F%A5%E5%9C%B0%E9%BB%9E/AF561D1F-CB1D-42A8-BD1B-E614268CE9AD.jpeg HTTP/1.1" 200 -
[06/Aug/2026 15:26:06] "GET /Photos/2015/2015-01_%E6%9C%AA%E7%9F%A5%E5%9C%B0%E9%BB%9E/31560909-CFAA-4EFF-838E-8E040138AE98.jpeg HTTP/1.1" 200 -
[06/Aug/2026 15:26:06] "GET /Photos/2015/2015-01_%E6%9C%AA%E7%9F%A5%E5%9C%B0%E9%BB%9E/C50B6822-4611-4AEF-A00A-48E4BCE125AA.jpeg HTTP/1.1" 200 -
[06/Aug/2026 15:26:06] "GET /Photos/2015/2015-01_%E6%9C%AA%E7%9F%A5%E5%9C%B0%E9%BB%9E/5BD2136E-3E53-4604-952C-E620A529A638.jpeg HTTP/1.1" 200 -
[06/Aug/2026 15:26:06] "GET /Photos/2015/2015-01_%E6%9C%AA%E7%9F%A5%E5%9C%B0%E9%BB%9E/A88F2863-A75C-4060-88E9-2FEE16DE6EB7.jpeg HTTP/1.1" 200 -
[06/Aug/2026 15:26:06] "GET /Photos/2015/2015-01_%E6%9C%AA%E7%9F%A5%E5%9C%B0%E9%BB%9E/19F80F36-3B3B-4158-A347-5398ACC3D492.jpeg HTTP/1.1" 200 -
[06/Aug/2026 15:26:06] "GET /Photos/2015/2015-01_%E6%9C%AA%E7%9F%A5%E5%9C%B0%E9%BB%9E/88B82062-7C83-43FB-A1B0-45BF043732C0.jpeg HTTP/1.1" 200 -
[06/Aug/2026 15:26:06] "GET /Photos/2015/2015-01_%E6%9C%AA%E7%9F%A5%E5%9C%B0%E9%BB%9E/2F7A16EC-5634-40D6-9578-0A3B11F2FFE0.jpeg HTTP/1.1" 200 -
[06/Aug/2026 15:26:06] "GET /Photos/2015/2015-01_%E6%9C%AA%E7%9F%A5%E5%9C%B0%E9%BB%9E/79A0798B-C6EB-4FA9-BC8E-C4125CA1D36F.jpeg HTTP/1.1" 200 -
[06/Aug/2026 15:26:06] "GET /Photos/2015/2015-01_%E6%9C%AA%E7%9F%A5%E5%9C%B0%E9%BB%9E/BE6AA9FA-FC7F-4F6D-B1A6-5E2BC87B7532.jpeg HTTP/1.1" 200 -
[06/Aug/2026 15:26:06] "GET /Photos/2015/2015-01_%E6%9C%AA%E7%9F%A5%E5%9C%B0%E9%BB%9E/C388BFC1-A5A9-4664-BA6C-328314728977.jpeg HTTP/1.1" 200 -
[06/Aug/2026 15:26:06] "GET /Photos/2015/2015-01_%E6%9C%AA%E7%9F%A5%E5%9C%B0%E9%BB%9E/C4B091A4-636C-44DE-BF9F-B13FFF9E80ED.jpeg HTTP/1.1" 200 -
[06/Aug/2026 15:26:06] "GET /Photos/2015/2015-01_%E6%9C%AA%E7%9F%A5%E5%9C%B0%E9%BB%9E/C0BE4411-C487-43A2-86A9-AEF853425488.jpeg HTTP/1.1" 200 -
[06/Aug/2026 15:26:06] "GET /Photos/2015/2015-01_%E6%9C%AA%E7%9F%A5%E5%9C%B0%E9%BB%9E/169EE0A7-9417-48C4-B633-9283537A6E59.jpeg HTTP/1.1" 200 -
[06/Aug/2026 15:26:06] "GET /Photos/2015/2015-01_%E6%9C%AA%E7%9F%A5%E5%9C%B0%E9%BB%9E/D0F2B428-474D-4DB1-9E38-8E67BC603287.jpeg HTTP/1.1" 200 -
[06/Aug/2026 15:26:06] "GET /Photos/2015/2015-01_%E6%9C%AA%E7%9F%A5%E5%9C%B0%E9%BB%9E/7FB04777-84FD-4C9A-AFBC-CBAA2AEC212C.jpeg HTTP/1.1" 200 -
[06/Aug/2026 15:26:06] "GET /Photos/2015/2015-01_%E6%9C%AA%E7%9F%A5%E5%9C%B0%E9%BB%9E/979A0C60-2D89-4AF8-8350-92596EC0FE00.jpeg HTTP/1.1" 200 -
[06/Aug/2026 15:26:06] "GET /Photos/2015/2015-01_%E6%9C%AA%E7%9F%A5%E5%9C%B0%E9%BB%9E/7C60FCAB-ACEE-40F8-A9E6-AD37BB7D9F12.jpeg HTTP/1.1" 200 -
[06/Aug/2026 15:26:06] "GET /Photos/2015/2015-01_%E6%9C%AA%E7%9F%A5%E5%9C%B0%E9%BB%9E/F0FD9027-81AA-4767-AE29-12F50A392C25.jpeg HTTP/1.1" 200 -
[06/Aug/2026 15:26:06] "GET /Photos/2015/2015-01_%E6%9C%AA%E7%9F%A5%E5%9C%B0%E9%BB%9E/415AEB0A-D69F-4EC9-867A-94861B9507A1.jpeg HTTP/1.1" 200 -
[06/Aug/2026 15:26:06] "GET /Photos/2015/2015-01_%E6%9C%AA%E7%9F%A5%E5%9C%B0%E9%BB%9E/B11AA8FB-34B0-4830-BEDE-C74A3A08EA8E.jpeg HTTP/1.1" 200 -
[06/Aug/2026 15:26:06] "GET /Photos/2015/2015-01_%E6%9C%AA%E7%9F%A5%E5%9C%B0%E9%BB%9E/15371CC4-CDE9-4DB7-B21B-307771246749.jpeg HTTP/1.1" 200 -
[06/Aug/2026 15:26:06] "GET /Photos/2015/2015-01_%E6%9C%AA%E7%9F%A5%E5%9C%B0%E9%BB%9E/F29DEB04-F737-4E28-982B-CBE6A81C48F2.jpeg HTTP/1.1" 200 -
[06/Aug/2026 15:26:06] "GET /Photos/2015/2015-01_%E6%9C%AA%E7%9F%A5%E5%9C%B0%E9%BB%9E/B64CBD73-1B8D-4492-849A-35EF695E9504.jpeg HTTP/1.1" 200 -
[06/Aug/2026 15:26:06] "GET /Photos/2015/2015-01_%E6%9C%AA%E7%9F%A5%E5%9C%B0%E9%BB%9E/A8C1281D-38A6-4231-BC41-8F596AC1A1E3.jpeg HTTP/1.1" 200 -
[06/Aug/2026 15:26:06] "GET /Photos/2015/2015-01_%E6%9C%AA%E7%9F%A5%E5%9C%B0%E9%BB%9E/76311E34-EE11-4F0E-96BC-60C5CD38396C.jpeg HTTP/1.1" 200 -
[06/Aug/2026 15:26:06] "GET /Photos/2015/2015-01_%E6%9C%AA%E7%9F%A5%E5%9C%B0%E9%BB%9E/03A87965-E97A-49B2-8622-C9607C3B0079.jpeg HTTP/1.1" 200 -
[06/Aug/2026 15:26:06] "GET /Photos/2015/2015-01_%E6%9C%AA%E7%9F%A5%E5%9C%B0%E9%BB%9E/5253F893-B68C-45CA-B984-43AAB7B58B0E.jpeg HTTP/1.1" 200 -
[06/Aug/2026 15:26:06] "GET /Photos/2015/2015-01_%E6%9C%AA%E7%9F%A5%E5%9C%B0%E9%BB%9E/24B6AF57-DCAA-4651-8554-FAFA60C435E1.jpeg HTTP/1.1" 200 -
[06/Aug/2026 15:26:06] "GET /Photos/2015/2015-01_%E6%9C%AA%E7%9F%A5%E5%9C%B0%E9%BB%9E/C3641392-A6F9-499E-8E0B-4FB18F972962.jpeg HTTP/1.1" 200 -
[06/Aug/2026 15:26:06] "GET /Photos/2015/2015-01_%E6%9C%AA%E7%9F%A5%E5%9C%B0%E9%BB%9E/9E1B01F0-39B1-40A6-B333-C16153D05440.jpeg HTTP/1.1" 200 -
[06/Aug/2026 15:26:06] "GET /Photos/2015/2015-01_%E6%9C%AA%E7%9F%A5%E5%9C%B0%E9%BB%9E/61AB7D06-6D61-4BB7-980F-8C1CD4CB809F.jpeg HTTP/1.1" 200 -
[06/Aug/2026 15:26:06] "GET /Photos/2015/2015-01_%E6%9C%AA%E7%9F%A5%E5%9C%B0%E9%BB%9E/D885C77F-A3B2-4A18-BDC1-821840F19BCD.jpeg HTTP/1.1" 200 -
[06/Aug/2026 15:26:06] "GET /Photos/2015/2015-01_%E6%9C%AA%E7%9F%A5%E5%9C%B0%E9%BB%9E/A2E67A10-0166-4337-9B25-5428C41D69F1.jpeg HTTP/1.1" 200 -
[06/Aug/2026 15:26:06] "GET /Photos/2015/2015-01_%E6%9C%AA%E7%9F%A5%E5%9C%B0%E9%BB%9E/1846EFC1-8520-427D-80E9-00E4995955A3.jpeg HTTP/1.1" 200 -
[06/Aug/2026 15:26:06] "GET /Photos/2015/2015-01_%E6%9C%AA%E7%9F%A5%E5%9C%B0%E9%BB%9E/80EDB195-BB10-4F18-9BFA-ADF349FB677D.jpeg HTTP/1.1" 200 -
[06/Aug/2026 15:26:06] "GET /Photos/2015/2015-01_%E6%9C%AA%E7%9F%A5%E5%9C%B0%E9%BB%9E/C2EF6804-4615-4F5F-ACB7-874C8AE84540.jpeg HTTP/1.1" 200 -
[06/Aug/2026 15:26:06] "GET /Photos/2015/2015-01_%E6%9C%AA%E7%9F%A5%E5%9C%B0%E9%BB%9E/CE9B3E13-DAB3-4BEF-B8AA-6D714A6BE1C8.jpeg HTTP/1.1" 200 -
[06/Aug/2026 15:26:06] "GET /Photos/2015/2015-01_%E6%9C%AA%E7%9F%A5%E5%9C%B0%E9%BB%9E/602F64CF-7D36-4A9B-8811-574B08B6978E.jpeg HTTP/1.1" 200 -
[06/Aug/2026 15:26:06] "GET /Photos/2015/2015-01_%E6%9C%AA%E7%9F%A5%E5%9C%B0%E9%BB%9E/120F2000-1045-44C9-82D2-DFAD7A0E87FE.jpeg HTTP/1.1" 200 -
[06/Aug/2026 15:26:06] "GET /Photos/2015/2015-01_%E6%9C%AA%E7%9F%A5%E5%9C%B0%E9%BB%9E/B68ECE14-0EA5-4406-91E0-D6ADF3CA4F2B.jpeg HTTP/1.1" 200 -
[06/Aug/2026 15:26:06] "GET /Photos/2015/2015-01_%E6%9C%AA%E7%9F%A5%E5%9C%B0%E9%BB%9E/9D041EA6-FC45-4F69-99B6-4223204688AE.jpeg HTTP/1.1" 200 -
[06/Aug/2026 15:26:06] "GET /Photos/2015/2015-01_%E6%9C%AA%E7%9F%A5%E5%9C%B0%E9%BB%9E/AA9485F6-59D7-4B0D-A8CE-7D7251B82E1B.jpeg HTTP/1.1" 200 -
[06/Aug/2026 15:26:06] "GET /Photos/2015/2015-01_%E6%9C%AA%E7%9F%A5%E5%9C%B0%E9%BB%9E/249EB08C-0005-4DC6-8F30-774D4A70722F.jpeg HTTP/1.1" 200 -
[06/Aug/2026 15:26:06] "GET /Photos/2015/2015-01_%E6%9C%AA%E7%9F%A5%E5%9C%B0%E9%BB%9E/B2888741-60AB-4ED9-9B45-EDB83A306393.jpeg HTTP/1.1" 200 -
[06/Aug/2026 15:26:06] "GET /Photos/2015/2015-01_%E6%9C%AA%E7%9F%A5%E5%9C%B0%E9%BB%9E/5A22A6B8-957B-4B23-8789-310CC1545455.jpeg HTTP/1.1" 200 -
[06/Aug/2026 15:26:06] "GET /Photos/2015/2015-01_%E6%9C%AA%E7%9F%A5%E5%9C%B0%E9%BB%9E/1A444D6E-20BB-437A-A6F8-632536A0C59A.jpeg HTTP/1.1" 200 -
[06/Aug/2026 15:26:10] "GET /Photos/2015/2015-01_%E6%9C%AA%E7%9F%A5%E5%9C%B0%E9%BB%9E/50CF85A6-BB3D-44F2-911D-25A4D426DA70.jpeg HTTP/1.1" 200 -
[06/Aug/2026 15:26:10] "GET /Photos/2015/2015-01_%E6%9C%AA%E7%9F%A5%E5%9C%B0%E9%BB%9E/2EBF7EBA-9563-4BBC-9090-334E8676FC89.jpeg HTTP/1.1" 200 -
[06/Aug/2026 15:26:10] "GET /Photos/2015/2015-01_%E6%9C%AA%E7%9F%A5%E5%9C%B0%E9%BB%9E/1A30119A-3A05-4B51-BE85-C5B3CA5986E7.jpeg HTTP/1.1" 200 -
[06/Aug/2026 15:26:10] "GET /Photos/2015/2015-01_%E6%9C%AA%E7%9F%A5%E5%9C%B0%E9%BB%9E/76768F45-547D-4F79-9FA8-2A08579FCECF.jpeg HTTP/1.1" 200 -
[06/Aug/2026 15:26:10] "GET /Photos/2015/2015-01_%E6%9C%AA%E7%9F%A5%E5%9C%B0%E9%BB%9E/AEEDAE89-AE0F-4EA9-9135-7F9A2B08A412.jpeg HTTP/1.1" 200 -
[06/Aug/2026 15:26:10] "GET /Photos/2015/2015-01_%E6%9C%AA%E7%9F%A5%E5%9C%B0%E9%BB%9E/38F11308-BFD2-44A1-BD6C-0D5EF2AF8F86.jpeg HTTP/1.1" 200 -
[06/Aug/2026 15:26:10] "GET /Photos/2015/2015-01_%E6%9C%AA%E7%9F%A5%E5%9C%B0%E9%BB%9E/6553C893-2ED2-4310-BD06-3EB3CA4C3FF0.jpeg HTTP/1.1" 200 -
[06/Aug/2026 15:26:10] "GET /Photos/2015/2015-01_%E6%9C%AA%E7%9F%A5%E5%9C%B0%E9%BB%9E/793EF672-148F-482B-AC21-56225B213BAF.jpeg HTTP/1.1" 200 -
[06/Aug/2026 15:26:10] "GET /Photos/2015/2015-01_%E6%9C%AA%E7%9F%A5%E5%9C%B0%E9%BB%9E/B5A9DF72-24E0-4656-A188-7578158809BE.jpeg HTTP/1.1" 200 -
[06/Aug/2026 15:26:10] "GET /Photos/2015/2015-01_%E6%9C%AA%E7%9F%A5%E5%9C%B0%E9%BB%9E/B66AE29D-A650-43AC-B8DE-39733B269136.jpeg HTTP/1.1" 200 -
[06/Aug/2026 15:26:10] "GET /Photos/2015/2015-01_%E6%9C%AA%E7%9F%A5%E5%9C%B0%E9%BB%9E/05F56789-4D87-43EC-83AF-10A2F3E382EF.jpeg HTTP/1.1" 200 -
[06/Aug/2026 15:26:10] "GET /Photos/2015/2015-01_%E6%9C%AA%E7%9F%A5%E5%9C%B0%E9%BB%9E/E0A1AD89-CD2A-4212-9DE2-1BA82EA420F4.jpeg HTTP/1.1" 200 -
[06/Aug/2026 15:26:10] "GET /Photos/2015/2015-01_%E6%9C%AA%E7%9F%A5%E5%9C%B0%E9%BB%9E/B35AB12D-DEC5-4CEA-B29A-3813BE01F3CA.jpeg HTTP/1.1" 200 -
[06/Aug/2026 15:26:10] "GET /Photos/2015/2015-01_%E6%9C%AA%E7%9F%A5%E5%9C%B0%E9%BB%9E/B31AF2A2-D877-4D9C-BC79-F83F1626C114.jpeg HTTP/1.1" 200 -
[06/Aug/2026 15:26:10] "GET /Photos/2015/2015-01_%E6%9C%AA%E7%9F%A5%E5%9C%B0%E9%BB%9E/AED6921A-D7D0-4519-AE13-F237D3842AD0.jpeg HTTP/1.1" 200 -
[06/Aug/2026 15:26:10] "GET /Photos/2015/2015-01_%E6%9C%AA%E7%9F%A5%E5%9C%B0%E9%BB%9E/157FDA5B-0EC9-4065-8D4A-9D7EA7047349.jpeg HTTP/1.1" 200 -
[06/Aug/2026 15:26:10] "GET /Photos/2015/2015-01_%E6%9C%AA%E7%9F%A5%E5%9C%B0%E9%BB%9E/3E51DB4D-4B9C-443D-837B-9C972EAFF87B.jpeg HTTP/1.1" 200 -
[06/Aug/2026 15:26:10] "GET /Photos/2015/2015-01_%E6%9C%AA%E7%9F%A5%E5%9C%B0%E9%BB%9E/39D2E559-F8AF-4ACB-9D11-3693F123AB03.jpeg HTTP/1.1" 200 -
[06/Aug/2026 15:26:10] "GET /Photos/2015/2015-01_%E6%9C%AA%E7%9F%A5%E5%9C%B0%E9%BB%9E/9F87F53C-4F60-40A4-A2B8-13B0D54B708D.jpeg HTTP/1.1" 200 -
[06/Aug/2026 15:26:10] "GET /Photos/2015/2015-01_%E6%9C%AA%E7%9F%A5%E5%9C%B0%E9%BB%9E/7A441615-5C03-4E61-B9CC-2E8E2A43CE7A.jpeg HTTP/1.1" 200 -
[06/Aug/2026 15:26:10] "GET /Photos/2015/2015-01_%E6%9C%AA%E7%9F%A5%E5%9C%B0%E9%BB%9E/5BE71C2C-39B0-44A2-8831-F606C8FC39CC.jpeg HTTP/1.1" 200 -
[06/Aug/2026 15:26:10] "GET /Photos/2015/2015-01_%E6%9C%AA%E7%9F%A5%E5%9C%B0%E9%BB%9E/E36041EA-0E53-43D8-9F70-1FC7BFF3249E.jpeg HTTP/1.1" 200 -
[06/Aug/2026 15:26:10] "GET /Photos/2015/2015-01_%E6%9C%AA%E7%9F%A5%E5%9C%B0%E9%BB%9E/A72B7D9F-85EE-467E-9BCE-2C566BA7AA96.jpeg HTTP/1.1" 200 -
[06/Aug/2026 15:26:10] "GET /Photos/2015/2015-01_%E6%9C%AA%E7%9F%A5%E5%9C%B0%E9%BB%9E/C51524F7-72B6-4E28-9E54-7ED1DDBF2C88.jpeg HTTP/1.1" 200 -
[06/Aug/2026 15:26:10] "GET /Photos/2015/2015-01_%E6%9C%AA%E7%9F%A5%E5%9C%B0%E9%BB%9E/5DA64C43-D374-4C70-B45C-ED55C5AC239C.jpeg HTTP/1.1" 200 -
[06/Aug/2026 15:26:10] "GET /Photos/2015/2015-01_%E6%9C%AA%E7%9F%A5%E5%9C%B0%E9%BB%9E/9036AB11-1482-45FE-B0EE-CEABBF1CE073.jpeg HTTP/1.1" 200 -
[06/Aug/2026 15:26:10] "GET /Photos/2015/2015-01_%E6%9C%AA%E7%9F%A5%E5%9C%B0%E9%BB%9E/C999837E-E5CC-49FE-911A-F2C1F7ED1817.jpeg HTTP/1.1" 200 -
[06/Aug/2026 15:26:10] "GET /Photos/2015/2015-01_%E6%9C%AA%E7%9F%A5%E5%9C%B0%E9%BB%9E/125A731E-935A-4782-BE9C-A6A26D180B46.jpeg HTTP/1.1" 200 -
[06/Aug/2026 15:26:10] "GET /Photos/2015/2015-01_%E6%9C%AA%E7%9F%A5%E5%9C%B0%E9%BB%9E/73113CB5-04C7-4D7A-9709-108EA793CF40.jpeg HTTP/1.1" 200 -
[06/Aug/2026 15:26:10] "GET /Photos/2015/2015-01_%E6%9C%AA%E7%9F%A5%E5%9C%B0%E9%BB%9E/C0C3ED93-C13E-451D-ACFC-92D6E25C4B72.jpeg HTTP/1.1" 200 -
[06/Aug/2026 15:26:10] "GET /Photos/2015/2015-01_%E6%9C%AA%E7%9F%A5%E5%9C%B0%E9%BB%9E/CAF955D0-B939-4216-9D31-929121799976.jpeg HTTP/1.1" 200 -
[06/Aug/2026 15:26:10] "GET /Photos/2015/2015-01_%E6%9C%AA%E7%9F%A5%E5%9C%B0%E9%BB%9E/8ED4369D-D4EB-4554-B844-7F1F136963ED.jpeg HTTP/1.1" 200 -
[06/Aug/2026 15:26:10] "GET /Photos/2015/2015-01_%E6%9C%AA%E7%9F%A5%E5%9C%B0%E9%BB%9E/FBAA1742-5F0A-46F1-A560-5EF614AE6D38.jpeg HTTP/1.1" 200 -
[06/Aug/2026 15:26:10] "GET /Photos/2015/2015-01_%E6%9C%AA%E7%9F%A5%E5%9C%B0%E9%BB%9E/4EAAB00F-9A52-4179-94EB-FC60F7521884.jpeg HTTP/1.1" 200 -
[06/Aug/2026 15:26:11] "GET /Photos/2015/2015-01_%E6%9C%AA%E7%9F%A5%E5%9C%B0%E9%BB%9E/87051BFF-7882-4F2A-B074-392EABE47D65.jpeg HTTP/1.1" 200 -
[06/Aug/2026 15:26:11] "GET /Photos/2015/2015-01_%E6%9C%AA%E7%9F%A5%E5%9C%B0%E9%BB%9E/4193752E-BA8C-466F-BC92-DC8EB113B430.jpeg HTTP/1.1" 200 -
[06/Aug/2026 15:26:11] "GET /Photos/2015/2015-01_%E6%9C%AA%E7%9F%A5%E5%9C%B0%E9%BB%9E/039C7659-566B-4424-A8C3-A409E8263466.jpeg HTTP/1.1" 200 -
[06/Aug/2026 15:26:11] "GET /Photos/2015/2015-01_%E6%9C%AA%E7%9F%A5%E5%9C%B0%E9%BB%9E/52C4BD87-52E5-42D8-9145-C6E8B98DEF6D.jpeg HTTP/1.1" 200 -
[06/Aug/2026 15:26:11] "GET /Photos/2015/2015-01_%E6%9C%AA%E7%9F%A5%E5%9C%B0%E9%BB%9E/B8130B60-8328-417A-BE92-8E7C71A568DD.jpeg HTTP/1.1" 200 -
[06/Aug/2026 15:26:11] "GET /Photos/2015/2015-01_%E6%9C%AA%E7%9F%A5%E5%9C%B0%E9%BB%9E/D40A6898-B1B5-404A-8FF7-C9D2A373A7EB.jpeg HTTP/1.1" 200 -
[06/Aug/2026 15:26:11] "GET /Photos/2015/2015-01_%E6%9C%AA%E7%9F%A5%E5%9C%B0%E9%BB%9E/54ADE3DF-0A95-4CD6-B071-76264BF61F4F.jpeg HTTP/1.1" 200 -
[06/Aug/2026 15:26:11] "GET /Photos/2015/2015-01_%E6%9C%AA%E7%9F%A5%E5%9C%B0%E9%BB%9E/87B326C6-17C4-4B58-9DFC-3F48E07BAD21.jpeg HTTP/1.1" 200 -
[06/Aug/2026 15:26:11] "GET /Photos/2015/2015-01_%E6%9C%AA%E7%9F%A5%E5%9C%B0%E9%BB%9E/EE0BB507-6D28-4219-AE5E-3D26E53CF654.jpeg HTTP/1.1" 200 -
[06/Aug/2026 15:26:11] "GET /Photos/2015/2015-01_%E6%9C%AA%E7%9F%A5%E5%9C%B0%E9%BB%9E/A45CAE90-04F4-4C6B-AFCD-394D2A81363B.jpeg HTTP/1.1" 200 -
[06/Aug/2026 15:26:11] "GET /Photos/2015/2015-01_%E6%9C%AA%E7%9F%A5%E5%9C%B0%E9%BB%9E/5D5BEEF1-289D-4F88-BD07-B2F3BF4D89B8.jpeg HTTP/1.1" 200 -
[06/Aug/2026 15:26:11] "GET /Photos/2015/2015-01_%E6%9C%AA%E7%9F%A5%E5%9C%B0%E9%BB%9E/AA63ED67-43F7-455E-BE7A-A989A66FAA4D.jpeg HTTP/1.1" 200 -
[06/Aug/2026 15:26:11] "GET /Photos/2015/2015-01_%E6%9C%AA%E7%9F%A5%E5%9C%B0%E9%BB%9E/01BC9069-E847-44C8-9D92-80337D69FFB4.jpeg HTTP/1.1" 200 -
[06/Aug/2026 15:26:11] "GET /Photos/2015/2015-01_%E6%9C%AA%E7%9F%A5%E5%9C%B0%E9%BB%9E/AA2FBAF1-8311-4660-BFD7-D4FBEF3A300F.jpeg HTTP/1.1" 200 -
[06/Aug/2026 15:26:11] "GET /Photos/2015/2015-01_%E6%9C%AA%E7%9F%A5%E5%9C%B0%E9%BB%9E/03A0F15E-A6AB-4CF5-98C4-2F1119C66533.jpeg HTTP/1.1" 200 -
[06/Aug/2026 15:26:11] "GET /Photos/2015/2015-01_%E6%9C%AA%E7%9F%A5%E5%9C%B0%E9%BB%9E/89C320F9-DBDC-4D50-8B04-F3CB7D952EFA.jpeg HTTP/1.1" 200 -
[06/Aug/2026 15:26:11] "GET /Photos/2015/2015-01_%E6%9C%AA%E7%9F%A5%E5%9C%B0%E9%BB%9E/D0AC7A2D-97FE-4FC6-AC5B-90C6F934A343.jpeg HTTP/1.1" 200 -
[06/Aug/2026 15:26:11] "GET /Photos/2015/2015-01_%E6%9C%AA%E7%9F%A5%E5%9C%B0%E9%BB%9E/84AED7CE-E3E5-4BD0-B073-A3CBEDA10EC2.jpeg HTTP/1.1" 200 -
[06/Aug/2026 15:26:11] "GET /Photos/2015/2015-01_%E6%9C%AA%E7%9F%A5%E5%9C%B0%E9%BB%9E/BB7E9AAF-0382-43C4-80B6-90EB6C82778F.jpeg HTTP/1.1" 200 -
[06/Aug/2026 15:26:11] "GET /Photos/2015/2015-01_%E6%9C%AA%E7%9F%A5%E5%9C%B0%E9%BB%9E/48708631-1DA1-4E5D-92F8-61CEEB8E69C2.jpeg HTTP/1.1" 200 -
[06/Aug/2026 15:26:11] "GET /Photos/2015/2015-01_%E6%9C%AA%E7%9F%A5%E5%9C%B0%E9%BB%9E/24B233F9-7658-4CBC-BD10-74EEBF09556D.jpeg HTTP/1.1" 200 -
[06/Aug/2026 15:26:11] "GET /Photos/2015/2015-01_%E6%9C%AA%E7%9F%A5%E5%9C%B0%E9%BB%9E/195CA25D-6FB6-452E-B5CD-D7863F86DA00.jpeg HTTP/1.1" 200 -
[06/Aug/2026 15:26:11] "GET /Photos/2015/2015-01_%E6%9C%AA%E7%9F%A5%E5%9C%B0%E9%BB%9E/6E1E52F1-7F91-4B2D-89FC-63375C230970.jpeg HTTP/1.1" 200 -
[06/Aug/2026 15:26:11] "GET /Photos/2015/2015-01_%E6%9C%AA%E7%9F%A5%E5%9C%B0%E9%BB%9E/3218D27D-3C37-4B62-8618-0E087144958B.jpeg HTTP/1.1" 200 -
[06/Aug/2026 15:26:11] "GET /Photos/2015/2015-06_%E6%9C%AA%E7%9F%A5%E5%9C%B0%E9%BB%9E/71050D5A-F172-41A6-B308-DB859221A7AF.jpeg HTTP/1.1" 200 -
[06/Aug/2026 15:26:11] "GET /Photos/2015/2015-06_%E6%9C%AA%E7%9F%A5%E5%9C%B0%E9%BB%9E/B988DEA1-137F-4ED5-84E3-018EC4EAA4F3.jpeg HTTP/1.1" 200 -
[06/Aug/2026 15:26:11] "GET /Photos/2015/2015-06_%E6%9C%AA%E7%9F%A5%E5%9C%B0%E9%BB%9E/6433E273-F206-4290-AF33-C350A6549F05.jpeg HTTP/1.1" 200 -
[06/Aug/2026 15:26:11] "GET /Photos/2015/2015-06_%E6%9C%AA%E7%9F%A5%E5%9C%B0%E9%BB%9E/D0734695-B294-46AE-A27F-16C385C8B6C5.jpeg HTTP/1.1" 200 -
[06/Aug/2026 15:26:11] "GET /Photos/2015/2015-06_%E6%9C%AA%E7%9F%A5%E5%9C%B0%E9%BB%9E/4482DF17-E2B8-4D8D-86D6-4FBCE72E8175.jpeg HTTP/1.1" 200 -
[06/Aug/2026 15:26:11] "GET /Photos/2015/2015-06_%E6%9C%AA%E7%9F%A5%E5%9C%B0%E9%BB%9E/296D72FE-DDF1-4AE7-99D1-E5D5A6E92E0E.jpeg HTTP/1.1" 200 -
[06/Aug/2026 15:26:11] "GET /Photos/2015/2015-06_%E6%9C%AA%E7%9F%A5%E5%9C%B0%E9%BB%9E/315BBAD7-8BDA-467D-A9C0-A32868FE2C27.jpeg HTTP/1.1" 200 -
[06/Aug/2026 15:26:11] "GET /Photos/2015/2015-06_%E6%9C%AA%E7%9F%A5%E5%9C%B0%E9%BB%9E/1BB8C6B7-5825-4085-BAC0-F463926E3E84.jpeg HTTP/1.1" 200 -
[06/Aug/2026 15:26:11] "GET /Photos/2015/2015-06_%E6%9C%AA%E7%9F%A5%E5%9C%B0%E9%BB%9E/D8835F65-AC99-4818-AB1C-700CED1C6A8A.jpeg HTTP/1.1" 200 -
[06/Aug/2026 15:26:11] "GET /Photos/2015/2015-06_%E6%9C%AA%E7%9F%A5%E5%9C%B0%E9%BB%9E/8EFDB9F1-2FA2-4F8D-BEF1-236F452E3119.jpeg HTTP/1.1" 200 -
[06/Aug/2026 15:26:11] "GET /Photos/2015/2015-06_%E6%9C%AA%E7%9F%A5%E5%9C%B0%E9%BB%9E/C5189B3F-8540-45D1-BE41-DEDE282F0B7B.jpeg HTTP/1.1" 200 -
[06/Aug/2026 15:26:11] "GET /Photos/2015/2015-06_%E6%9C%AA%E7%9F%A5%E5%9C%B0%E9%BB%9E/4684D9AA-5F8C-4403-94BF-B36C5CE53118.jpeg HTTP/1.1" 200 -
[06/Aug/2026 15:26:11] "GET /Photos/2015/2015-06_%E6%9C%AA%E7%9F%A5%E5%9C%B0%E9%BB%9E/AC421971-14FA-4606-973A-3FA4DD5896CF.jpeg HTTP/1.1" 200 -
[06/Aug/2026 15:26:11] "GET /Photos/2015/2015-06_%E6%9C%AA%E7%9F%A5%E5%9C%B0%E9%BB%9E/C21EC2B2-A666-41F6-9A76-141E5E6F25EC.jpeg HTTP/1.1" 200 -
[06/Aug/2026 15:26:11] "GET /Photos/2015/2015-07_%E6%9C%AA%E7%9F%A5%E5%9C%B0%E9%BB%9E/9702D3FF-7019-4ED5-9B41-A9528108BFEC.jpeg HTTP/1.1" 200 -
[06/Aug/2026 15:26:11] "GET /Photos/2015/2015-07_%E6%9C%AA%E7%9F%A5%E5%9C%B0%E9%BB%9E/2F2FF549-6678-49DD-8B72-14110FB7AE94.jpeg HTTP/1.1" 200 -
[06/Aug/2026 15:26:11] "GET /Photos/2015/2015-07_%E6%9C%AA%E7%9F%A5%E5%9C%B0%E9%BB%9E/EFC6A5D3-6ED5-4327-A450-392D169CE866.jpeg HTTP/1.1" 200 -
[06/Aug/2026 15:26:11] "GET /Photos/2015/2015-07_%E6%9C%AA%E7%9F%A5%E5%9C%B0%E9%BB%9E/A3C0DDBF-1EE4-428C-94C0-9E81DEB65754.jpeg HTTP/1.1" 200 -
[06/Aug/2026 15:26:11] "GET /Photos/2015/2015-07_%E6%9C%AA%E7%9F%A5%E5%9C%B0%E9%BB%9E/CEF5C3A7-4E5D-454A-8B37-912F4E191FB1.jpeg HTTP/1.1" 200 -
[06/Aug/2026 15:26:11] "GET /Photos/2015/2015-07_%E6%9C%AA%E7%9F%A5%E5%9C%B0%E9%BB%9E/94D8B1E0-4EB0-479B-A86C-DD2B83A642B9_1_201_a.jpeg HTTP/1.1" 200 -
[06/Aug/2026 15:26:11] "GET /Photos/2015/2015-04_%E6%9C%AA%E7%9F%A5%E5%9C%B0%E9%BB%9E/3D065B2C-C2D5-4867-9091-8ED4AE0EB6EF.jpeg HTTP/1.1" 200 -
[06/Aug/2026 15:26:11] "GET /Photos/2015/2015-04_%E6%9C%AA%E7%9F%A5%E5%9C%B0%E9%BB%9E/70D4D2A8-F245-4441-96C1-B777890C6E72.jpeg HTTP/1.1" 200 -
[06/Aug/2026 15:26:11] "GET /Photos/2015/2015-04_%E6%9C%AA%E7%9F%A5%E5%9C%B0%E9%BB%9E/4E130E92-DCB3-4CAA-8599-0A0868506D8F.jpeg HTTP/1.1" 200 -
[06/Aug/2026 15:26:11] "GET /Photos/2015/2015-04_%E6%9C%AA%E7%9F%A5%E5%9C%B0%E9%BB%9E/0DB781E6-AA0D-452B-ABBA-90BABE321358.jpeg HTTP/1.1" 200 -
[06/Aug/2026 15:26:11] "GET /Photos/2015/2015-04_%E6%9C%AA%E7%9F%A5%E5%9C%B0%E9%BB%9E/59D0B759-B92A-4B8E-A31D-5520D3DE5AC2.jpeg HTTP/1.1" 200 -
[06/Aug/2026 15:26:11] "GET /Photos/2015/2015-04_%E6%9C%AA%E7%9F%A5%E5%9C%B0%E9%BB%9E/2B8B18BD-1347-407A-9AF9-28BC5E075564.jpeg HTTP/1.1" 200 -
[06/Aug/2026 15:26:11] "GET /Photos/2015/2015-04_%E6%9C%AA%E7%9F%A5%E5%9C%B0%E9%BB%9E/3F363394-EA0A-49F0-8F2E-27CCD1F2CE7A.jpeg HTTP/1.1" 200 -
[06/Aug/2026 15:26:11] "GET /Photos/2015/2015-04_%E6%9C%AA%E7%9F%A5%E5%9C%B0%E9%BB%9E/60D833D9-921F-4493-AD3A-2C2A4CF97928.jpeg HTTP/1.1" 200 -
[06/Aug/2026 15:26:11] "GET /Photos/2015/2015-04_%E6%9C%AA%E7%9F%A5%E5%9C%B0%E9%BB%9E/07AE6B0D-532E-40D0-9F2E-2E13ECDBDB28.jpeg HTTP/1.1" 200 -
[06/Aug/2026 15:26:11] "GET /Photos/2015/2015-05_%E6%9C%AA%E7%9F%A5%E5%9C%B0%E9%BB%9E/49DB6D5E-2788-4F35-BBA2-1A04DFF49365.jpeg HTTP/1.1" 200 -
[06/Aug/2026 15:26:11] "GET /Photos/2015/2015-05_%E6%9C%AA%E7%9F%A5%E5%9C%B0%E9%BB%9E/32029F66-0A27-4B50-B020-6974F483910C.jpeg HTTP/1.1" 200 -
[06/Aug/2026 15:26:11] "GET /Photos/2015/2015-05_%E6%9C%AA%E7%9F%A5%E5%9C%B0%E9%BB%9E/074E2525-0FF2-41F9-9891-F237C21FE9D1.jpeg HTTP/1.1" 200 -
[06/Aug/2026 15:26:11] "GET /Photos/2015/2015-05_%E6%9C%AA%E7%9F%A5%E5%9C%B0%E9%BB%9E/308CCF3E-E88D-4B91-AC67-972911FE48B9.jpeg HTTP/1.1" 200 -
[06/Aug/2026 15:26:11] "GET /Photos/2015/2015-05_%E6%9C%AA%E7%9F%A5%E5%9C%B0%E9%BB%9E/E417204D-EB61-4E01-9396-74E2E3BB4052.jpeg HTTP/1.1" 200 -
[06/Aug/2026 15:26:11] "GET /Photos/2015/2015-05_%E6%9C%AA%E7%9F%A5%E5%9C%B0%E9%BB%9E/E4BB2F9D-E17D-48F0-B3FB-1318E9083AA9.jpeg HTTP/1.1" 200 -
[06/Aug/2026 15:26:11] "GET /Photos/2015/2015-05_%E6%9C%AA%E7%9F%A5%E5%9C%B0%E9%BB%9E/A85B24C2-70DC-4251-9B8D-297BE6D47BE3.jpeg HTTP/1.1" 200 -
[06/Aug/2026 15:26:11] "GET /Photos/2015/2015-05_%E6%9C%AA%E7%9F%A5%E5%9C%B0%E9%BB%9E/524F9171-CDC9-4EE9-ACB6-F394A5AB98FA.jpeg HTTP/1.1" 200 -
[06/Aug/2026 15:26:11] "GET /Photos/2015/2015-05_%E6%9C%AA%E7%9F%A5%E5%9C%B0%E9%BB%9E/3E8D461E-9E92-49B6-A805-41110ED8265C.jpeg HTTP/1.1" 200 -
[06/Aug/2026 15:26:11] "GET /Photos/2015/2015-05_%E6%9C%AA%E7%9F%A5%E5%9C%B0%E9%BB%9E/7808F3E5-4D94-498B-82EC-46E3C3914EBC.jpeg HTTP/1.1" 200 -
[06/Aug/2026 15:26:11] "GET /Photos/2015/2015-05_%E6%9C%AA%E7%9F%A5%E5%9C%B0%E9%BB%9E/734C2B33-5C90-489C-9978-E76E15691D97.jpeg HTTP/1.1" 200 -
[06/Aug/2026 15:26:11] "GET /Photos/2015/2015-05_%E6%9C%AA%E7%9F%A5%E5%9C%B0%E9%BB%9E/311813AF-9F25-4160-B62B-2CBA3D5CC677.jpeg HTTP/1.1" 200 -
[06/Aug/2026 15:26:11] "GET /Photos/2015/2015-05_%E6%9C%AA%E7%9F%A5%E5%9C%B0%E9%BB%9E/D24D6F63-42EF-405A-B049-16D3627E7E19.jpeg HTTP/1.1" 200 -
[06/Aug/2026 15:26:11] "GET /Photos/2015/2015-05_%E6%9C%AA%E7%9F%A5%E5%9C%B0%E9%BB%9E/467BB902-DDBA-4A34-8854-8210FA5B0D46.jpeg HTTP/1.1" 200 -
[06/Aug/2026 15:26:11] "GET /Photos/2015/2015-05_%E6%9C%AA%E7%9F%A5%E5%9C%B0%E9%BB%9E/58A7E0A0-731B-4B1E-BF84-D1E06640EE3F.jpeg HTTP/1.1" 200 -
[06/Aug/2026 15:26:11] "GET /Photos/2015/2015-05_%E6%9C%AA%E7%9F%A5%E5%9C%B0%E9%BB%9E/D5D55253-54D9-4954-B979-BCD070B11089.jpeg HTTP/1.1" 200 -
[06/Aug/2026 15:26:11] "GET /Photos/2015/2015-05_%E6%9C%AA%E7%9F%A5%E5%9C%B0%E9%BB%9E/63B469FA-C06F-4EE4-B3F7-D62A1214486D.jpeg HTTP/1.1" 200 -
[06/Aug/2026 15:26:11] "GET /Photos/2015/2015-05_%E6%9C%AA%E7%9F%A5%E5%9C%B0%E9%BB%9E/08C03DCB-189C-4F95-B42F-F8DB9EA1F599.jpeg HTTP/1.1" 200 -
[06/Aug/2026 15:26:11] "GET /Photos/2015/2015-05_%E6%9C%AA%E7%9F%A5%E5%9C%B0%E9%BB%9E/D7EA3EB7-AF0B-49EB-BCA8-AE2E6F9553EA.jpeg HTTP/1.1" 200 -
[06/Aug/2026 15:26:11] "GET /Photos/2015/2015-05_%E6%9C%AA%E7%9F%A5%E5%9C%B0%E9%BB%9E/39B981BB-233B-46D8-9EEF-1F5C26D1549B.jpeg HTTP/1.1" 200 -
[06/Aug/2026 15:26:11] "GET /Photos/2015/2015-05_%E6%9C%AA%E7%9F%A5%E5%9C%B0%E9%BB%9E/EBEBC83B-1576-4FB1-97AC-916C4DE14F46.jpeg HTTP/1.1" 200 -
[06/Aug/2026 15:26:11] "GET /Photos/2015/2015-05_%E6%9C%AA%E7%9F%A5%E5%9C%B0%E9%BB%9E/0638BAA3-853F-4774-BECC-D17788516F75.jpeg HTTP/1.1" 200 -
[06/Aug/2026 15:26:11] "GET /Photos/2015/2015-05_%E6%9C%AA%E7%9F%A5%E5%9C%B0%E9%BB%9E/630B3E62-223E-4D6B-A304-BD3D4B48969D.jpeg HTTP/1.1" 200 -
[06/Aug/2026 15:26:11] "GET /Photos/2015/2015-05_%E6%9C%AA%E7%9F%A5%E5%9C%B0%E9%BB%9E/856C69EE-65D6-4495-B59F-451D28478F05.jpeg HTTP/1.1" 200 -
[06/Aug/2026 15:26:11] "GET /Photos/2015/2015-05_%E6%9C%AA%E7%9F%A5%E5%9C%B0%E9%BB%9E/B89D0212-DF66-4B18-A6DF-FF5D0EEF4DA7.jpeg HTTP/1.1" 200 -
[06/Aug/2026 15:26:12] "GET /Photos/2015/2015-05_%E6%9C%AA%E7%9F%A5%E5%9C%B0%E9%BB%9E/7F5709CE-7125-4E47-941C-E176B428F304.jpeg HTTP/1.1" 200 -
[06/Aug/2026 15:26:12] "GET /Photos/2015/2015-05_%E6%9C%AA%E7%9F%A5%E5%9C%B0%E9%BB%9E/A1596681-5464-4496-9D5B-631CDCE654F0.jpeg HTTP/1.1" 200 -
[06/Aug/2026 15:26:12] "GET /Photos/2015/2015-05_%E6%9C%AA%E7%9F%A5%E5%9C%B0%E9%BB%9E/E5D56D22-419F-4170-9E42-9F0A0325C93F.jpeg HTTP/1.1" 200 -
[06/Aug/2026 15:26:12] "GET /Photos/2015/2015-02_%E6%9C%AA%E7%9F%A5%E5%9C%B0%E9%BB%9E/BA309E88-196E-4CD3-BDD2-648E72F11C89.jpeg HTTP/1.1" 200 -
[06/Aug/2026 15:26:12] "GET /Photos/2015/2015-02_%E6%9C%AA%E7%9F%A5%E5%9C%B0%E9%BB%9E/F35B261F-40E3-4EDD-BE07-D8AC3279879A.jpeg HTTP/1.1" 200 -
[06/Aug/2026 15:26:12] "GET /Photos/2015/2015-02_%E6%9C%AA%E7%9F%A5%E5%9C%B0%E9%BB%9E/F0EE4925-B76D-489F-97B9-A5B5EAEF2617.jpeg HTTP/1.1" 200 -
[06/Aug/2026 15:26:12] "GET /Photos/2015/2015-02_%E6%9C%AA%E7%9F%A5%E5%9C%B0%E9%BB%9E/ACDD9A0C-15FB-4A9A-A9BD-51B596A76BE4.jpeg HTTP/1.1" 200 -
[06/Aug/2026 15:26:12] "GET /Photos/2015/2015-02_%E6%9C%AA%E7%9F%A5%E5%9C%B0%E9%BB%9E/80141BBF-32FA-4757-902D-C9D691434869.jpeg HTTP/1.1" 200 -
[06/Aug/2026 15:26:12] "GET /Photos/2015/2015-02_%E6%9C%AA%E7%9F%A5%E5%9C%B0%E9%BB%9E/5B962065-3630-4211-98A4-84FC53283CFB.jpeg HTTP/1.1" 200 -
[06/Aug/2026 15:26:12] "GET /Photos/2015/2015-02_%E6%9C%AA%E7%9F%A5%E5%9C%B0%E9%BB%9E/DAF8DB88-562D-439D-BE4A-8DCFDF7ED8FA.jpeg HTTP/1.1" 200 -
[06/Aug/2026 15:26:12] "GET /Photos/2015/2015-02_%E6%9C%AA%E7%9F%A5%E5%9C%B0%E9%BB%9E/0FD90030-40E9-482E-B19C-3D9FB5FAB3EF.jpeg HTTP/1.1" 200 -
[06/Aug/2026 15:26:12] "GET /Photos/2015/2015-02_%E6%9C%AA%E7%9F%A5%E5%9C%B0%E9%BB%9E/1A858736-8A8E-4365-A9F3-CADD69A8B632.jpeg HTTP/1.1" 200 -
[06/Aug/2026 15:26:12] "GET /Photos/2015/2015-02_%E6%9C%AA%E7%9F%A5%E5%9C%B0%E9%BB%9E/1EF6916B-3A0F-4BF1-968E-53CFD0FAD298.jpeg HTTP/1.1" 200 -
[06/Aug/2026 15:26:12] "GET /Photos/2015/2015-02_%E6%9C%AA%E7%9F%A5%E5%9C%B0%E9%BB%9E/C983C182-5BBD-4A4D-ADB1-4DFDC06A2F5E.jpeg HTTP/1.1" 200 -
[06/Aug/2026 15:26:12] "GET /Photos/2015/2015-02_%E6%9C%AA%E7%9F%A5%E5%9C%B0%E9%BB%9E/E13055DE-3B3A-46AD-8B48-93947A2E0D34.jpeg HTTP/1.1" 200 -
[06/Aug/2026 15:26:12] "GET /Photos/2015/2015-02_%E6%9C%AA%E7%9F%A5%E5%9C%B0%E9%BB%9E/6C3DED7B-DEDB-4475-8647-889FF7545F05.jpeg HTTP/1.1" 200 -
[06/Aug/2026 15:26:12] "GET /Photos/2015/2015-02_%E6%9C%AA%E7%9F%A5%E5%9C%B0%E9%BB%9E/9A344A82-2B6B-4A5E-ACFD-1A4D4D937BC7.jpeg HTTP/1.1" 200 -
[06/Aug/2026 15:26:12] "GET /Photos/2015/2015-02_%E6%9C%AA%E7%9F%A5%E5%9C%B0%E9%BB%9E/CA6259C3-45EB-4353-B5E3-47DA751E68DD.jpeg HTTP/1.1" 200 -
[06/Aug/2026 15:26:12] "GET /Photos/2015/2015-02_%E6%9C%AA%E7%9F%A5%E5%9C%B0%E9%BB%9E/4F0D5400-B6EA-4E46-817E-963676B4056F.jpeg HTTP/1.1" 200 -
[06/Aug/2026 15:26:12] "GET /Photos/2015/2015-02_%E6%9C%AA%E7%9F%A5%E5%9C%B0%E9%BB%9E/4313767A-D399-4D8E-BBB8-D296D398E82E.jpeg HTTP/1.1" 200 -
[06/Aug/2026 15:26:12] "GET /Photos/2015/2015-02_%E6%9C%AA%E7%9F%A5%E5%9C%B0%E9%BB%9E/C3DD1236-428C-44D7-ADD0-24D851635FAF.jpeg HTTP/1.1" 200 -
[06/Aug/2026 15:26:12] "GET /Photos/2015/2015-02_%E6%9C%AA%E7%9F%A5%E5%9C%B0%E9%BB%9E/F0D4A913-1CAF-43CE-8C94-FC23B9CF9615.jpeg HTTP/1.1" 200 -
[06/Aug/2026 15:26:12] "GET /Photos/2015/2015-02_%E6%9C%AA%E7%9F%A5%E5%9C%B0%E9%BB%9E/4192561C-C096-4331-9700-0DB06E439913.jpeg HTTP/1.1" 200 -
[06/Aug/2026 15:26:12] "GET /Photos/2015/2015-02_%E6%9C%AA%E7%9F%A5%E5%9C%B0%E9%BB%9E/F4A1A685-C26E-4234-9090-803CF8422079.jpeg HTTP/1.1" 200 -
[06/Aug/2026 15:26:12] "GET /Photos/2015/2015-02_%E6%9C%AA%E7%9F%A5%E5%9C%B0%E9%BB%9E/F0F6BACF-AB14-4AC4-84D9-86332CE4E848.jpeg HTTP/1.1" 200 -
[06/Aug/2026 15:26:12] "GET /Photos/2015/2015-02_%E6%9C%AA%E7%9F%A5%E5%9C%B0%E9%BB%9E/C239C251-4532-4F90-B279-08713D74EC53.jpeg HTTP/1.1" 200 -
[06/Aug/2026 15:26:12] "GET /Photos/2015/2015-02_%E6%9C%AA%E7%9F%A5%E5%9C%B0%E9%BB%9E/BBAEB968-E438-42DA-8FD1-5892C651C1D1.jpeg HTTP/1.1" 200 -
[06/Aug/2026 15:26:12] "GET /Photos/2015/2015-02_%E6%9C%AA%E7%9F%A5%E5%9C%B0%E9%BB%9E/CEE68055-0899-4DD3-A481-702F35DAF867.jpeg HTTP/1.1" 200 -
[06/Aug/2026 15:26:12] "GET /Photos/2015/2015-02_%E6%9C%AA%E7%9F%A5%E5%9C%B0%E9%BB%9E/0746B53D-9D83-44D9-B693-115BFC72A198.jpeg HTTP/1.1" 200 -
[06/Aug/2026 15:26:12] "GET /Photos/2015/2015-02_%E6%9C%AA%E7%9F%A5%E5%9C%B0%E9%BB%9E/09F5A9C6-6147-46D9-9B34-A3CD08040C8B.jpeg HTTP/1.1" 200 -
[06/Aug/2026 15:26:12] "GET /Photos/2015/2015-02_%E6%9C%AA%E7%9F%A5%E5%9C%B0%E9%BB%9E/F0B1FEA8-DBB6-4AE8-BDFA-0C3A3EE42264.jpeg HTTP/1.1" 200 -
[06/Aug/2026 15:26:12] "GET /Photos/2015/2015-02_%E6%9C%AA%E7%9F%A5%E5%9C%B0%E9%BB%9E/58E0CC38-DCAC-4BA5-BEA6-75E47144CD26.jpeg HTTP/1.1" 200 -
[06/Aug/2026 15:26:12] "GET /Photos/2015/2015-02_%E6%9C%AA%E7%9F%A5%E5%9C%B0%E9%BB%9E/79BA1020-F5B4-416A-B015-9FEF3BC9DA35.jpeg HTTP/1.1" 200 -
[06/Aug/2026 15:26:12] "GET /Photos/2015/2015-02_%E6%9C%AA%E7%9F%A5%E5%9C%B0%E9%BB%9E/585D39B8-C5F1-453B-81F4-1E4091D29489.jpeg HTTP/1.1" 200 -
[06/Aug/2026 15:26:12] "GET /Photos/2015/2015-02_%E6%9C%AA%E7%9F%A5%E5%9C%B0%E9%BB%9E/60907FC8-70C1-466D-B23A-C0E653C9A725.jpeg HTTP/1.1" 200 -
[06/Aug/2026 15:26:12] "GET /Photos/2015/2015-02_%E6%9C%AA%E7%9F%A5%E5%9C%B0%E9%BB%9E/7FBECAA0-F823-4633-A820-B82D111B6868.jpeg HTTP/1.1" 200 -
[06/Aug/2026 15:26:12] "GET /Photos/2015/2015-02_%E6%9C%AA%E7%9F%A5%E5%9C%B0%E9%BB%9E/7FF8E356-DA94-4379-8779-D977374CB115.jpeg HTTP/1.1" 200 -
[06/Aug/2026 15:26:12] "GET /Photos/2015/2015-02_%E6%9C%AA%E7%9F%A5%E5%9C%B0%E9%BB%9E/4F7FBFAE-C7EC-4A0D-A7F7-D9D52D34BDC7.jpeg HTTP/1.1" 200 -
[06/Aug/2026 15:26:12] "GET /Photos/2015/2015-02_%E6%9C%AA%E7%9F%A5%E5%9C%B0%E9%BB%9E/3AE214F6-44F0-4948-95C7-DDCA8A17BE7F.jpeg HTTP/1.1" 200 -
[06/Aug/2026 15:26:12] "GET /Photos/2015/2015-02_%E6%9C%AA%E7%9F%A5%E5%9C%B0%E9%BB%9E/13EB8BB6-AE66-40AA-AF51-E1B413FDD2AA.jpeg HTTP/1.1" 200 -
[06/Aug/2026 15:26:12] "GET /Photos/2015/2015-02_%E6%9C%AA%E7%9F%A5%E5%9C%B0%E9%BB%9E/C84A458D-E655-4B6D-8600-637EA10168F4.jpeg HTTP/1.1" 200 -
[06/Aug/2026 15:26:12] "GET /Photos/2015/2015-02_%E6%9C%AA%E7%9F%A5%E5%9C%B0%E9%BB%9E/566C046B-2404-4521-99AC-C1343B4627E6.jpeg HTTP/1.1" 200 -
[06/Aug/2026 15:26:12] "GET /Photos/2015/2015-02_%E6%9C%AA%E7%9F%A5%E5%9C%B0%E9%BB%9E/EEAB5CF1-2A1E-444B-8087-745A13FEF469.jpeg HTTP/1.1" 200 -
[06/Aug/2026 15:26:12] "GET /Photos/2015/2015-02_%E6%9C%AA%E7%9F%A5%E5%9C%B0%E9%BB%9E/5866BB52-5F11-4F4F-93D1-C9E28F2DBACA.jpeg HTTP/1.1" 200 -
[06/Aug/2026 15:26:12] "GET /Photos/2015/2015-02_%E6%9C%AA%E7%9F%A5%E5%9C%B0%E9%BB%9E/74543AA7-81A5-4187-859D-7AB98466B79F.jpeg HTTP/1.1" 200 -
[06/Aug/2026 15:26:12] "GET /Photos/2015/2015-02_%E6%9C%AA%E7%9F%A5%E5%9C%B0%E9%BB%9E/EACCAEE6-B167-4068-AD9B-A1AF4D980ABF.jpeg HTTP/1.1" 200 -
[06/Aug/2026 15:26:12] "GET /Photos/2015/2015-02_%E6%9C%AA%E7%9F%A5%E5%9C%B0%E9%BB%9E/81933A35-E23B-4F62-8B05-EBD52888F7C6.jpeg HTTP/1.1" 200 -
[06/Aug/2026 15:26:12] "GET /Photos/2015/2015-02_%E6%9C%AA%E7%9F%A5%E5%9C%B0%E9%BB%9E/F2C5F265-13CA-4808-A6CB-61189818E95D.jpeg HTTP/1.1" 200 -
[06/Aug/2026 15:26:12] "GET /Photos/2015/2015-02_%E6%9C%AA%E7%9F%A5%E5%9C%B0%E9%BB%9E/2812BE3C-E7CB-45CD-843B-9D17A8C23BC2.jpeg HTTP/1.1" 200 -
[06/Aug/2026 15:26:12] "GET /Photos/2015/2015-02_%E6%9C%AA%E7%9F%A5%E5%9C%B0%E9%BB%9E/F9A4E697-CE52-4FA7-896F-70A1B2EB987D.jpeg HTTP/1.1" 200 -
[06/Aug/2026 15:26:12] "GET /Photos/2015/2015-02_%E6%9C%AA%E7%9F%A5%E5%9C%B0%E9%BB%9E/4CD9A7F7-1DA0-4B2A-B66A-1C5296C79045.jpeg HTTP/1.1" 200 -
[06/Aug/2026 15:26:12] "GET /Photos/2015/2015-02_%E6%9C%AA%E7%9F%A5%E5%9C%B0%E9%BB%9E/99E55416-402E-4230-99D9-7C285EC2CFB8.jpeg HTTP/1.1" 200 -
[06/Aug/2026 15:26:12] "GET /Photos/2015/2015-02_%E6%9C%AA%E7%9F%A5%E5%9C%B0%E9%BB%9E/DB8EB330-0C56-4B3D-8949-02EE87C058F6.jpeg HTTP/1.1" 200 -
[06/Aug/2026 15:26:12] "GET /Photos/2015/2015-02_%E6%9C%AA%E7%9F%A5%E5%9C%B0%E9%BB%9E/C1A2F689-E9BB-44A2-B20E-4FE308CA0EDE.jpeg HTTP/1.1" 200 -
[06/Aug/2026 15:26:12] "GET /Photos/2015/2015-02_%E6%9C%AA%E7%9F%A5%E5%9C%B0%E9%BB%9E/8B1D984F-E9BD-44E0-B1AB-2EFA4714676F.jpeg HTTP/1.1" 200 -
[06/Aug/2026 15:26:12] "GET /Photos/2015/2015-02_%E6%9C%AA%E7%9F%A5%E5%9C%B0%E9%BB%9E/DDD77C18-0FD9-4959-B941-BB65416CBE9A.jpeg HTTP/1.1" 200 -
[06/Aug/2026 15:26:13] "GET /Photos/2015/2015-02_%E6%9C%AA%E7%9F%A5%E5%9C%B0%E9%BB%9E/5D846D6F-D1A9-4400-B84B-8EF4E4A7CFA0.jpeg HTTP/1.1" 200 -
[06/Aug/2026 15:26:13] "GET /Photos/2015/2015-02_%E6%9C%AA%E7%9F%A5%E5%9C%B0%E9%BB%9E/25422D11-190E-4249-B956-AFF59C9CB9E1.jpeg HTTP/1.1" 200 -
[06/Aug/2026 15:26:13] "GET /Photos/2015/2015-02_%E6%9C%AA%E7%9F%A5%E5%9C%B0%E9%BB%9E/E4B6F00A-24CF-498A-A081-32217C20E423.jpeg HTTP/1.1" 200 -
[06/Aug/2026 15:26:13] "GET /Photos/2015/2015-02_%E6%9C%AA%E7%9F%A5%E5%9C%B0%E9%BB%9E/FA18BE38-C0B9-42CA-BB24-FEBD28BF40AB.jpeg HTTP/1.1" 200 -
[06/Aug/2026 15:26:13] "GET /Photos/2015/2015-02_%E6%9C%AA%E7%9F%A5%E5%9C%B0%E9%BB%9E/FB858565-C27D-4A96-9C28-59419A595C0A.jpeg HTTP/1.1" 200 -
[06/Aug/2026 15:26:13] "GET /Photos/2015/2015-02_%E6%9C%AA%E7%9F%A5%E5%9C%B0%E9%BB%9E/3488B8F8-846A-4E89-85E8-7EEE470E96EA.jpeg HTTP/1.1" 200 -
[06/Aug/2026 15:26:13] "GET /Photos/2015/2015-02_%E6%9C%AA%E7%9F%A5%E5%9C%B0%E9%BB%9E/2F2BD7C4-9041-464B-82C6-257AC06D25CF.jpeg HTTP/1.1" 200 -
[06/Aug/2026 15:26:13] "GET /Photos/2015/2015-02_%E6%9C%AA%E7%9F%A5%E5%9C%B0%E9%BB%9E/66046700-0DCF-4F28-8589-9C457CB27BB6.jpeg HTTP/1.1" 200 -
[06/Aug/2026 15:26:13] "GET /Photos/2015/2015-02_%E6%9C%AA%E7%9F%A5%E5%9C%B0%E9%BB%9E/7A73CD21-7B8D-45C4-8C29-FC50BD541975.jpeg HTTP/1.1" 200 -
[06/Aug/2026 15:26:13] "GET /Photos/2015/2015-02_%E6%9C%AA%E7%9F%A5%E5%9C%B0%E9%BB%9E/10F1B58C-C8BE-43B1-A878-A413EC78F50A.jpeg HTTP/1.1" 200 -
[06/Aug/2026 15:26:13] "GET /Photos/2015/2015-02_%E6%9C%AA%E7%9F%A5%E5%9C%B0%E9%BB%9E/8CBA11C6-1DBE-4652-9148-2AF23683EF6D.jpeg HTTP/1.1" 200 -
[06/Aug/2026 15:26:13] "GET /Photos/2015/2015-02_%E6%9C%AA%E7%9F%A5%E5%9C%B0%E9%BB%9E/23F6B819-F8F7-4BE3-9756-D698C3B7D5D6.jpeg HTTP/1.1" 200 -
[06/Aug/2026 15:26:13] "GET /Photos/2015/2015-02_%E6%9C%AA%E7%9F%A5%E5%9C%B0%E9%BB%9E/8936C2E9-1B98-4DBE-B7BD-A6A0BA369CD4.jpeg HTTP/1.1" 200 -
[06/Aug/2026 15:26:13] "GET /Photos/2015/2015-02_%E6%9C%AA%E7%9F%A5%E5%9C%B0%E9%BB%9E/99364498-992C-441B-AE6D-BEEE70736C1D.jpeg HTTP/1.1" 200 -
[06/Aug/2026 15:26:13] "GET /Photos/2015/2015-02_%E6%9C%AA%E7%9F%A5%E5%9C%B0%E9%BB%9E/46C49C98-4CBE-4E79-AE91-62E05A1A061E.jpeg HTTP/1.1" 200 -
[06/Aug/2026 15:26:13] "GET /Photos/2015/2015-02_%E6%9C%AA%E7%9F%A5%E5%9C%B0%E9%BB%9E/3A22B635-379A-4D54-9ABD-928AFF5F248E.jpeg HTTP/1.1" 200 -
[06/Aug/2026 15:26:13] "GET /Photos/2015/2015-02_%E6%9C%AA%E7%9F%A5%E5%9C%B0%E9%BB%9E/5C8BD8F4-7CC8-4647-8B35-C835C8368503.jpeg HTTP/1.1" 200 -
[06/Aug/2026 15:26:13] "GET /Photos/2015/2015-02_%E6%9C%AA%E7%9F%A5%E5%9C%B0%E9%BB%9E/2581011E-708A-4274-991C-3EDBFEE66852.jpeg HTTP/1.1" 200 -
[06/Aug/2026 15:26:13] "GET /Photos/2015/2015-02_%E6%9C%AA%E7%9F%A5%E5%9C%B0%E9%BB%9E/1936B3E3-A5B4-485F-8A96-464903F936B6.jpeg HTTP/1.1" 200 -
[06/Aug/2026 15:26:13] "GET /Photos/2015/2015-02_%E6%9C%AA%E7%9F%A5%E5%9C%B0%E9%BB%9E/7F1F8CB3-9213-4135-A633-B2D2418CA1F8.jpeg HTTP/1.1" 200 -
[06/Aug/2026 15:26:13] "GET /Photos/2015/2015-02_%E6%9C%AA%E7%9F%A5%E5%9C%B0%E9%BB%9E/D23D7A28-6A57-461A-8CFF-C9F553DBF0A5.jpeg HTTP/1.1" 200 -
[06/Aug/2026 15:26:13] "GET /Photos/2015/2015-02_%E6%9C%AA%E7%9F%A5%E5%9C%B0%E9%BB%9E/4341B848-48DA-4D31-9FE1-A0FFE7BBA45F.jpeg HTTP/1.1" 200 -
[06/Aug/2026 15:26:13] "GET /Photos/2015/2015-02_%E6%9C%AA%E7%9F%A5%E5%9C%B0%E9%BB%9E/F5D0CC4E-E3E6-4A15-BD5E-86ACE95EC76D.jpeg HTTP/1.1" 200 -
[06/Aug/2026 15:26:13] "GET /Photos/2015/2015-02_%E6%9C%AA%E7%9F%A5%E5%9C%B0%E9%BB%9E/3B8F3A00-AA32-4955-ABF5-D0857A8EEB32.jpeg HTTP/1.1" 200 -
[06/Aug/2026 15:26:13] "GET /Photos/2015/2015-02_%E6%9C%AA%E7%9F%A5%E5%9C%B0%E9%BB%9E/A5FB1E22-0CBA-4FC1-A869-F687772798DA.jpeg HTTP/1.1" 200 -
[06/Aug/2026 15:26:13] "GET /Photos/2015/2015-02_%E6%9C%AA%E7%9F%A5%E5%9C%B0%E9%BB%9E/A7E99F0B-3A51-4282-B3A1-5557619A6FA6.jpeg HTTP/1.1" 200 -
[06/Aug/2026 15:26:13] "GET /Photos/2015/2015-02_%E6%9C%AA%E7%9F%A5%E5%9C%B0%E9%BB%9E/FA404202-802D-46E1-AE1C-D7550D0BBB86.jpeg HTTP/1.1" 200 -
[06/Aug/2026 15:26:13] "GET /Photos/2015/2015-02_%E6%9C%AA%E7%9F%A5%E5%9C%B0%E9%BB%9E/0170FC65-4CD2-4F06-BB7C-13C894941CF6.jpeg HTTP/1.1" 200 -
[06/Aug/2026 15:26:13] "GET /Photos/2015/2015-02_%E6%9C%AA%E7%9F%A5%E5%9C%B0%E9%BB%9E/B5412A26-5DD8-4994-8AE0-A90581654553.jpeg HTTP/1.1" 200 -
[06/Aug/2026 15:26:13] "GET /Photos/2015/2015-02_%E6%9C%AA%E7%9F%A5%E5%9C%B0%E9%BB%9E/5CF0CE11-FE86-4163-877F-19A1DFFDAA47.jpeg HTTP/1.1" 200 -
[06/Aug/2026 15:26:13] "GET /Photos/2015/2015-02_%E6%9C%AA%E7%9F%A5%E5%9C%B0%E9%BB%9E/5BEB4B75-2A52-42B3-BC46-BBB191808FD3.jpeg HTTP/1.1" 200 -
[06/Aug/2026 15:26:13] "GET /Photos/2015/2015-02_%E6%9C%AA%E7%9F%A5%E5%9C%B0%E9%BB%9E/398B26BC-E99D-4453-B213-504D82BB3EB5.jpeg HTTP/1.1" 200 -
[06/Aug/2026 15:26:13] "GET /Photos/2015/2015-02_%E6%9C%AA%E7%9F%A5%E5%9C%B0%E9%BB%9E/A41153EA-F3D9-4022-AE6B-ED9EB574F664.jpeg HTTP/1.1" 200 -
[06/Aug/2026 15:26:13] "GET /Photos/2015/2015-02_%E6%9C%AA%E7%9F%A5%E5%9C%B0%E9%BB%9E/57DDD619-3F66-4DE5-B39C-68E79FB9B477.jpeg HTTP/1.1" 200 -
[06/Aug/2026 15:26:13] "GET /Photos/2015/2015-02_%E6%9C%AA%E7%9F%A5%E5%9C%B0%E9%BB%9E/ADEEA242-8350-4C3E-B6AF-7C3287276A09.jpeg HTTP/1.1" 200 -
[06/Aug/2026 15:26:13] "GET /Photos/2015/2015-02_%E6%9C%AA%E7%9F%A5%E5%9C%B0%E9%BB%9E/D1529A8B-6F4F-49F5-95A9-67F3667476CE.jpeg HTTP/1.1" 200 -
[06/Aug/2026 15:26:13] "GET /Photos/2015/2015-02_%E6%9C%AA%E7%9F%A5%E5%9C%B0%E9%BB%9E/72955AE7-446F-4C46-8071-4006BAA5D93B.jpeg HTTP/1.1" 200 -
[06/Aug/2026 15:26:13] "GET /Photos/2015/2015-02_%E6%9C%AA%E7%9F%A5%E5%9C%B0%E9%BB%9E/E264A09E-786C-4BBE-8741-64EB4D3B8290.jpeg HTTP/1.1" 200 -
[06/Aug/2026 15:26:13] "GET /Photos/2015/2015-02_%E6%9C%AA%E7%9F%A5%E5%9C%B0%E9%BB%9E/E4109D4F-AE58-4163-A28B-E7B633342992.jpeg HTTP/1.1" 200 -
[06/Aug/2026 15:26:13] "GET /Photos/2015/2015-02_%E6%9C%AA%E7%9F%A5%E5%9C%B0%E9%BB%9E/8A8CAA66-B2B4-4BB7-8C9A-6BCC152D391C.jpeg HTTP/1.1" 200 -
[06/Aug/2026 15:26:13] "GET /Photos/2015/2015-02_%E6%9C%AA%E7%9F%A5%E5%9C%B0%E9%BB%9E/5BDCDAE7-B550-485D-9416-0E214F90F9D7.jpeg HTTP/1.1" 200 -
[06/Aug/2026 15:26:13] "GET /Photos/2015/2015-02_%E6%9C%AA%E7%9F%A5%E5%9C%B0%E9%BB%9E/AE2F54E0-1B27-4E5F-8BFE-AEA4691694BC.jpeg HTTP/1.1" 200 -
[06/Aug/2026 15:26:13] "GET /Photos/2015/2015-02_%E6%9C%AA%E7%9F%A5%E5%9C%B0%E9%BB%9E/78E7AB51-FFFF-49B7-A237-E877A712C09C.jpeg HTTP/1.1" 200 -
[06/Aug/2026 15:26:13] "GET /Photos/2015/2015-02_%E6%9C%AA%E7%9F%A5%E5%9C%B0%E9%BB%9E/70380B23-3BFB-4408-9E98-D53CE7F30204.jpeg HTTP/1.1" 200 -
[06/Aug/2026 15:26:13] "GET /Photos/2015/2015-02_%E6%9C%AA%E7%9F%A5%E5%9C%B0%E9%BB%9E/82DD13D4-E889-4E83-8672-172480B268F6.jpeg HTTP/1.1" 200 -
[06/Aug/2026 15:26:13] "GET /Photos/2015/2015-02_%E6%9C%AA%E7%9F%A5%E5%9C%B0%E9%BB%9E/9557BA4D-BD61-460C-A513-0BD1F3C95395.jpeg HTTP/1.1" 200 -
[06/Aug/2026 15:26:13] "GET /Photos/2015/2015-02_%E6%9C%AA%E7%9F%A5%E5%9C%B0%E9%BB%9E/6352D9BF-2B4D-42DB-83DD-FBE4AABD16C6.jpeg HTTP/1.1" 200 -
[06/Aug/2026 15:26:13] "GET /Photos/2015/2015-02_%E6%9C%AA%E7%9F%A5%E5%9C%B0%E9%BB%9E/031F5E02-DC59-4F72-A662-FEB71164B7DC.jpeg HTTP/1.1" 200 -
[06/Aug/2026 15:26:13] "GET /Photos/2015/2015-02_%E6%9C%AA%E7%9F%A5%E5%9C%B0%E9%BB%9E/961CBFBD-9AF8-4DA1-9652-088A9DC7A96E.jpeg HTTP/1.1" 200 -
[06/Aug/2026 15:26:13] "GET /Photos/2015/2015-02_%E6%9C%AA%E7%9F%A5%E5%9C%B0%E9%BB%9E/BCF2C354-9012-4C30-9B58-067EF1843A0C.jpeg HTTP/1.1" 200 -
[06/Aug/2026 15:26:13] "GET /Photos/2015/2015-02_%E6%9C%AA%E7%9F%A5%E5%9C%B0%E9%BB%9E/92E5E5C9-8C02-44EA-8EFF-6666383C0C30.jpeg HTTP/1.1" 200 -
[06/Aug/2026 15:26:13] "GET /Photos/2015/2015-02_%E6%9C%AA%E7%9F%A5%E5%9C%B0%E9%BB%9E/28CAB32B-0289-4B39-A253-A2D7399DEB36.jpeg HTTP/1.1" 200 -
[06/Aug/2026 15:26:13] "GET /Photos/2015/2015-02_%E6%9C%AA%E7%9F%A5%E5%9C%B0%E9%BB%9E/E40A3E4F-2F12-4E11-ADD6-E694873E975E.jpeg HTTP/1.1" 200 -
[06/Aug/2026 15:26:13] "GET /Photos/2015/2015-02_%E6%9C%AA%E7%9F%A5%E5%9C%B0%E9%BB%9E/1E55B732-7073-4B50-86DB-7CC25DB35DC6.jpeg HTTP/1.1" 200 -
[06/Aug/2026 15:26:13] "GET /Photos/2015/2015-02_%E6%9C%AA%E7%9F%A5%E5%9C%B0%E9%BB%9E/2FF7D451-78F9-413B-BAFB-C3213D572613.jpeg HTTP/1.1" 200 -
[06/Aug/2026 15:26:13] "GET /Photos/2015/2015-02_%E6%9C%AA%E7%9F%A5%E5%9C%B0%E9%BB%9E/6FE8DED2-E7B5-4B3C-9BD9-2FA2651A1701.jpeg HTTP/1.1" 200 -
[06/Aug/2026 15:26:13] "GET /Photos/2015/2015-02_%E6%9C%AA%E7%9F%A5%E5%9C%B0%E9%BB%9E/79F0F83E-89E2-483C-A6F3-EEB7E4666CF9.jpeg HTTP/1.1" 200 -
[06/Aug/2026 15:26:13] "GET /Photos/2015/2015-02_%E6%9C%AA%E7%9F%A5%E5%9C%B0%E9%BB%9E/CD9F4E3A-7958-4273-A373-6D8C10E8CF22.jpeg HTTP/1.1" 200 -
[06/Aug/2026 15:26:13] "GET /Photos/2015/2015-02_%E6%9C%AA%E7%9F%A5%E5%9C%B0%E9%BB%9E/38C27BCC-A70C-47FC-973B-9C23434E31A2.jpeg HTTP/1.1" 200 -
[06/Aug/2026 15:26:13] "GET /Photos/2015/2015-02_%E6%9C%AA%E7%9F%A5%E5%9C%B0%E9%BB%9E/43A5A4CA-1B51-4C77-BD60-B87B467907FA.jpeg HTTP/1.1" 200 -
[06/Aug/2026 15:26:13] "GET /Photos/2015/2015-02_%E6%9C%AA%E7%9F%A5%E5%9C%B0%E9%BB%9E/DBB863E8-8A15-42E7-8B52-853C0CFF3AAF.jpeg HTTP/1.1" 200 -
[06/Aug/2026 15:26:13] "GET /Photos/2015/2015-02_%E6%9C%AA%E7%9F%A5%E5%9C%B0%E9%BB%9E/BC6E9261-125A-4D50-9A17-8888BBD000EB.jpeg HTTP/1.1" 200 -
[06/Aug/2026 15:26:13] "GET /Photos/2015/2015-02_%E6%9C%AA%E7%9F%A5%E5%9C%B0%E9%BB%9E/7CE0FDC6-A9E6-4FAC-AAC9-FFA1F99551F9.jpeg HTTP/1.1" 200 -
[06/Aug/2026 15:26:13] "GET /Photos/2015/2015-02_%E6%9C%AA%E7%9F%A5%E5%9C%B0%E9%BB%9E/4052D239-3E8C-45F4-BF38-754861236735.jpeg HTTP/1.1" 200 -
[06/Aug/2026 15:26:13] "GET /Photos/2015/2015-02_%E6%9C%AA%E7%9F%A5%E5%9C%B0%E9%BB%9E/5F4A4D7A-74F3-442B-9A88-343E10642B83.jpeg HTTP/1.1" 200 -
[06/Aug/2026 15:26:13] "GET /Photos/2015/2015-02_%E6%9C%AA%E7%9F%A5%E5%9C%B0%E9%BB%9E/AF731C97-3798-4496-9F58-83CA90DB0E51.jpeg HTTP/1.1" 200 -
[06/Aug/2026 15:26:13] "GET /Photos/2015/2015-02_%E6%9C%AA%E7%9F%A5%E5%9C%B0%E9%BB%9E/F1DDAFF7-A7BC-4A27-AB94-76E11073FB0B.jpeg HTTP/1.1" 200 -
[06/Aug/2026 15:26:13] "GET /Photos/2015/2015-02_%E6%9C%AA%E7%9F%A5%E5%9C%B0%E9%BB%9E/D3ACC584-61AC-4C7B-957B-AD0C563F9962.jpeg HTTP/1.1" 200 -
[06/Aug/2026 15:26:13] "GET /Photos/2015/2015-02_%E6%9C%AA%E7%9F%A5%E5%9C%B0%E9%BB%9E/CE0E3DFD-906F-4452-801D-71CA248F422E.jpeg HTTP/1.1" 200 -
[06/Aug/2026 15:26:13] "GET /Photos/2015/2015-02_%E6%9C%AA%E7%9F%A5%E5%9C%B0%E9%BB%9E/6AB08A54-0D15-4C09-AF34-D98FDF0DD32C.jpeg HTTP/1.1" 200 -
[06/Aug/2026 15:26:13] "GET /Photos/2015/2015-02_%E6%9C%AA%E7%9F%A5%E5%9C%B0%E9%BB%9E/62458593-6A25-4572-BA07-B0424E9868BB.jpeg HTTP/1.1" 200 -
[06/Aug/2026 15:26:13] "GET /Photos/2015/2015-02_%E6%9C%AA%E7%9F%A5%E5%9C%B0%E9%BB%9E/DA9CB962-EC79-4EA6-83A7-D98186758C63.jpeg HTTP/1.1" 200 -
[06/Aug/2026 15:26:13] "GET /Photos/2015/2015-02_%E6%9C%AA%E7%9F%A5%E5%9C%B0%E9%BB%9E/0B210180-7DC5-4C4C-8C6D-300587BC4EAD.jpeg HTTP/1.1" 200 -
[06/Aug/2026 15:26:13] "GET /Photos/2015/2015-02_%E6%9C%AA%E7%9F%A5%E5%9C%B0%E9%BB%9E/75F06441-D26A-41A6-948B-56501EDDCE72.jpeg HTTP/1.1" 200 -
[06/Aug/2026 15:26:13] "GET /Photos/2015/2015-02_%E6%9C%AA%E7%9F%A5%E5%9C%B0%E9%BB%9E/6A4F7D3A-DF8D-40EC-881C-BB5FC5E5FBED.jpeg HTTP/1.1" 200 -
[06/Aug/2026 15:26:13] "GET /Photos/2015/2015-02_%E6%9C%AA%E7%9F%A5%E5%9C%B0%E9%BB%9E/BD314A9D-5D52-4605-B5EE-13893E45DA4F.jpeg HTTP/1.1" 200 -
[06/Aug/2026 15:26:13] "GET /Photos/2015/2015-02_%E6%9C%AA%E7%9F%A5%E5%9C%B0%E9%BB%9E/E3777D62-6AFD-4426-BD05-E906A5B5D964.jpeg HTTP/1.1" 200 -
[06/Aug/2026 15:26:13] "GET /Photos/2015/2015-02_%E6%9C%AA%E7%9F%A5%E5%9C%B0%E9%BB%9E/4BBD9012-0794-4268-A8BF-A96878B97086.jpeg HTTP/1.1" 200 -
[06/Aug/2026 15:26:13] "GET /Photos/2015/2015-02_%E6%9C%AA%E7%9F%A5%E5%9C%B0%E9%BB%9E/D66747AC-58BF-4E13-9D95-54DCEF89DAF7.jpeg HTTP/1.1" 200 -
[06/Aug/2026 15:26:13] "GET /Photos/2015/2015-02_%E6%9C%AA%E7%9F%A5%E5%9C%B0%E9%BB%9E/7F82F525-C6FD-4ED8-8FAD-BB1093D0A3D3.jpeg HTTP/1.1" 200 -
[06/Aug/2026 15:26:13] "GET /Photos/2015/2015-02_%E6%9C%AA%E7%9F%A5%E5%9C%B0%E9%BB%9E/BA82E020-A8F4-4760-A584-4ADF336199EF.jpeg HTTP/1.1" 200 -
[06/Aug/2026 15:26:13] "GET /Photos/2015/2015-02_%E6%9C%AA%E7%9F%A5%E5%9C%B0%E9%BB%9E/4558BB5C-AA91-4F8D-9A7F-7C1E5EBA6054.jpeg HTTP/1.1" 200 -
[06/Aug/2026 15:26:13] "GET /Photos/2015/2015-02_%E6%9C%AA%E7%9F%A5%E5%9C%B0%E9%BB%9E/348C8E61-5075-4708-B885-82306B3D2203.jpeg HTTP/1.1" 200 -
[06/Aug/2026 15:26:13] "GET /Photos/2015/2015-02_%E6%9C%AA%E7%9F%A5%E5%9C%B0%E9%BB%9E/C317A03D-F4E1-484A-8513-A74AFE0443EF.jpeg HTTP/1.1" 200 -
[06/Aug/2026 15:26:13] "GET /Photos/2015/2015-02_%E6%9C%AA%E7%9F%A5%E5%9C%B0%E9%BB%9E/45249F62-DCC9-4AF2-A7AB-D0D9386DAAA6.jpeg HTTP/1.1" 200 -
[06/Aug/2026 15:26:13] "GET /Photos/2015/2015-02_%E6%9C%AA%E7%9F%A5%E5%9C%B0%E9%BB%9E/42FB4545-02DA-4633-840D-21406D2DB34B.jpeg HTTP/1.1" 200 -
[06/Aug/2026 15:26:13] "GET /Photos/2015/2015-02_%E6%9C%AA%E7%9F%A5%E5%9C%B0%E9%BB%9E/556B956C-9815-4129-818A-13602A031ABF.jpeg HTTP/1.1" 200 -
[06/Aug/2026 15:26:13] "GET /Photos/2015/2015-02_%E6%9C%AA%E7%9F%A5%E5%9C%B0%E9%BB%9E/D70E32AE-BB65-4C50-80D9-7B76C03D75D6.jpeg HTTP/1.1" 200 -
[06/Aug/2026 15:26:13] "GET /Photos/2015/2015-02_%E6%9C%AA%E7%9F%A5%E5%9C%B0%E9%BB%9E/710BB200-55AC-41E6-883D-041D75C481D7.jpeg HTTP/1.1" 200 -
[06/Aug/2026 15:26:13] "GET /Photos/2015/2015-02_%E6%9C%AA%E7%9F%A5%E5%9C%B0%E9%BB%9E/365AE3FD-B987-4F88-95D6-18E9B11EEAF9.jpeg HTTP/1.1" 200 -
[06/Aug/2026 15:26:13] "GET /Photos/2015/2015-02_%E6%9C%AA%E7%9F%A5%E5%9C%B0%E9%BB%9E/1AC406CA-53B6-4A3E-8CBE-5FEEC8D0608C.jpeg HTTP/1.1" 200 -
[06/Aug/2026 15:26:13] "GET /Photos/2015/2015-02_%E6%9C%AA%E7%9F%A5%E5%9C%B0%E9%BB%9E/9C5C571F-0CAE-4675-9A74-7250F7E29EB3.jpeg HTTP/1.1" 200 -
[06/Aug/2026 15:26:13] "GET /Photos/2015/2015-02_%E6%9C%AA%E7%9F%A5%E5%9C%B0%E9%BB%9E/6AB05B68-FD5A-4A94-8628-1A2B84F3B2CC.jpeg HTTP/1.1" 200 -
[06/Aug/2026 15:26:13] "GET /Photos/2015/2015-02_%E6%9C%AA%E7%9F%A5%E5%9C%B0%E9%BB%9E/60E25FC8-BF37-4D07-9DCE-085EB1628E11.jpeg HTTP/1.1" 200 -
[06/Aug/2026 15:26:13] "GET /Photos/2015/2015-02_%E6%9C%AA%E7%9F%A5%E5%9C%B0%E9%BB%9E/D2A015E9-EA2B-493D-9A58-067AEADC7866.jpeg HTTP/1.1" 200 -
[06/Aug/2026 15:26:13] "GET /Photos/2015/2015-02_%E6%9C%AA%E7%9F%A5%E5%9C%B0%E9%BB%9E/DD62E1FA-5A70-4ED1-8AF2-0FCCD51C973E.jpeg HTTP/1.1" 200 -
[06/Aug/2026 15:26:13] "GET /Photos/2015/2015-02_%E6%9C%AA%E7%9F%A5%E5%9C%B0%E9%BB%9E/22491D39-ECFB-4769-90A2-78EEFBBB6DEF.jpeg HTTP/1.1" 200 -
[06/Aug/2026 15:26:13] "GET /Photos/2015/2015-02_%E6%9C%AA%E7%9F%A5%E5%9C%B0%E9%BB%9E/362F1969-EA6C-40FE-BCB8-F889A6671301.jpeg HTTP/1.1" 200 -
[06/Aug/2026 15:26:13] "GET /Photos/2015/2015-02_%E6%9C%AA%E7%9F%A5%E5%9C%B0%E9%BB%9E/E0839849-BE73-4AB0-A624-380177C0B042.jpeg HTTP/1.1" 200 -
[06/Aug/2026 15:26:13] "GET /Photos/2015/2015-02_%E6%9C%AA%E7%9F%A5%E5%9C%B0%E9%BB%9E/8394777C-EC35-47D2-8219-549404A1FF1C.jpeg HTTP/1.1" 200 -
[06/Aug/2026 15:26:13] "GET /Photos/2015/2015-02_%E6%9C%AA%E7%9F%A5%E5%9C%B0%E9%BB%9E/3AC3C0BB-A315-49E6-863E-E11AFB2A6E8E.jpeg HTTP/1.1" 200 -
[06/Aug/2026 15:26:13] "GET /Photos/2015/2015-02_%E6%9C%AA%E7%9F%A5%E5%9C%B0%E9%BB%9E/7A3D1F00-591D-4190-913E-76CD182D8B98.jpeg HTTP/1.1" 200 -
[06/Aug/2026 15:26:13] "GET /Photos/2015/2015-02_%E6%9C%AA%E7%9F%A5%E5%9C%B0%E9%BB%9E/9C86BCD9-9401-43CB-BDFA-E2EF003E3E57.jpeg HTTP/1.1" 200 -
[06/Aug/2026 15:26:13] "GET /Photos/2015/2015-02_%E6%9C%AA%E7%9F%A5%E5%9C%B0%E9%BB%9E/6A555E64-F561-411E-B6AA-9BCDC140EC5E.jpeg HTTP/1.1" 200 -
[06/Aug/2026 15:26:14] "GET /Photos/2015/2015-02_%E6%9C%AA%E7%9F%A5%E5%9C%B0%E9%BB%9E/BD258B7D-70DC-4615-ADF5-39A9BF16FFE8.jpeg HTTP/1.1" 200 -
[06/Aug/2026 15:26:14] "GET /Photos/2015/2015-02_%E6%9C%AA%E7%9F%A5%E5%9C%B0%E9%BB%9E/6C47B513-E826-4CB8-8182-54CCA6BE89FD.jpeg HTTP/1.1" 200 -
[06/Aug/2026 15:26:14] "GET /Photos/2015/2015-02_%E6%9C%AA%E7%9F%A5%E5%9C%B0%E9%BB%9E/F4462571-684D-44AD-87F4-ABC967ECD8A6.jpeg HTTP/1.1" 200 -
[06/Aug/2026 15:26:14] "GET /Photos/2015/2015-02_%E6%9C%AA%E7%9F%A5%E5%9C%B0%E9%BB%9E/B60DD657-7B35-4953-BD41-75D6BC0E2002.jpeg HTTP/1.1" 200 -
[06/Aug/2026 15:26:14] "GET /Photos/2015/2015-02_%E6%9C%AA%E7%9F%A5%E5%9C%B0%E9%BB%9E/325474D4-15CB-40A7-A72C-E26B8D2C4A0D.jpeg HTTP/1.1" 200 -
[06/Aug/2026 15:26:14] "GET /Photos/2015/2015-02_%E6%9C%AA%E7%9F%A5%E5%9C%B0%E9%BB%9E/CDB9546C-D11D-4BC0-8FFE-7EB0C2B38DDA.jpeg HTTP/1.1" 200 -
[06/Aug/2026 15:26:14] "GET /Photos/2015/2015-02_%E6%9C%AA%E7%9F%A5%E5%9C%B0%E9%BB%9E/B7C5A857-92B5-4144-A7AF-6CFA5C663B06.jpeg HTTP/1.1" 200 -
[06/Aug/2026 15:26:14] "GET /Photos/2015/2015-02_%E6%9C%AA%E7%9F%A5%E5%9C%B0%E9%BB%9E/7B74E131-B6FD-4272-85AC-92FEA554EACA.jpeg HTTP/1.1" 200 -
[06/Aug/2026 15:26:14] "GET /Photos/2015/2015-02_%E6%9C%AA%E7%9F%A5%E5%9C%B0%E9%BB%9E/C96871E9-707D-4795-9C09-7FC26F059E5E.jpeg HTTP/1.1" 200 -
[06/Aug/2026 15:26:14] "GET /Photos/2015/2015-02_%E6%9C%AA%E7%9F%A5%E5%9C%B0%E9%BB%9E/C0E63589-751F-470D-9A78-274A88E316FA.jpeg HTTP/1.1" 200 -
[06/Aug/2026 15:26:14] "GET /Photos/2015/2015-02_%E6%9C%AA%E7%9F%A5%E5%9C%B0%E9%BB%9E/AC9D93E2-77B8-4778-B62C-CC3B8B374D0E.jpeg HTTP/1.1" 200 -
[06/Aug/2026 15:26:14] "GET /Photos/2015/2015-02_%E6%9C%AA%E7%9F%A5%E5%9C%B0%E9%BB%9E/97A19314-EE02-49A8-8434-A8D5D939CD33.jpeg HTTP/1.1" 200 -
[06/Aug/2026 15:26:14] "GET /Photos/2015/2015-03_%E6%9C%AA%E7%9F%A5%E5%9C%B0%E9%BB%9E/FA2ACC47-ABC4-4962-B9A8-C9E1A8AF4018.jpeg HTTP/1.1" 200 -
[06/Aug/2026 15:26:14] "GET /Photos/2015/2015-03_%E6%9C%AA%E7%9F%A5%E5%9C%B0%E9%BB%9E/B9FFAD38-049F-42B5-A499-B92BC9A3C523.jpeg HTTP/1.1" 200 -
[06/Aug/2026 15:26:14] "GET /Photos/2012/2012-05_%E6%9C%AA%E7%9F%A5%E5%9C%B0%E9%BB%9E/1D3277D2-B7E2-44C7-BFA0-B2B005286007.jpeg HTTP/1.1" 200 -
[06/Aug/2026 15:26:14] "GET /Photos/2015/2015-03_%E6%9C%AA%E7%9F%A5%E5%9C%B0%E9%BB%9E/55DE01D4-AB91-4E1B-9F71-A78C451FA9CC.jpeg HTTP/1.1" 200 -
[06/Aug/2026 15:26:14] "GET /Photos/2012/2012-05_%E6%9C%AA%E7%9F%A5%E5%9C%B0%E9%BB%9E/954B5BB9-97DD-4675-8A6D-645B7E232A32.jpeg HTTP/1.1" 200 -
[06/Aug/2026 15:26:14] "GET /Photos/2017/2017-07_%E6%9C%AA%E7%9F%A5%E5%9C%B0%E9%BB%9E/018E4323-2500-412F-9BAA-3F40CA5ABFDF.jpeg HTTP/1.1" 200 -
[06/Aug/2026 15:26:14] "GET /Photos/2008/2008-04_%E6%9C%AA%E7%9F%A5%E5%9C%B0%E9%BB%9E/2261CB1D-FF83-499F-9AD8-BD05552B9725.jpeg HTTP/1.1" 200 -
[06/Aug/2026 15:26:14] "GET /Photos/2008/2008-04_%E6%9C%AA%E7%9F%A5%E5%9C%B0%E9%BB%9E/1CDBB5E8-150B-4C10-AD09-D4B3898DD192.jpeg HTTP/1.1" 200 -
[06/Aug/2026 15:26:14] "GET /Photos/2012/2012-01_%E6%9C%AA%E7%9F%A5%E5%9C%B0%E9%BB%9E/9B6CE7D1-B9DD-499D-845B-E478728A9935.jpeg HTTP/1.1" 200 -
[06/Aug/2026 15:26:14] "GET /Photos/2008/2008-04_%E6%9C%AA%E7%9F%A5%E5%9C%B0%E9%BB%9E/15C505F3-840C-47B6-A005-408837DC7EE7.jpeg HTTP/1.1" 200 -
[06/Aug/2026 15:26:14] "GET /Photos/2012/2012-05_%E6%9C%AA%E7%9F%A5%E5%9C%B0%E9%BB%9E/15B0D08F-1456-47D0-A084-9F1E6394D43D.jpeg HTTP/1.1" 200 -
[06/Aug/2026 15:26:14] "GET /Photos/2012/2012-01_%E6%9C%AA%E7%9F%A5%E5%9C%B0%E9%BB%9E/7D09F73C-8109-403A-A77C-7AB5FB6E2C5D.jpeg HTTP/1.1" 200 -
[06/Aug/2026 15:26:14] "GET /Photos/2012/2012-01_%E6%9C%AA%E7%9F%A5%E5%9C%B0%E9%BB%9E/A3326D2C-FC3D-4345-84A2-B3C0F2494320.jpeg HTTP/1.1" 200 -
[06/Aug/2026 15:26:14] "GET /Photos/2008/2008-04_%E6%9C%AA%E7%9F%A5%E5%9C%B0%E9%BB%9E/A681E6C2-58C0-4D09-BF78-A6383B914F65.jpeg HTTP/1.1" 200 -
[06/Aug/2026 15:26:14] "GET /Photos/2017/2017-11_%E6%9C%AA%E7%9F%A5%E5%9C%B0%E9%BB%9E/F04892F0-E2FC-43A9-8B68-F2F932AED693.jpeg HTTP/1.1" 200 -
[06/Aug/2026 15:26:14] "GET /Photos/2000/2000-10_%E6%9C%AA%E7%9F%A5%E5%9C%B0%E9%BB%9E/4F3F4E8A-A496-4D93-BEC6-1DA52D533E6A_1_201_a.jpeg HTTP/1.1" 200 -
[06/Aug/2026 15:26:14] "GET /Photos/2008/2008-04_%E6%9C%AA%E7%9F%A5%E5%9C%B0%E9%BB%9E/C843EDB6-4DFD-47CF-A29C-33BEEBC3229A.jpeg HTTP/1.1" 200 -
[06/Aug/2026 15:26:14] "GET /Photos/2012/2012-07_%E6%9C%AA%E7%9F%A5%E5%9C%B0%E9%BB%9E/438F1146-0EBF-48A3-9454-46CBA522525E.jpeg HTTP/1.1" 200 -
[06/Aug/2026 15:26:14] "GET /Photos/2008/2008-04_%E6%9C%AA%E7%9F%A5%E5%9C%B0%E9%BB%9E/541BDF92-089C-451C-A376-49D290E40A7B.jpeg HTTP/1.1" 200 -
[06/Aug/2026 15:26:14] "GET /Photos/2008/2008-04_%E6%9C%AA%E7%9F%A5%E5%9C%B0%E9%BB%9E/20718EBE-6875-4EF6-9897-0C26DB4D1859.jpeg HTTP/1.1" 200 -
[06/Aug/2026 15:26:14] "GET /Photos/2017/2017-07_%E6%9C%AA%E7%9F%A5%E5%9C%B0%E9%BB%9E/E5284BDC-53EB-438E-BE92-46A5F0DCF587.jpeg HTTP/1.1" 200 -
[06/Aug/2026 15:26:14] "GET /Photos/2017/2017-07_%E6%9C%AA%E7%9F%A5%E5%9C%B0%E9%BB%9E/ED032F22-1CFC-4181-948F-D3155FA08AD0.jpeg HTTP/1.1" 200 -
[06/Aug/2026 15:26:14] "GET /Photos/2017/2017-07_%E6%9C%AA%E7%9F%A5%E5%9C%B0%E9%BB%9E/10946A62-2C9F-4F5F-8DD8-A2710C21DECF.jpeg HTTP/1.1" 200 -
[06/Aug/2026 15:26:14] "GET /Photos/2017/2017-07_%E6%9C%AA%E7%9F%A5%E5%9C%B0%E9%BB%9E/649F4CD8-2366-48CB-9B99-FF5D2A99D8B7.jpeg HTTP/1.1" 200 -
[06/Aug/2026 15:26:14] "GET /Photos/2017/2017-07_%E6%9C%AA%E7%9F%A5%E5%9C%B0%E9%BB%9E/AF6C3786-700E-4B32-AFC3-324EE3377D04.jpeg HTTP/1.1" 200 -
[06/Aug/2026 15:26:14] "GET /Photos/2017/2017-10_%E6%9C%AA%E7%9F%A5%E5%9C%B0%E9%BB%9E/FBA111BA-C4F2-4ACC-94EC-2C342D0557A9.jpeg HTTP/1.1" 200 -
[06/Aug/2026 15:26:14] "GET /Photos/2017/2017-10_%E6%9C%AA%E7%9F%A5%E5%9C%B0%E9%BB%9E/A5469372-2B75-43F1-BBA8-8D8C90213079.jpeg HTTP/1.1" 200 -
[06/Aug/2026 15:26:14] "GET /Photos/2017/2017-10_%E6%9C%AA%E7%9F%A5%E5%9C%B0%E9%BB%9E/3853552F-9190-4712-909D-55065D2243CB.jpeg HTTP/1.1" 200 -
[06/Aug/2026 15:26:14] "GET /Photos/2017/2017-10_%E6%9C%AA%E7%9F%A5%E5%9C%B0%E9%BB%9E/60BA1C01-7309-4C41-BEB7-3DB4E9028A16.jpeg HTTP/1.1" 200 -
[06/Aug/2026 15:26:14] "GET /Photos/2017/2017-10_%E6%9C%AA%E7%9F%A5%E5%9C%B0%E9%BB%9E/D35C7E08-D53D-4050-84A8-AEDC5A915B08.jpeg HTTP/1.1" 200 -
[06/Aug/2026 15:26:14] "GET /Photos/2017/2017-10_%E6%9C%AA%E7%9F%A5%E5%9C%B0%E9%BB%9E/74E7CA14-072C-484A-AB1F-D023758ED797.jpeg HTTP/1.1" 200 -
[06/Aug/2026 15:26:14] "GET /Photos/2017/2017-10_%E6%9C%AA%E7%9F%A5%E5%9C%B0%E9%BB%9E/F5BB70D9-9118-490C-AF2C-949C75E03469.jpeg HTTP/1.1" 200 -
[06/Aug/2026 15:26:14] "GET /Photos/2017/2017-10_%E6%9C%AA%E7%9F%A5%E5%9C%B0%E9%BB%9E/F63780F0-90DB-4367-AFCE-80DB5490F187.jpeg HTTP/1.1" 200 -
[06/Aug/2026 15:26:14] "GET /Photos/2017/2017-10_%E6%9C%AA%E7%9F%A5%E5%9C%B0%E9%BB%9E/70BE8ED5-E482-4CD5-B011-85F4FC78685A.jpeg HTTP/1.1" 200 -
[06/Aug/2026 15:26:14] "GET /Photos/2017/2017-10_%E6%9C%AA%E7%9F%A5%E5%9C%B0%E9%BB%9E/9603721F-C807-4853-BB65-DDECE2F03841.jpeg HTTP/1.1" 200 -
[06/Aug/2026 15:26:14] "GET /Photos/2017/2017-10_%E6%9C%AA%E7%9F%A5%E5%9C%B0%E9%BB%9E/A378DC13-63A7-46C1-B1DF-563894619988.jpeg HTTP/1.1" 200 -
[06/Aug/2026 15:26:14] "GET /Photos/2017/2017-10_%E6%9C%AA%E7%9F%A5%E5%9C%B0%E9%BB%9E/3F3E1E89-DBEA-4288-A552-447FD4994F7A.jpeg HTTP/1.1" 200 -
[06/Aug/2026 15:26:14] "GET /Photos/2017/2017-10_%E6%9C%AA%E7%9F%A5%E5%9C%B0%E9%BB%9E/262E3428-612B-41AC-9AD1-BA6C7E10D00D.jpeg HTTP/1.1" 200 -
[06/Aug/2026 15:26:14] "GET /Photos/2017/2017-10_%E6%9C%AA%E7%9F%A5%E5%9C%B0%E9%BB%9E/5DF60CE3-873E-4536-A3AE-DD50D29EE30B.jpeg HTTP/1.1" 200 -
[06/Aug/2026 15:26:14] "GET /Photos/2017/2017-10_%E6%9C%AA%E7%9F%A5%E5%9C%B0%E9%BB%9E/CA97948E-9725-4C8A-A62D-CF95F8AA2AC1.jpeg HTTP/1.1" 200 -
[06/Aug/2026 15:26:14] "GET /Photos/2017/2017-10_%E6%9C%AA%E7%9F%A5%E5%9C%B0%E9%BB%9E/12F5EBF9-2849-4918-9E77-8C549E5D7DA4.jpeg HTTP/1.1" 200 -
[06/Aug/2026 15:26:14] "GET /Photos/2017/2017-10_%E6%9C%AA%E7%9F%A5%E5%9C%B0%E9%BB%9E/864F0C5B-1FB8-445D-B549-74A61DC7B49F.jpeg HTTP/1.1" 200 -
[06/Aug/2026 15:26:14] "GET /Photos/2017/2017-10_%E6%9C%AA%E7%9F%A5%E5%9C%B0%E9%BB%9E/AD354012-839A-4048-9D74-612CAF99103C.jpeg HTTP/1.1" 200 -
[06/Aug/2026 15:26:14] "GET /Photos/2017/2017-10_%E6%9C%AA%E7%9F%A5%E5%9C%B0%E9%BB%9E/2A77E0DF-EDE0-468B-A162-468BAF625529.jpeg HTTP/1.1" 200 -
[06/Aug/2026 15:26:14] "GET /Photos/2017/2017-10_%E6%9C%AA%E7%9F%A5%E5%9C%B0%E9%BB%9E/311D8EFD-1B7A-4DBC-8871-A619D0DE2A55.jpeg HTTP/1.1" 200 -
[06/Aug/2026 15:26:14] "GET /Photos/2017/2017-10_%E6%9C%AA%E7%9F%A5%E5%9C%B0%E9%BB%9E/4655EEE2-4AF6-4961-9464-9AAABC18B46C.jpeg HTTP/1.1" 200 -
[06/Aug/2026 15:26:14] "GET /Photos/2017/2017-10_%E6%9C%AA%E7%9F%A5%E5%9C%B0%E9%BB%9E/1924E344-5B72-4B85-8EDA-867841C9974F.jpeg HTTP/1.1" 200 -
[06/Aug/2026 15:26:14] "GET /Photos/2017/2017-10_%E6%9C%AA%E7%9F%A5%E5%9C%B0%E9%BB%9E/B0F2973B-9BB7-48A3-80D4-4403415AD8C1.jpeg HTTP/1.1" 200 -
[06/Aug/2026 15:26:14] "GET /Photos/2017/2017-10_%E6%9C%AA%E7%9F%A5%E5%9C%B0%E9%BB%9E/356E1314-C6AA-4AA3-99BC-7341464C58F7.jpeg HTTP/1.1" 200 -
[06/Aug/2026 15:26:14] "GET /Photos/2017/2017-10_%E6%9C%AA%E7%9F%A5%E5%9C%B0%E9%BB%9E/19954787-2FE2-43B4-8C9A-E2FF277E04C0.jpeg HTTP/1.1" 200 -
[06/Aug/2026 15:26:14] "GET /Photos/2017/2017-10_%E6%9C%AA%E7%9F%A5%E5%9C%B0%E9%BB%9E/160B4D70-1CEE-40F3-8A2A-FFBF289C58F4.jpeg HTTP/1.1" 200 -
[06/Aug/2026 15:26:14] "GET /Photos/2017/2017-10_%E6%9C%AA%E7%9F%A5%E5%9C%B0%E9%BB%9E/9523A9A3-6D58-4EC1-8BBD-444C754050AD.jpeg HTTP/1.1" 200 -
[06/Aug/2026 15:26:14] "GET /Photos/2017/2017-10_%E6%9C%AA%E7%9F%A5%E5%9C%B0%E9%BB%9E/E07C5AC3-E4ED-43C5-A808-DD7E779359A8.jpeg HTTP/1.1" 200 -
[06/Aug/2026 15:26:14] "GET /Photos/2017/2017-10_%E6%9C%AA%E7%9F%A5%E5%9C%B0%E9%BB%9E/F92B6718-EB6A-42BB-8E7A-86352728B127.jpeg HTTP/1.1" 200 -
[06/Aug/2026 15:26:14] "GET /Photos/2017/2017-10_%E6%9C%AA%E7%9F%A5%E5%9C%B0%E9%BB%9E/2A127987-7405-4E2F-BFB8-D3A34D5D115E.jpeg HTTP/1.1" 200 -
[06/Aug/2026 15:26:14] "GET /Photos/2017/2017-10_%E6%9C%AA%E7%9F%A5%E5%9C%B0%E9%BB%9E/A4BB32A3-7722-4014-8DB0-C8149784A428.jpeg HTTP/1.1" 200 -
[06/Aug/2026 15:26:14] "GET /Photos/2017/2017-10_%E6%9C%AA%E7%9F%A5%E5%9C%B0%E9%BB%9E/79813C00-1D2E-490C-89F6-75081AD938A7.jpeg HTTP/1.1" 200 -
[06/Aug/2026 15:26:14] "GET /Photos/2017/2017-10_%E6%9C%AA%E7%9F%A5%E5%9C%B0%E9%BB%9E/ADA6BB2B-7EE2-4DA5-8A02-DA1EC34BF102.jpeg HTTP/1.1" 200 -
[06/Aug/2026 15:26:14] "GET /Photos/2017/2017-10_%E6%9C%AA%E7%9F%A5%E5%9C%B0%E9%BB%9E/FD864357-D169-4DA6-A1D1-C7B71BF0854D.jpeg HTTP/1.1" 200 -
[06/Aug/2026 15:26:14] "GET /Photos/2017/2017-10_%E6%9C%AA%E7%9F%A5%E5%9C%B0%E9%BB%9E/E3927D27-D5EE-4CAF-92D1-8D1399CEBC75.jpeg HTTP/1.1" 200 -
[06/Aug/2026 15:26:14] "GET /Photos/2017/2017-01_%E6%9C%AA%E7%9F%A5%E5%9C%B0%E9%BB%9E/11FBEABA-B1E6-4D0E-A6B9-0577A81FD0D4.jpeg HTTP/1.1" 200 -
[06/Aug/2026 15:26:14] "GET /Photos/2017/2017-03_%E6%9C%AA%E7%9F%A5%E5%9C%B0%E9%BB%9E/BB13C319-CEC5-4185-81C2-EE5440BEC3B3.jpeg HTTP/1.1" 200 -
[06/Aug/2026 15:26:14] "GET /Photos/2017/2017-03_%E6%9C%AA%E7%9F%A5%E5%9C%B0%E9%BB%9E/1C3214B7-AC4D-4F39-AB5E-AEA41E460808.jpeg HTTP/1.1" 200 -
[06/Aug/2026 15:26:14] "GET /Photos/2017/2017-03_%E6%9C%AA%E7%9F%A5%E5%9C%B0%E9%BB%9E/C22AE996-5FED-42B6-856A-B4ECF45EE748.jpeg HTTP/1.1" 200 -
[06/Aug/2026 15:26:14] "GET /Photos/2017/2017-03_%E6%9C%AA%E7%9F%A5%E5%9C%B0%E9%BB%9E/A6DCE7A0-BC85-4D00-A5E5-28A781C930F1.jpeg HTTP/1.1" 200 -
[06/Aug/2026 15:26:14] "GET /Photos/2017/2017-03_%E6%9C%AA%E7%9F%A5%E5%9C%B0%E9%BB%9E/95C3A708-0FEC-4990-9F35-C0F939AFBF46.jpeg HTTP/1.1" 200 -
[06/Aug/2026 15:26:14] "GET /Photos/2017/2017-03_%E6%9C%AA%E7%9F%A5%E5%9C%B0%E9%BB%9E/AA6D11DE-750E-47E4-854B-D23850AC6DA5.jpeg HTTP/1.1" 200 -
[06/Aug/2026 15:26:14] "GET /Photos/2017/2017-03_%E6%9C%AA%E7%9F%A5%E5%9C%B0%E9%BB%9E/7995AF95-4E52-4E94-A91A-4BD88749A235.jpeg HTTP/1.1" 200 -
[06/Aug/2026 15:26:14] "GET /Photos/2017/2017-03_%E6%9C%AA%E7%9F%A5%E5%9C%B0%E9%BB%9E/3521C99F-0A50-4C18-A590-A5456884DD74.jpeg HTTP/1.1" 200 -
[06/Aug/2026 15:26:14] "GET /Photos/2017/2017-02_%E6%9C%AA%E7%9F%A5%E5%9C%B0%E9%BB%9E/2584B234-0BE6-4B9B-A79B-218771B4CCB8.jpeg HTTP/1.1" 200 -
[06/Aug/2026 15:26:14] "GET /Photos/2017/2017-02_%E6%9C%AA%E7%9F%A5%E5%9C%B0%E9%BB%9E/963A5220-2DBE-4B46-BC50-3644275D4716.jpeg HTTP/1.1" 200 -
[06/Aug/2026 15:26:14] "GET /Photos/2017/2017-02_%E6%9C%AA%E7%9F%A5%E5%9C%B0%E9%BB%9E/A5F653B0-4942-455D-BB92-1DD2AF7ABB0C.jpeg HTTP/1.1" 200 -
[06/Aug/2026 15:26:14] "GET /Photos/2017/2017-05_%E6%9C%AA%E7%9F%A5%E5%9C%B0%E9%BB%9E/5586C8FC-E9AA-4ECB-9C41-2605EF04FC81.jpeg HTTP/1.1" 200 -
[06/Aug/2026 15:26:14] "GET /Photos/2017/2017-09_%E6%9C%AA%E7%9F%A5%E5%9C%B0%E9%BB%9E/951621BC-804C-469C-B00E-2AE5E1678F71.jpeg HTTP/1.1" 200 -
[06/Aug/2026 15:26:14] "GET /Photos/2017/2017-12_%E6%9C%AA%E7%9F%A5%E5%9C%B0%E9%BB%9E/B9B0BB9D-FBEF-4BAB-95FF-C3E93EE829A8.jpeg HTTP/1.1" 200 -
[06/Aug/2026 15:26:14] "GET /Photos/2017/2017-12_%E6%9C%AA%E7%9F%A5%E5%9C%B0%E9%BB%9E/6E7B2A05-36F6-4039-BE21-C6EEC1E42337.jpeg HTTP/1.1" 200 -
[06/Aug/2026 15:26:14] "GET /Photos/2017/2017-12_%E6%9C%AA%E7%9F%A5%E5%9C%B0%E9%BB%9E/4509BA14-FA7B-45B3-B3CC-5C9E70DB331E.jpeg HTTP/1.1" 200 -
[06/Aug/2026 15:26:14] "GET /Photos/2017/2017-12_%E6%9C%AA%E7%9F%A5%E5%9C%B0%E9%BB%9E/58A53BB2-D11B-40BF-B393-E1CD0D0C8293.jpeg HTTP/1.1" 200 -
[06/Aug/2026 15:26:14] "GET /Photos/2017/2017-12_%E6%9C%AA%E7%9F%A5%E5%9C%B0%E9%BB%9E/06CF8206-2281-4E2E-BC4E-99952784DE39.jpeg HTTP/1.1" 200 -
[06/Aug/2026 15:26:14] "GET /Photos/2017/2017-12_%E6%9C%AA%E7%9F%A5%E5%9C%B0%E9%BB%9E/F4975503-726F-4F9A-B7B0-D351C1386C4A.jpeg HTTP/1.1" 200 -
[06/Aug/2026 15:26:14] "GET /Photos/2017/2017-12_%E6%9C%AA%E7%9F%A5%E5%9C%B0%E9%BB%9E/904960AC-2A5C-4054-8035-9F897BDC5204.jpeg HTTP/1.1" 200 -
[06/Aug/2026 15:26:14] "GET /Photos/2017/2017-12_%E6%9C%AA%E7%9F%A5%E5%9C%B0%E9%BB%9E/82F88657-5572-4FFE-AD29-B179B93C24D3.jpeg HTTP/1.1" 200 -
[06/Aug/2026 15:26:14] "GET /Photos/2017/2017-12_%E6%9C%AA%E7%9F%A5%E5%9C%B0%E9%BB%9E/4540FD8C-F09A-4F1B-9765-24437B4D4F12.jpeg HTTP/1.1" 200 -
[06/Aug/2026 15:26:14] "GET /Photos/2017/2017-12_%E6%9C%AA%E7%9F%A5%E5%9C%B0%E9%BB%9E/7F06635F-AF07-4780-BBD0-1E7DC59062C5.jpeg HTTP/1.1" 200 -
[06/Aug/2026 15:26:14] "GET /Photos/2017/2017-12_%E6%9C%AA%E7%9F%A5%E5%9C%B0%E9%BB%9E/A5DF476D-48FE-4C04-8E91-42451B6CFBC6.jpeg HTTP/1.1" 200 -
[06/Aug/2026 15:26:14] "GET /Photos/2017/2017-12_%E6%9C%AA%E7%9F%A5%E5%9C%B0%E9%BB%9E/790A0B24-858C-45A4-88C7-BF121E00A1A4.jpeg HTTP/1.1" 200 -
[06/Aug/2026 15:26:14] "GET /Photos/2017/2017-12_%E6%9C%AA%E7%9F%A5%E5%9C%B0%E9%BB%9E/9546D106-4A93-4AE8-B680-6C1EEAC972B7.jpeg HTTP/1.1" 200 -
[06/Aug/2026 15:26:14] "GET /Photos/2017/2017-04_%E6%9C%AA%E7%9F%A5%E5%9C%B0%E9%BB%9E/5D3FA37A-E86E-4018-A610-72B8C8AA2DD4.jpeg HTTP/1.1" 200 -
[06/Aug/2026 15:26:14] "GET /Photos/2017/2017-04_%E6%9C%AA%E7%9F%A5%E5%9C%B0%E9%BB%9E/61B214C1-F2FB-48D6-8E96-515735FF31D8.jpeg HTTP/1.1" 200 -
[06/Aug/2026 15:26:14] "GET /Photos/2017/2017-04_%E6%9C%AA%E7%9F%A5%E5%9C%B0%E9%BB%9E/CCFD8D66-5C12-4127-9310-68BD0A30D7A6.jpeg HTTP/1.1" 200 -
[06/Aug/2026 15:26:14] "GET /Photos/2017/2017-04_%E6%9C%AA%E7%9F%A5%E5%9C%B0%E9%BB%9E/BCFC1876-7677-40DA-8A9C-03BAD38AF51C.jpeg HTTP/1.1" 200 -
[06/Aug/2026 15:26:14] "GET /Photos/2017/2017-04_%E6%9C%AA%E7%9F%A5%E5%9C%B0%E9%BB%9E/FAD2B850-13E6-42D7-9130-2386E1E2E928.jpeg HTTP/1.1" 200 -
[06/Aug/2026 15:26:14] "GET /Photos/2017/2017-04_%E6%9C%AA%E7%9F%A5%E5%9C%B0%E9%BB%9E/99F7B97D-DB70-4CC5-B8CD-C3DD2A560CB7.jpeg HTTP/1.1" 200 -
[06/Aug/2026 15:26:14] "GET /Photos/2017/2017-04_%E6%9C%AA%E7%9F%A5%E5%9C%B0%E9%BB%9E/7832FB5C-7F9C-470F-8E68-2EEF6308BF74.jpeg HTTP/1.1" 200 -
[06/Aug/2026 15:26:14] "GET /Photos/2017/2017-04_%E6%9C%AA%E7%9F%A5%E5%9C%B0%E9%BB%9E/853CBA80-58EA-497E-A9F8-C69C64E79CE9.jpeg HTTP/1.1" 200 -
[06/Aug/2026 15:26:14] "GET /Photos/2017/2017-04_%E6%9C%AA%E7%9F%A5%E5%9C%B0%E9%BB%9E/ECF647A0-60C1-4B09-9C20-10B04FA3BA77.jpeg HTTP/1.1" 200 -
[06/Aug/2026 15:26:14] "GET /Photos/2017/2017-04_%E6%9C%AA%E7%9F%A5%E5%9C%B0%E9%BB%9E/835B147E-8B2C-4AF3-A0A2-2E2CC1BB5B40.jpeg HTTP/1.1" 200 -
[06/Aug/2026 15:26:14] "GET /Photos/2017/2017-04_%E6%9C%AA%E7%9F%A5%E5%9C%B0%E9%BB%9E/07DB6C6D-E53D-4BD2-9B7F-6F7A40BACC84.jpeg HTTP/1.1" 200 -
[06/Aug/2026 15:26:14] "GET /Photos/2017/2017-04_%E6%9C%AA%E7%9F%A5%E5%9C%B0%E9%BB%9E/9C71E8E7-2BF0-41ED-89D0-2BEB1AEEE519.jpeg HTTP/1.1" 200 -
[06/Aug/2026 15:26:14] "GET /Photos/2017/2017-04_%E6%9C%AA%E7%9F%A5%E5%9C%B0%E9%BB%9E/F705AE30-9A2A-4E66-97C0-795FC253FBDF.jpeg HTTP/1.1" 200 -
[06/Aug/2026 15:26:14] "GET /Photos/2026/2026-08_%E6%9C%AA%E7%9F%A5%E5%9C%B0%E9%BB%9E/male_negative.jpg HTTP/1.1" 200 -
[06/Aug/2026 15:26:14] "GET /Photos/2026/2026-08_%E6%9C%AA%E7%9F%A5%E5%9C%B0%E9%BB%9E/john_base.jpg HTTP/1.1" 200 -
[06/Aug/2026 15:26:14] "GET /Photos/2019/2019-03_%E6%9C%AA%E7%9F%A5%E5%9C%B0%E9%BB%9E/5975961B-57C3-4751-A567-D2F7024E416E.jpeg HTTP/1.1" 200 -
[06/Aug/2026 15:26:14] "GET /Photos/2019/2019-03_%E6%9C%AA%E7%9F%A5%E5%9C%B0%E9%BB%9E/363BF8DD-028D-46C3-A714-64F6D792A46E.jpeg HTTP/1.1" 200 -
[06/Aug/2026 15:26:14] "GET /Photos/2019/2019-02_%E6%9C%AA%E7%9F%A5%E5%9C%B0%E9%BB%9E/E52DF5F0-02A6-44D7-B63A-D1922CD0E674.jpeg HTTP/1.1" 200 -
[06/Aug/2026 15:26:14] "GET /Photos/2019/2019-02_%E6%9C%AA%E7%9F%A5%E5%9C%B0%E9%BB%9E/1AF18944-22D4-4AA5-A2BF-891D282F869B.jpeg HTTP/1.1" 200 -
[06/Aug/2026 15:26:14] "GET /Photos/2019/2019-02_%E6%9C%AA%E7%9F%A5%E5%9C%B0%E9%BB%9E/A83BC596-615B-448C-8176-E034118E2621.jpeg HTTP/1.1" 200 -
[06/Aug/2026 15:26:14] "GET /Photos/2019/2019-02_%E6%9C%AA%E7%9F%A5%E5%9C%B0%E9%BB%9E/27C534EC-E0EE-4823-BE76-1A6A13CE9F3C.jpeg HTTP/1.1" 200 -
[06/Aug/2026 15:26:14] "GET /Photos/2019/2019-02_%E6%9C%AA%E7%9F%A5%E5%9C%B0%E9%BB%9E/09881A87-F607-47D4-A4F9-D80A6B28E376.jpeg HTTP/1.1" 200 -
[06/Aug/2026 15:26:14] "GET /Photos/2019/2019-02_%E6%9C%AA%E7%9F%A5%E5%9C%B0%E9%BB%9E/07D3AAAD-C84A-4CDE-A7A5-CF1768497F79.jpeg HTTP/1.1" 200 -
[06/Aug/2026 15:26:14] "GET /Photos/2019/2019-02_%E6%9C%AA%E7%9F%A5%E5%9C%B0%E9%BB%9E/78DCEF5E-A668-40FD-AE60-59F9457405A6.jpeg HTTP/1.1" 200 -
[06/Aug/2026 15:26:14] "GET /Photos/2019/2019-02_%E6%9C%AA%E7%9F%A5%E5%9C%B0%E9%BB%9E/5B62EE34-2B8F-4499-992D-FD203AC3C766.jpeg HTTP/1.1" 200 -
[06/Aug/2026 15:26:15] "GET /Photos/2019/2019-02_%E6%9C%AA%E7%9F%A5%E5%9C%B0%E9%BB%9E/69D80BEE-C286-4A46-9297-7306B11B1767.jpeg HTTP/1.1" 200 -
[06/Aug/2026 15:26:15] "GET /Photos/2019/2019-05_%E6%9C%AA%E7%9F%A5%E5%9C%B0%E9%BB%9E/7662182C-CD68-4128-8A21-F5A0105CD33C.jpeg HTTP/1.1" 200 -
[06/Aug/2026 15:26:15] "GET /Photos/2019/2019-05_%E6%9C%AA%E7%9F%A5%E5%9C%B0%E9%BB%9E/6E6E9E2E-B0C7-4A74-A5E7-E9B6E8BEC58C.jpeg HTTP/1.1" 200 -
[06/Aug/2026 15:26:15] "GET /Photos/2019/2019-05_%E6%9C%AA%E7%9F%A5%E5%9C%B0%E9%BB%9E/B1E0F018-95D0-490D-96E1-FD176D9CC25C.jpeg HTTP/1.1" 200 -
[06/Aug/2026 15:26:15] "GET /Photos/2019/2019-05_%E6%9C%AA%E7%9F%A5%E5%9C%B0%E9%BB%9E/90465D9C-D938-4B68-A2E2-2C2AD0F1264F.jpeg HTTP/1.1" 200 -
[06/Aug/2026 15:26:15] "GET /Photos/2019/2019-05_%E6%9C%AA%E7%9F%A5%E5%9C%B0%E9%BB%9E/E4C5A519-4A40-4920-A715-723FE6D375D3.jpeg HTTP/1.1" 200 -
[06/Aug/2026 15:26:15] "GET /Photos/2019/2019-05_%E6%9C%AA%E7%9F%A5%E5%9C%B0%E9%BB%9E/954AEF60-9B61-4345-B4A4-7B81AB6A77C0.jpeg HTTP/1.1" 200 -
[06/Aug/2026 15:26:15] "GET /Photos/2019/2019-05_%E6%9C%AA%E7%9F%A5%E5%9C%B0%E9%BB%9E/7464721C-6A4E-40C2-BA83-526E95002A47.jpeg HTTP/1.1" 200 -
[06/Aug/2026 15:26:15] "GET /Photos/2019/2019-05_%E6%9C%AA%E7%9F%A5%E5%9C%B0%E9%BB%9E/6CB8B244-062C-447D-9DE4-C68410799192.jpeg HTTP/1.1" 200 -
[06/Aug/2026 15:26:15] "GET /Photos/2019/2019-05_%E6%9C%AA%E7%9F%A5%E5%9C%B0%E9%BB%9E/C2B6DA4D-1B6D-4E83-B60D-E142409E709F.jpeg HTTP/1.1" 200 -
[06/Aug/2026 15:26:15] "GET /Photos/2019/2019-05_%E6%9C%AA%E7%9F%A5%E5%9C%B0%E9%BB%9E/878056D8-3065-4D0B-8F80-BBE6D258987F.jpeg HTTP/1.1" 200 -
[06/Aug/2026 15:26:15] "GET /Photos/2019/2019-05_%E6%9C%AA%E7%9F%A5%E5%9C%B0%E9%BB%9E/9330C210-DBC3-46E5-A49F-573A47B139ED.jpeg HTTP/1.1" 200 -
[06/Aug/2026 15:26:15] "GET /Photos/2019/2019-05_%E6%9C%AA%E7%9F%A5%E5%9C%B0%E9%BB%9E/FB2641EE-8BFB-4F7B-9359-AE94DDD66E63.jpeg HTTP/1.1" 200 -
[06/Aug/2026 15:26:15] "GET /Photos/2019/2019-05_%E6%9C%AA%E7%9F%A5%E5%9C%B0%E9%BB%9E/91838F18-FAE5-4BBF-9D2C-5665C4F7B1FF.jpeg HTTP/1.1" 200 -
[06/Aug/2026 15:26:15] "GET /Photos/2019/2019-05_%E6%9C%AA%E7%9F%A5%E5%9C%B0%E9%BB%9E/B1BB6214-AE9D-4B51-AB9E-450E399C099C.jpeg HTTP/1.1" 200 -
[06/Aug/2026 15:26:15] "GET /Photos/2019/2019-05_%E6%9C%AA%E7%9F%A5%E5%9C%B0%E9%BB%9E/C3795D3B-C5A7-4599-B4EE-AE74147D6975.jpeg HTTP/1.1" 200 -
[06/Aug/2026 15:26:15] "GET /Photos/2019/2019-05_%E6%9C%AA%E7%9F%A5%E5%9C%B0%E9%BB%9E/390B4E75-1401-487E-A38B-3B26A0E65C06.jpeg HTTP/1.1" 200 -
[06/Aug/2026 15:26:15] "GET /Photos/2019/2019-05_%E6%9C%AA%E7%9F%A5%E5%9C%B0%E9%BB%9E/CCC80448-DA7D-4737-B2B1-F78E8C0FC4C9.jpeg HTTP/1.1" 200 -
[06/Aug/2026 15:26:15] "GET /Photos/2019/2019-05_%E6%9C%AA%E7%9F%A5%E5%9C%B0%E9%BB%9E/811E9130-BA86-460F-9D54-920C491C337F.jpeg HTTP/1.1" 200 -
[06/Aug/2026 15:26:15] "GET /Photos/2019/2019-05_%E6%9C%AA%E7%9F%A5%E5%9C%B0%E9%BB%9E/05BC60B5-132B-4688-A153-657B28880E6D.jpeg HTTP/1.1" 200 -
[06/Aug/2026 15:26:15] "GET /Photos/2019/2019-05_%E6%9C%AA%E7%9F%A5%E5%9C%B0%E9%BB%9E/C829C984-0BBF-4184-A48D-3FC5AD05AF58.jpeg HTTP/1.1" 200 -
[06/Aug/2026 15:26:15] "GET /Photos/2019/2019-05_%E6%9C%AA%E7%9F%A5%E5%9C%B0%E9%BB%9E/E4D3B260-ADCE-4AA3-B9BC-3E2A135C694C.jpeg HTTP/1.1" 200 -
[06/Aug/2026 15:26:15] "GET /Photos/2019/2019-05_%E6%9C%AA%E7%9F%A5%E5%9C%B0%E9%BB%9E/A55A04FB-6F81-4C45-B12A-26CA535A99FB.jpeg HTTP/1.1" 200 -
[06/Aug/2026 15:26:15] "GET /Photos/2019/2019-05_%E6%9C%AA%E7%9F%A5%E5%9C%B0%E9%BB%9E/DA75BAC6-3571-495E-86A1-8B2F0E32E0F6.jpeg HTTP/1.1" 200 -
[06/Aug/2026 15:26:15] "GET /Photos/2019/2019-05_%E6%9C%AA%E7%9F%A5%E5%9C%B0%E9%BB%9E/BA838C23-E750-490E-9130-9AD936F25135.jpeg HTTP/1.1" 200 -
[06/Aug/2026 15:26:15] "GET /Photos/2019/2019-05_%E6%9C%AA%E7%9F%A5%E5%9C%B0%E9%BB%9E/CF61824E-D390-442A-834C-468AC3E72210.jpeg HTTP/1.1" 200 -
[06/Aug/2026 15:26:15] "GET /Photos/2019/2019-05_%E6%9C%AA%E7%9F%A5%E5%9C%B0%E9%BB%9E/0BBB7B48-F686-435E-9947-B5A91F682320.jpeg HTTP/1.1" 200 -
[06/Aug/2026 15:26:15] "GET /Photos/2019/2019-05_%E6%9C%AA%E7%9F%A5%E5%9C%B0%E9%BB%9E/D8A64E40-527B-4CA4-9534-BB8AE4C8F984.jpeg HTTP/1.1" 200 -
[06/Aug/2026 15:26:15] "GET /Photos/2019/2019-05_%E6%9C%AA%E7%9F%A5%E5%9C%B0%E9%BB%9E/2C580019-9FE1-4A67-89DD-B33CF0CFDCD5.jpeg HTTP/1.1" 200 -
[06/Aug/2026 15:26:15] "GET /Photos/2019/2019-05_%E6%9C%AA%E7%9F%A5%E5%9C%B0%E9%BB%9E/F984CBB3-A56B-47D1-8F68-7347812AA2D0.jpeg HTTP/1.1" 200 -
[06/Aug/2026 15:26:15] "GET /Photos/2019/2019-05_%E6%9C%AA%E7%9F%A5%E5%9C%B0%E9%BB%9E/3CF7E120-7ABE-494C-BAD6-DF6A684DA322.jpeg HTTP/1.1" 200 -
[06/Aug/2026 15:26:15] "GET /Photos/2019/2019-05_%E6%9C%AA%E7%9F%A5%E5%9C%B0%E9%BB%9E/AA1CAEC4-5000-4066-B68A-C49FA9B07643.jpeg HTTP/1.1" 200 -
[06/Aug/2026 15:26:15] "GET /Photos/2019/2019-05_%E6%9C%AA%E7%9F%A5%E5%9C%B0%E9%BB%9E/EA095721-B25D-4AA9-9F79-B7F406AE153C.jpeg HTTP/1.1" 200 -
[06/Aug/2026 15:26:15] "GET /Photos/2019/2019-05_%E6%9C%AA%E7%9F%A5%E5%9C%B0%E9%BB%9E/EFED684D-7878-411C-84FF-BC6312942F48.jpeg HTTP/1.1" 200 -
[06/Aug/2026 15:26:15] "GET /Photos/2019/2019-05_%E6%9C%AA%E7%9F%A5%E5%9C%B0%E9%BB%9E/775495BC-5386-4373-9183-C5F51379B323.jpeg HTTP/1.1" 200 -
[06/Aug/2026 15:26:15] "GET /Photos/2019/2019-05_%E6%9C%AA%E7%9F%A5%E5%9C%B0%E9%BB%9E/40B8EFF3-AAE0-43B8-9DB1-3362FCF2DF17.jpeg HTTP/1.1" 200 -
[06/Aug/2026 15:26:15] "GET /Photos/2019/2019-05_%E6%9C%AA%E7%9F%A5%E5%9C%B0%E9%BB%9E/E3E7C847-5219-447C-805A-1B6BC814BE53.jpeg HTTP/1.1" 200 -
[06/Aug/2026 15:26:15] "GET /Photos/2019/2019-05_%E6%9C%AA%E7%9F%A5%E5%9C%B0%E9%BB%9E/6A133D8C-FD4C-4AE3-B2A6-9E01C13A5013.jpeg HTTP/1.1" 200 -
[06/Aug/2026 15:26:15] "GET /Photos/2019/2019-05_%E6%9C%AA%E7%9F%A5%E5%9C%B0%E9%BB%9E/07E1414F-383E-4A0D-A698-0F9133ADEB2C.jpeg HTTP/1.1" 200 -
[06/Aug/2026 15:26:15] "GET /Photos/2019/2019-05_%E6%9C%AA%E7%9F%A5%E5%9C%B0%E9%BB%9E/FBD05B33-2A84-48BA-AB54-79D1CB04CE49.jpeg HTTP/1.1" 200 -
[06/Aug/2026 15:26:15] "GET /Photos/2019/2019-05_%E6%9C%AA%E7%9F%A5%E5%9C%B0%E9%BB%9E/14B5123E-AC56-4434-A2DF-9C8F2D2EDD2B.jpeg HTTP/1.1" 200 -
[06/Aug/2026 15:26:15] "GET /Photos/2019/2019-05_%E6%9C%AA%E7%9F%A5%E5%9C%B0%E9%BB%9E/49E2850D-D428-46D3-96E2-397365C84059.jpeg HTTP/1.1" 200 -
[06/Aug/2026 15:26:15] "GET /Photos/2019/2019-05_%E6%9C%AA%E7%9F%A5%E5%9C%B0%E9%BB%9E/95A9E799-185B-457A-A7E6-009A8E9BF744.jpeg HTTP/1.1" 200 -
[06/Aug/2026 15:26:15] "GET /Photos/2019/2019-05_%E6%9C%AA%E7%9F%A5%E5%9C%B0%E9%BB%9E/AFFF1471-4F5E-46A2-99E5-BA85AA24539D.jpeg HTTP/1.1" 200 -
[06/Aug/2026 15:26:15] "GET /Photos/2019/2019-05_%E6%9C%AA%E7%9F%A5%E5%9C%B0%E9%BB%9E/91865555-7943-4AEC-A708-6DD62EC4F70F.jpeg HTTP/1.1" 200 -
[06/Aug/2026 15:26:15] "GET /Photos/2019/2019-05_%E6%9C%AA%E7%9F%A5%E5%9C%B0%E9%BB%9E/510ECE9B-C4E3-48AB-9132-DBA7FEDC1BFA.jpeg HTTP/1.1" 200 -
[06/Aug/2026 15:26:15] "GET /Photos/2019/2019-05_%E6%9C%AA%E7%9F%A5%E5%9C%B0%E9%BB%9E/3F00A5F0-7314-439F-8A32-B2D3887D0111.jpeg HTTP/1.1" 200 -
[06/Aug/2026 15:26:15] "GET /Photos/2019/2019-05_%E6%9C%AA%E7%9F%A5%E5%9C%B0%E9%BB%9E/93D75F24-7454-4383-86B1-931B726660F2.jpeg HTTP/1.1" 200 -
[06/Aug/2026 15:26:15] "GET /Photos/2019/2019-05_%E6%9C%AA%E7%9F%A5%E5%9C%B0%E9%BB%9E/D0759E16-0862-4521-8AFF-FFA9D1B51AD5.jpeg HTTP/1.1" 200 -
[06/Aug/2026 15:26:15] "GET /Photos/2019/2019-05_%E6%9C%AA%E7%9F%A5%E5%9C%B0%E9%BB%9E/8FEB4AC0-3606-408A-A29B-EE4025A2A350.jpeg HTTP/1.1" 200 -
[06/Aug/2026 15:26:15] "GET /Photos/2019/2019-05_%E6%9C%AA%E7%9F%A5%E5%9C%B0%E9%BB%9E/31416593-95E4-4B66-BB7F-B38D92E176FB.jpeg HTTP/1.1" 200 -
[06/Aug/2026 15:26:15] "GET /Photos/2019/2019-05_%E6%9C%AA%E7%9F%A5%E5%9C%B0%E9%BB%9E/1D1E8B81-6252-4D89-B029-FE63BB023A92.jpeg HTTP/1.1" 200 -
[06/Aug/2026 15:26:15] "GET /Photos/2019/2019-05_%E6%9C%AA%E7%9F%A5%E5%9C%B0%E9%BB%9E/BFF416AF-45F3-4091-A868-6D57E1BF6200.jpeg HTTP/1.1" 200 -
[06/Aug/2026 15:26:15] "GET /Photos/2019/2019-05_%E6%9C%AA%E7%9F%A5%E5%9C%B0%E9%BB%9E/FEFD3996-52D4-4CC4-BA5C-9E5BBD31FB49.jpeg HTTP/1.1" 200 -
[06/Aug/2026 15:26:15] "GET /Photos/2019/2019-05_%E6%9C%AA%E7%9F%A5%E5%9C%B0%E9%BB%9E/3F92054A-E923-4AFC-A434-F18135ABCD41.jpeg HTTP/1.1" 200 -
[06/Aug/2026 15:26:15] "GET /Photos/2019/2019-05_%E6%9C%AA%E7%9F%A5%E5%9C%B0%E9%BB%9E/785A2DF7-1CDB-45B4-BC5A-55454C90E790.jpeg HTTP/1.1" 200 -
[06/Aug/2026 15:26:15] "GET /Photos/2019/2019-05_%E6%9C%AA%E7%9F%A5%E5%9C%B0%E9%BB%9E/A147BB87-1D15-4A17-AC74-8FF7BE864126.jpeg HTTP/1.1" 200 -
[06/Aug/2026 15:26:15] "GET /Photos/2019/2019-05_%E6%9C%AA%E7%9F%A5%E5%9C%B0%E9%BB%9E/4EBDD59B-4BC3-4A49-9DAA-C7AA9AE0BD2C.jpeg HTTP/1.1" 200 -
[06/Aug/2026 15:26:15] "GET /Photos/2019/2019-05_%E6%9C%AA%E7%9F%A5%E5%9C%B0%E9%BB%9E/62F166AF-5AFC-4FBC-B20E-5730D24727E7.jpeg HTTP/1.1" 200 -
[06/Aug/2026 15:26:15] "GET /Photos/2019/2019-05_%E6%9C%AA%E7%9F%A5%E5%9C%B0%E9%BB%9E/572F67F8-56D2-4A9E-92E8-7F942134F4BD.jpeg HTTP/1.1" 200 -
[06/Aug/2026 15:26:15] "GET /Photos/2019/2019-05_%E6%9C%AA%E7%9F%A5%E5%9C%B0%E9%BB%9E/31C37275-2027-46A8-8B1F-539FF553F270.jpeg HTTP/1.1" 200 -
[06/Aug/2026 15:26:15] "GET /Photos/2019/2019-05_%E6%9C%AA%E7%9F%A5%E5%9C%B0%E9%BB%9E/6F5BD965-C698-468C-9A5A-B9607790E6F3.jpeg HTTP/1.1" 200 -
[06/Aug/2026 15:26:15] "GET /Photos/2019/2019-05_%E6%9C%AA%E7%9F%A5%E5%9C%B0%E9%BB%9E/FE4E022C-D243-4A42-9F5F-925FCD61929D.jpeg HTTP/1.1" 200 -
[06/Aug/2026 15:26:15] "GET /Photos/2019/2019-05_%E6%9C%AA%E7%9F%A5%E5%9C%B0%E9%BB%9E/BAE13CEA-C532-428D-8BA7-F2ED6B659131.jpeg HTTP/1.1" 200 -
[06/Aug/2026 15:26:15] "GET /Photos/2019/2019-05_%E6%9C%AA%E7%9F%A5%E5%9C%B0%E9%BB%9E/D1A0092B-BCC4-452C-8FB2-2374FFD458CD.jpeg HTTP/1.1" 200 -
[06/Aug/2026 15:26:15] "GET /Photos/2019/2019-05_%E6%9C%AA%E7%9F%A5%E5%9C%B0%E9%BB%9E/B92D27F4-F7FC-4C75-AB26-02CA4F06120D.jpeg HTTP/1.1" 200 -
[06/Aug/2026 15:26:15] "GET /Photos/2019/2019-05_%E6%9C%AA%E7%9F%A5%E5%9C%B0%E9%BB%9E/A1D0E32A-FE86-4DE8-A089-39798A60AB7E.jpeg HTTP/1.1" 200 -
[06/Aug/2026 15:26:15] "GET /Photos/2019/2019-05_%E6%9C%AA%E7%9F%A5%E5%9C%B0%E9%BB%9E/F2E8CF93-8B24-47D3-8B47-1CB79AFCBE8B.jpeg HTTP/1.1" 200 -
[06/Aug/2026 15:26:15] "GET /Photos/2019/2019-05_%E6%9C%AA%E7%9F%A5%E5%9C%B0%E9%BB%9E/99449B9B-A074-44BC-B8D3-31AE3FBE1B04.jpeg HTTP/1.1" 200 -
[06/Aug/2026 15:26:15] "GET /Photos/2019/2019-05_%E6%9C%AA%E7%9F%A5%E5%9C%B0%E9%BB%9E/BD9544C1-DE23-41DC-A384-CC32F8F473EB.jpeg HTTP/1.1" 200 -
[06/Aug/2026 15:26:15] "GET /Photos/2019/2019-05_%E6%9C%AA%E7%9F%A5%E5%9C%B0%E9%BB%9E/37EB65DD-CDB6-4B69-B89B-F5B08A733194.jpeg HTTP/1.1" 200 -
[06/Aug/2026 15:26:15] "GET /Photos/2019/2019-05_%E6%9C%AA%E7%9F%A5%E5%9C%B0%E9%BB%9E/F54B43F5-2AA2-4E12-8DB5-85F535DC58B7.jpeg HTTP/1.1" 200 -
[06/Aug/2026 15:26:15] "GET /Photos/2019/2019-05_%E6%9C%AA%E7%9F%A5%E5%9C%B0%E9%BB%9E/1C3C4697-44D5-4F00-923B-A0E64B68DA56.jpeg HTTP/1.1" 200 -
[06/Aug/2026 15:26:15] "GET /Photos/2019/2019-05_%E6%9C%AA%E7%9F%A5%E5%9C%B0%E9%BB%9E/C02AB18D-0308-4381-8A7D-B25D0E268847.jpeg HTTP/1.1" 200 -
[06/Aug/2026 15:26:15] "GET /Photos/2019/2019-05_%E6%9C%AA%E7%9F%A5%E5%9C%B0%E9%BB%9E/8616716E-C196-4F91-B605-51EDB85786EA.jpeg HTTP/1.1" 200 -
[06/Aug/2026 15:26:15] "GET /Photos/2019/2019-05_%E6%9C%AA%E7%9F%A5%E5%9C%B0%E9%BB%9E/D1298C51-7C35-4FF1-ACA6-211BEC486734.jpeg HTTP/1.1" 200 -
[06/Aug/2026 15:26:15] "GET /Photos/2019/2019-05_%E6%9C%AA%E7%9F%A5%E5%9C%B0%E9%BB%9E/F3B04AF6-6818-49B8-8BC9-8FA3B946ACF4.jpeg HTTP/1.1" 200 -
[06/Aug/2026 15:26:15] "GET /Photos/2019/2019-05_%E6%9C%AA%E7%9F%A5%E5%9C%B0%E9%BB%9E/6CA48627-A2BF-42CC-BECF-3478E0970C29.jpeg HTTP/1.1" 200 -
[06/Aug/2026 15:26:15] "GET /Photos/2019/2019-05_%E6%9C%AA%E7%9F%A5%E5%9C%B0%E9%BB%9E/9B487C90-C764-4302-9DC5-A8034AFBFF29.jpeg HTTP/1.1" 200 -
[06/Aug/2026 15:26:15] "GET /Photos/2019/2019-05_%E6%9C%AA%E7%9F%A5%E5%9C%B0%E9%BB%9E/3AEB18D9-DA89-40A1-AAED-DB1FEF4F71DD.jpeg HTTP/1.1" 200 -
[06/Aug/2026 15:26:15] "GET /Photos/2019/2019-05_%E6%9C%AA%E7%9F%A5%E5%9C%B0%E9%BB%9E/195182FE-0BAC-4104-9D6A-20EB5DC66A53.jpeg HTTP/1.1" 200 -
[06/Aug/2026 15:26:15] "GET /Photos/2019/2019-05_%E6%9C%AA%E7%9F%A5%E5%9C%B0%E9%BB%9E/16FEF6F4-B761-4214-9B9E-5EB6D4738969.jpeg HTTP/1.1" 200 -
[06/Aug/2026 15:26:15] "GET /Photos/2019/2019-05_%E6%9C%AA%E7%9F%A5%E5%9C%B0%E9%BB%9E/62BF2DC4-18E0-4FDD-81A4-01EBD7506650.jpeg HTTP/1.1" 200 -
[06/Aug/2026 15:26:15] "GET /Photos/2019/2019-05_%E6%9C%AA%E7%9F%A5%E5%9C%B0%E9%BB%9E/A8AD8476-CC41-467F-A9FB-9031CA730052.jpeg HTTP/1.1" 200 -
[06/Aug/2026 15:26:15] "GET /Photos/2019/2019-05_%E6%9C%AA%E7%9F%A5%E5%9C%B0%E9%BB%9E/9FCB0E43-D5B7-4DAB-B60D-13B13782DEF1.jpeg HTTP/1.1" 200 -
[06/Aug/2026 15:26:15] "GET /Photos/2019/2019-05_%E6%9C%AA%E7%9F%A5%E5%9C%B0%E9%BB%9E/0A3D557D-B1DC-44D0-BA20-23D4EA34D0ED.jpeg HTTP/1.1" 200 -
[06/Aug/2026 15:26:15] "GET /Photos/2019/2019-05_%E6%9C%AA%E7%9F%A5%E5%9C%B0%E9%BB%9E/90D391C0-2155-4D9B-985B-E158D608A7B3.jpeg HTTP/1.1" 200 -
[06/Aug/2026 15:26:15] "GET /Photos/2019/2019-05_%E6%9C%AA%E7%9F%A5%E5%9C%B0%E9%BB%9E/9E36816C-901F-4801-8E93-95887B3C6107.jpeg HTTP/1.1" 200 -
[06/Aug/2026 15:26:15] "GET /Photos/2019/2019-05_%E6%9C%AA%E7%9F%A5%E5%9C%B0%E9%BB%9E/9EB6F92C-841E-480F-8B58-62AC59871ABA.jpeg HTTP/1.1" 200 -
[06/Aug/2026 15:26:15] "GET /Photos/2019/2019-05_%E6%9C%AA%E7%9F%A5%E5%9C%B0%E9%BB%9E/CF3B3F8B-79F4-45A5-9F70-011222EC82A3.jpeg HTTP/1.1" 200 -
[06/Aug/2026 15:26:15] "GET /Photos/2019/2019-05_%E6%9C%AA%E7%9F%A5%E5%9C%B0%E9%BB%9E/16955D75-B887-4378-8CCF-438B41C6BE5C.jpeg HTTP/1.1" 200 -
[06/Aug/2026 15:26:15] "GET /Photos/2019/2019-05_%E6%9C%AA%E7%9F%A5%E5%9C%B0%E9%BB%9E/B4D78D43-3587-4FC9-AFC5-4EE3183EA8B4.jpeg HTTP/1.1" 200 -
[06/Aug/2026 15:26:15] "GET /Photos/2019/2019-05_%E6%9C%AA%E7%9F%A5%E5%9C%B0%E9%BB%9E/A48E4F66-5D04-4D34-AA5A-974688A6FFE1.jpeg HTTP/1.1" 200 -
[06/Aug/2026 15:26:15] "GET /Photos/2019/2019-05_%E6%9C%AA%E7%9F%A5%E5%9C%B0%E9%BB%9E/829B2EAA-A640-4275-ADCB-14EF96D4EAA6.jpeg HTTP/1.1" 200 -
[06/Aug/2026 15:26:15] "GET /Photos/2019/2019-05_%E6%9C%AA%E7%9F%A5%E5%9C%B0%E9%BB%9E/9BCF75EB-33C3-414E-B8A4-B191799108EB.jpeg HTTP/1.1" 200 -
[06/Aug/2026 15:26:15] "GET /Photos/2019/2019-05_%E6%9C%AA%E7%9F%A5%E5%9C%B0%E9%BB%9E/01D1B8C4-536A-425A-8CF2-19D77DA015EA.jpeg HTTP/1.1" 200 -
[06/Aug/2026 15:26:15] "GET /Photos/2019/2019-05_%E6%9C%AA%E7%9F%A5%E5%9C%B0%E9%BB%9E/331839FE-7B6E-41DE-A2D1-19578DE70C68.jpeg HTTP/1.1" 200 -
[06/Aug/2026 15:26:15] "GET /Photos/2019/2019-05_%E6%9C%AA%E7%9F%A5%E5%9C%B0%E9%BB%9E/CE6AFCF7-FAA7-4C98-8538-ED8C27DBECCD.jpeg HTTP/1.1" 200 -
[06/Aug/2026 15:26:15] "GET /Photos/2019/2019-05_%E6%9C%AA%E7%9F%A5%E5%9C%B0%E9%BB%9E/4C1D8BD9-BADA-416C-BCAD-8ADD46B2E750.jpeg HTTP/1.1" 200 -
[06/Aug/2026 15:26:15] "GET /Photos/2019/2019-05_%E6%9C%AA%E7%9F%A5%E5%9C%B0%E9%BB%9E/842C174C-A048-4E72-B833-F7B3152B7439.jpeg HTTP/1.1" 200 -
[06/Aug/2026 15:26:15] "GET /Photos/2019/2019-05_%E6%9C%AA%E7%9F%A5%E5%9C%B0%E9%BB%9E/D9F902C2-9B25-40BC-8B5E-E3DF95A3FC15.jpeg HTTP/1.1" 200 -
[06/Aug/2026 15:26:15] "GET /Photos/2019/2019-05_%E6%9C%AA%E7%9F%A5%E5%9C%B0%E9%BB%9E/322B787F-3261-4D11-B0B0-8D20C416200D.jpeg HTTP/1.1" 200 -
[06/Aug/2026 15:26:16] "GET /Photos/2019/2019-05_%E6%9C%AA%E7%9F%A5%E5%9C%B0%E9%BB%9E/29940402-4006-48EF-9D39-D17D89AF6B02.jpeg HTTP/1.1" 200 -
[06/Aug/2026 15:26:16] "GET /Photos/2019/2019-05_%E6%9C%AA%E7%9F%A5%E5%9C%B0%E9%BB%9E/7B60BEAF-C66B-4BB5-95A1-C1BF00B9CF72.jpeg HTTP/1.1" 200 -
[06/Aug/2026 15:26:16] "GET /Photos/2019/2019-05_%E6%9C%AA%E7%9F%A5%E5%9C%B0%E9%BB%9E/8ED8DA07-D9BB-4424-920E-A3A740278040.jpeg HTTP/1.1" 200 -
[06/Aug/2026 15:26:16] "GET /Photos/2019/2019-05_%E6%9C%AA%E7%9F%A5%E5%9C%B0%E9%BB%9E/3B6CBAF6-68DB-4EE0-BEA3-5A21E8EE2319.jpeg HTTP/1.1" 200 -
[06/Aug/2026 15:26:16] "GET /Photos/2019/2019-05_%E6%9C%AA%E7%9F%A5%E5%9C%B0%E9%BB%9E/C50C4A0F-71CF-416D-B31F-4AD4D4E84BFF.jpeg HTTP/1.1" 200 -
[06/Aug/2026 15:26:16] "GET /Photos/2019/2019-05_%E6%9C%AA%E7%9F%A5%E5%9C%B0%E9%BB%9E/AF0FFD83-3026-45AA-BEA2-26908F5ABB68.jpeg HTTP/1.1" 200 -
[06/Aug/2026 15:26:16] "GET /Photos/2019/2019-05_%E6%9C%AA%E7%9F%A5%E5%9C%B0%E9%BB%9E/1B3EF6ED-AD53-4BDF-B6A5-74504BACE52D.jpeg HTTP/1.1" 200 -
[06/Aug/2026 15:26:16] "GET /Photos/2019/2019-05_%E6%9C%AA%E7%9F%A5%E5%9C%B0%E9%BB%9E/9B594293-DF32-46FB-9518-357EB0001517.jpeg HTTP/1.1" 200 -
[06/Aug/2026 15:26:16] "GET /Photos/2019/2019-05_%E6%9C%AA%E7%9F%A5%E5%9C%B0%E9%BB%9E/842F1AD2-EF80-4E7C-B3A5-73E37121C626.jpeg HTTP/1.1" 200 -
[06/Aug/2026 15:26:16] "GET /Photos/2019/2019-05_%E6%9C%AA%E7%9F%A5%E5%9C%B0%E9%BB%9E/E4279B43-8F28-4354-BEE1-370A37811888.jpeg HTTP/1.1" 200 -
[06/Aug/2026 15:26:16] "GET /Photos/2019/2019-05_%E6%9C%AA%E7%9F%A5%E5%9C%B0%E9%BB%9E/30A97823-12E6-4E1F-9286-2C5FFDA0509E.jpeg HTTP/1.1" 200 -
[06/Aug/2026 15:26:16] "GET /Photos/2019/2019-05_%E6%9C%AA%E7%9F%A5%E5%9C%B0%E9%BB%9E/DCDA95A6-BE8F-4462-9446-2C678EC6A655.jpeg HTTP/1.1" 200 -
[06/Aug/2026 15:26:16] "GET /Photos/2019/2019-05_%E6%9C%AA%E7%9F%A5%E5%9C%B0%E9%BB%9E/CA95D845-9FEE-49D5-A8B9-12DA885CA918.jpeg HTTP/1.1" 200 -
[06/Aug/2026 15:26:16] "GET /Photos/2019/2019-05_%E6%9C%AA%E7%9F%A5%E5%9C%B0%E9%BB%9E/C0D36847-A214-47C3-97DE-C550B811AC1B.jpeg HTTP/1.1" 200 -
[06/Aug/2026 15:26:16] "GET /Photos/2019/2019-12_%E6%9C%AA%E7%9F%A5%E5%9C%B0%E9%BB%9E/813F43EA-3D64-4AFE-B0D1-8F9737EE7A2E.jpeg HTTP/1.1" 200 -
[06/Aug/2026 15:26:16] "GET /Photos/2019/2019-12_%E6%9C%AA%E7%9F%A5%E5%9C%B0%E9%BB%9E/D9590C60-E0C9-4314-83D9-F06C7BAE8AF5.jpeg HTTP/1.1" 200 -
[06/Aug/2026 15:26:16] "GET /Photos/2019/2019-12_%E6%9C%AA%E7%9F%A5%E5%9C%B0%E9%BB%9E/F8CCE2AC-ED8D-479F-BF51-85568C800154.jpeg HTTP/1.1" 200 -
[06/Aug/2026 15:26:16] "GET /Photos/2019/2019-12_%E6%9C%AA%E7%9F%A5%E5%9C%B0%E9%BB%9E/58C92DFD-CDA0-4493-9578-474B65E6BBCD.jpeg HTTP/1.1" 200 -
[06/Aug/2026 15:26:16] "GET /Photos/2019/2019-12_%E6%9C%AA%E7%9F%A5%E5%9C%B0%E9%BB%9E/108272F1-7B22-48C0-B09B-922D80DB8DBD.jpeg HTTP/1.1" 200 -
[06/Aug/2026 15:26:16] "GET /Photos/2019/2019-12_%E6%9C%AA%E7%9F%A5%E5%9C%B0%E9%BB%9E/7987ACD7-8C28-4751-BFE8-3711BAB749DC.jpeg HTTP/1.1" 200 -
[06/Aug/2026 15:26:16] "GET /Photos/2019/2019-04_%E6%9C%AA%E7%9F%A5%E5%9C%B0%E9%BB%9E/A1688A44-10BC-49B1-9B98-F9B7AD47FB5E.jpeg HTTP/1.1" 200 -
[06/Aug/2026 15:26:16] "GET /Photos/2019/2019-11_%E6%9C%AA%E7%9F%A5%E5%9C%B0%E9%BB%9E/B5696BE3-1D7D-4D0C-9F06-59231C6B4EE7_1_201_a.jpeg HTTP/1.1" 200 -
[06/Aug/2026 15:26:16] "GET /Photos/2019/2019-11_%E6%9C%AA%E7%9F%A5%E5%9C%B0%E9%BB%9E/3BD11E3C-6D50-435A-92B4-93245795F7B4.jpeg HTTP/1.1" 200 -
[06/Aug/2026 15:26:16] "GET /Photos/2019/2019-11_%E6%9C%AA%E7%9F%A5%E5%9C%B0%E9%BB%9E/33003577-E6AD-4775-8ACE-CD942E605B15.jpeg HTTP/1.1" 200 -
[06/Aug/2026 15:26:16] "GET /Photos/2019/2019-11_%E6%9C%AA%E7%9F%A5%E5%9C%B0%E9%BB%9E/1A363E4D-4C92-4318-9D5C-FB1814B1ED10.jpeg HTTP/1.1" 200 -
[06/Aug/2026 15:26:16] "GET /Photos/2019/2019-07_%E6%9C%AA%E7%9F%A5%E5%9C%B0%E9%BB%9E/79A5D920-0475-45D4-BB9D-6F1DCA1BE7AA.jpeg HTTP/1.1" 200 -
[06/Aug/2026 15:26:16] "GET /Photos/2019/2019-07_%E6%9C%AA%E7%9F%A5%E5%9C%B0%E9%BB%9E/8EBD562E-0527-4BD4-AA80-4F00DF5C7A02.jpeg HTTP/1.1" 200 -
[06/Aug/2026 15:26:16] "GET /Photos/2019/2019-07_%E6%9C%AA%E7%9F%A5%E5%9C%B0%E9%BB%9E/2CF247D9-4E52-49CA-A87F-6316E26E86D6.jpeg HTTP/1.1" 200 -
[06/Aug/2026 15:26:16] "GET /Photos/2019/2019-07_%E6%9C%AA%E7%9F%A5%E5%9C%B0%E9%BB%9E/1A49C217-B774-48BC-95AF-E698E43116D6.jpeg HTTP/1.1" 200 -
[06/Aug/2026 15:26:16] "GET /Photos/2019/2019-07_%E6%9C%AA%E7%9F%A5%E5%9C%B0%E9%BB%9E/F80F0B97-2A9E-4961-8CF7-93474EDD1F59.jpeg HTTP/1.1" 200 -
[06/Aug/2026 15:26:16] "GET /Photos/2019/2019-07_%E6%9C%AA%E7%9F%A5%E5%9C%B0%E9%BB%9E/15A85FC8-EF8E-4149-AEC5-C8A1E442BCB0.jpeg HTTP/1.1" 200 -
[06/Aug/2026 15:26:16] "GET /Photos/2019/2019-07_%E6%9C%AA%E7%9F%A5%E5%9C%B0%E9%BB%9E/F9C96B6D-4255-4861-9E9F-6CC12A674FA6.jpeg HTTP/1.1" 200 -
[06/Aug/2026 15:26:16] "GET /Photos/2019/2019-07_%E6%9C%AA%E7%9F%A5%E5%9C%B0%E9%BB%9E/8BE0C4EB-F8D9-4B01-99EC-0656126C7472.jpeg HTTP/1.1" 200 -
[06/Aug/2026 15:26:16] "GET /Photos/2019/2019-07_%E6%9C%AA%E7%9F%A5%E5%9C%B0%E9%BB%9E/65BC051C-9940-4A38-AD84-8B7EA787D1FE.jpeg HTTP/1.1" 200 -
[06/Aug/2026 15:26:16] "GET /Photos/2019/2019-07_%E6%9C%AA%E7%9F%A5%E5%9C%B0%E9%BB%9E/5A712CAD-C100-45AD-9DD0-5EF136C0D983.jpeg HTTP/1.1" 200 -
[06/Aug/2026 15:26:16] "GET /Photos/2019/2019-07_%E6%9C%AA%E7%9F%A5%E5%9C%B0%E9%BB%9E/03284FAF-223C-42F2-9C23-F789A4BB1A06.jpeg HTTP/1.1" 200 -
[06/Aug/2026 15:26:16] "GET /Photos/2019/2019-07_%E6%9C%AA%E7%9F%A5%E5%9C%B0%E9%BB%9E/024B85D4-10F8-4D9B-849D-1DD01F867FD8.jpeg HTTP/1.1" 200 -
[06/Aug/2026 15:26:16] "GET /Photos/2019/2019-07_%E6%9C%AA%E7%9F%A5%E5%9C%B0%E9%BB%9E/9A49458A-440C-42DB-9C27-8E7EE4C480E7.jpeg HTTP/1.1" 200 -
[06/Aug/2026 15:26:16] "GET /Photos/2019/2019-07_%E6%9C%AA%E7%9F%A5%E5%9C%B0%E9%BB%9E/BAF7E6C2-4CA3-4464-A876-FAB58F31C79D.jpeg HTTP/1.1" 200 -
[06/Aug/2026 15:26:16] "GET /Photos/2019/2019-07_%E6%9C%AA%E7%9F%A5%E5%9C%B0%E9%BB%9E/EFED444E-E964-49AF-ABCF-8C2CA411F946.jpeg HTTP/1.1" 200 -
[06/Aug/2026 15:26:16] "GET /Photos/2019/2019-07_%E6%9C%AA%E7%9F%A5%E5%9C%B0%E9%BB%9E/5D080E66-38BC-4649-85BD-D99403D7864E.jpeg HTTP/1.1" 200 -
[06/Aug/2026 15:26:16] "GET /Photos/2019/2019-07_%E6%9C%AA%E7%9F%A5%E5%9C%B0%E9%BB%9E/790BE35C-9BDE-4D5C-A346-C0B62D4A6226.jpeg HTTP/1.1" 200 -
[06/Aug/2026 15:26:16] "GET /Photos/2019/2019-07_%E6%9C%AA%E7%9F%A5%E5%9C%B0%E9%BB%9E/DE0EAA0E-0BDD-4B1F-8AC1-9A505FA0FFC7.jpeg HTTP/1.1" 200 -
[06/Aug/2026 15:26:16] "GET /Photos/2019/2019-07_%E6%9C%AA%E7%9F%A5%E5%9C%B0%E9%BB%9E/3ADE07B1-7D85-42D3-9E45-F832920986F0.jpeg HTTP/1.1" 200 -
[06/Aug/2026 15:26:16] "GET /Photos/2019/2019-07_%E6%9C%AA%E7%9F%A5%E5%9C%B0%E9%BB%9E/625A1452-3B32-4943-980C-07CCE685152A.jpeg HTTP/1.1" 200 -
[06/Aug/2026 15:26:16] "GET /Photos/2019/2019-07_%E6%9C%AA%E7%9F%A5%E5%9C%B0%E9%BB%9E/5DC86EC8-3445-403E-8BD4-C94BB241FD0C.jpeg HTTP/1.1" 200 -
[06/Aug/2026 15:26:16] "GET /Photos/2019/2019-07_%E6%9C%AA%E7%9F%A5%E5%9C%B0%E9%BB%9E/1FBFC9A9-090B-4D72-90CF-FA49215B3118.jpeg HTTP/1.1" 200 -
[06/Aug/2026 15:26:16] "GET /Photos/2019/2019-07_%E6%9C%AA%E7%9F%A5%E5%9C%B0%E9%BB%9E/9E437AE7-7343-4C59-81BE-53C1DAEE04EA.jpeg HTTP/1.1" 200 -
[06/Aug/2026 15:26:16] "GET /Photos/2019/2019-07_%E6%9C%AA%E7%9F%A5%E5%9C%B0%E9%BB%9E/0F411FE2-5CE2-481C-B460-05A943468030.jpeg HTTP/1.1" 200 -
[06/Aug/2026 15:26:16] "GET /Photos/2019/2019-07_%E6%9C%AA%E7%9F%A5%E5%9C%B0%E9%BB%9E/1F36E326-DB08-4FB5-9DD6-752F34691120.jpeg HTTP/1.1" 200 -
[06/Aug/2026 15:26:16] "GET /Photos/2019/2019-07_%E6%9C%AA%E7%9F%A5%E5%9C%B0%E9%BB%9E/6B5A6495-068F-4097-9112-E40589F2C22A.jpeg HTTP/1.1" 200 -
[06/Aug/2026 15:26:16] "GET /Photos/2019/2019-07_%E6%9C%AA%E7%9F%A5%E5%9C%B0%E9%BB%9E/21DCBD0E-77F2-467E-9CD2-8EE1ED5EDC13.jpeg HTTP/1.1" 200 -
[06/Aug/2026 15:26:16] "GET /Photos/2019/2019-07_%E6%9C%AA%E7%9F%A5%E5%9C%B0%E9%BB%9E/01287A09-1918-4F2C-BE5C-77711304D6CC.jpeg HTTP/1.1" 200 -
[06/Aug/2026 15:26:16] "GET /Photos/2019/2019-07_%E6%9C%AA%E7%9F%A5%E5%9C%B0%E9%BB%9E/A5DD3440-5D82-4094-841E-4918DE89ECBC.jpeg HTTP/1.1" 200 -
[06/Aug/2026 15:26:16] "GET /Photos/2019/2019-07_%E6%9C%AA%E7%9F%A5%E5%9C%B0%E9%BB%9E/EAAE8C5E-C0D8-4B60-88FB-6B856777ACBA.jpeg HTTP/1.1" 200 -
[06/Aug/2026 15:26:16] "GET /Photos/2019/2019-07_%E6%9C%AA%E7%9F%A5%E5%9C%B0%E9%BB%9E/FB3CCCA8-52C9-4516-BE8A-E0E1CD3ADB5D.jpeg HTTP/1.1" 200 -
[06/Aug/2026 15:26:16] "GET /Photos/2019/2019-07_%E6%9C%AA%E7%9F%A5%E5%9C%B0%E9%BB%9E/3FE1D690-021D-4661-B782-4ED6BA28D26A.jpeg HTTP/1.1" 200 -
[06/Aug/2026 15:26:16] "GET /Photos/2019/2019-07_%E6%9C%AA%E7%9F%A5%E5%9C%B0%E9%BB%9E/7193E818-6DBB-4A42-963F-BC968E433E18.jpeg HTTP/1.1" 200 -
[06/Aug/2026 15:26:16] "GET /Photos/2019/2019-07_%E6%9C%AA%E7%9F%A5%E5%9C%B0%E9%BB%9E/4F8F3BFC-740C-45F3-BD54-3D89E50CD66E.jpeg HTTP/1.1" 200 -
[06/Aug/2026 15:26:16] "GET /Photos/2019/2019-07_%E6%9C%AA%E7%9F%A5%E5%9C%B0%E9%BB%9E/1FE88542-6CD0-47B9-8AFF-06E100481C87.jpeg HTTP/1.1" 200 -
[06/Aug/2026 15:26:16] "GET /Photos/2019/2019-07_%E6%9C%AA%E7%9F%A5%E5%9C%B0%E9%BB%9E/A975ADE5-3FFF-4DAB-9840-303291DD2CAC.jpeg HTTP/1.1" 200 -
[06/Aug/2026 15:26:16] "GET /Photos/2019/2019-07_%E6%9C%AA%E7%9F%A5%E5%9C%B0%E9%BB%9E/0452E892-36F1-49FD-A134-6DF102BC726B.jpeg HTTP/1.1" 200 -
[06/Aug/2026 15:26:16] "GET /Photos/2019/2019-07_%E6%9C%AA%E7%9F%A5%E5%9C%B0%E9%BB%9E/00DAC9B8-FFC0-4361-B3CC-E61A00724BFB.jpeg HTTP/1.1" 200 -
[06/Aug/2026 15:26:16] "GET /Photos/2019/2019-07_%E6%9C%AA%E7%9F%A5%E5%9C%B0%E9%BB%9E/A5D85697-3150-48ED-A6FB-D9F401E3501F.jpeg HTTP/1.1" 200 -
[06/Aug/2026 15:26:16] "GET /Photos/2019/2019-07_%E6%9C%AA%E7%9F%A5%E5%9C%B0%E9%BB%9E/1E58E636-54D3-46BB-917B-BB599E27F161.jpeg HTTP/1.1" 200 -
[06/Aug/2026 15:26:16] "GET /Photos/2019/2019-07_%E6%9C%AA%E7%9F%A5%E5%9C%B0%E9%BB%9E/71DAE9A9-54B4-41B6-9D47-2A25E132CC51.jpeg HTTP/1.1" 200 -
[06/Aug/2026 15:26:16] "GET /Photos/2019/2019-07_%E6%9C%AA%E7%9F%A5%E5%9C%B0%E9%BB%9E/684780C5-9084-4E4B-B1AD-44DEE7D127BD.jpeg HTTP/1.1" 200 -
[06/Aug/2026 15:26:16] "GET /Photos/2019/2019-07_%E6%9C%AA%E7%9F%A5%E5%9C%B0%E9%BB%9E/831CAB01-0C7C-4AD2-B896-EE1644A7560A.jpeg HTTP/1.1" 200 -
[06/Aug/2026 15:26:16] "GET /Photos/2019/2019-07_%E6%9C%AA%E7%9F%A5%E5%9C%B0%E9%BB%9E/E0B8C365-AA17-4885-BCE1-5FE91B08856F.jpeg HTTP/1.1" 200 -
[06/Aug/2026 15:26:16] "GET /Photos/2019/2019-07_%E6%9C%AA%E7%9F%A5%E5%9C%B0%E9%BB%9E/AC18D148-3F5A-4F97-83B3-8554C34BF7B3.jpeg HTTP/1.1" 200 -
[06/Aug/2026 15:26:16] "GET /Photos/2019/2019-07_%E6%9C%AA%E7%9F%A5%E5%9C%B0%E9%BB%9E/48C41756-AF21-488B-909C-358C4DC856E9.jpeg HTTP/1.1" 200 -
[06/Aug/2026 15:26:16] "GET /Photos/2019/2019-07_%E6%9C%AA%E7%9F%A5%E5%9C%B0%E9%BB%9E/04A34488-4181-45A3-967F-C9AD7FBC0F0C.jpeg HTTP/1.1" 200 -
[06/Aug/2026 15:26:16] "GET /Photos/2019/2019-07_%E6%9C%AA%E7%9F%A5%E5%9C%B0%E9%BB%9E/E5668A50-5F46-47BB-99B5-A5599EF2F96A.jpeg HTTP/1.1" 200 -
[06/Aug/2026 15:26:16] "GET /Photos/2019/2019-07_%E6%9C%AA%E7%9F%A5%E5%9C%B0%E9%BB%9E/7C8056A1-8B16-49FD-9CA6-074E672F96FF.jpeg HTTP/1.1" 200 -
[06/Aug/2026 15:26:16] "GET /Photos/2019/2019-06_%E6%9C%AA%E7%9F%A5%E5%9C%B0%E9%BB%9E/3CE12C3D-D2E9-499D-9486-215DFBB43768.jpeg HTTP/1.1" 200 -
[06/Aug/2026 15:26:16] "GET /Photos/2019/2019-07_%E6%9C%AA%E7%9F%A5%E5%9C%B0%E9%BB%9E/CF9B0739-B944-4B6A-A094-2159FABFB37E.jpeg HTTP/1.1" 200 -
[06/Aug/2026 15:26:16] "GET /Photos/2019/2019-06_%E6%9C%AA%E7%9F%A5%E5%9C%B0%E9%BB%9E/16EADE2B-ADDC-46DD-86F3-927490D73DAE.jpeg HTTP/1.1" 200 -
[06/Aug/2026 15:26:16] "GET /Photos/2019/2019-07_%E6%9C%AA%E7%9F%A5%E5%9C%B0%E9%BB%9E/D7923B7F-2871-4098-A093-1DCBA1A36D41.jpeg HTTP/1.1" 200 -
[06/Aug/2026 15:26:16] "GET /Photos/2019/2019-06_%E6%9C%AA%E7%9F%A5%E5%9C%B0%E9%BB%9E/F2AF084E-664B-4310-B894-EC85922C8AA8.jpeg HTTP/1.1" 200 -
[06/Aug/2026 15:26:16] "GET /Photos/2021/2021-11_%E6%9C%AA%E7%9F%A5%E5%9C%B0%E9%BB%9E/IMG_0158.JPG HTTP/1.1" 200 -
[06/Aug/2026 15:26:16] "GET /Photos/2019/2019-06_%E6%9C%AA%E7%9F%A5%E5%9C%B0%E9%BB%9E/E3CE74F1-D052-4267-B51C-D945D18B479D.jpeg HTTP/1.1" 200 -
[06/Aug/2026 15:26:16] "GET /Photos/2021/2021-11_%E6%9C%AA%E7%9F%A5%E5%9C%B0%E9%BB%9E/IMG_0131.JPG HTTP/1.1" 200 -
[06/Aug/2026 15:26:16] "GET /Photos/2021/2021-10_%E6%9C%AA%E7%9F%A5%E5%9C%B0%E9%BB%9E/IMG_0070.JPG HTTP/1.1" 200 -
[06/Aug/2026 15:26:16] "GET /Photos/2021/2021-09_%E6%9C%AA%E7%9F%A5%E5%9C%B0%E9%BB%9E/IMG_9906.JPG HTTP/1.1" 200 -
[06/Aug/2026 15:26:17] "GET /Photos/2021/2021-10_%E6%9C%AA%E7%9F%A5%E5%9C%B0%E9%BB%9E/IMG_0020.JPG HTTP/1.1" 200 -
[06/Aug/2026 15:26:17] "GET /Photos/2021/2021-11_%E6%9C%AA%E7%9F%A5%E5%9C%B0%E9%BB%9E/IMG_0245.JPG HTTP/1.1" 200 -
[06/Aug/2026 15:26:17] "GET /Photos/2021/2021-09_%E6%9C%AA%E7%9F%A5%E5%9C%B0%E9%BB%9E/IMG_9915.JPG HTTP/1.1" 200 -
[06/Aug/2026 15:26:17] "GET /Photos/2021/2021-09_%E6%9C%AA%E7%9F%A5%E5%9C%B0%E9%BB%9E/IMG_9913.JPG HTTP/1.1" 200 -
[06/Aug/2026 15:26:17] "GET /Photos/2021/2021-09_%E6%9C%AA%E7%9F%A5%E5%9C%B0%E9%BB%9E/IMG_9914.JPG HTTP/1.1" 200 -
[06/Aug/2026 15:26:17] "GET /Photos/2021/2021-12_%E6%9C%AA%E7%9F%A5%E5%9C%B0%E9%BB%9E/IMG_0788.JPG HTTP/1.1" 200 -
[06/Aug/2026 15:26:17] "GET /Photos/2021/2021-12_%E6%9C%AA%E7%9F%A5%E5%9C%B0%E9%BB%9E/IMG_0842.JPG HTTP/1.1" 200 -
[06/Aug/2026 15:26:17] "GET /Photos/2021/2021-12_%E6%9C%AA%E7%9F%A5%E5%9C%B0%E9%BB%9E/IMG_0476.JPG HTTP/1.1" 200 -
[06/Aug/2026 15:26:17] "GET /Photos/2021/2021-12_%E6%9C%AA%E7%9F%A5%E5%9C%B0%E9%BB%9E/IMG_0670.JPG HTTP/1.1" 200 -
[06/Aug/2026 15:26:17] "GET /Photos/2021/2021-12_%E6%9C%AA%E7%9F%A5%E5%9C%B0%E9%BB%9E/IMG_0789.JPG HTTP/1.1" 200 -
[06/Aug/2026 15:26:17] "GET /Photos/2021/2021-12_%E6%9C%AA%E7%9F%A5%E5%9C%B0%E9%BB%9E/IMG_0653.JPG HTTP/1.1" 200 -
[06/Aug/2026 15:26:17] "GET /Photos/2021/2021-12_%E6%9C%AA%E7%9F%A5%E5%9C%B0%E9%BB%9E/IMG_0657.JPG HTTP/1.1" 200 -
[06/Aug/2026 15:26:17] "GET /Photos/2021/2021-12_%E6%9C%AA%E7%9F%A5%E5%9C%B0%E9%BB%9E/IMG_0656.JPG HTTP/1.1" 200 -
[06/Aug/2026 15:26:17] "GET /Photos/2021/2021-12_%E6%9C%AA%E7%9F%A5%E5%9C%B0%E9%BB%9E/IMG_0655.JPG HTTP/1.1" 200 -
[06/Aug/2026 15:26:17] "GET /Photos/2021/2021-12_%E6%9C%AA%E7%9F%A5%E5%9C%B0%E9%BB%9E/IMG_0654.JPG HTTP/1.1" 200 -
[06/Aug/2026 15:26:17] "GET /Photos/2021/2021-12_%E6%9C%AA%E7%9F%A5%E5%9C%B0%E9%BB%9E/IMG_0791.JPG HTTP/1.1" 200 -
[06/Aug/2026 15:26:17] "GET /Photos/2021/2021-12_%E6%9C%AA%E7%9F%A5%E5%9C%B0%E9%BB%9E/IMG_0785.JPG HTTP/1.1" 200 -
[06/Aug/2026 15:26:17] "GET /Photos/2021/2021-12_%E6%9C%AA%E7%9F%A5%E5%9C%B0%E9%BB%9E/IMG_0784.JPG HTTP/1.1" 200 -
[06/Aug/2026 15:26:17] "GET /Photos/2021/2021-12_%E6%9C%AA%E7%9F%A5%E5%9C%B0%E9%BB%9E/IMG_0787.JPG HTTP/1.1" 200 -
[06/Aug/2026 15:26:17] "GET /Photos/2021/2021-12_%E6%9C%AA%E7%9F%A5%E5%9C%B0%E9%BB%9E/IMG_0786.JPG HTTP/1.1" 200 -
[06/Aug/2026 15:26:17] "GET /Photos/2021/2021-12_%E6%9C%AA%E7%9F%A5%E5%9C%B0%E9%BB%9E/IMG_0783.JPG HTTP/1.1" 200 -
[06/Aug/2026 15:26:17] "GET /Photos/2021/2021-12_%E6%9C%AA%E7%9F%A5%E5%9C%B0%E9%BB%9E/IMG_0794.JPG HTTP/1.1" 200 -
[06/Aug/2026 15:26:17] "GET /Photos/2021/2021-08_%E6%9C%AA%E7%9F%A5%E5%9C%B0%E9%BB%9E/IMG_9721.JPG HTTP/1.1" 200 -
[06/Aug/2026 15:26:17] "GET /Photos/2021/2021-08_%E6%9C%AA%E7%9F%A5%E5%9C%B0%E9%BB%9E/IMG_9720.JPG HTTP/1.1" 200 -
[06/Aug/2026 15:26:17] "GET /Photos/2021/2021-08_%E6%9C%AA%E7%9F%A5%E5%9C%B0%E9%BB%9E/IMG_9722.JPG HTTP/1.1" 200 -
[06/Aug/2026 15:26:17] "GET /Photos/2021/2021-08_%E6%9C%AA%E7%9F%A5%E5%9C%B0%E9%BB%9E/IMG_9723.JPG HTTP/1.1" 200 -
[06/Aug/2026 15:26:17] "GET /Photos/2021/2021-08_%E6%9C%AA%E7%9F%A5%E5%9C%B0%E9%BB%9E/IMG_9718.JPG HTTP/1.1" 200 -
[06/Aug/2026 15:26:17] "GET /Photos/2021/2021-08_%E6%9C%AA%E7%9F%A5%E5%9C%B0%E9%BB%9E/IMG_9719.JPG HTTP/1.1" 200 -
[06/Aug/2026 15:26:17] "GET /Photos/2021/2021-08_%E6%9C%AA%E7%9F%A5%E5%9C%B0%E9%BB%9E/IMG_9714.JPG HTTP/1.1" 200 -
[06/Aug/2026 15:26:17] "GET /Photos/2021/2021-08_%E6%9C%AA%E7%9F%A5%E5%9C%B0%E9%BB%9E/IMG_9700.JPG HTTP/1.1" 200 -
[06/Aug/2026 15:26:17] "GET /Photos/2021/2021-08_%E6%9C%AA%E7%9F%A5%E5%9C%B0%E9%BB%9E/IMG_9715.JPG HTTP/1.1" 200 -
[06/Aug/2026 15:26:17] "GET /Photos/2021/2021-08_%E6%9C%AA%E7%9F%A5%E5%9C%B0%E9%BB%9E/IMG_9701.JPG HTTP/1.1" 200 -
[06/Aug/2026 15:26:17] "GET /Photos/2021/2021-08_%E6%9C%AA%E7%9F%A5%E5%9C%B0%E9%BB%9E/IMG_9703.JPG HTTP/1.1" 200 -
[06/Aug/2026 15:26:17] "GET /Photos/2021/2021-08_%E6%9C%AA%E7%9F%A5%E5%9C%B0%E9%BB%9E/IMG_9717.JPG HTTP/1.1" 200 -
[06/Aug/2026 15:26:17] "GET /Photos/2021/2021-08_%E6%9C%AA%E7%9F%A5%E5%9C%B0%E9%BB%9E/IMG_9716.JPG HTTP/1.1" 200 -
[06/Aug/2026 15:26:17] "GET /Photos/2021/2021-08_%E6%9C%AA%E7%9F%A5%E5%9C%B0%E9%BB%9E/IMG_9702.JPG HTTP/1.1" 200 -
[06/Aug/2026 15:26:17] "GET /Photos/2021/2021-08_%E6%9C%AA%E7%9F%A5%E5%9C%B0%E9%BB%9E/IMG_9713.JPG HTTP/1.1" 200 -
[06/Aug/2026 15:26:17] "GET /Photos/2021/2021-08_%E6%9C%AA%E7%9F%A5%E5%9C%B0%E9%BB%9E/IMG_9699.JPG HTTP/1.1" 200 -
[06/Aug/2026 15:26:17] "GET /Photos/2021/2021-08_%E6%9C%AA%E7%9F%A5%E5%9C%B0%E9%BB%9E/IMG_9705.JPG HTTP/1.1" 200 -
[06/Aug/2026 15:26:17] "GET /Photos/2021/2021-08_%E6%9C%AA%E7%9F%A5%E5%9C%B0%E9%BB%9E/IMG_9881.JPG HTTP/1.1" 200 -
[06/Aug/2026 15:26:17] "GET /Photos/2021/2021-08_%E6%9C%AA%E7%9F%A5%E5%9C%B0%E9%BB%9E/IMG_9704.JPG HTTP/1.1" 200 -
[06/Aug/2026 15:26:17] "GET /Photos/2020/2020-11_%E6%9C%AA%E7%9F%A5%E5%9C%B0%E9%BB%9E/9993370D-BCA0-4E4B-A538-11C86B679E09.jpeg HTTP/1.1" 200 -
[06/Aug/2026 15:26:17] "GET /Photos/2020/2020-01_%E6%9C%AA%E7%9F%A5%E5%9C%B0%E9%BB%9E/BB325778-98BA-4F9A-9192-44E72216F6C2.jpeg HTTP/1.1" 200 -
[06/Aug/2026 15:26:17] "GET /Photos/2020/2020-08_%E6%9C%AA%E7%9F%A5%E5%9C%B0%E9%BB%9E/07339DB7-9F99-4D9A-87CA-94E83990E56E.jpeg HTTP/1.1" 200 -
[06/Aug/2026 15:26:17] "GET /Photos/2018/2018-02_%E6%9C%AA%E7%9F%A5%E5%9C%B0%E9%BB%9E/6F69A506-468A-4020-AD2E-3A3011161497.jpeg HTTP/1.1" 200 -
[06/Aug/2026 15:26:17] "GET /Photos/2020/2020-08_%E6%9C%AA%E7%9F%A5%E5%9C%B0%E9%BB%9E/AB3E081C-D2D3-4BFA-8DA6-5C8D94B78830.jpeg HTTP/1.1" 200 -
[06/Aug/2026 15:26:17] "GET /Photos/2018/2018-02_%E6%9C%AA%E7%9F%A5%E5%9C%B0%E9%BB%9E/60DB81E2-9D65-4307-9F07-12C2F394B8C4.jpeg HTTP/1.1" 200 -
[06/Aug/2026 15:26:17] "GET /Photos/2018/2018-02_%E6%9C%AA%E7%9F%A5%E5%9C%B0%E9%BB%9E/2946EBCC-CB43-46BE-8037-714147BFC4EA.jpeg HTTP/1.1" 200 -
[06/Aug/2026 15:26:17] "GET /Photos/2018/2018-12_%E6%9C%AA%E7%9F%A5%E5%9C%B0%E9%BB%9E/77BD4FB3-50CD-4448-BF1A-D394D3E9D3EC.jpeg HTTP/1.1" 200 -
[06/Aug/2026 15:26:17] "GET /Photos/2018/2018-12_%E6%9C%AA%E7%9F%A5%E5%9C%B0%E9%BB%9E/7523ABAD-ECA6-4361-BA5A-72AB542D4D5E.jpeg HTTP/1.1" 200 -
[06/Aug/2026 15:26:17] "GET /Photos/2018/2018-03_%E6%9C%AA%E7%9F%A5%E5%9C%B0%E9%BB%9E/BE48061D-0286-471C-99EC-661B7171D769.jpeg HTTP/1.1" 200 -
[06/Aug/2026 15:26:17] "GET /Photos/2018/2018-03_%E6%9C%AA%E7%9F%A5%E5%9C%B0%E9%BB%9E/A613C589-234D-41CF-9D3E-A0C958EB7B34.jpeg HTTP/1.1" 200 -
[06/Aug/2026 15:26:17] "GET /Photos/2018/2018-03_%E6%9C%AA%E7%9F%A5%E5%9C%B0%E9%BB%9E/CDE5460B-D8D9-4149-B6C4-67D05BA66281.jpeg HTTP/1.1" 200 -
[06/Aug/2026 15:26:17] "GET /Photos/2018/2018-12_%E6%9C%AA%E7%9F%A5%E5%9C%B0%E9%BB%9E/DEB7B45A-83DA-4351-B961-420027C4627B.jpeg HTTP/1.1" 200 -
[06/Aug/2026 15:26:17] "GET /Photos/2018/2018-02_%E6%9C%AA%E7%9F%A5%E5%9C%B0%E9%BB%9E/464A9266-833F-46FC-AF2C-F249671D368C.jpeg HTTP/1.1" 200 -
[06/Aug/2026 15:26:17] "GET /Photos/2018/2018-03_%E6%9C%AA%E7%9F%A5%E5%9C%B0%E9%BB%9E/1BEAF8E0-B31E-4047-919A-C96DA492993C.jpeg HTTP/1.1" 200 -
[06/Aug/2026 15:26:17] "GET /Photos/2018/2018-12_%E6%9C%AA%E7%9F%A5%E5%9C%B0%E9%BB%9E/35FE672F-310E-4C80-A675-C6F77946EE1B.jpeg HTTP/1.1" 200 -
[06/Aug/2026 15:26:17] "GET /Photos/2018/2018-03_%E6%9C%AA%E7%9F%A5%E5%9C%B0%E9%BB%9E/74B93825-10C6-4EB4-A968-5ECDB5C20297.jpeg HTTP/1.1" 200 -
[06/Aug/2026 15:26:17] "GET /Photos/2018/2018-02_%E6%9C%AA%E7%9F%A5%E5%9C%B0%E9%BB%9E/12A39A9C-6C3D-4A85-8B66-A00D1D82F9B0.jpeg HTTP/1.1" 200 -
[06/Aug/2026 15:26:17] "GET /Photos/2018/2018-02_%E6%9C%AA%E7%9F%A5%E5%9C%B0%E9%BB%9E/EABCA83B-F50A-4392-9703-0F171674F0D3.jpeg HTTP/1.1" 200 -
[06/Aug/2026 15:26:17] "GET /Photos/2018/2018-02_%E6%9C%AA%E7%9F%A5%E5%9C%B0%E9%BB%9E/4961AC83-DC74-4DB2-A0A8-578E81E805D6.jpeg HTTP/1.1" 200 -
[06/Aug/2026 15:26:17] "GET /Photos/2018/2018-02_%E6%9C%AA%E7%9F%A5%E5%9C%B0%E9%BB%9E/6B369281-4C88-4E19-9E2F-985D7A8E3F86.jpeg HTTP/1.1" 200 -
[06/Aug/2026 15:26:17] "GET /Photos/2018/2018-12_%E6%9C%AA%E7%9F%A5%E5%9C%B0%E9%BB%9E/A98421F6-ECDE-4DD9-A3E8-A6A2305596BF.jpeg HTTP/1.1" 200 -
[06/Aug/2026 15:26:17] "GET /Photos/2018/2018-03_%E6%9C%AA%E7%9F%A5%E5%9C%B0%E9%BB%9E/AE68A418-A247-4561-AABA-0160CC65CFD8.jpeg HTTP/1.1" 200 -
[06/Aug/2026 15:26:17] "GET /Photos/2018/2018-12_%E6%9C%AA%E7%9F%A5%E5%9C%B0%E9%BB%9E/304BFD77-B204-41DA-9D76-E8CB919B6474.jpeg HTTP/1.1" 200 -
[06/Aug/2026 15:26:17] "GET /Photos/2018/2018-02_%E6%9C%AA%E7%9F%A5%E5%9C%B0%E9%BB%9E/DE80DF7E-E783-4E04-A1A5-CD63EC48056B.jpeg HTTP/1.1" 200 -
[06/Aug/2026 15:26:17] "GET /Photos/2018/2018-12_%E6%9C%AA%E7%9F%A5%E5%9C%B0%E9%BB%9E/A565839C-D1AC-46B0-BC0B-B56E6A638DE2.jpeg HTTP/1.1" 200 -
[06/Aug/2026 15:26:17] "GET /Photos/2018/2018-12_%E6%9C%AA%E7%9F%A5%E5%9C%B0%E9%BB%9E/4ED04919-CB44-4A3B-939C-6EF6CD8FF157.jpeg HTTP/1.1" 200 -
[06/Aug/2026 15:26:17] "GET /Photos/2018/2018-04_%E6%9C%AA%E7%9F%A5%E5%9C%B0%E9%BB%9E/BEB4199E-6E22-45D0-988D-AD9F8100F9D0.jpeg HTTP/1.1" 200 -
[06/Aug/2026 15:26:17] "GET /Photos/2018/2018-04_%E6%9C%AA%E7%9F%A5%E5%9C%B0%E9%BB%9E/7C351E3B-9826-4FCD-84A5-55BE2077E602.jpeg HTTP/1.1" 200 -
[06/Aug/2026 15:26:17] "GET /Photos/2018/2018-04_%E6%9C%AA%E7%9F%A5%E5%9C%B0%E9%BB%9E/B1BA94FF-8374-4505-92FA-0817205A0899.jpeg HTTP/1.1" 200 -
[06/Aug/2026 15:26:17] "GET /Photos/2018/2018-04_%E6%9C%AA%E7%9F%A5%E5%9C%B0%E9%BB%9E/E44CF111-534F-4AC1-9E46-6FC976F91DA0.jpeg HTTP/1.1" 200 -
[06/Aug/2026 15:26:17] "GET /Photos/2018/2018-08_%E6%9C%AA%E7%9F%A5%E5%9C%B0%E9%BB%9E/B0434B93-19E6-43E4-A065-C5173BF0497B.jpeg HTTP/1.1" 200 -
[06/Aug/2026 15:26:17] "GET /Photos/2018/2018-08_%E6%9C%AA%E7%9F%A5%E5%9C%B0%E9%BB%9E/8AC1902A-5538-456F-8A23-EECBB8851603.jpeg HTTP/1.1" 200 -
[06/Aug/2026 15:26:17] "GET /Photos/2018/2018-08_%E6%9C%AA%E7%9F%A5%E5%9C%B0%E9%BB%9E/2388C0AE-3439-451E-A065-BB32052C33B7_1_201_a.jpeg HTTP/1.1" 200 -
[06/Aug/2026 15:26:17] "GET /Photos/2018/2018-05_%E6%9C%AA%E7%9F%A5%E5%9C%B0%E9%BB%9E/98D2000C-3502-4337-9BEB-EA217B1B26B3.jpeg HTTP/1.1" 200 -
[06/Aug/2026 15:26:17] "GET /Photos/2018/2018-06_%E6%9C%AA%E7%9F%A5%E5%9C%B0%E9%BB%9E/F3D838F0-6FD6-4A35-A156-BC5F528B4CB4.jpeg HTTP/1.1" 200 -
[06/Aug/2026 15:26:17] "GET /Photos/2018/2018-06_%E6%9C%AA%E7%9F%A5%E5%9C%B0%E9%BB%9E/19E5B6E0-DAB6-4876-81CB-6DF5BE2AFAB4.jpeg HTTP/1.1" 200 -
[06/Aug/2026 15:26:17] "GET /Photos/2018/2018-05_%E6%9C%AA%E7%9F%A5%E5%9C%B0%E9%BB%9E/02738EA8-4E21-465F-A7D3-47FAC7AFFCC8.jpeg HTTP/1.1" 200 -
[06/Aug/2026 15:26:17] "GET /Photos/2018/2018-06_%E6%9C%AA%E7%9F%A5%E5%9C%B0%E9%BB%9E/AC79D664-CDEE-43DE-9839-6F9726E8EE3F.jpeg HTTP/1.1" 200 -
[06/Aug/2026 15:26:17] "GET /Photos/2018/2018-06_%E6%9C%AA%E7%9F%A5%E5%9C%B0%E9%BB%9E/DDE631E0-D7BB-4C6D-BFD9-764449A7E327.jpeg HTTP/1.1" 200 -
[06/Aug/2026 15:26:17] "GET /Photos/2018/2018-06_%E6%9C%AA%E7%9F%A5%E5%9C%B0%E9%BB%9E/E0D816E6-92A3-4C94-88EF-D1B598F839E1.jpeg HTTP/1.1" 200 -
[06/Aug/2026 15:26:17] "GET /Photos/2018/2018-06_%E6%9C%AA%E7%9F%A5%E5%9C%B0%E9%BB%9E/D54E45DB-4D33-446B-9AAA-7C07FA5C6E12.jpeg HTTP/1.1" 200 -
[06/Aug/2026 15:26:17] "GET /Photos/2018/2018-06_%E6%9C%AA%E7%9F%A5%E5%9C%B0%E9%BB%9E/EF80CF3F-FCCC-48C8-9685-5CF49DC940CD.jpeg HTTP/1.1" 200 -
[06/Aug/2026 15:26:17] "GET /Photos/2018/2018-10_%E6%9C%AA%E7%9F%A5%E5%9C%B0%E9%BB%9E/40DFD33F-B133-47F3-B5D6-4F465D84000E.jpeg HTTP/1.1" 200 -
[06/Aug/2026 15:26:17] "GET /Photos/2018/2018-10_%E6%9C%AA%E7%9F%A5%E5%9C%B0%E9%BB%9E/0146185A-AB45-4005-BE0E-03076EB217D4.jpeg HTTP/1.1" 200 -
[06/Aug/2026 15:26:18] "GET /Photos/2018/2018-10_%E6%9C%AA%E7%9F%A5%E5%9C%B0%E9%BB%9E/166B3AE3-1246-4CA9-AC2B-9A22734B0B08.jpeg HTTP/1.1" 200 -
[06/Aug/2026 15:26:18] "GET /Photos/2018/2018-10_%E6%9C%AA%E7%9F%A5%E5%9C%B0%E9%BB%9E/72CB9C1D-848F-47AB-90D4-0A20808502C5.jpeg HTTP/1.1" 200 -
[06/Aug/2026 15:26:18] "GET /Photos/2018/2018-11_%E6%9C%AA%E7%9F%A5%E5%9C%B0%E9%BB%9E/1C4AC542-7762-4195-A39F-CCA18E1DD796.jpeg HTTP/1.1" 200 -
[06/Aug/2026 15:26:18] "GET /Photos/2018/2018-11_%E6%9C%AA%E7%9F%A5%E5%9C%B0%E9%BB%9E/18C30D87-83F0-4B8A-8DD4-4A4DA1F0A5F1.jpeg HTTP/1.1" 200 -
[06/Aug/2026 15:26:18] "GET /Photos/2018/2018-11_%E6%9C%AA%E7%9F%A5%E5%9C%B0%E9%BB%9E/7C5BF432-6474-47E6-8BAD-6463CA7C9F3A.jpeg HTTP/1.1" 200 -
[06/Aug/2026 15:26:18] "GET /Photos/2018/2018-11_%E6%9C%AA%E7%9F%A5%E5%9C%B0%E9%BB%9E/5B37F9AF-1099-4E0F-A45F-CD0B4AB69E7B.jpeg HTTP/1.1" 200 -
[06/Aug/2026 15:26:18] "GET /Photos/2018/2018-11_%E6%9C%AA%E7%9F%A5%E5%9C%B0%E9%BB%9E/DE9A9D7F-BCC3-479D-97E1-582F5E9427EF.jpeg HTTP/1.1" 200 -
[06/Aug/2026 15:26:18] "GET /Photos/2018/2018-11_%E6%9C%AA%E7%9F%A5%E5%9C%B0%E9%BB%9E/FC4C5547-3925-4B62-BF29-A76836143CED.jpeg HTTP/1.1" 200 -
[06/Aug/2026 15:26:18] "GET /Photos/2018/2018-11_%E6%9C%AA%E7%9F%A5%E5%9C%B0%E9%BB%9E/FF31D66C-DC1D-4ABB-8FDE-BAD7DFCF00AF.jpeg HTTP/1.1" 200 -
[06/Aug/2026 15:26:18] "GET /Photos/2018/2018-11_%E6%9C%AA%E7%9F%A5%E5%9C%B0%E9%BB%9E/72B3E462-A9B1-478A-8D8D-A34043E8B5C3.jpeg HTTP/1.1" 200 -
[06/Aug/2026 15:26:18] "GET /Photos/2018/2018-11_%E6%9C%AA%E7%9F%A5%E5%9C%B0%E9%BB%9E/C01F0444-7B07-4F96-A3C4-9C8C585A1A13.jpeg HTTP/1.1" 200 -
[06/Aug/2026 15:26:18] "GET /Photos/2018/2018-11_%E6%9C%AA%E7%9F%A5%E5%9C%B0%E9%BB%9E/10421A3A-C98B-4BCE-9BA3-D5115D5E01C3.jpeg HTTP/1.1" 200 -
[06/Aug/2026 15:26:18] "GET /Photos/2018/2018-11_%E6%9C%AA%E7%9F%A5%E5%9C%B0%E9%BB%9E/1A24A72F-8C62-4BC2-A85B-7F90C0514ED5.jpeg HTTP/1.1" 200 -
[06/Aug/2026 15:26:18] "GET /Photos/2018/2018-11_%E6%9C%AA%E7%9F%A5%E5%9C%B0%E9%BB%9E/CEA8598A-FC0F-4146-86C1-C248977F3166.jpeg HTTP/1.1" 200 -
[06/Aug/2026 15:26:18] "GET /Photos/2018/2018-11_%E6%9C%AA%E7%9F%A5%E5%9C%B0%E9%BB%9E/A6DC47FE-4288-4EC9-9CA9-8503A59E5BED.jpeg HTTP/1.1" 200 -
[06/Aug/2026 15:26:18] "GET /Photos/2018/2018-11_%E6%9C%AA%E7%9F%A5%E5%9C%B0%E9%BB%9E/4269CD63-E9F9-46EA-92EB-8C898D488415.jpeg HTTP/1.1" 200 -
[06/Aug/2026 15:26:18] "GET /Photos/2018/2018-11_%E6%9C%AA%E7%9F%A5%E5%9C%B0%E9%BB%9E/6C71897E-2204-4A1A-AE61-DDD51A823018.jpeg HTTP/1.1" 200 -
[06/Aug/2026 15:26:18] "GET /Photos/2018/2018-11_%E6%9C%AA%E7%9F%A5%E5%9C%B0%E9%BB%9E/01B591A2-0809-43F2-8329-858E07C095C8.jpeg HTTP/1.1" 200 -
[06/Aug/2026 15:26:18] "GET /Photos/2018/2018-11_%E6%9C%AA%E7%9F%A5%E5%9C%B0%E9%BB%9E/B9282106-DE34-42D7-8788-704481A8F6BA.jpeg HTTP/1.1" 200 -
[06/Aug/2026 15:26:18] "GET /Photos/2018/2018-11_%E6%9C%AA%E7%9F%A5%E5%9C%B0%E9%BB%9E/B99E057A-5B76-41FF-B920-1B7AB8232524.jpeg HTTP/1.1" 200 -
[06/Aug/2026 15:26:18] "GET /Photos/2018/2018-11_%E6%9C%AA%E7%9F%A5%E5%9C%B0%E9%BB%9E/DB83C476-141E-45B5-9881-0100293BC8F9.jpeg HTTP/1.1" 200 -
[06/Aug/2026 15:26:18] "GET /Photos/2018/2018-11_%E6%9C%AA%E7%9F%A5%E5%9C%B0%E9%BB%9E/B2F72CE3-89C8-490B-8608-57A4456AF910.jpeg HTTP/1.1" 200 -
[06/Aug/2026 15:26:18] "GET /Photos/2018/2018-11_%E6%9C%AA%E7%9F%A5%E5%9C%B0%E9%BB%9E/6B603FC3-6050-4A2E-BC20-2F8C086EC0CF.jpeg HTTP/1.1" 200 -
[06/Aug/2026 15:26:18] "GET /Photos/2018/2018-11_%E6%9C%AA%E7%9F%A5%E5%9C%B0%E9%BB%9E/4AEF8B3C-07F2-4931-9789-56BADCF45519.jpeg HTTP/1.1" 200 -
[06/Aug/2026 15:26:18] "GET /Photos/2018/2018-11_%E6%9C%AA%E7%9F%A5%E5%9C%B0%E9%BB%9E/01D2F8E5-0206-4483-85FA-EDF9CB85D081.jpeg HTTP/1.1" 200 -
[06/Aug/2026 15:26:18] "GET /Photos/2018/2018-11_%E6%9C%AA%E7%9F%A5%E5%9C%B0%E9%BB%9E/EEDD20DD-32C8-4EC9-8A12-3D94A5C56F96.jpeg HTTP/1.1" 200 -
[06/Aug/2026 15:26:18] "GET /Photos/2018/2018-11_%E6%9C%AA%E7%9F%A5%E5%9C%B0%E9%BB%9E/6FADDF6B-3997-4EB5-B558-75299996644D.jpeg HTTP/1.1" 200 -
[06/Aug/2026 15:26:18] "GET /Photos/2018/2018-11_%E6%9C%AA%E7%9F%A5%E5%9C%B0%E9%BB%9E/76DB1B60-756A-4EE2-8D4E-F77503D0D7DD.jpeg HTTP/1.1" 200 -
[06/Aug/2026 15:26:18] "GET /Photos/2018/2018-11_%E6%9C%AA%E7%9F%A5%E5%9C%B0%E9%BB%9E/C498FEBE-BD5D-4ACD-B5E0-5E0D969AB471.jpeg HTTP/1.1" 200 -
[06/Aug/2026 15:26:18] "GET /Photos/2018/2018-11_%E6%9C%AA%E7%9F%A5%E5%9C%B0%E9%BB%9E/57E39FFE-6E46-4808-8E1F-DEB88B132421.jpeg HTTP/1.1" 200 -
[06/Aug/2026 15:26:18] "GET /Photos/2018/2018-11_%E6%9C%AA%E7%9F%A5%E5%9C%B0%E9%BB%9E/9A90D4BD-0099-44E4-931C-C3EF1E140B09.jpeg HTTP/1.1" 200 -
[06/Aug/2026 15:26:18] "GET /Photos/2018/2018-11_%E6%9C%AA%E7%9F%A5%E5%9C%B0%E9%BB%9E/77DB2B4C-79D1-4331-A225-9309D65785CB.jpeg HTTP/1.1" 200 -
[06/Aug/2026 15:26:18] "GET /Photos/2018/2018-11_%E6%9C%AA%E7%9F%A5%E5%9C%B0%E9%BB%9E/203E6822-F25C-4D52-A43B-6CE06D113F1C.jpeg HTTP/1.1" 200 -
[06/Aug/2026 15:26:18] "GET /Photos/2018/2018-11_%E6%9C%AA%E7%9F%A5%E5%9C%B0%E9%BB%9E/660D77C3-4430-4A4E-83EE-7BBED6BEF11E.jpeg HTTP/1.1" 200 -
[06/Aug/2026 15:26:18] "GET /Photos/2018/2018-11_%E6%9C%AA%E7%9F%A5%E5%9C%B0%E9%BB%9E/38058D52-F434-4BF1-B54B-36011100D9C7.jpeg HTTP/1.1" 200 -
[06/Aug/2026 15:26:18] "GET /Photos/2018/2018-11_%E6%9C%AA%E7%9F%A5%E5%9C%B0%E9%BB%9E/79D38552-C0F8-4F3F-83B0-484709D72C79.jpeg HTTP/1.1" 200 -
[06/Aug/2026 15:26:18] "GET /Photos/2018/2018-11_%E6%9C%AA%E7%9F%A5%E5%9C%B0%E9%BB%9E/D116192C-0120-4BFC-B083-A657357FEC9C.jpeg HTTP/1.1" 200 -
[06/Aug/2026 15:26:18] "GET /Photos/2018/2018-11_%E6%9C%AA%E7%9F%A5%E5%9C%B0%E9%BB%9E/29D6315F-7226-44BF-88C0-B89196E37510.jpeg HTTP/1.1" 200 -
[06/Aug/2026 15:26:18] "GET /Photos/2018/2018-11_%E6%9C%AA%E7%9F%A5%E5%9C%B0%E9%BB%9E/0EAFCABC-443B-43DE-9090-7F6325615B22.jpeg HTTP/1.1" 200 -
[06/Aug/2026 15:26:18] "GET /Photos/2018/2018-11_%E6%9C%AA%E7%9F%A5%E5%9C%B0%E9%BB%9E/55F1B6FE-3BD7-4232-9A25-4F6DA186B4A0.jpeg HTTP/1.1" 200 -
[06/Aug/2026 15:26:18] "GET /Photos/2018/2018-11_%E6%9C%AA%E7%9F%A5%E5%9C%B0%E9%BB%9E/F19E3E2D-2E7A-4018-8B09-58744005584E.jpeg HTTP/1.1" 200 -
[06/Aug/2026 15:26:18] "GET /Photos/2018/2018-11_%E6%9C%AA%E7%9F%A5%E5%9C%B0%E9%BB%9E/3C4EEE3E-9804-470B-9FB1-2E4E1F3F9F3A.jpeg HTTP/1.1" 200 -
[06/Aug/2026 15:26:18] "GET /Photos/2018/2018-11_%E6%9C%AA%E7%9F%A5%E5%9C%B0%E9%BB%9E/F3F7A274-2398-4563-B046-234201D6DB25.jpeg HTTP/1.1" 200 -
[06/Aug/2026 15:26:18] "GET /Photos/2018/2018-11_%E6%9C%AA%E7%9F%A5%E5%9C%B0%E9%BB%9E/00BFB7A2-3A42-4BA9-B5D5-08CCFE808BFE.jpeg HTTP/1.1" 200 -
[06/Aug/2026 15:26:18] "GET /Photos/2018/2018-11_%E6%9C%AA%E7%9F%A5%E5%9C%B0%E9%BB%9E/87393E9B-3FA6-47E6-A8E7-0D0D00527255.jpeg HTTP/1.1" 200 -
[06/Aug/2026 15:26:18] "GET /Photos/2018/2018-11_%E6%9C%AA%E7%9F%A5%E5%9C%B0%E9%BB%9E/EB29105D-FFF0-4DF6-A68E-CA9E6BC8C484.jpeg HTTP/1.1" 200 -
[06/Aug/2026 15:26:18] "GET /Photos/2018/2018-11_%E6%9C%AA%E7%9F%A5%E5%9C%B0%E9%BB%9E/CAD4EAE4-320B-47FB-8669-E951C953A043.jpeg HTTP/1.1" 200 -
[06/Aug/2026 15:26:18] "GET /Photos/2018/2018-11_%E6%9C%AA%E7%9F%A5%E5%9C%B0%E9%BB%9E/245D0C2B-EA37-4F88-92CA-107E12F8AFF8.jpeg HTTP/1.1" 200 -
[06/Aug/2026 15:26:18] "GET /Photos/2018/2018-11_%E6%9C%AA%E7%9F%A5%E5%9C%B0%E9%BB%9E/6FD5C03A-FC58-4F79-8CA0-E1ACA8165315.jpeg HTTP/1.1" 200 -
[06/Aug/2026 15:26:18] "GET /Photos/2018/2018-11_%E6%9C%AA%E7%9F%A5%E5%9C%B0%E9%BB%9E/4A3265E3-C1F3-451F-9C05-F5A8EF575998.jpeg HTTP/1.1" 200 -
[06/Aug/2026 15:26:18] "GET /Photos/2018/2018-11_%E6%9C%AA%E7%9F%A5%E5%9C%B0%E9%BB%9E/5609E27B-2560-4E9B-845A-3A4C136EE321.jpeg HTTP/1.1" 200 -
[06/Aug/2026 15:26:18] "GET /Photos/2018/2018-07_%E6%9C%AA%E7%9F%A5%E5%9C%B0%E9%BB%9E/C36A5808-4B2A-4875-A80D-5489AED42318.jpeg HTTP/1.1" 200 -
[06/Aug/2026 15:26:18] "GET /Photos/2018/2018-07_%E6%9C%AA%E7%9F%A5%E5%9C%B0%E9%BB%9E/C1B20E81-3DB2-4487-ACD6-125E09CCC7AA.jpeg HTTP/1.1" 200 -
[06/Aug/2026 15:26:18] "GET /Photos/2018/2018-07_%E6%9C%AA%E7%9F%A5%E5%9C%B0%E9%BB%9E/36FBCECC-4D5C-4298-B50A-1C1CFACF3182.jpeg HTTP/1.1" 200 -
[06/Aug/2026 15:26:18] "GET /Photos/2018/2018-07_%E6%9C%AA%E7%9F%A5%E5%9C%B0%E9%BB%9E/4DC3CED1-EC99-47F2-89D9-CD5022866FD0.jpeg HTTP/1.1" 200 -
[06/Aug/2026 15:26:18] "GET /Photos/2018/2018-07_%E6%9C%AA%E7%9F%A5%E5%9C%B0%E9%BB%9E/5DB316E7-1A28-4E7A-B939-4DE3DCF0D637.jpeg HTTP/1.1" 200 -
[06/Aug/2026 15:26:18] "GET /Photos/2018/2018-07_%E6%9C%AA%E7%9F%A5%E5%9C%B0%E9%BB%9E/5E60610A-4806-4EF2-8A21-00E328ACB764.jpeg HTTP/1.1" 200 -
[06/Aug/2026 15:26:18] "GET /Photos/2018/2018-07_%E6%9C%AA%E7%9F%A5%E5%9C%B0%E9%BB%9E/FF69607C-6514-465A-9C75-B5B5DD9B8AAE.jpeg HTTP/1.1" 200 -
[06/Aug/2026 15:26:18] "GET /Photos/2018/2018-07_%E6%9C%AA%E7%9F%A5%E5%9C%B0%E9%BB%9E/6150027A-BF0C-41C2-B198-80ACD1D4873D.jpeg HTTP/1.1" 200 -
[06/Aug/2026 15:26:18] "GET /Photos/2018/2018-07_%E6%9C%AA%E7%9F%A5%E5%9C%B0%E9%BB%9E/5EF43B8D-C4D9-4142-8500-AF1E01669F34.jpeg HTTP/1.1" 200 -
[06/Aug/2026 15:26:19] "GET /Photos/2018/2018-07_%E6%9C%AA%E7%9F%A5%E5%9C%B0%E9%BB%9E/533EA289-1FE4-48F2-870E-1E173E99F30F.jpeg HTTP/1.1" 200 -
[06/Aug/2026 15:26:19] "GET /Photos/2018/2018-07_%E6%9C%AA%E7%9F%A5%E5%9C%B0%E9%BB%9E/D41D6387-5FD4-4EB1-A5BE-76DD409E8FB0.jpeg HTTP/1.1" 200 -
[06/Aug/2026 15:26:19] "GET /Photos/2018/2018-07_%E6%9C%AA%E7%9F%A5%E5%9C%B0%E9%BB%9E/5CB6A450-CB48-42DF-869F-5A2DE221D09C.jpeg HTTP/1.1" 200 -
[06/Aug/2026 15:26:19] "GET /Photos/2018/2018-07_%E6%9C%AA%E7%9F%A5%E5%9C%B0%E9%BB%9E/7681B9A9-A06E-40E4-BCFC-5A9795BB8555.jpeg HTTP/1.1" 200 -
[06/Aug/2026 15:26:19] "GET /Photos/2018/2018-07_%E6%9C%AA%E7%9F%A5%E5%9C%B0%E9%BB%9E/26C6E966-E446-4579-B63E-C0E2963FE98C.jpeg HTTP/1.1" 200 -
[06/Aug/2026 15:26:19] "GET /Photos/2018/2018-07_%E6%9C%AA%E7%9F%A5%E5%9C%B0%E9%BB%9E/A750D8EB-49FE-4D05-861F-87E9667B7627.jpeg HTTP/1.1" 200 -
[06/Aug/2026 15:26:19] "GET /Photos/2018/2018-07_%E6%9C%AA%E7%9F%A5%E5%9C%B0%E9%BB%9E/0EF615AF-43E5-4C6A-AAA5-8DFACDE046F3.jpeg HTTP/1.1" 200 -
[06/Aug/2026 15:26:19] "GET /Photos/2018/2018-07_%E6%9C%AA%E7%9F%A5%E5%9C%B0%E9%BB%9E/AD9C5377-0C0D-481F-83B1-2DF4CDF75D9B.jpeg HTTP/1.1" 200 -
[06/Aug/2026 15:26:19] "GET /Photos/2016/2016-06_%E6%9C%AA%E7%9F%A5%E5%9C%B0%E9%BB%9E/17B45230-8502-4EDA-B36B-1B93D652041A.jpeg HTTP/1.1" 200 -
[06/Aug/2026 15:26:19] "GET /Photos/2016/2016-10_%E6%9C%AA%E7%9F%A5%E5%9C%B0%E9%BB%9E/46EC1204-2389-47B7-831A-863C4EAF4A47.jpeg HTTP/1.1" 200 -
[06/Aug/2026 15:26:19] "GET /Photos/2018/2018-07_%E6%9C%AA%E7%9F%A5%E5%9C%B0%E9%BB%9E/D1782B81-A780-4C58-92B6-F3E4C01EB106.jpeg HTTP/1.1" 200 -
[06/Aug/2026 15:26:19] "GET /Photos/2016/2016-10_%E6%9C%AA%E7%9F%A5%E5%9C%B0%E9%BB%9E/55DB05EF-109B-4870-ADCA-505A0C1E8339.jpeg HTTP/1.1" 200 -
[06/Aug/2026 15:26:19] "GET /Photos/2016/2016-10_%E6%9C%AA%E7%9F%A5%E5%9C%B0%E9%BB%9E/92EAB760-9141-4960-BB37-9F5DB17AEFE2.jpeg HTTP/1.1" 200 -
[06/Aug/2026 15:26:19] "GET /Photos/2016/2016-10_%E6%9C%AA%E7%9F%A5%E5%9C%B0%E9%BB%9E/73575870-79E0-47A1-816A-5CC58A83C5A1.jpeg HTTP/1.1" 200 -
[06/Aug/2026 15:26:19] "GET /Photos/2016/2016-10_%E6%9C%AA%E7%9F%A5%E5%9C%B0%E9%BB%9E/A2A5C26D-0267-4F1E-B706-28EC72F1CCD0.jpeg HTTP/1.1" 200 -
[06/Aug/2026 15:26:19] "GET /Photos/2016/2016-10_%E6%9C%AA%E7%9F%A5%E5%9C%B0%E9%BB%9E/937249F0-A793-49A5-9332-EFF561779481.jpeg HTTP/1.1" 200 -
[06/Aug/2026 15:26:19] "GET /Photos/2016/2016-10_%E6%9C%AA%E7%9F%A5%E5%9C%B0%E9%BB%9E/F0E3216B-8BF6-4B11-AEF1-458A3BF2B530.jpeg HTTP/1.1" 200 -
[06/Aug/2026 15:26:19] "GET /Photos/2016/2016-10_%E6%9C%AA%E7%9F%A5%E5%9C%B0%E9%BB%9E/E4364E57-CFE0-4363-AEB3-E35C83E8D30B.jpeg HTTP/1.1" 200 -
[06/Aug/2026 15:26:19] "GET /Photos/2016/2016-10_%E6%9C%AA%E7%9F%A5%E5%9C%B0%E9%BB%9E/38EE3BD9-018E-4C76-95DC-71A8391320F4.jpeg HTTP/1.1" 200 -
[06/Aug/2026 15:26:19] "GET /Photos/2016/2016-10_%E6%9C%AA%E7%9F%A5%E5%9C%B0%E9%BB%9E/C87350A6-C632-474A-8128-E1AB71B22CE9.jpeg HTTP/1.1" 200 -
[06/Aug/2026 15:26:19] "GET /Photos/2016/2016-10_%E6%9C%AA%E7%9F%A5%E5%9C%B0%E9%BB%9E/7937D12C-038B-4718-8031-DA1B81C7B038.jpeg HTTP/1.1" 200 -
[06/Aug/2026 15:26:19] "GET /Photos/2016/2016-10_%E6%9C%AA%E7%9F%A5%E5%9C%B0%E9%BB%9E/7E989CE1-A3EA-4546-831B-AD0DE7753FFE.jpeg HTTP/1.1" 200 -
[06/Aug/2026 15:26:19] "GET /Photos/2016/2016-10_%E6%9C%AA%E7%9F%A5%E5%9C%B0%E9%BB%9E/65386FE7-A0D2-4534-BAC5-2CF008E267C0.jpeg HTTP/1.1" 200 -
[06/Aug/2026 15:26:19] "GET /Photos/2016/2016-10_%E6%9C%AA%E7%9F%A5%E5%9C%B0%E9%BB%9E/6BCC2449-4F08-43D8-94F2-660F0D846D1E.jpeg HTTP/1.1" 200 -
[06/Aug/2026 15:26:19] "GET /Photos/2016/2016-10_%E6%9C%AA%E7%9F%A5%E5%9C%B0%E9%BB%9E/8A4B8756-97F6-4030-BDBB-2B6C5274E47E.jpeg HTTP/1.1" 200 -
[06/Aug/2026 15:26:19] "GET /Photos/2016/2016-07_%E6%9C%AA%E7%9F%A5%E5%9C%B0%E9%BB%9E/2D80C0A1-D871-487B-B05D-E53453EDD69A.jpeg HTTP/1.1" 200 -
[06/Aug/2026 15:26:19] "GET /Photos/2016/2016-10_%E6%9C%AA%E7%9F%A5%E5%9C%B0%E9%BB%9E/705EA1FE-8380-4896-8F12-EB9CB392FA2C.jpeg HTTP/1.1" 200 -
[06/Aug/2026 15:26:19] "GET /Photos/2016/2016-11_%E6%9C%AA%E7%9F%A5%E5%9C%B0%E9%BB%9E/EDE598DC-B170-44C8-8F49-B0DE5B61D0FB.jpeg HTTP/1.1" 200 -
[06/Aug/2026 15:26:19] "GET /Photos/2016/2016-11_%E6%9C%AA%E7%9F%A5%E5%9C%B0%E9%BB%9E/4ED49504-5C8A-4851-81C8-8B7741F7D203.jpeg HTTP/1.1" 200 -
[06/Aug/2026 15:26:19] "GET /Photos/2016/2016-01_%E6%9C%AA%E7%9F%A5%E5%9C%B0%E9%BB%9E/F70336E3-3621-4167-809F-2CEB27117965.jpeg HTTP/1.1" 200 -
[06/Aug/2026 15:26:19] "GET /Photos/2016/2016-01_%E6%9C%AA%E7%9F%A5%E5%9C%B0%E9%BB%9E/8FE79041-AEC3-43CC-AC8E-DC7102B1E18A.jpeg HTTP/1.1" 200 -
[06/Aug/2026 15:26:19] "GET /Photos/2016/2016-01_%E6%9C%AA%E7%9F%A5%E5%9C%B0%E9%BB%9E/932C382B-0E5A-4501-8FE4-623FB407602D.jpeg HTTP/1.1" 200 -
[06/Aug/2026 15:26:19] "GET /Photos/2016/2016-02_%E6%9C%AA%E7%9F%A5%E5%9C%B0%E9%BB%9E/950579CC-700C-40C6-A10A-19581D5DF4A0.jpeg HTTP/1.1" 200 -
[06/Aug/2026 15:26:19] "GET /Photos/2016/2016-03_%E6%9C%AA%E7%9F%A5%E5%9C%B0%E9%BB%9E/68BB9BAB-9E0A-4B17-91AB-C5841B94C37F.jpeg HTTP/1.1" 200 -
[06/Aug/2026 15:26:19] "GET /Photos/2016/2016-03_%E6%9C%AA%E7%9F%A5%E5%9C%B0%E9%BB%9E/88F000DF-8498-42BC-98DE-C6F842083DB9.jpeg HTTP/1.1" 200 -
[06/Aug/2026 15:26:19] "GET /Photos/2016/2016-03_%E6%9C%AA%E7%9F%A5%E5%9C%B0%E9%BB%9E/D4D46B12-B8AC-4AF8-BC36-95C0189B5CBD.jpeg HTTP/1.1" 200 -
[06/Aug/2026 15:26:19] "GET /Photos/2016/2016-03_%E6%9C%AA%E7%9F%A5%E5%9C%B0%E9%BB%9E/DAE463D6-792D-461B-B930-0B72AEAE8F8C.jpeg HTTP/1.1" 200 -
[06/Aug/2026 15:26:19] "GET /Photos/2016/2016-03_%E6%9C%AA%E7%9F%A5%E5%9C%B0%E9%BB%9E/0175C9EB-1DC6-4EA9-8947-5543523C8580.jpeg HTTP/1.1" 200 -
[06/Aug/2026 15:26:19] "GET /Photos/2016/2016-03_%E6%9C%AA%E7%9F%A5%E5%9C%B0%E9%BB%9E/B389B1B3-DA33-4EA3-9624-BBA51CBB3056.jpeg HTTP/1.1" 200 -
[06/Aug/2026 15:26:19] "GET /Photos/2016/2016-03_%E6%9C%AA%E7%9F%A5%E5%9C%B0%E9%BB%9E/3243E69B-11E8-482F-9462-D6E5E57BD4D2.jpeg HTTP/1.1" 200 -
[06/Aug/2026 15:26:19] "GET /Photos/2016/2016-03_%E6%9C%AA%E7%9F%A5%E5%9C%B0%E9%BB%9E/4E14E9EC-8976-46EB-AADB-F9C75286C742.jpeg HTTP/1.1" 200 -
[06/Aug/2026 15:26:19] "GET /Photos/2016/2016-03_%E6%9C%AA%E7%9F%A5%E5%9C%B0%E9%BB%9E/E6A1C26D-3FD5-4480-815D-F5089AEF15AB.jpeg HTTP/1.1" 200 -
[06/Aug/2026 15:26:19] "GET /Photos/2016/2016-12_%E6%9C%AA%E7%9F%A5%E5%9C%B0%E9%BB%9E/FF68D570-6283-4C87-B4BF-33D2ADC1926D.jpeg HTTP/1.1" 200 -
[06/Aug/2026 15:26:19] "GET /Photos/2016/2016-04_%E6%9C%AA%E7%9F%A5%E5%9C%B0%E9%BB%9E/6D7F8276-9286-4E5D-85B7-6F7951BA80F1.jpeg HTTP/1.1" 200 -
[06/Aug/2026 15:26:19] "GET /Photos/2016/2016-04_%E6%9C%AA%E7%9F%A5%E5%9C%B0%E9%BB%9E/48AAF5B6-7E3B-4658-86BD-2F56B37EDB2E.jpeg HTTP/1.1" 200 -
[06/Aug/2026 15:26:19] "GET /Photos/2016/2016-04_%E6%9C%AA%E7%9F%A5%E5%9C%B0%E9%BB%9E/4DBD144C-E8BE-4AFA-873A-22944B2FD3E0.jpeg HTTP/1.1" 200 -
[06/Aug/2026 15:26:19] "GET /Photos/2016/2016-04_%E6%9C%AA%E7%9F%A5%E5%9C%B0%E9%BB%9E/3A2A2965-48B5-4C05-BD86-83A1715CF272.jpeg HTTP/1.1" 200 -
[06/Aug/2026 15:26:19] "GET /Photos/2016/2016-04_%E6%9C%AA%E7%9F%A5%E5%9C%B0%E9%BB%9E/CA58EFD0-0B03-49CA-B944-6199B9A615C0.jpeg HTTP/1.1" 200 -
[06/Aug/2026 15:26:19] "GET /Photos/2016/2016-04_%E6%9C%AA%E7%9F%A5%E5%9C%B0%E9%BB%9E/E9AB1C6A-B5ED-4370-8276-7A5585920A89.jpeg HTTP/1.1" 200 -
[06/Aug/2026 15:26:19] "GET /Photos/2016/2016-05_%E6%9C%AA%E7%9F%A5%E5%9C%B0%E9%BB%9E/38E952AE-7221-4226-A26A-6C6DE096B76C.jpeg HTTP/1.1" 200 -
[06/Aug/2026 15:26:19] "GET /Photos/2005/2005-10_%E6%9C%AA%E7%9F%A5%E5%9C%B0%E9%BB%9E/09BA1FFF-4851-4C09-8FF8-B2E300AD6C94.jpeg HTTP/1.1" 200 -
[06/Aug/2026 15:26:19] "GET /Photos/2005/2005-10_%E6%9C%AA%E7%9F%A5%E5%9C%B0%E9%BB%9E/AAA93A93-442E-416B-8B2D-B972A77A5CA4.jpeg HTTP/1.1" 200 -
[06/Aug/2026 16:16:43] "POST /api/trigger_import HTTP/1.1" 200 -
[06/Aug/2026 16:16:46] "GET /api/photos HTTP/1.1" 200 -
[06/Aug/2026 16:16:46] "GET /Photos/2014/2014-01_%E6%9C%AA%E7%9F%A5%E5%9C%B0%E9%BB%9E/4B9D2452-7485-420D-8ADF-98D5370323DD.jpeg HTTP/1.1" 200 -
[06/Aug/2026 16:16:46] "GET /Photos/2014/2014-01_%E6%9C%AA%E7%9F%A5%E5%9C%B0%E9%BB%9E/40918763-482B-41FD-8262-A9750E3FE139.jpeg HTTP/1.1" 200 -
[06/Aug/2026 16:16:46] "GET /Photos/2014/2014-01_%E6%9C%AA%E7%9F%A5%E5%9C%B0%E9%BB%9E/D544438F-055A-4B2B-B333-9EA4CE3C740C.jpeg HTTP/1.1" 200 -
[06/Aug/2026 16:16:46] "GET /Photos/2014/2014-01_%E6%9C%AA%E7%9F%A5%E5%9C%B0%E9%BB%9E/50BCB523-75DB-463E-BF76-A013F1BA9A49.jpeg HTTP/1.1" 200 -
[06/Aug/2026 16:16:46] "GET /Photos/2014/2014-01_%E6%9C%AA%E7%9F%A5%E5%9C%B0%E9%BB%9E/DF418703-B031-4312-ABA7-AEFCE4462FCE.jpeg HTTP/1.1" 200 -
[06/Aug/2026 16:16:46] "GET /Photos/2014/2014-01_%E6%9C%AA%E7%9F%A5%E5%9C%B0%E9%BB%9E/77D0EB03-8BCB-4B47-B9D3-58E03B350F66.jpeg HTTP/1.1" 200 -
[06/Aug/2026 16:16:46] "GET /Photos/2014/2014-01_%E6%9C%AA%E7%9F%A5%E5%9C%B0%E9%BB%9E/E8579411-CD1B-49F6-9F8E-D1076DC9D5A4.jpeg HTTP/1.1" 200 -
[06/Aug/2026 16:16:46] "GET /Photos/2014/2014-01_%E6%9C%AA%E7%9F%A5%E5%9C%B0%E9%BB%9E/559D0AEE-937E-491A-8FA2-770F586E3736.jpeg HTTP/1.1" 200 -
[06/Aug/2026 16:16:46] "GET /Photos/2014/2014-01_%E6%9C%AA%E7%9F%A5%E5%9C%B0%E9%BB%9E/D6F02760-E50D-4940-8910-1AE7DDAC6858.jpeg HTTP/1.1" 200 -
[06/Aug/2026 16:16:46] "GET /Photos/2014/2014-01_%E6%9C%AA%E7%9F%A5%E5%9C%B0%E9%BB%9E/236A006C-BC84-4097-9D8A-922237C3EE02.jpeg HTTP/1.1" 200 -
[06/Aug/2026 16:16:46] "GET /Photos/2014/2014-01_%E6%9C%AA%E7%9F%A5%E5%9C%B0%E9%BB%9E/0070F37B-D235-4127-909D-94A31A92BD46.jpeg HTTP/1.1" 200 -
[06/Aug/2026 16:16:46] "GET /Photos/2014/2014-01_%E6%9C%AA%E7%9F%A5%E5%9C%B0%E9%BB%9E/2490781E-4A04-4597-8F33-2B635E3740E8.jpeg HTTP/1.1" 200 -
[06/Aug/2026 16:16:46] "GET /Photos/2014/2014-01_%E6%9C%AA%E7%9F%A5%E5%9C%B0%E9%BB%9E/B69D3D9E-B516-4889-BFBA-05A11FDEFE49.jpeg HTTP/1.1" 200 -
[06/Aug/2026 16:16:46] "GET /Photos/2014/2014-01_%E6%9C%AA%E7%9F%A5%E5%9C%B0%E9%BB%9E/30FBD7DC-CD94-4103-AD35-83694296F14E_1_201_a.jpeg HTTP/1.1" 200 -
[06/Aug/2026 16:16:46] "GET /Photos/2014/2014-01_%E6%9C%AA%E7%9F%A5%E5%9C%B0%E9%BB%9E/50FF06EF-C17F-47EF-8167-0BC4EACD2D61.jpeg HTTP/1.1" 200 -
[06/Aug/2026 16:16:46] "GET /Photos/2014/2014-01_%E6%9C%AA%E7%9F%A5%E5%9C%B0%E9%BB%9E/8931FA6D-22B3-4DC5-BBD7-6D45ECB9D16F_1_201_a.jpeg HTTP/1.1" 200 -
[06/Aug/2026 16:16:46] "GET /Photos/2014/2014-01_%E6%9C%AA%E7%9F%A5%E5%9C%B0%E9%BB%9E/E3075114-817B-42E9-BE8B-985C9A849AFE.jpeg HTTP/1.1" 200 -
[06/Aug/2026 16:16:46] "GET /Photos/2014/2014-01_%E6%9C%AA%E7%9F%A5%E5%9C%B0%E9%BB%9E/6ED8ED8C-DB53-4B10-BCEF-EAA61E2521DA.jpeg HTTP/1.1" 200 -
[06/Aug/2026 16:16:46] "GET /Photos/2014/2014-01_%E6%9C%AA%E7%9F%A5%E5%9C%B0%E9%BB%9E/67A2BC3A-916D-42F8-B989-962E5B41478A.jpeg HTTP/1.1" 200 -
[06/Aug/2026 16:16:46] "GET /Photos/2014/2014-01_%E6%9C%AA%E7%9F%A5%E5%9C%B0%E9%BB%9E/F8453F9F-3398-453C-BFAC-5EE4896888FA.jpeg HTTP/1.1" 200 -
[06/Aug/2026 16:16:46] "GET /Photos/2014/2014-01_%E6%9C%AA%E7%9F%A5%E5%9C%B0%E9%BB%9E/1D5BDA11-5761-488C-B4A2-E4BE5385851B.jpeg HTTP/1.1" 200 -
[06/Aug/2026 16:16:46] "GET /Photos/2014/2014-01_%E6%9C%AA%E7%9F%A5%E5%9C%B0%E9%BB%9E/946947A3-5791-46AE-BC43-FBBC18D87AC9.jpeg HTTP/1.1" 200 -
[06/Aug/2026 16:16:46] "GET /Photos/2014/2014-01_%E6%9C%AA%E7%9F%A5%E5%9C%B0%E9%BB%9E/DA27E1B8-0DA1-456F-A776-EB9E0A123619.jpeg HTTP/1.1" 200 -
[06/Aug/2026 16:16:46] "GET /Photos/2014/2014-01_%E6%9C%AA%E7%9F%A5%E5%9C%B0%E9%BB%9E/59F4A556-9FFA-4A76-B7A3-F22CC7B72837.jpeg HTTP/1.1" 200 -
[06/Aug/2026 16:16:46] "GET /Photos/2014/2014-01_%E6%9C%AA%E7%9F%A5%E5%9C%B0%E9%BB%9E/9A1F6949-8FCA-409E-BB09-92E7C23551F3.jpeg HTTP/1.1" 200 -
[06/Aug/2026 16:16:46] "GET /Photos/2014/2014-01_%E6%9C%AA%E7%9F%A5%E5%9C%B0%E9%BB%9E/CEC2C366-D87C-4A49-B5C1-C2779398AF94.jpeg HTTP/1.1" 200 -
[06/Aug/2026 16:16:46] "GET /Photos/2014/2014-01_%E6%9C%AA%E7%9F%A5%E5%9C%B0%E9%BB%9E/90DE4628-D61D-4AA2-B1FE-A4C47896B8C9_1_201_a.jpeg HTTP/1.1" 200 -
[06/Aug/2026 16:16:46] "GET /Photos/2014/2014-01_%E6%9C%AA%E7%9F%A5%E5%9C%B0%E9%BB%9E/E66FDB18-7C53-4AD2-BBC1-13BC18F45DF0.jpeg HTTP/1.1" 200 -
[06/Aug/2026 16:16:46] "GET /Photos/2014/2014-01_%E6%9C%AA%E7%9F%A5%E5%9C%B0%E9%BB%9E/85AAADD2-AE54-4907-9E1B-4E20B25D89F7.jpeg HTTP/1.1" 200 -
[06/Aug/2026 16:16:46] "GET /Photos/2014/2014-01_%E6%9C%AA%E7%9F%A5%E5%9C%B0%E9%BB%9E/A99FFD9B-34D6-4755-82DB-25AD63352056.jpeg HTTP/1.1" 200 -
[06/Aug/2026 16:16:46] "GET /Photos/2014/2014-01_%E6%9C%AA%E7%9F%A5%E5%9C%B0%E9%BB%9E/3EB538D3-3C1B-4240-981B-D75A0DA5242F_1_201_a.jpeg HTTP/1.1" 200 -
[06/Aug/2026 16:18:27] "GET / HTTP/1.1" 304 -
[06/Aug/2026 16:18:27] "GET /api/photos HTTP/1.1" 200 -
[06/Aug/2026 16:18:29] "GET / HTTP/1.1" 304 -
[06/Aug/2026 16:18:29] "GET /api/photos HTTP/1.1" 200 -
[06/Aug/2026 16:18:31] "GET / HTTP/1.1" 304 -
[06/Aug/2026 16:18:31] "GET /api/photos HTTP/1.1" 200 -
[06/Aug/2026 16:18:36] "GET /Photos/2023/2023-10_%E9%A6%96%E5%B0%94%E7%89%B9%E5%88%AB%E5%B8%82/IMG_4133.jpeg HTTP/1.1" 200 -
[06/Aug/2026 16:18:36] "GET /Photos/2023/2023-10_%E9%A6%96%E5%B0%94%E7%89%B9%E5%88%AB%E5%B8%82/IMG_4125.jpeg HTTP/1.1" 200 -
[06/Aug/2026 16:18:36] "GET /Photos/2023/2023-10_%E9%A6%96%E5%B0%94%E7%89%B9%E5%88%AB%E5%B8%82/IMG_4129.jpeg HTTP/1.1" 200 -
[06/Aug/2026 16:18:36] "GET /Photos/2023/2023-10_%E9%A6%96%E5%B0%94%E7%89%B9%E5%88%AB%E5%B8%82/IMG_4145.jpeg HTTP/1.1" 200 -
[06/Aug/2026 16:18:36] "GET /Photos/2023/2023-10_%E9%A6%96%E5%B0%94%E7%89%B9%E5%88%AB%E5%B8%82/IMG_4128.jpeg HTTP/1.1" 200 -
[06/Aug/2026 16:18:36] "GET /Photos/2023/2023-10_%E9%A6%96%E5%B0%94%E7%89%B9%E5%88%AB%E5%B8%82/IMG_4124.jpeg HTTP/1.1" 200 -
[06/Aug/2026 16:18:36] "GET /Photos/2023/2023-10_%E9%A6%96%E5%B0%94%E7%89%B9%E5%88%AB%E5%B8%82/IMG_4127.jpeg HTTP/1.1" 200 -
[06/Aug/2026 16:18:36] "GET /Photos/2023/2023-10_%E9%A6%96%E5%B0%94%E7%89%B9%E5%88%AB%E5%B8%82/IMG_4146.jpeg HTTP/1.1" 200 -
[06/Aug/2026 16:18:36] "GET /Photos/2023/2023-10_%E9%A6%96%E5%B0%94%E7%89%B9%E5%88%AB%E5%B8%82/IMG_4132.jpeg HTTP/1.1" 200 -
[06/Aug/2026 16:18:36] "GET /Photos/2023/2023-10_%E9%A6%96%E5%B0%94%E7%89%B9%E5%88%AB%E5%B8%82/IMG_4130.jpeg HTTP/1.1" 200 -
[06/Aug/2026 16:18:36] "GET /Photos/2023/2023-10_%E9%A6%96%E5%B0%94%E7%89%B9%E5%88%AB%E5%B8%82/IMG_4147.jpeg HTTP/1.1" 200 -
[06/Aug/2026 16:18:36] "GET /Photos/2023/2023-10_%E9%A6%96%E5%B0%94%E7%89%B9%E5%88%AB%E5%B8%82/IMG_4131.jpeg HTTP/1.1" 200 -
[06/Aug/2026 16:18:36] "GET /Photos/2023/2023-10_%E9%A6%96%E5%B0%94%E7%89%B9%E5%88%AB%E5%B8%82/IMG_4126.jpeg HTTP/1.1" 200 -
[06/Aug/2026 16:18:36] "GET /Photos/2023/2023-10_%E4%BB%81%E5%B7%9D%E5%BB%A3%E5%9F%9F%E5%B8%82/IMG_4148.jpeg HTTP/1.1" 200 -
[06/Aug/2026 16:18:36] "GET /Photos/2023/2023-10_%E4%BB%81%E5%B7%9D%E5%BB%A3%E5%9F%9F%E5%B8%82/IMG_4152.jpeg HTTP/1.1" 200 -
[06/Aug/2026 16:18:36] "GET /Photos/2023/2023-10_%E4%BB%81%E5%B7%9D%E5%BB%A3%E5%9F%9F%E5%B8%82/IMG_4076.jpeg HTTP/1.1" 200 -
[06/Aug/2026 16:18:36] "GET /Photos/2023/2023-10_%E4%BB%81%E5%B7%9D%E5%BB%A3%E5%9F%9F%E5%B8%82/IMG_8474.jpeg HTTP/1.1" 200 -
[06/Aug/2026 16:18:36] "GET /Photos/2023/2023-10_%E4%BB%81%E5%B7%9D%E5%BB%A3%E5%9F%9F%E5%B8%82/IMG_4149.jpeg HTTP/1.1" 200 -
[06/Aug/2026 16:18:36] "GET /Photos/2023/2023-10_%E4%BB%81%E5%B7%9D%E5%BB%A3%E5%9F%9F%E5%B8%82/IMG_4071.jpeg HTTP/1.1" 200 -
[06/Aug/2026 16:18:36] "GET /Photos/2023/2023-10_%E4%BB%81%E5%B7%9D%E5%BB%A3%E5%9F%9F%E5%B8%82/IMG_8475.jpeg HTTP/1.1" 200 -
[06/Aug/2026 16:18:36] "GET /Photos/2023/2023-10_%E4%BB%81%E5%B7%9D%E5%BB%A3%E5%9F%9F%E5%B8%82/IMG_8476.jpeg HTTP/1.1" 200 -
[06/Aug/2026 16:18:36] "GET /Photos/2023/2023-10_%E4%BB%81%E5%B7%9D%E5%BB%A3%E5%9F%9F%E5%B8%82/IMG_8477.jpeg HTTP/1.1" 200 -
[06/Aug/2026 16:18:36] "GET /Photos/2023/2023-10_%E4%BB%81%E5%B7%9D%E5%BB%A3%E5%9F%9F%E5%B8%82/IMG_4074.jpeg HTTP/1.1" 200 -
[06/Aug/2026 16:18:36] "GET /Photos/2023/2023-10_%E4%BB%81%E5%B7%9D%E5%BB%A3%E5%9F%9F%E5%B8%82/IMG_4150.jpeg HTTP/1.1" 200 -
[06/Aug/2026 16:18:36] "GET /Photos/2023/2023-10_%E4%BB%81%E5%B7%9D%E5%BB%A3%E5%9F%9F%E5%B8%82/IMG_4151.jpeg HTTP/1.1" 200 -
[06/Aug/2026 16:18:36] "GET /Photos/2023/2023-10_%E4%BB%81%E5%B7%9D%E5%BB%A3%E5%9F%9F%E5%B8%82/IMG_4075.jpeg HTTP/1.1" 200 -
[06/Aug/2026 16:18:36] "GET /Photos/2023/2023-01_%E6%9C%AA%E7%9F%A5%E5%9C%B0%E9%BB%9E/IMG_2987.JPG HTTP/1.1" 200 -
[06/Aug/2026 16:18:36] "GET /Photos/2023/2023-01_%E6%9C%AA%E7%9F%A5%E5%9C%B0%E9%BB%9E/IMG_2996.JPG HTTP/1.1" 200 -
[06/Aug/2026 16:18:36] "GET /Photos/2023/2023-01_%E6%9C%AA%E7%9F%A5%E5%9C%B0%E9%BB%9E/IMG_2997.JPG HTTP/1.1" 200 -
[06/Aug/2026 16:18:36] "GET /Photos/2023/2023-01_%E6%9C%AA%E7%9F%A5%E5%9C%B0%E9%BB%9E/IMG_2998.JPG HTTP/1.1" 200 -
[06/Aug/2026 16:18:36] "GET /Photos/2023/2023-11_%E8%87%BA%E5%8C%97%E5%B8%82/IMG_4332.jpeg HTTP/1.1" 200 -
[06/Aug/2026 16:18:36] "GET /Photos/2023/2023-11_%E8%87%BA%E5%8C%97%E5%B8%82/IMG_4324.jpeg HTTP/1.1" 200 -
[06/Aug/2026 16:18:43] "GET / HTTP/1.1" 304 -
[06/Aug/2026 16:18:43] "GET /api/photos HTTP/1.1" 200 -
[06/Aug/2026 16:18:46] "GET / HTTP/1.1" 304 -
[06/Aug/2026 16:18:46] "GET /api/photos HTTP/1.1" 200 -
/Users/johnkuo/Library/Python/3.12/lib/python/site-packages/onnxruntime/capi/onnxruntime_inference_collection.py:147: UserWarning: Specified provider 'CUDAExecutionProvider' is not in available provider names.Available providers: 'CoreMLExecutionProvider, AzureExecutionProvider, CPUExecutionProvider'
  warnings.warn(
/opt/homebrew/lib/python3.12/site-packages/insightface/utils/face_align.py:23: FutureWarning: `estimate` is deprecated since version 0.26 and will be removed in version 2.2. Please use `SimilarityTransform.from_estimate` class constructor instead.
  tform.estimate(lmk, dst)
[06/Aug/2026 16:27:05] "GET /Photos/2014/2014-07_%E6%9C%AA%E7%9F%A5%E5%9C%B0%E9%BB%9E/5741A539-4744-4102-B4CB-8D32CC00AB75_1_201_a.jpeg HTTP/1.1" 200 -
[06/Aug/2026 16:27:05] "GET /Photos/2014/2014-07_%E6%9C%AA%E7%9F%A5%E5%9C%B0%E9%BB%9E/7BC02B1F-8932-4E56-8314-A0AAE35E1839_1_201_a.jpeg HTTP/1.1" 200 -
[06/Aug/2026 16:27:05] "GET /Photos/2014/2014-07_%E6%9C%AA%E7%9F%A5%E5%9C%B0%E9%BB%9E/CCE789EC-B842-4700-ACC3-C48C91E8BBD5_1_201_a.jpeg HTTP/1.1" 200 -
[06/Aug/2026 16:27:05] "GET /Photos/2014/2014-11_%E6%9C%AA%E7%9F%A5%E5%9C%B0%E9%BB%9E/38191C67-D7BC-4E1B-85FE-EFE36FEB8FAA.jpeg HTTP/1.1" 200 -
[06/Aug/2026 16:27:05] "GET /Photos/2014/2014-11_%E6%9C%AA%E7%9F%A5%E5%9C%B0%E9%BB%9E/AF292B7E-A42D-4F4A-83E2-4C8255B2B751.jpeg HTTP/1.1" 200 -
[06/Aug/2026 16:27:05] "GET /Photos/2014/2014-11_%E6%9C%AA%E7%9F%A5%E5%9C%B0%E9%BB%9E/A18F285D-DC7B-4E26-AEB3-9F9966E0B737.jpeg HTTP/1.1" 200 -
[06/Aug/2026 16:27:05] "GET /Photos/2014/2014-11_%E6%9C%AA%E7%9F%A5%E5%9C%B0%E9%BB%9E/8865F82A-7B30-482F-95DF-F07D59A4A7B0_1_201_a.jpeg HTTP/1.1" 200 -
[06/Aug/2026 16:27:05] "GET /Photos/2014/2014-11_%E6%9C%AA%E7%9F%A5%E5%9C%B0%E9%BB%9E/20F34AB2-1E89-4437-8013-41EF5D48D5E1.jpeg HTTP/1.1" 200 -
[06/Aug/2026 16:27:05] "GET /Photos/2014/2014-11_%E6%9C%AA%E7%9F%A5%E5%9C%B0%E9%BB%9E/36AF1EAC-F78A-47CD-9578-7A8A7845795E.jpeg HTTP/1.1" 200 -
[06/Aug/2026 16:27:05] "GET /Photos/2014/2014-11_%E6%9C%AA%E7%9F%A5%E5%9C%B0%E9%BB%9E/5F89046F-F446-48F6-A27D-E2FE22EBA07A.jpeg HTTP/1.1" 200 -
[06/Aug/2026 16:27:05] "GET /Photos/2014/2014-11_%E6%9C%AA%E7%9F%A5%E5%9C%B0%E9%BB%9E/2B51ACEE-002A-4A7B-9AD1-953D984B6AA3.jpeg HTTP/1.1" 200 -
[06/Aug/2026 16:27:05] "GET /Photos/2014/2014-11_%E6%9C%AA%E7%9F%A5%E5%9C%B0%E9%BB%9E/069371B1-5CD7-4222-994D-F1E86CBFA199.jpeg HTTP/1.1" 200 -
[06/Aug/2026 16:27:05] "GET /Photos/2014/2014-11_%E6%9C%AA%E7%9F%A5%E5%9C%B0%E9%BB%9E/0D97CE51-EC3C-4888-A806-1C247FC8FF27_1_201_a.jpeg HTTP/1.1" 200 -
[06/Aug/2026 16:27:05] "GET /Photos/2014/2014-11_%E6%9C%AA%E7%9F%A5%E5%9C%B0%E9%BB%9E/E40E3425-EC73-4880-89FB-0D5B88890F4F.jpeg HTTP/1.1" 200 -
[06/Aug/2026 16:27:05] "GET /Photos/2014/2014-10_%E6%9C%AA%E7%9F%A5%E5%9C%B0%E9%BB%9E/E7B72EE2-8F42-4F53-99F1-F49E29D1927F_1_201_a.jpeg HTTP/1.1" 200 -
[06/Aug/2026 16:27:05] "GET /Photos/2014/2014-10_%E6%9C%AA%E7%9F%A5%E5%9C%B0%E9%BB%9E/ADFBC50B-867E-478D-ADCB-BA495D38C325.jpeg HTTP/1.1" 200 -
[06/Aug/2026 16:27:05] "GET /Photos/2014/2014-10_%E6%9C%AA%E7%9F%A5%E5%9C%B0%E9%BB%9E/7FBF4EB8-8EE6-469F-9625-6DB0A4AD6C62.jpeg HTTP/1.1" 200 -
[06/Aug/2026 16:27:05] "GET /Photos/2014/2014-10_%E6%9C%AA%E7%9F%A5%E5%9C%B0%E9%BB%9E/7928173E-3480-4C27-8CF6-176A161B0E3A.jpeg HTTP/1.1" 200 -
[06/Aug/2026 16:27:05] "GET /Photos/2014/2014-10_%E6%9C%AA%E7%9F%A5%E5%9C%B0%E9%BB%9E/BEEA5EB4-5163-418E-8A31-AA8BCA969190_1_201_a.jpeg HTTP/1.1" 200 -
[06/Aug/2026 16:27:05] "GET /Photos/2014/2014-10_%E6%9C%AA%E7%9F%A5%E5%9C%B0%E9%BB%9E/8FAF2B53-22DB-4268-9115-74AF0E68961A.jpeg HTTP/1.1" 200 -
[06/Aug/2026 16:27:05] "GET /Photos/2014/2014-10_%E6%9C%AA%E7%9F%A5%E5%9C%B0%E9%BB%9E/2626B4FB-3A37-46D5-B772-6C158CF0F22E.jpeg HTTP/1.1" 200 -
[06/Aug/2026 16:27:05] "GET /Photos/2014/2014-10_%E6%9C%AA%E7%9F%A5%E5%9C%B0%E9%BB%9E/01D230A6-E82C-4954-B673-6CCE2998DF15.jpeg HTTP/1.1" 200 -
[06/Aug/2026 16:27:05] "GET /Photos/2014/2014-10_%E6%9C%AA%E7%9F%A5%E5%9C%B0%E9%BB%9E/E2D1A830-17E8-46CA-9F9F-EDADA6D6D160_1_201_a.jpeg HTTP/1.1" 200 -
[06/Aug/2026 16:27:05] "GET /Photos/2014/2014-10_%E6%9C%AA%E7%9F%A5%E5%9C%B0%E9%BB%9E/A8F0FF16-B884-4060-95CB-FB3A7FF40684.jpeg HTTP/1.1" 200 -
[06/Aug/2026 16:27:05] "GET /Photos/2014/2014-10_%E6%9C%AA%E7%9F%A5%E5%9C%B0%E9%BB%9E/67FAD2EA-9CAD-4517-8CA4-C83D4115DE38.jpeg HTTP/1.1" 200 -
[06/Aug/2026 16:27:05] "GET /Photos/2014/2014-10_%E6%9C%AA%E7%9F%A5%E5%9C%B0%E9%BB%9E/60CE1C21-C9FD-4860-B4B9-D83E5262091B.jpeg HTTP/1.1" 200 -
[06/Aug/2026 16:27:05] "GET /Photos/2014/2014-10_%E6%9C%AA%E7%9F%A5%E5%9C%B0%E9%BB%9E/CA89A7E6-6087-428F-BB97-065BB19D35A3.jpeg HTTP/1.1" 200 -
[06/Aug/2026 16:27:05] "GET /Photos/2014/2014-10_%E6%9C%AA%E7%9F%A5%E5%9C%B0%E9%BB%9E/C6F7834A-FC78-411A-A611-1412E21F9578.jpeg HTTP/1.1" 200 -
[06/Aug/2026 16:27:05] "GET /Photos/2014/2014-10_%E6%9C%AA%E7%9F%A5%E5%9C%B0%E9%BB%9E/3BC0F4B9-AB00-475D-8A5F-1A8284D309F8.jpeg HTTP/1.1" 200 -
[06/Aug/2026 16:27:05] "GET /Photos/2014/2014-10_%E6%9C%AA%E7%9F%A5%E5%9C%B0%E9%BB%9E/B3167BFA-B129-4E8A-97BB-820BDDA3C092.jpeg HTTP/1.1" 200 -
[06/Aug/2026 16:27:05] "GET /Photos/2014/2014-10_%E6%9C%AA%E7%9F%A5%E5%9C%B0%E9%BB%9E/FE6C398A-13D5-4B2A-A441-9D36C87E6DDC.jpeg HTTP/1.1" 200 -
[06/Aug/2026 16:27:05] "GET /Photos/2014/2014-10_%E6%9C%AA%E7%9F%A5%E5%9C%B0%E9%BB%9E/73DBC903-4125-4C75-AF0E-BC2A94E4B6D9.jpeg HTTP/1.1" 200 -
[06/Aug/2026 16:27:05] "GET /Photos/2014/2014-10_%E6%9C%AA%E7%9F%A5%E5%9C%B0%E9%BB%9E/9542E388-AE5D-4916-9F61-C62F17E57BB9_1_201_a.jpeg HTTP/1.1" 200 -
[06/Aug/2026 16:27:05] "GET /Photos/2014/2014-10_%E6%9C%AA%E7%9F%A5%E5%9C%B0%E9%BB%9E/D48DBE78-80A7-49EC-9030-DD3563F4BC28.jpeg HTTP/1.1" 200 -
[06/Aug/2026 16:27:05] "GET /Photos/2014/2014-10_%E6%9C%AA%E7%9F%A5%E5%9C%B0%E9%BB%9E/BA3CE5CC-8754-4F9C-9091-57F284E9C87A_1_201_a.jpeg HTTP/1.1" 200 -
[06/Aug/2026 16:27:05] "GET /Photos/2014/2014-10_%E6%9C%AA%E7%9F%A5%E5%9C%B0%E9%BB%9E/9894E7F4-5846-4B01-A860-CBA82B0FA549.jpeg HTTP/1.1" 200 -
[06/Aug/2026 16:27:05] "GET /Photos/2014/2014-10_%E6%9C%AA%E7%9F%A5%E5%9C%B0%E9%BB%9E/6381646E-8B31-41EC-A7D1-736F9867362C.jpeg HTTP/1.1" 200 -
[06/Aug/2026 16:27:05] "GET /Photos/2014/2014-10_%E6%9C%AA%E7%9F%A5%E5%9C%B0%E9%BB%9E/8E9160B0-231C-4801-AF8F-EC24E545415B.jpeg HTTP/1.1" 200 -
[06/Aug/2026 16:27:05] "GET /Photos/2014/2014-10_%E6%9C%AA%E7%9F%A5%E5%9C%B0%E9%BB%9E/4522884A-DAAB-45A2-976B-13718FC035AC.jpeg HTTP/1.1" 200 -
[06/Aug/2026 16:27:05] "GET /Photos/2014/2014-10_%E6%9C%AA%E7%9F%A5%E5%9C%B0%E9%BB%9E/6E92F5C0-3CF7-4CC2-B771-6D859CE6AE0A.jpeg HTTP/1.1" 200 -
[06/Aug/2026 16:27:05] "GET /Photos/2014/2014-10_%E6%9C%AA%E7%9F%A5%E5%9C%B0%E9%BB%9E/FEC9C62C-03B3-4A19-9A71-1FDBA3363585.jpeg HTTP/1.1" 200 -
[06/Aug/2026 16:27:05] "GET /Photos/2014/2014-10_%E6%9C%AA%E7%9F%A5%E5%9C%B0%E9%BB%9E/E8D8FFA4-3647-4CF2-A906-21871D474386.jpeg HTTP/1.1" 200 -
[06/Aug/2026 16:27:06] "GET /Photos/2014/2014-10_%E6%9C%AA%E7%9F%A5%E5%9C%B0%E9%BB%9E/306A572D-A0C3-440F-AC66-E072C4A9A47E.jpeg HTTP/1.1" 200 -
[06/Aug/2026 16:27:06] "GET /Photos/2014/2014-10_%E6%9C%AA%E7%9F%A5%E5%9C%B0%E9%BB%9E/09DE5551-D988-4088-81A1-9C078BA53D05.jpeg HTTP/1.1" 200 -
[06/Aug/2026 16:27:06] "GET /Photos/2014/2014-10_%E6%9C%AA%E7%9F%A5%E5%9C%B0%E9%BB%9E/ACE485FF-C1AD-4523-8E34-338EC4F72B9A.jpeg HTTP/1.1" 200 -
[06/Aug/2026 16:27:06] "GET /Photos/2014/2014-10_%E6%9C%AA%E7%9F%A5%E5%9C%B0%E9%BB%9E/88AE79F7-6542-4F96-8374-ABDA4B37886A.jpeg HTTP/1.1" 200 -
[06/Aug/2026 16:27:06] "GET /Photos/2014/2014-10_%E6%9C%AA%E7%9F%A5%E5%9C%B0%E9%BB%9E/6D79DDCF-23A0-48F4-AC48-49F1AA620008_1_201_a.jpeg HTTP/1.1" 200 -
[06/Aug/2026 16:27:06] "GET /Photos/2014/2014-10_%E6%9C%AA%E7%9F%A5%E5%9C%B0%E9%BB%9E/87E61128-8850-42EE-8B87-F30C0CA20DF8.jpeg HTTP/1.1" 200 -
[06/Aug/2026 16:27:06] "GET /Photos/2014/2014-10_%E6%9C%AA%E7%9F%A5%E5%9C%B0%E9%BB%9E/64EBE622-FF52-4A49-89F1-4F0839A19AE5.jpeg HTTP/1.1" 200 -
[06/Aug/2026 16:27:06] "GET /Photos/2014/2014-10_%E6%9C%AA%E7%9F%A5%E5%9C%B0%E9%BB%9E/19AA5868-DB87-405E-93C9-0BBEF8B5ECDE_1_201_a.jpeg HTTP/1.1" 200 -
[06/Aug/2026 16:27:06] "GET /Photos/2014/2014-10_%E6%9C%AA%E7%9F%A5%E5%9C%B0%E9%BB%9E/0B1EAC1D-75B5-4FF9-8F61-825DB612C2D7.jpeg HTTP/1.1" 200 -
[06/Aug/2026 16:27:06] "GET /Photos/2014/2014-06_%E6%9C%AA%E7%9F%A5%E5%9C%B0%E9%BB%9E/305B26FF-A814-4BD3-9957-AEE52DC9C2D7.jpeg HTTP/1.1" 200 -
[06/Aug/2026 16:27:06] "GET /Photos/2014/2014-06_%E6%9C%AA%E7%9F%A5%E5%9C%B0%E9%BB%9E/6BC3BF77-197E-4E7A-8898-56410105971D_1_201_a.jpeg HTTP/1.1" 200 -
[06/Aug/2026 16:27:06] "GET /Photos/2014/2014-06_%E6%9C%AA%E7%9F%A5%E5%9C%B0%E9%BB%9E/1CBFA005-82E9-401F-8D20-1F524F51B249.jpeg HTTP/1.1" 200 -
[06/Aug/2026 16:27:06] "GET /Photos/2014/2014-06_%E6%9C%AA%E7%9F%A5%E5%9C%B0%E9%BB%9E/D45F045B-E85F-40DC-A43C-A9DB8F3C92E3.jpeg HTTP/1.1" 200 -
[06/Aug/2026 16:27:06] "GET /Photos/2014/2014-06_%E6%9C%AA%E7%9F%A5%E5%9C%B0%E9%BB%9E/36E2BF37-5D9B-45FD-AE6C-E565B3165D8C.jpeg HTTP/1.1" 200 -
[06/Aug/2026 16:27:06] "GET /Photos/2014/2014-06_%E6%9C%AA%E7%9F%A5%E5%9C%B0%E9%BB%9E/F587DC1D-FE46-4FDE-8687-BFD5485B3AD4.jpeg HTTP/1.1" 200 -
[06/Aug/2026 16:27:06] "GET /Photos/2014/2014-06_%E6%9C%AA%E7%9F%A5%E5%9C%B0%E9%BB%9E/66687871-B5EE-4C36-A905-1BDD077F5E10.jpeg HTTP/1.1" 200 -
[06/Aug/2026 16:27:06] "GET /Photos/2014/2014-06_%E6%9C%AA%E7%9F%A5%E5%9C%B0%E9%BB%9E/770ADA07-4F0E-4378-A1E2-D9214A54317E.jpeg HTTP/1.1" 200 -
[06/Aug/2026 16:27:06] "GET /Photos/2014/2014-06_%E6%9C%AA%E7%9F%A5%E5%9C%B0%E9%BB%9E/40724AE5-C76B-4AD6-9D38-8E46C2094A93.jpeg HTTP/1.1" 200 -
[06/Aug/2026 16:27:06] "GET /Photos/2014/2014-06_%E6%9C%AA%E7%9F%A5%E5%9C%B0%E9%BB%9E/F94BFC89-61DE-435B-9CC9-A21726F45FC9.jpeg HTTP/1.1" 200 -
[06/Aug/2026 16:27:06] "GET /Photos/2014/2014-06_%E6%9C%AA%E7%9F%A5%E5%9C%B0%E9%BB%9E/FF85566B-5943-4991-BFF0-8CD15845B16B.jpeg HTTP/1.1" 200 -
[06/Aug/2026 16:27:06] "GET /Photos/2014/2014-06_%E6%9C%AA%E7%9F%A5%E5%9C%B0%E9%BB%9E/86A7564A-DB52-4347-BF31-4769C99E0048.jpeg HTTP/1.1" 200 -
[06/Aug/2026 16:27:06] "GET /Photos/2014/2014-06_%E6%9C%AA%E7%9F%A5%E5%9C%B0%E9%BB%9E/550B8C37-6DF0-487B-81D7-087CD89D427F.jpeg HTTP/1.1" 200 -
[06/Aug/2026 16:27:06] "GET /Photos/2014/2014-06_%E6%9C%AA%E7%9F%A5%E5%9C%B0%E9%BB%9E/BCFA91C9-0B18-4AC8-9AB0-B1C7B61EC1E0.jpeg HTTP/1.1" 200 -
[06/Aug/2026 16:27:06] "GET /Photos/2014/2014-06_%E6%9C%AA%E7%9F%A5%E5%9C%B0%E9%BB%9E/499F463A-82C1-42F2-9F78-9743AFA27F5B.jpeg HTTP/1.1" 200 -
[06/Aug/2026 16:27:06] "GET /Photos/2014/2014-06_%E6%9C%AA%E7%9F%A5%E5%9C%B0%E9%BB%9E/8185521D-3457-45E6-9763-698A660A4816.jpeg HTTP/1.1" 200 -
[06/Aug/2026 16:27:06] "GET /Photos/2014/2014-06_%E6%9C%AA%E7%9F%A5%E5%9C%B0%E9%BB%9E/9E2A8643-CEBC-429B-B7E5-40DCFAA34F95.jpeg HTTP/1.1" 200 -
[06/Aug/2026 16:27:06] "GET /Photos/2014/2014-09_%E6%9C%AA%E7%9F%A5%E5%9C%B0%E9%BB%9E/0E9175D2-4D4A-441E-B97B-DD717176F3CC.jpeg HTTP/1.1" 200 -
[06/Aug/2026 16:27:06] "GET /Photos/2014/2014-09_%E6%9C%AA%E7%9F%A5%E5%9C%B0%E9%BB%9E/A5110021-E93F-4A4A-8648-11F5970117D0.jpeg HTTP/1.1" 200 -
[06/Aug/2026 16:27:06] "GET /Photos/2014/2014-09_%E6%9C%AA%E7%9F%A5%E5%9C%B0%E9%BB%9E/8290604A-6F93-4168-AD7E-277256846C39.jpeg HTTP/1.1" 200 -
[06/Aug/2026 16:27:06] "GET /Photos/2014/2014-09_%E6%9C%AA%E7%9F%A5%E5%9C%B0%E9%BB%9E/B44E0C23-C1F1-4E7D-9DF2-83056F50B3EC.jpeg HTTP/1.1" 200 -
[06/Aug/2026 16:27:06] "GET /Photos/2014/2014-09_%E6%9C%AA%E7%9F%A5%E5%9C%B0%E9%BB%9E/E1280FBE-464D-4162-99F2-B51F55CA17BE.jpeg HTTP/1.1" 200 -
[06/Aug/2026 16:27:06] "GET /Photos/2014/2014-09_%E6%9C%AA%E7%9F%A5%E5%9C%B0%E9%BB%9E/3DDA48F6-FB44-4300-817E-B55385B844BF.jpeg HTTP/1.1" 200 -
[06/Aug/2026 16:27:06] "GET /Photos/2014/2014-09_%E6%9C%AA%E7%9F%A5%E5%9C%B0%E9%BB%9E/2ECF57CE-DACC-4177-8B6C-B6F02AF3D90F.jpeg HTTP/1.1" 200 -
[06/Aug/2026 16:27:06] "GET /Photos/2014/2014-09_%E6%9C%AA%E7%9F%A5%E5%9C%B0%E9%BB%9E/F43E6CE2-3F39-4A81-BF61-B761FF9A4C08.jpeg HTTP/1.1" 200 -
[06/Aug/2026 16:27:06] "GET /Photos/2014/2014-09_%E6%9C%AA%E7%9F%A5%E5%9C%B0%E9%BB%9E/A0B40696-C4F8-4057-9304-9B08FB1A2DFB.jpeg HTTP/1.1" 200 -
[06/Aug/2026 16:27:06] "GET /Photos/2014/2014-09_%E6%9C%AA%E7%9F%A5%E5%9C%B0%E9%BB%9E/4A51AAD3-EAED-4A9C-B644-927615391463.jpeg HTTP/1.1" 200 -
[06/Aug/2026 16:27:06] "GET /Photos/2014/2014-09_%E6%9C%AA%E7%9F%A5%E5%9C%B0%E9%BB%9E/B0B9767A-4402-49D7-BD49-57A91E0B6611.jpeg HTTP/1.1" 200 -
[06/Aug/2026 16:27:06] "GET /Photos/2014/2014-09_%E6%9C%AA%E7%9F%A5%E5%9C%B0%E9%BB%9E/C6C0BB9E-D7E2-4522-8056-4EA764036B71.jpeg HTTP/1.1" 200 -
[06/Aug/2026 16:27:06] "GET /Photos/2014/2014-05_%E6%9C%AA%E7%9F%A5%E5%9C%B0%E9%BB%9E/DB31EFF0-20F9-41EF-9D9D-A6251BA89224_1_201_a.jpeg HTTP/1.1" 200 -
[06/Aug/2026 16:27:06] "GET /Photos/2014/2014-05_%E6%9C%AA%E7%9F%A5%E5%9C%B0%E9%BB%9E/C7C43AFD-9D40-4A6C-A97E-299C2E05A6D4_1_201_a.jpeg HTTP/1.1" 200 -
[06/Aug/2026 16:27:06] "GET /Photos/2014/2014-05_%E6%9C%AA%E7%9F%A5%E5%9C%B0%E9%BB%9E/50975177-1CC2-46B5-8D5B-DCBD823A3428.jpeg HTTP/1.1" 200 -
[06/Aug/2026 16:27:06] "GET /Photos/2014/2014-05_%E6%9C%AA%E7%9F%A5%E5%9C%B0%E9%BB%9E/EEC887E7-18E7-4909-A3AF-852B384805E0_1_201_a.jpeg HTTP/1.1" 200 -
[06/Aug/2026 16:27:06] "GET /Photos/2014/2014-05_%E6%9C%AA%E7%9F%A5%E5%9C%B0%E9%BB%9E/2AB5864D-890B-408B-8532-C1BD696CB147_1_201_a.jpeg HTTP/1.1" 200 -
[06/Aug/2026 16:27:06] "GET /Photos/2014/2014-05_%E6%9C%AA%E7%9F%A5%E5%9C%B0%E9%BB%9E/55A2944D-FB93-409F-B231-2368CD1BA2F4_1_201_a.jpeg HTTP/1.1" 200 -
[06/Aug/2026 16:27:06] "GET /Photos/2014/2014-05_%E6%9C%AA%E7%9F%A5%E5%9C%B0%E9%BB%9E/BADDF46F-D571-4341-9536-9CF2C0F503D3_1_201_a.jpeg HTTP/1.1" 200 -
[06/Aug/2026 16:27:06] "GET /Photos/2014/2014-05_%E6%9C%AA%E7%9F%A5%E5%9C%B0%E9%BB%9E/80727B2F-84E3-455D-99E1-12795D0EEEE6.jpeg HTTP/1.1" 200 -
[06/Aug/2026 16:27:06] "GET /Photos/2014/2014-05_%E6%9C%AA%E7%9F%A5%E5%9C%B0%E9%BB%9E/FBE9B881-1C22-4C5E-A304-D7A9B9F4EA60.jpeg HTTP/1.1" 200 -
[06/Aug/2026 16:27:06] "GET /Photos/2014/2014-05_%E6%9C%AA%E7%9F%A5%E5%9C%B0%E9%BB%9E/50075931-1D37-4C11-9D92-2A10F835D3D9.jpeg HTTP/1.1" 200 -
[06/Aug/2026 16:27:06] "GET /Photos/2014/2014-05_%E6%9C%AA%E7%9F%A5%E5%9C%B0%E9%BB%9E/D73FD281-2B1E-4255-BB7F-3E12B4233F85_1_201_a.jpeg HTTP/1.1" 200 -
[06/Aug/2026 16:27:06] "GET /Photos/2014/2014-05_%E6%9C%AA%E7%9F%A5%E5%9C%B0%E9%BB%9E/33F3D9E9-9AED-4184-86FD-1704346AF84F_1_201_a.jpeg HTTP/1.1" 200 -
[06/Aug/2026 16:27:06] "GET /Photos/2014/2014-05_%E6%9C%AA%E7%9F%A5%E5%9C%B0%E9%BB%9E/07E3387D-EA94-4BF4-8207-FCE936771177.jpeg HTTP/1.1" 200 -
[06/Aug/2026 16:27:06] "GET /Photos/2014/2014-05_%E6%9C%AA%E7%9F%A5%E5%9C%B0%E9%BB%9E/08893CBB-A9AF-4347-970E-A483393EBF1F.jpeg HTTP/1.1" 200 -
[06/Aug/2026 16:27:06] "GET /Photos/2014/2014-05_%E6%9C%AA%E7%9F%A5%E5%9C%B0%E9%BB%9E/FFEA1017-0A3D-43C1-B7C0-94003F78EEC1.jpeg HTTP/1.1" 200 -
[06/Aug/2026 16:27:06] "GET /Photos/2014/2014-05_%E6%9C%AA%E7%9F%A5%E5%9C%B0%E9%BB%9E/93208BE7-4310-4E90-A0C3-851D45FEFCB4_1_201_a.jpeg HTTP/1.1" 200 -
[06/Aug/2026 16:27:07] "GET /Photos/2014/2014-05_%E6%9C%AA%E7%9F%A5%E5%9C%B0%E9%BB%9E/13E5F047-B20C-473F-BF27-91B75398038C_1_201_a.jpeg HTTP/1.1" 200 -
[06/Aug/2026 16:27:07] "GET /Photos/2014/2014-05_%E6%9C%AA%E7%9F%A5%E5%9C%B0%E9%BB%9E/A5032CBC-0032-4CE8-BE92-781DDA7F9B18_1_201_a.jpeg HTTP/1.1" 200 -
[06/Aug/2026 16:27:07] "GET /Photos/2014/2014-05_%E6%9C%AA%E7%9F%A5%E5%9C%B0%E9%BB%9E/6E94A885-423B-49AF-88F4-AC18170BF1A7_1_201_a.jpeg HTTP/1.1" 200 -
[06/Aug/2026 16:27:07] "GET /Photos/2014/2014-05_%E6%9C%AA%E7%9F%A5%E5%9C%B0%E9%BB%9E/19A96766-0216-4A7F-AD7D-7D0185BF6248_1_201_a.jpeg HTTP/1.1" 200 -
[06/Aug/2026 16:27:12] "GET /Photos/2014/2014-12_%E6%9C%AA%E7%9F%A5%E5%9C%B0%E9%BB%9E/512257AF-2020-46E1-947D-187FF61A79F7.jpeg HTTP/1.1" 200 -
[06/Aug/2026 16:27:12] "GET /Photos/2014/2014-12_%E6%9C%AA%E7%9F%A5%E5%9C%B0%E9%BB%9E/651537B8-F056-47FF-9D57-0202DB4E03E0.jpeg HTTP/1.1" 200 -
[06/Aug/2026 16:27:12] "GET /Photos/2022/2022-02_%E5%A4%AA%E9%BA%BB%E9%87%8C%E9%84%89/IMG_1262.jpeg HTTP/1.1" 200 -
[06/Aug/2026 16:27:12] "GET /Photos/2022/2022-02_%E5%A4%AA%E9%BA%BB%E9%87%8C%E9%84%89/IMG_1258.jpeg HTTP/1.1" 200 -
[06/Aug/2026 16:27:12] "GET /Photos/2022/2022-02_%E5%A4%AA%E9%BA%BB%E9%87%8C%E9%84%89/IMG_1255.jpeg HTTP/1.1" 200 -
[06/Aug/2026 16:27:12] "GET /Photos/2022/2022-02_%E5%A4%AA%E9%BA%BB%E9%87%8C%E9%84%89/IMG_1259.jpeg HTTP/1.1" 200 -
[06/Aug/2026 16:27:12] "GET /Photos/2022/2022-02_%E5%A4%AA%E9%BA%BB%E9%87%8C%E9%84%89/IMG_1260.jpeg HTTP/1.1" 200 -
[06/Aug/2026 16:27:12] "GET /Photos/2022/2022-02_%E5%A4%AA%E9%BA%BB%E9%87%8C%E9%84%89/IMG_0987.jpeg HTTP/1.1" 200 -
[06/Aug/2026 16:27:12] "GET /Photos/2022/2022-02_%E5%A4%AA%E9%BA%BB%E9%87%8C%E9%84%89/IMG_1261.jpeg HTTP/1.1" 200 -
[06/Aug/2026 16:27:12] "GET /Photos/2022/2022-02_%E5%A4%AA%E9%BA%BB%E9%87%8C%E9%84%89/IMG_1257.jpeg HTTP/1.1" 200 -
[06/Aug/2026 16:27:12] "GET /Photos/2022/2022-02_%E5%A4%AA%E9%BA%BB%E9%87%8C%E9%84%89/IMG_1256.jpeg HTTP/1.1" 200 -
[06/Aug/2026 16:27:12] "GET /Photos/2022/2022-05_%E5%8F%B0%E5%A4%A7%E5%85%AC%E8%A1%9B/IMG_2033.jpeg HTTP/1.1" 200 -
[06/Aug/2026 16:27:12] "GET /Photos/2022/2022-05_%E5%8F%B0%E5%A4%A7%E5%85%AC%E8%A1%9B/IMG_2034.jpeg HTTP/1.1" 200 -
[06/Aug/2026 16:27:12] "GET /Photos/2022/2022-05_%E5%8F%B0%E5%A4%A7%E5%85%AC%E8%A1%9B/IMG_2035.jpeg HTTP/1.1" 200 -
[06/Aug/2026 16:27:12] "GET /Photos/2022/2022-05_%E5%8F%B0%E5%A4%A7%E5%85%AC%E8%A1%9B/IMG_2048.JPG HTTP/1.1" 200 -
[06/Aug/2026 16:27:12] "GET /Photos/2022/2022-05_%E5%8F%B0%E5%A4%A7%E5%85%AC%E8%A1%9B/IMG_2049.JPG HTTP/1.1" 200 -
[06/Aug/2026 16:27:12] "GET /Photos/2022/2022-05_%E5%8F%B0%E5%A4%A7%E5%85%AC%E8%A1%9B/IMG_2084.JPG HTTP/1.1" 200 -
[06/Aug/2026 16:27:12] "GET /Photos/2022/2022-05_%E5%8F%B0%E5%A4%A7%E5%85%AC%E8%A1%9B/IMG_2047.JPG HTTP/1.1" 200 -
[06/Aug/2026 16:27:12] "GET /Photos/2022/2022-05_%E5%8F%B0%E5%A4%A7%E5%85%AC%E8%A1%9B/IMG_2046.JPG HTTP/1.1" 200 -
[06/Aug/2026 16:27:12] "GET /Photos/2022/2022-05_%E5%8F%B0%E5%A4%A7%E5%85%AC%E8%A1%9B/IMG_2036.jpeg HTTP/1.1" 200 -
[06/Aug/2026 16:27:12] "GET /Photos/2022/2022-05_%E5%8F%B0%E5%A4%A7%E5%85%AC%E8%A1%9B/IMG_2044.JPG HTTP/1.1" 200 -
[06/Aug/2026 16:27:12] "GET /Photos/2022/2022-05_%E5%8F%B0%E5%A4%A7%E5%85%AC%E8%A1%9B/IMG_2045.JPG HTTP/1.1" 200 -
[06/Aug/2026 16:27:12] "GET /Photos/2022/2022-05_%E5%8F%B0%E5%A4%A7%E5%85%AC%E8%A1%9B/IMG_2082.JPG HTTP/1.1" 200 -
[06/Aug/2026 16:27:12] "GET /Photos/2022/2022-05_%E5%8F%B0%E5%A4%A7%E5%85%AC%E8%A1%9B/IMG_2083.JPG HTTP/1.1" 200 -
[06/Aug/2026 16:27:12] "GET /Photos/2022/2022-05_%E5%8F%B0%E5%A4%A7%E5%85%AC%E8%A1%9B/IMG_2037.jpeg HTTP/1.1" 200 -
[06/Aug/2026 16:27:12] "GET /Photos/2022/2022-05_%E5%8F%B0%E5%A4%A7%E5%85%AC%E8%A1%9B/IMG_2081.JPG HTTP/1.1" 200 -
[06/Aug/2026 16:27:12] "GET /Photos/2022/2022-05_%E5%8F%B0%E5%A4%A7%E5%85%AC%E8%A1%9B/IMG_2042.JPG HTTP/1.1" 200 -
[06/Aug/2026 16:27:12] "GET /Photos/2022/2022-05_%E5%8F%B0%E5%A4%A7%E5%85%AC%E8%A1%9B/IMG_2043.JPG HTTP/1.1" 200 -
[06/Aug/2026 16:27:12] "GET /Photos/2022/2022-05_%E5%8F%B0%E5%A4%A7%E5%85%AC%E8%A1%9B/IMG_2080.JPG HTTP/1.1" 200 -
[06/Aug/2026 16:29:33] "GET /api/photos HTTP/1.1" 200 -
[06/Aug/2026 16:35:33] "GET / HTTP/1.1" 200 -
[06/Aug/2026 16:35:33] "GET /api/photos HTTP/1.1" 200 -
[06/Aug/2026 16:35:39] "GET /Photos/2025/2025-01_%E6%9C%AA%E7%9F%A5%E5%9C%B0%E9%BB%9E/IMG_8588.JPG HTTP/1.1" 200 -
[06/Aug/2026 16:35:39] "GET /Photos/2025/2025-01_%E6%9C%AA%E7%9F%A5%E5%9C%B0%E9%BB%9E/IMG_8563.JPG HTTP/1.1" 200 -
[06/Aug/2026 16:35:39] "GET /Photos/2025/2025-01_%E6%9C%AA%E7%9F%A5%E5%9C%B0%E9%BB%9E/IMG_8577.JPG HTTP/1.1" 200 -
[06/Aug/2026 16:35:39] "GET /Photos/2025/2025-01_%E6%9C%AA%E7%9F%A5%E5%9C%B0%E9%BB%9E/IMG_8562.JPG HTTP/1.1" 200 -
[06/Aug/2026 16:35:39] "GET /Photos/2025/2025-01_%E6%9C%AA%E7%9F%A5%E5%9C%B0%E9%BB%9E/IMG_8589.JPG HTTP/1.1" 200 -
[06/Aug/2026 16:35:39] "GET /Photos/2025/2025-01_%E6%9C%AA%E7%9F%A5%E5%9C%B0%E9%BB%9E/IMG_8600.JPG HTTP/1.1" 200 -
[06/Aug/2026 16:35:39] "GET /Photos/2025/2025-01_%E6%9C%AA%E7%9F%A5%E5%9C%B0%E9%BB%9E/IMG_8571.JPG HTTP/1.1" 200 -
[06/Aug/2026 16:35:39] "GET /Photos/2025/2025-01_%E6%9C%AA%E7%9F%A5%E5%9C%B0%E9%BB%9E/IMG_8565.JPG HTTP/1.1" 200 -
[06/Aug/2026 16:35:39] "GET /Photos/2025/2025-01_%E6%9C%AA%E7%9F%A5%E5%9C%B0%E9%BB%9E/IMG_8561.JPG HTTP/1.1" 200 -
[06/Aug/2026 16:35:39] "GET /Photos/2025/2025-01_%E6%9C%AA%E7%9F%A5%E5%9C%B0%E9%BB%9E/IMG_8564.JPG HTTP/1.1" 200 -
[06/Aug/2026 16:35:39] "GET /Photos/2025/2025-01_%E6%9C%AA%E7%9F%A5%E5%9C%B0%E9%BB%9E/IMG_8575.JPG HTTP/1.1" 200 -
[06/Aug/2026 16:35:39] "GET /Photos/2025/2025-01_%E6%9C%AA%E7%9F%A5%E5%9C%B0%E9%BB%9E/IMG_8574.JPG HTTP/1.1" 200 -
[06/Aug/2026 16:35:39] "GET /Photos/2025/2025-01_%E6%9C%AA%E7%9F%A5%E5%9C%B0%E9%BB%9E/IMG_8570.JPG HTTP/1.1" 200 -
[06/Aug/2026 16:35:39] "GET /Photos/2025/2025-01_%E6%9C%AA%E7%9F%A5%E5%9C%B0%E9%BB%9E/IMG_8599.JPG HTTP/1.1" 200 -
[06/Aug/2026 16:35:39] "GET /Photos/2025/2025-01_%E6%9C%AA%E7%9F%A5%E5%9C%B0%E9%BB%9E/IMG_8598.JPG HTTP/1.1" 200 -
[06/Aug/2026 16:35:39] "GET /Photos/2025/2025-01_%E6%9C%AA%E7%9F%A5%E5%9C%B0%E9%BB%9E/IMG_8572.JPG HTTP/1.1" 200 -
[06/Aug/2026 16:35:39] "GET /Photos/2025/2025-01_%E6%9C%AA%E7%9F%A5%E5%9C%B0%E9%BB%9E/IMG_8581.JPG HTTP/1.1" 200 -
[06/Aug/2026 16:35:39] "GET /Photos/2025/2025-01_%E6%9C%AA%E7%9F%A5%E5%9C%B0%E9%BB%9E/IMG_8595.JPG HTTP/1.1" 200 -
[06/Aug/2026 16:35:39] "GET /Photos/2025/2025-01_%E6%9C%AA%E7%9F%A5%E5%9C%B0%E9%BB%9E/IMG_8594.JPG HTTP/1.1" 200 -
[06/Aug/2026 16:35:39] "GET /Photos/2025/2025-01_%E6%9C%AA%E7%9F%A5%E5%9C%B0%E9%BB%9E/IMG_8580.JPG HTTP/1.1" 200 -
[06/Aug/2026 16:35:39] "GET /Photos/2025/2025-01_%E6%9C%AA%E7%9F%A5%E5%9C%B0%E9%BB%9E/IMG_8596.JPG HTTP/1.1" 200 -
[06/Aug/2026 16:35:39] "GET /Photos/2025/2025-01_%E6%9C%AA%E7%9F%A5%E5%9C%B0%E9%BB%9E/IMG_8582.JPG HTTP/1.1" 200 -
[06/Aug/2026 16:35:39] "GET /Photos/2025/2025-01_%E6%9C%AA%E7%9F%A5%E5%9C%B0%E9%BB%9E/IMG_8583.JPG HTTP/1.1" 200 -
[06/Aug/2026 16:35:39] "GET /Photos/2025/2025-01_%E6%9C%AA%E7%9F%A5%E5%9C%B0%E9%BB%9E/IMG_8568.JPG HTTP/1.1" 200 -
[06/Aug/2026 16:35:39] "GET /Photos/2025/2025-01_%E6%9C%AA%E7%9F%A5%E5%9C%B0%E9%BB%9E/IMG_8597.JPG HTTP/1.1" 200 -
[06/Aug/2026 16:35:39] "GET /Photos/2025/2025-01_%E6%9C%AA%E7%9F%A5%E5%9C%B0%E9%BB%9E/IMG_8587.JPG HTTP/1.1" 200 -
[06/Aug/2026 16:35:39] "GET /Photos/2025/2025-01_%E6%9C%AA%E7%9F%A5%E5%9C%B0%E9%BB%9E/IMG_8578.JPG HTTP/1.1" 200 -
[06/Aug/2026 16:35:39] "GET /Photos/2025/2025-01_%E6%9C%AA%E7%9F%A5%E5%9C%B0%E9%BB%9E/IMG_8579.JPG HTTP/1.1" 200 -
[06/Aug/2026 16:35:39] "GET /Photos/2025/2025-01_%E6%9C%AA%E7%9F%A5%E5%9C%B0%E9%BB%9E/IMG_8586.JPG HTTP/1.1" 200 -
[06/Aug/2026 16:35:39] "GET /Photos/2025/2025-01_%E6%9C%AA%E7%9F%A5%E5%9C%B0%E9%BB%9E/IMG_8584.JPG HTTP/1.1" 200 -
[06/Aug/2026 16:35:39] "GET /Photos/2025/2025-01_%E6%9C%AA%E7%9F%A5%E5%9C%B0%E9%BB%9E/IMG_8590.JPG HTTP/1.1" 200 -
[06/Aug/2026 16:35:39] "GET /Photos/2025/2025-01_%E6%9C%AA%E7%9F%A5%E5%9C%B0%E9%BB%9E/IMG_8591.JPG HTTP/1.1" 200 -
[06/Aug/2026 16:35:41] "GET /Photos/2024/2024-08_%E6%9C%AA%E7%9F%A5%E5%9C%B0%E9%BB%9E/IMG_7542.JPG HTTP/1.1" 200 -
[06/Aug/2026 16:35:41] "GET /Photos/2024/2024-10_%E8%87%BA%E4%B8%AD%E5%B8%82/IMG_7877.jpeg HTTP/1.1" 200 -
[06/Aug/2026 16:35:41] "GET /Photos/2024/2024-10_%E8%87%BA%E4%B8%AD%E5%B8%82/IMG_7882.jpeg HTTP/1.1" 200 -
[06/Aug/2026 16:35:41] "GET /Photos/2024/2024-10_%E8%87%BA%E4%B8%AD%E5%B8%82/IMG_7800.jpeg HTTP/1.1" 200 -
[06/Aug/2026 16:35:41] "GET /Photos/2024/2024-10_%E8%87%BA%E4%B8%AD%E5%B8%82/IMG_7769.jpeg HTTP/1.1" 200 -
[06/Aug/2026 16:35:41] "GET /Photos/2024/2024-10_%E8%87%BA%E4%B8%AD%E5%B8%82/IMG_7801.jpeg HTTP/1.1" 200 -
[06/Aug/2026 16:35:41] "GET /Photos/2024/2024-10_%E8%87%BA%E4%B8%AD%E5%B8%82/IMG_7884.jpeg HTTP/1.1" 200 -
[06/Aug/2026 16:35:41] "GET /Photos/2024/2024-10_%E8%87%BA%E4%B8%AD%E5%B8%82/IMG_7867.jpeg HTTP/1.1" 200 -
[06/Aug/2026 16:35:41] "GET /Photos/2024/2024-10_%E8%87%BA%E4%B8%AD%E5%B8%82/IMG_7871.jpeg HTTP/1.1" 200 -
[06/Aug/2026 16:35:41] "GET /Photos/2024/2024-10_%E8%87%BA%E4%B8%AD%E5%B8%82/IMG_7883.jpeg HTTP/1.1" 200 -
[06/Aug/2026 16:35:41] "GET /Photos/2024/2024-10_%E8%87%BA%E4%B8%AD%E5%B8%82/IMG_7790.jpeg HTTP/1.1" 200 -
[06/Aug/2026 16:35:41] "GET /Photos/2024/2024-10_%E8%87%BA%E4%B8%AD%E5%B8%82/IMG_7797.jpeg HTTP/1.1" 200 -
[06/Aug/2026 16:35:41] "GET /Photos/2024/2024-10_%E8%87%BA%E4%B8%AD%E5%B8%82/IMG_7775.jpeg HTTP/1.1" 200 -
[06/Aug/2026 16:35:42] "GET /Photos/2024/2024-10_%E8%87%BA%E4%B8%AD%E5%B8%82/IMG_7866.jpeg HTTP/1.1" 200 -
[06/Aug/2026 16:35:42] "GET /Photos/2024/2024-10_%E8%87%BA%E4%B8%AD%E5%B8%82/IMG_7870.jpeg HTTP/1.1" 200 -
[06/Aug/2026 16:35:42] "GET /Photos/2024/2024-10_%E8%87%BA%E4%B8%AD%E5%B8%82/IMG_7885.jpeg HTTP/1.1" 200 -
[06/Aug/2026 16:35:42] "GET /Photos/2024/2024-10_%E8%87%BA%E4%B8%AD%E5%B8%82/IMG_7804.jpeg HTTP/1.1" 200 -
[06/Aug/2026 16:35:42] "GET /Photos/2024/2024-10_%E8%87%BA%E4%B8%AD%E5%B8%82/IMG_7869.jpeg HTTP/1.1" 200 -
[06/Aug/2026 16:35:42] "GET /Photos/2024/2024-10_%E8%87%BA%E4%B8%AD%E5%B8%82/IMG_7776.jpeg HTTP/1.1" 200 -
[06/Aug/2026 16:35:42] "GET /Photos/2024/2024-10_%E8%87%BA%E4%B8%AD%E5%B8%82/IMG_7799.jpeg HTTP/1.1" 200 -
[06/Aug/2026 16:35:42] "GET /Photos/2024/2024-10_%E8%87%BA%E4%B8%AD%E5%B8%82/IMG_7865.jpeg HTTP/1.1" 200 -
[06/Aug/2026 16:35:42] "GET /Photos/2024/2024-10_%E8%87%BA%E4%B8%AD%E5%B8%82/IMG_7798.jpeg HTTP/1.1" 200 -
[06/Aug/2026 16:35:42] "GET /Photos/2024/2024-10_%E8%87%BA%E4%B8%AD%E5%B8%82/IMG_7887.jpeg HTTP/1.1" 200 -
[06/Aug/2026 16:35:42] "GET /Photos/2024/2024-10_%E8%87%BA%E4%B8%AD%E5%B8%82/IMG_7868.jpeg HTTP/1.1" 200 -
[06/Aug/2026 16:35:42] "GET /Photos/2024/2024-10_%E8%87%BA%E4%B8%AD%E5%B8%82/IMG_7805.jpeg HTTP/1.1" 200 -
[06/Aug/2026 16:35:42] "GET /Photos/2024/2024-10_%E8%87%BA%E4%B8%AD%E5%B8%82/IMG_7766.jpeg HTTP/1.1" 200 -
[06/Aug/2026 16:35:42] "GET /Photos/2024/2024-10_%E8%87%BA%E4%B8%AD%E5%B8%82/IMG_7770.jpeg HTTP/1.1" 200 -
[06/Aug/2026 16:35:42] "GET /Photos/2024/2024-10_%E8%87%BA%E4%B8%AD%E5%B8%82/IMG_7802.jpeg HTTP/1.1" 200 -
[06/Aug/2026 16:35:42] "GET /Photos/2024/2024-10_%E8%87%BA%E4%B8%AD%E5%B8%82/IMG_7880.jpeg HTTP/1.1" 200 -
[06/Aug/2026 16:35:42] "GET /Photos/2024/2024-10_%E8%87%BA%E4%B8%AD%E5%B8%82/IMG_7879.jpeg HTTP/1.1" 200 -
[06/Aug/2026 16:35:42] "GET /Photos/2024/2024-10_%E8%87%BA%E4%B8%AD%E5%B8%82/IMG_7878.jpeg HTTP/1.1" 200 -
[06/Aug/2026 16:35:42] "GET /Photos/2024/2024-10_%E8%87%BA%E4%B8%AD%E5%B8%82/IMG_7881.jpeg HTTP/1.1" 200 -
[06/Aug/2026 16:35:44] "GET /Photos/2024/2024-12_%E6%9C%AA%E7%9F%A5%E5%9C%B0%E9%BB%9E/IMG_8556.jpeg HTTP/1.1" 200 -
[06/Aug/2026 16:35:44] "GET /Photos/2024/2024-12_%E6%9C%AA%E7%9F%A5%E5%9C%B0%E9%BB%9E/IMG_8557.jpeg HTTP/1.1" 200 -
[06/Aug/2026 16:36:04] "GET / HTTP/1.1" 304 -
[06/Aug/2026 16:36:04] "GET /api/photos HTTP/1.1" 200 -
[06/Aug/2026 16:38:15] "GET / HTTP/1.1" 304 -
[06/Aug/2026 16:38:15] "GET /api/photos HTTP/1.1" 200 -
[06/Aug/2026 17:02:39] "HEAD / HTTP/1.1" 200 -
[06/Aug/2026 17:06:55] "GET / HTTP/1.1" 304 -
[06/Aug/2026 17:06:55] "GET /api/photos HTTP/1.1" 200 -
[06/Aug/2026 17:06:59] "GET /Photos/2024/2024-10_%E8%87%BA%E4%B8%AD%E5%B8%82/IMG_7769.jpeg HTTP/1.1" 304 -
[06/Aug/2026 17:06:59] "GET /Photos/2024/2024-10_%E8%87%BA%E4%B8%AD%E5%B8%82/IMG_7884.jpeg HTTP/1.1" 304 -
[06/Aug/2026 17:06:59] "GET /Photos/2024/2024-10_%E8%87%BA%E4%B8%AD%E5%B8%82/IMG_7877.jpeg HTTP/1.1" 304 -
[06/Aug/2026 17:06:59] "GET /Photos/2024/2024-10_%E8%87%BA%E4%B8%AD%E5%B8%82/IMG_7800.jpeg HTTP/1.1" 304 -
[06/Aug/2026 17:06:59] "GET /Photos/2024/2024-10_%E8%87%BA%E4%B8%AD%E5%B8%82/IMG_7801.jpeg HTTP/1.1" 304 -
[06/Aug/2026 17:06:59] "GET /Photos/2024/2024-10_%E8%87%BA%E4%B8%AD%E5%B8%82/IMG_7882.jpeg HTTP/1.1" 304 -
[06/Aug/2026 17:06:59] "GET /Photos/2024/2024-10_%E8%87%BA%E4%B8%AD%E5%B8%82/IMG_7790.jpeg HTTP/1.1" 304 -
[06/Aug/2026 17:06:59] "GET /Photos/2024/2024-10_%E8%87%BA%E4%B8%AD%E5%B8%82/IMG_7883.jpeg HTTP/1.1" 304 -
[06/Aug/2026 17:06:59] "GET /Photos/2024/2024-10_%E8%87%BA%E4%B8%AD%E5%B8%82/IMG_7871.jpeg HTTP/1.1" 304 -
[06/Aug/2026 17:06:59] "GET /Photos/2024/2024-10_%E8%87%BA%E4%B8%AD%E5%B8%82/IMG_7775.jpeg HTTP/1.1" 304 -
[06/Aug/2026 17:06:59] "GET /Photos/2024/2024-10_%E8%87%BA%E4%B8%AD%E5%B8%82/IMG_7867.jpeg HTTP/1.1" 304 -
[06/Aug/2026 17:06:59] "GET /Photos/2024/2024-10_%E8%87%BA%E4%B8%AD%E5%B8%82/IMG_7797.jpeg HTTP/1.1" 304 -
[06/Aug/2026 17:06:59] "GET /Photos/2024/2024-10_%E8%87%BA%E4%B8%AD%E5%B8%82/IMG_7870.jpeg HTTP/1.1" 304 -
[06/Aug/2026 17:06:59] "GET /Photos/2024/2024-10_%E8%87%BA%E4%B8%AD%E5%B8%82/IMG_7866.jpeg HTTP/1.1" 304 -
[06/Aug/2026 17:07:00] "GET /Photos/2024/2024-10_%E8%87%BA%E4%B8%AD%E5%B8%82/IMG_7885.jpeg HTTP/1.1" 304 -
[06/Aug/2026 17:07:00] "GET /Photos/2024/2024-10_%E8%87%BA%E4%B8%AD%E5%B8%82/IMG_7869.jpeg HTTP/1.1" 304 -
[06/Aug/2026 17:07:00] "GET /Photos/2024/2024-10_%E8%87%BA%E4%B8%AD%E5%B8%82/IMG_7776.jpeg HTTP/1.1" 304 -
[06/Aug/2026 17:07:00] "GET /Photos/2024/2024-10_%E8%87%BA%E4%B8%AD%E5%B8%82/IMG_7799.jpeg HTTP/1.1" 304 -
[06/Aug/2026 17:07:00] "GET /Photos/2024/2024-10_%E8%87%BA%E4%B8%AD%E5%B8%82/IMG_7865.jpeg HTTP/1.1" 304 -
[06/Aug/2026 17:07:00] "GET /Photos/2024/2024-10_%E8%87%BA%E4%B8%AD%E5%B8%82/IMG_7798.jpeg HTTP/1.1" 304 -
[06/Aug/2026 17:07:00] "GET /Photos/2024/2024-10_%E8%87%BA%E4%B8%AD%E5%B8%82/IMG_7887.jpeg HTTP/1.1" 304 -
[06/Aug/2026 17:07:00] "GET /Photos/2024/2024-10_%E8%87%BA%E4%B8%AD%E5%B8%82/IMG_7868.jpeg HTTP/1.1" 304 -
[06/Aug/2026 17:07:00] "GET /Photos/2024/2024-10_%E8%87%BA%E4%B8%AD%E5%B8%82/IMG_7804.jpeg HTTP/1.1" 304 -
[06/Aug/2026 17:07:00] "GET /Photos/2024/2024-10_%E8%87%BA%E4%B8%AD%E5%B8%82/IMG_7805.jpeg HTTP/1.1" 304 -
[06/Aug/2026 17:07:00] "GET /Photos/2024/2024-10_%E8%87%BA%E4%B8%AD%E5%B8%82/IMG_7766.jpeg HTTP/1.1" 304 -
[06/Aug/2026 17:07:00] "GET /Photos/2024/2024-10_%E8%87%BA%E4%B8%AD%E5%B8%82/IMG_7770.jpeg HTTP/1.1" 304 -
[06/Aug/2026 17:07:00] "GET /Photos/2024/2024-10_%E8%87%BA%E4%B8%AD%E5%B8%82/IMG_7802.jpeg HTTP/1.1" 304 -
[06/Aug/2026 17:07:00] "GET /Photos/2024/2024-10_%E8%87%BA%E4%B8%AD%E5%B8%82/IMG_7880.jpeg HTTP/1.1" 304 -
[06/Aug/2026 17:07:00] "GET /Photos/2024/2024-10_%E8%87%BA%E4%B8%AD%E5%B8%82/IMG_7879.jpeg HTTP/1.1" 304 -
[06/Aug/2026 17:07:00] "GET /Photos/2024/2024-10_%E8%87%BA%E4%B8%AD%E5%B8%82/IMG_7878.jpeg HTTP/1.1" 304 -
[06/Aug/2026 17:07:00] "GET /Photos/2024/2024-10_%E8%87%BA%E4%B8%AD%E5%B8%82/IMG_7881.jpeg HTTP/1.1" 304 -
[06/Aug/2026 17:07:01] "GET /Photos/2024/2024-11_%E5%8D%81%E5%92%8C%E7%94%B0%E5%B8%82/IMG_8147.jpeg HTTP/1.1" 200 -
[06/Aug/2026 17:07:01] "GET /Photos/2024/2024-12_%E6%9C%AA%E7%9F%A5%E5%9C%B0%E9%BB%9E/IMG_8492.JPG HTTP/1.1" 200 -
[06/Aug/2026 17:07:01] "GET /Photos/2024/2024-11_%E5%8D%81%E5%92%8C%E7%94%B0%E5%B8%82/IMG_8192.jpeg HTTP/1.1" 200 -
[06/Aug/2026 17:07:01] "GET /Photos/2024/2024-11_%E5%8D%81%E5%92%8C%E7%94%B0%E5%B8%82/IMG_8126.jpeg HTTP/1.1" 200 -
[06/Aug/2026 17:07:01] "GET /Photos/2024/2024-11_%E5%8D%81%E5%92%8C%E7%94%B0%E5%B8%82/IMG_8127.jpeg HTTP/1.1" 200 -
[06/Aug/2026 17:07:01] "GET /Photos/2024/2024-11_%E5%8D%81%E5%92%8C%E7%94%B0%E5%B8%82/IMG_8146.jpeg HTTP/1.1" 200 -
[06/Aug/2026 17:07:01] "GET /Photos/2024/2024-11_%E5%8D%81%E5%92%8C%E7%94%B0%E5%B8%82/IMG_8073.jpeg HTTP/1.1" 200 -
[06/Aug/2026 17:07:01] "GET /Photos/2024/2024-11_%E5%8D%81%E5%92%8C%E7%94%B0%E5%B8%82/IMG_8183.jpeg HTTP/1.1" 200 -
[06/Aug/2026 17:07:01] "GET /Photos/2024/2024-11_%E5%8D%81%E5%92%8C%E7%94%B0%E5%B8%82/IMG_8213.jpeg HTTP/1.1" 200 -
[06/Aug/2026 17:07:01] "GET /Photos/2024/2024-11_%E5%8D%81%E5%92%8C%E7%94%B0%E5%B8%82/IMG_8157.jpeg HTTP/1.1" 200 -
[06/Aug/2026 17:07:01] "GET /Photos/2024/2024-11_%E5%8D%81%E5%92%8C%E7%94%B0%E5%B8%82/IMG_8212.jpeg HTTP/1.1" 200 -
[06/Aug/2026 17:07:01] "GET /Photos/2024/2024-11_%E5%8D%81%E5%92%8C%E7%94%B0%E5%B8%82/IMG_8156.jpeg HTTP/1.1" 200 -
[06/Aug/2026 17:07:01] "GET /Photos/2024/2024-11_%E5%8D%81%E5%92%8C%E7%94%B0%E5%B8%82/IMG_8072.jpeg HTTP/1.1" 200 -
[06/Aug/2026 17:07:01] "GET /Photos/2024/2024-11_%E5%8D%81%E5%92%8C%E7%94%B0%E5%B8%82/IMG_8071.jpeg HTTP/1.1" 200 -
[06/Aug/2026 17:07:01] "GET /Photos/2024/2024-11_%E5%8D%81%E5%92%8C%E7%94%B0%E5%B8%82/IMG_8159.jpeg HTTP/1.1" 200 -
[06/Aug/2026 17:07:01] "GET /Photos/2024/2024-11_%E5%8D%81%E5%92%8C%E7%94%B0%E5%B8%82/IMG_8211.jpeg HTTP/1.1" 200 -
[06/Aug/2026 17:07:01] "GET /Photos/2024/2024-11_%E5%8D%81%E5%92%8C%E7%94%B0%E5%B8%82/IMG_8143.jpeg HTTP/1.1" 200 -
[06/Aug/2026 17:07:01] "GET /Photos/2024/2024-11_%E5%8D%81%E5%92%8C%E7%94%B0%E5%B8%82/IMG_8142.jpeg HTTP/1.1" 200 -
[06/Aug/2026 17:07:01] "GET /Photos/2024/2024-11_%E5%8D%81%E5%92%8C%E7%94%B0%E5%B8%82/IMG_8158.jpeg HTTP/1.1" 200 -
[06/Aug/2026 17:07:02] "GET /Photos/2024/2024-11_%E5%8D%81%E5%92%8C%E7%94%B0%E5%B8%82/IMG_8094.jpeg HTTP/1.1" 200 -
[06/Aug/2026 17:07:02] "GET /Photos/2024/2024-11_%E5%8D%81%E5%92%8C%E7%94%B0%E5%B8%82/IMG_8145.jpeg HTTP/1.1" 200 -
[06/Aug/2026 17:07:02] "GET /Photos/2024/2024-11_%E5%8D%81%E5%92%8C%E7%94%B0%E5%B8%82/IMG_8149.jpeg HTTP/1.1" 200 -
[06/Aug/2026 17:07:02] "GET /Photos/2024/2024-11_%E5%8D%81%E5%92%8C%E7%94%B0%E5%B8%82/IMG_8061.jpeg HTTP/1.1" 200 -
[06/Aug/2026 17:07:02] "GET /Photos/2024/2024-11_%E5%8D%81%E5%92%8C%E7%94%B0%E5%B8%82/IMG_8060.jpeg HTTP/1.1" 200 -
[06/Aug/2026 17:07:02] "GET /Photos/2024/2024-11_%E5%8D%81%E5%92%8C%E7%94%B0%E5%B8%82/IMG_8148.jpeg HTTP/1.1" 200 -
[06/Aug/2026 17:07:02] "GET /Photos/2024/2024-11_%E5%8D%81%E5%92%8C%E7%94%B0%E5%B8%82/IMG_8144.jpeg HTTP/1.1" 200 -
[06/Aug/2026 17:07:02] "GET /Photos/2024/2024-11_%E5%8D%81%E5%92%8C%E7%94%B0%E5%B8%82/IMG_8191.jpeg HTTP/1.1" 200 -
[06/Aug/2026 17:07:02] "GET /Photos/2024/2024-11_%E5%8D%81%E5%92%8C%E7%94%B0%E5%B8%82/IMG_8095.jpeg HTTP/1.1" 200 -
[06/Aug/2026 17:07:02] "GET /Photos/2024/2024-11_%E4%BB%99%E8%87%BA%E5%B8%82/IMG_8360.jpeg HTTP/1.1" 200 -
[06/Aug/2026 17:07:02] "GET /Photos/2024/2024-11_%E4%BB%99%E8%87%BA%E5%B8%82/IMG_8388.jpeg HTTP/1.1" 200 -
[07/Aug/2026 08:54:17] code 404, message File not found
[07/Aug/2026 08:54:17] "GET /favicon.ico HTTP/1.1" 404 -
[07/Aug/2026 09:14:51] "GET / HTTP/1.1" 304 -
[07/Aug/2026 09:14:52] "GET /api/photos HTTP/1.1" 200 -
[07/Aug/2026 09:14:56] "GET /Photos/2024/2024-10_%E8%87%BA%E4%B8%AD%E5%B8%82/IMG_7882.jpeg HTTP/1.1" 304 -
[07/Aug/2026 09:14:56] "GET /Photos/2024/2024-10_%E8%87%BA%E4%B8%AD%E5%B8%82/IMG_7800.jpeg HTTP/1.1" 304 -
[07/Aug/2026 09:14:56] "GET /Photos/2024/2024-10_%E8%87%BA%E4%B8%AD%E5%B8%82/IMG_7769.jpeg HTTP/1.1" 304 -
[07/Aug/2026 09:14:56] "GET /Photos/2024/2024-10_%E8%87%BA%E4%B8%AD%E5%B8%82/IMG_7877.jpeg HTTP/1.1" 304 -
[07/Aug/2026 09:14:56] "GET /Photos/2024/2024-10_%E8%87%BA%E4%B8%AD%E5%B8%82/IMG_7801.jpeg HTTP/1.1" 304 -
[07/Aug/2026 09:14:56] "GET /Photos/2024/2024-10_%E8%87%BA%E4%B8%AD%E5%B8%82/IMG_7884.jpeg HTTP/1.1" 304 -
[07/Aug/2026 09:14:56] "GET /Photos/2024/2024-10_%E8%87%BA%E4%B8%AD%E5%B8%82/IMG_7797.jpeg HTTP/1.1" 304 -
[07/Aug/2026 09:14:56] "GET /Photos/2024/2024-10_%E8%87%BA%E4%B8%AD%E5%B8%82/IMG_7883.jpeg HTTP/1.1" 304 -
[07/Aug/2026 09:14:56] "GET /Photos/2024/2024-10_%E8%87%BA%E4%B8%AD%E5%B8%82/IMG_7867.jpeg HTTP/1.1" 304 -
[07/Aug/2026 09:14:56] "GET /Photos/2024/2024-10_%E8%87%BA%E4%B8%AD%E5%B8%82/IMG_7871.jpeg HTTP/1.1" 304 -
[07/Aug/2026 09:14:56] "GET /Photos/2024/2024-10_%E8%87%BA%E4%B8%AD%E5%B8%82/IMG_7790.jpeg HTTP/1.1" 304 -
[07/Aug/2026 09:14:56] "GET /Photos/2024/2024-10_%E8%87%BA%E4%B8%AD%E5%B8%82/IMG_7775.jpeg HTTP/1.1" 304 -
[07/Aug/2026 09:14:56] "GET /Photos/2024/2024-10_%E8%87%BA%E4%B8%AD%E5%B8%82/IMG_7866.jpeg HTTP/1.1" 200 -
[07/Aug/2026 09:14:56] "GET /Photos/2024/2024-10_%E8%87%BA%E4%B8%AD%E5%B8%82/IMG_7870.jpeg HTTP/1.1" 304 -
[07/Aug/2026 09:14:56] "GET /Photos/2024/2024-10_%E8%87%BA%E4%B8%AD%E5%B8%82/IMG_7885.jpeg HTTP/1.1" 304 -
[07/Aug/2026 09:14:56] "GET /Photos/2024/2024-10_%E8%87%BA%E4%B8%AD%E5%B8%82/IMG_7804.jpeg HTTP/1.1" 304 -
[07/Aug/2026 09:14:56] "GET /Photos/2024/2024-10_%E8%87%BA%E4%B8%AD%E5%B8%82/IMG_7869.jpeg HTTP/1.1" 304 -
[07/Aug/2026 09:14:56] "GET /Photos/2024/2024-10_%E8%87%BA%E4%B8%AD%E5%B8%82/IMG_7776.jpeg HTTP/1.1" 304 -
[07/Aug/2026 09:14:56] "GET /Photos/2024/2024-10_%E8%87%BA%E4%B8%AD%E5%B8%82/IMG_7799.jpeg HTTP/1.1" 304 -
[07/Aug/2026 09:14:56] "GET /Photos/2024/2024-10_%E8%87%BA%E4%B8%AD%E5%B8%82/IMG_7865.jpeg HTTP/1.1" 304 -
[07/Aug/2026 09:14:56] "GET /Photos/2024/2024-10_%E8%87%BA%E4%B8%AD%E5%B8%82/IMG_7798.jpeg HTTP/1.1" 304 -
[07/Aug/2026 09:14:56] "GET /Photos/2024/2024-10_%E8%87%BA%E4%B8%AD%E5%B8%82/IMG_7887.jpeg HTTP/1.1" 304 -
[07/Aug/2026 09:14:56] "GET /Photos/2024/2024-10_%E8%87%BA%E4%B8%AD%E5%B8%82/IMG_7868.jpeg HTTP/1.1" 304 -
[07/Aug/2026 09:14:56] "GET /Photos/2024/2024-10_%E8%87%BA%E4%B8%AD%E5%B8%82/IMG_7805.jpeg HTTP/1.1" 304 -
[07/Aug/2026 09:14:56] "GET /Photos/2024/2024-10_%E8%87%BA%E4%B8%AD%E5%B8%82/IMG_7766.jpeg HTTP/1.1" 304 -
[07/Aug/2026 09:14:56] "GET /Photos/2024/2024-10_%E8%87%BA%E4%B8%AD%E5%B8%82/IMG_7770.jpeg HTTP/1.1" 304 -
[07/Aug/2026 09:14:56] "GET /Photos/2024/2024-10_%E8%87%BA%E4%B8%AD%E5%B8%82/IMG_7802.jpeg HTTP/1.1" 304 -
[07/Aug/2026 09:14:56] "GET /Photos/2024/2024-10_%E8%87%BA%E4%B8%AD%E5%B8%82/IMG_7879.jpeg HTTP/1.1" 200 -
[07/Aug/2026 09:14:56] "GET /Photos/2024/2024-10_%E8%87%BA%E4%B8%AD%E5%B8%82/IMG_7880.jpeg HTTP/1.1" 304 -
[07/Aug/2026 09:14:56] "GET /Photos/2024/2024-10_%E8%87%BA%E4%B8%AD%E5%B8%82/IMG_7878.jpeg HTTP/1.1" 304 -
[07/Aug/2026 09:14:56] "GET /Photos/2024/2024-10_%E8%87%BA%E4%B8%AD%E5%B8%82/IMG_7881.jpeg HTTP/1.1" 304 -
[07/Aug/2026 09:14:58] "GET /Photos/2024/2024-11_%E5%8D%81%E5%92%8C%E7%94%B0%E5%B8%82/IMG_8147.jpeg HTTP/1.1" 200 -
[07/Aug/2026 09:14:58] "GET /Photos/2024/2024-11_%E5%8D%81%E5%92%8C%E7%94%B0%E5%B8%82/IMG_8192.jpeg HTTP/1.1" 304 -
[07/Aug/2026 09:14:58] "GET /Photos/2024/2024-11_%E5%8D%81%E5%92%8C%E7%94%B0%E5%B8%82/IMG_8146.jpeg HTTP/1.1" 200 -
[07/Aug/2026 09:14:58] "GET /Photos/2024/2024-11_%E5%8D%81%E5%92%8C%E7%94%B0%E5%B8%82/IMG_8126.jpeg HTTP/1.1" 304 -
[07/Aug/2026 09:14:58] "GET /Photos/2024/2024-11_%E5%8D%81%E5%92%8C%E7%94%B0%E5%B8%82/IMG_8127.jpeg HTTP/1.1" 304 -
[07/Aug/2026 09:14:58] "GET /Photos/2024/2024-11_%E5%8D%81%E5%92%8C%E7%94%B0%E5%B8%82/IMG_8073.jpeg HTTP/1.1" 304 -
[07/Aug/2026 09:14:58] "GET /Photos/2024/2024-11_%E5%8D%81%E5%92%8C%E7%94%B0%E5%B8%82/IMG_8183.jpeg HTTP/1.1" 200 -
[07/Aug/2026 09:14:58] "GET /Photos/2024/2024-11_%E5%8D%81%E5%92%8C%E7%94%B0%E5%B8%82/IMG_8157.jpeg HTTP/1.1" 200 -
[07/Aug/2026 09:14:58] "GET /Photos/2024/2024-11_%E5%8D%81%E5%92%8C%E7%94%B0%E5%B8%82/IMG_8213.jpeg HTTP/1.1" 304 -
[07/Aug/2026 09:14:58] "GET /Photos/2024/2024-11_%E5%8D%81%E5%92%8C%E7%94%B0%E5%B8%82/IMG_8156.jpeg HTTP/1.1" 200 -
[07/Aug/2026 09:14:58] "GET /Photos/2024/2024-11_%E5%8D%81%E5%92%8C%E7%94%B0%E5%B8%82/IMG_8212.jpeg HTTP/1.1" 304 -
[07/Aug/2026 09:14:58] "GET /Photos/2024/2024-11_%E5%8D%81%E5%92%8C%E7%94%B0%E5%B8%82/IMG_8072.jpeg HTTP/1.1" 304 -
[07/Aug/2026 09:14:58] "GET /Photos/2024/2024-11_%E5%8D%81%E5%92%8C%E7%94%B0%E5%B8%82/IMG_8071.jpeg HTTP/1.1" 304 -
[07/Aug/2026 09:14:58] "GET /Photos/2024/2024-11_%E5%8D%81%E5%92%8C%E7%94%B0%E5%B8%82/IMG_8159.jpeg HTTP/1.1" 200 -
[07/Aug/2026 09:14:58] "GET /Photos/2024/2024-11_%E5%8D%81%E5%92%8C%E7%94%B0%E5%B8%82/IMG_8143.jpeg HTTP/1.1" 200 -
[07/Aug/2026 09:14:58] "GET /Photos/2024/2024-11_%E5%8D%81%E5%92%8C%E7%94%B0%E5%B8%82/IMG_8211.jpeg HTTP/1.1" 200 -
[07/Aug/2026 09:14:58] "GET /Photos/2024/2024-11_%E5%8D%81%E5%92%8C%E7%94%B0%E5%B8%82/IMG_8158.jpeg HTTP/1.1" 200 -
[07/Aug/2026 09:14:58] "GET /Photos/2024/2024-11_%E5%8D%81%E5%92%8C%E7%94%B0%E5%B8%82/IMG_8142.jpeg HTTP/1.1" 200 -
[07/Aug/2026 09:14:58] "GET /Photos/2024/2024-11_%E5%8D%81%E5%92%8C%E7%94%B0%E5%B8%82/IMG_8094.jpeg HTTP/1.1" 200 -
[07/Aug/2026 09:14:59] "GET /Photos/2024/2024-11_%E5%8D%81%E5%92%8C%E7%94%B0%E5%B8%82/IMG_8145.jpeg HTTP/1.1" 200 -
[07/Aug/2026 09:14:59] "GET /Photos/2024/2024-11_%E5%8D%81%E5%92%8C%E7%94%B0%E5%B8%82/IMG_8149.jpeg HTTP/1.1" 200 -
[07/Aug/2026 09:14:59] "GET /Photos/2024/2024-11_%E5%8D%81%E5%92%8C%E7%94%B0%E5%B8%82/IMG_8148.jpeg HTTP/1.1" 200 -
[07/Aug/2026 09:14:59] "GET /Photos/2024/2024-11_%E5%8D%81%E5%92%8C%E7%94%B0%E5%B8%82/IMG_8061.jpeg HTTP/1.1" 200 -
[07/Aug/2026 09:14:59] "GET /Photos/2024/2024-11_%E5%8D%81%E5%92%8C%E7%94%B0%E5%B8%82/IMG_8060.jpeg HTTP/1.1" 200 -
[07/Aug/2026 09:14:59] "GET /Photos/2024/2024-11_%E5%8D%81%E5%92%8C%E7%94%B0%E5%B8%82/IMG_8144.jpeg HTTP/1.1" 200 -
[07/Aug/2026 09:14:59] "GET /Photos/2024/2024-11_%E5%8D%81%E5%92%8C%E7%94%B0%E5%B8%82/IMG_8191.jpeg HTTP/1.1" 200 -
[07/Aug/2026 09:14:59] "GET /Photos/2024/2024-11_%E5%8D%81%E5%92%8C%E7%94%B0%E5%B8%82/IMG_8095.jpeg HTTP/1.1" 200 -
[07/Aug/2026 09:14:59] "GET /Photos/2024/2024-11_%E4%BB%99%E8%87%BA%E5%B8%82/IMG_8360.jpeg HTTP/1.1" 200 -
[07/Aug/2026 09:14:59] "GET /Photos/2024/2024-11_%E4%BB%99%E8%87%BA%E5%B8%82/IMG_8388.jpeg HTTP/1.1" 304 -
[07/Aug/2026 09:15:20] "GET /Photos/2024/2024-11_%E4%BB%99%E8%87%BA%E5%B8%82/IMG_8396.jpeg HTTP/1.1" 200 -
[07/Aug/2026 09:15:20] "GET /Photos/2024/2024-11_%E4%BB%99%E8%87%BA%E5%B8%82/IMG_8395.jpeg HTTP/1.1" 200 -
[07/Aug/2026 09:15:20] "GET /Photos/2024/2024-11_%E4%BB%99%E8%87%BA%E5%B8%82/IMG_8387.jpeg HTTP/1.1" 200 -
[07/Aug/2026 09:15:20] "GET /Photos/2024/2024-11_%E4%BB%99%E8%87%BA%E5%B8%82/IMG_8391.jpeg HTTP/1.1" 200 -
[07/Aug/2026 09:15:22] "GET /Photos/2024/2024-11_%E7%A4%81%E6%BA%AA%E9%84%89/IMG_8433.jpeg HTTP/1.1" 200 -
[07/Aug/2026 09:15:22] "GET /Photos/2024/2024-11_%E7%A4%81%E6%BA%AA%E9%84%89/IMG_8439.jpeg HTTP/1.1" 200 -
[07/Aug/2026 09:15:22] "GET /Photos/2024/2024-11_%E7%A4%81%E6%BA%AA%E9%84%89/IMG_8435.jpeg HTTP/1.1" 200 -
[07/Aug/2026 09:15:22] "GET /Photos/2024/2024-11_%E7%A4%81%E6%BA%AA%E9%84%89/IMG_8438.jpeg HTTP/1.1" 200 -
[07/Aug/2026 09:15:22] "GET /Photos/2024/2024-11_%E7%A4%81%E6%BA%AA%E9%84%89/IMG_8434.jpeg HTTP/1.1" 200 -
[07/Aug/2026 09:15:22] "GET /Photos/2024/2024-11_%E4%BB%99%E8%87%BA%E5%B8%82/IMG_8386.jpeg HTTP/1.1" 200 -
[07/Aug/2026 09:15:22] "GET /Photos/2024/2024-11_%E7%A4%81%E6%BA%AA%E9%84%89/IMG_8437.jpeg HTTP/1.1" 200 -
[07/Aug/2026 09:15:22] "GET /Photos/2024/2024-11_%E7%A4%81%E6%BA%AA%E9%84%89/IMG_8436.jpeg HTTP/1.1" 200 -
[07/Aug/2026 09:15:22] "GET /Photos/2024/2024-10_%E9%B9%BF%E8%B0%B7%E9%84%89/IMG_7850.jpeg HTTP/1.1" 200 -
[07/Aug/2026 09:15:22] "GET /Photos/2024/2024-10_%E9%B9%BF%E8%B0%B7%E9%84%89/IMG_7846.jpeg HTTP/1.1" 200 -
[07/Aug/2026 09:15:22] "GET /Photos/2024/2024-10_%E9%B9%BF%E8%B0%B7%E9%84%89/IMG_7845.jpeg HTTP/1.1" 200 -
[07/Aug/2026 09:15:22] "GET /Photos/2024/2024-10_%E9%B9%BF%E8%B0%B7%E9%84%89/IMG_7829.jpeg HTTP/1.1" 200 -
[07/Aug/2026 09:15:25] "GET /Photos/2024/2024-10_%E9%B9%BF%E8%B0%B7%E9%84%89/IMG_7823.jpeg HTTP/1.1" 200 -
[07/Aug/2026 09:15:25] "GET /Photos/2024/2024-07_%E6%A1%83%E5%9C%92%E5%B8%82/IMG_7460.jpeg HTTP/1.1" 200 -
[07/Aug/2026 09:15:25] "GET /Photos/2024/2024-07_%E6%A1%83%E5%9C%92%E5%B8%82/IMG_7461.jpeg HTTP/1.1" 200 -
[07/Aug/2026 09:15:25] "GET /Photos/2024/2024-07_%E6%A1%83%E5%9C%92%E5%B8%82/IMG_7459.jpeg HTTP/1.1" 200 -
[07/Aug/2026 09:15:26] "GET /Photos/2024/2024-07_%E6%A1%83%E5%9C%92%E5%B8%82/IMG_7462.jpeg HTTP/1.1" 200 -
[07/Aug/2026 09:15:26] "GET /Photos/2024/2024-07_%E6%A1%83%E5%9C%92%E5%B8%82/IMG_7458.jpeg HTTP/1.1" 200 -
[07/Aug/2026 09:15:26] "GET /Photos/2024/2024-11_%E4%B8%80%E9%97%9C%E5%B8%82/IMG_8023.jpeg HTTP/1.1" 200 -
[07/Aug/2026 09:15:26] "GET /Photos/2024/2024-11_%E5%AE%9C%E8%98%AD%E5%B8%82/IMG_8445.jpeg HTTP/1.1" 200 -
[07/Aug/2026 09:15:26] "GET /Photos/2024/2024-06_%E6%9C%AA%E7%9F%A5%E5%9C%B0%E9%BB%9E/1C6510BE-5246-4BD2-A92A-1C7DE9E70A24-COLLAGE.JPG HTTP/1.1" 200 -
[07/Aug/2026 09:15:26] "GET /Photos/2024/2024-11_%E5%A5%A7%E5%85%A5%E7%80%A8%E7%94%BA/IMG_8258.jpeg HTTP/1.1" 200 -
[07/Aug/2026 09:15:26] "GET /Photos/2024/2024-11_%E5%A5%A7%E5%85%A5%E7%80%A8%E7%94%BA/IMG_8321.jpeg HTTP/1.1" 200 -
[07/Aug/2026 09:15:26] "GET /Photos/2024/2024-11_%E5%A5%A7%E5%85%A5%E7%80%A8%E7%94%BA/IMG_8337.jpeg HTTP/1.1" 200 -
[07/Aug/2026 09:15:27] "GET /Photos/2024/2024-11_%E5%A5%A7%E5%85%A5%E7%80%A8%E7%94%BA/IMG_8269.jpeg HTTP/1.1" 200 -
[07/Aug/2026 09:15:27] "GET /Photos/2024/2024-11_%E5%A5%A7%E5%85%A5%E7%80%A8%E7%94%BA/IMG_8336.jpeg HTTP/1.1" 200 -
[07/Aug/2026 09:15:27] "GET /Photos/2024/2024-11_%E5%A5%A7%E5%85%A5%E7%80%A8%E7%94%BA/IMG_8335.jpeg HTTP/1.1" 200 -
[07/Aug/2026 09:15:27] "GET /Photos/2024/2024-11_%E5%A5%A7%E5%85%A5%E7%80%A8%E7%94%BA/IMG_8302.jpeg HTTP/1.1" 200 -
[07/Aug/2026 09:15:40] "GET /Photos/2024/2024-11_%E5%A5%A7%E5%85%A5%E7%80%A8%E7%94%BA/IMG_8334.jpeg HTTP/1.1" 200 -
[07/Aug/2026 09:15:40] "GET /Photos/2024/2024-11_%E5%A5%A7%E5%85%A5%E7%80%A8%E7%94%BA/IMG_8333.jpeg HTTP/1.1" 200 -
[07/Aug/2026 09:15:40] "GET /Photos/2024/2024-11_%E5%A5%A7%E5%85%A5%E7%80%A8%E7%94%BA/IMG_8325.jpeg HTTP/1.1" 200 -
[07/Aug/2026 09:15:40] "GET /Photos/2024/2024-11_%E6%9C%AA%E7%9F%A5%E5%9C%B0%E9%BB%9E/IMG_8448.JPG HTTP/1.1" 200 -
[07/Aug/2026 09:15:41] "GET /Photos/2024/2024-09_%E5%8F%B0%E5%8C%97/%E5%9F%BA%E9%9A%86/IMG_7687.jpeg HTTP/1.1" 200 -
[07/Aug/2026 09:15:41] "GET /Photos/2024/2024-11_%E6%9C%AA%E7%9F%A5%E5%9C%B0%E9%BB%9E/IMG_8003.JPG HTTP/1.1" 200 -
[07/Aug/2026 09:15:41] "GET /Photos/2024/2024-11_%E6%9C%AA%E7%9F%A5%E5%9C%B0%E9%BB%9E/IMG_8013.JPG HTTP/1.1" 200 -
[07/Aug/2026 09:15:41] "GET /Photos/2024/2024-11_%E6%9C%AA%E7%9F%A5%E5%9C%B0%E9%BB%9E/IMG_8008.JPG HTTP/1.1" 200 -
[07/Aug/2026 09:15:44] "GET /Photos/2024/2024-09_%E5%8F%B0%E5%8C%97/%E5%9F%BA%E9%9A%86/IMG_7727.jpeg HTTP/1.1" 200 -
[07/Aug/2026 09:15:44] "GET /Photos/2024/2024-08_%E5%8F%B0%E5%8C%97/%E5%9F%BA%E9%9A%86/IMG_7640.jpeg HTTP/1.1" 200 -
[07/Aug/2026 09:15:44] "GET /Photos/2024/2024-08_%E5%8F%B0%E5%8C%97/%E5%9F%BA%E9%9A%86/IMG_7641.jpeg HTTP/1.1" 200 -
[07/Aug/2026 09:15:44] "GET /Photos/2024/2024-08_%E5%8F%B0%E5%8C%97/%E5%9F%BA%E9%9A%86/IMG_7579.jpeg HTTP/1.1" 200 -
[07/Aug/2026 09:16:04] "GET /Photos/2024/2024-08_%E5%8F%B0%E5%8C%97/%E5%9F%BA%E9%9A%86/IMG_7578.jpeg HTTP/1.1" 200 -
[07/Aug/2026 09:16:04] "GET /Photos/2024/2024-08_%E5%8F%B0%E5%8C%97/%E5%9F%BA%E9%9A%86/IMG_7541.jpeg HTTP/1.1" 200 -
[07/Aug/2026 09:16:04] "GET /Photos/2024/2024-08_%E5%8F%B0%E5%8C%97/%E5%9F%BA%E9%9A%86/IMG_7605.jpeg HTTP/1.1" 200 -
[07/Aug/2026 09:16:04] "GET /Photos/2024/2024-08_%E5%8F%B0%E5%8C%97/%E5%9F%BA%E9%9A%86/IMG_7633.jpeg HTTP/1.1" 200 -
[07/Aug/2026 09:16:27] "GET /Photos/2024/2024-08_%E5%8F%B0%E5%8C%97/%E5%9F%BA%E9%9A%86/IMG_7577.jpeg HTTP/1.1" 200 -
[07/Aug/2026 09:16:27] "GET /Photos/2024/2024-08_%E5%8F%B0%E5%8C%97/%E5%9F%BA%E9%9A%86/IMG_7604.jpeg HTTP/1.1" 200 -
[07/Aug/2026 09:16:27] "GET /Photos/2024/2024-08_%E5%8F%B0%E5%8C%97/%E5%9F%BA%E9%9A%86/IMG_7642.jpeg HTTP/1.1" 200 -
[07/Aug/2026 09:16:27] "GET /Photos/2024/2024-08_%E5%8F%B0%E5%8C%97/%E5%9F%BA%E9%9A%86/IMG_7603.jpeg HTTP/1.1" 200 -
[07/Aug/2026 09:16:27] "GET /Photos/2024/2024-08_%E5%8F%B0%E5%8C%97/%E5%9F%BA%E9%9A%86/IMG_7602.jpeg HTTP/1.1" 200 -
[07/Aug/2026 09:16:27] "GET /Photos/2024/2024-08_%E5%8F%B0%E5%8C%97/%E5%9F%BA%E9%9A%86/IMG_7530.jpeg HTTP/1.1" 200 -
[07/Aug/2026 09:16:27] "GET /Photos/2024/2024-08_%E5%8F%B0%E5%8C%97/%E5%9F%BA%E9%9A%86/IMG_7634.jpeg HTTP/1.1" 200 -
[07/Aug/2026 09:16:27] "GET /Photos/2024/2024-07_%E5%8F%B0%E5%8C%97/%E5%9F%BA%E9%9A%86/IMG_7375.jpeg HTTP/1.1" 200 -
[07/Aug/2026 09:16:27] "GET /Photos/2024/2024-07_%E5%8F%B0%E5%8C%97/%E5%9F%BA%E9%9A%86/IMG_7441.jpeg HTTP/1.1" 200 -
[07/Aug/2026 09:16:27] "GET /Photos/2024/2024-07_%E5%8F%B0%E5%8C%97/%E5%9F%BA%E9%9A%86/IMG_7374.jpeg HTTP/1.1" 200 -
[07/Aug/2026 09:16:27] "GET /Photos/2024/2024-07_%E5%8F%B0%E5%8C%97/%E5%9F%BA%E9%9A%86/IMG_7440.jpeg HTTP/1.1" 200 -
[07/Aug/2026 09:16:27] "GET /Photos/2024/2024-07_%E5%8F%B0%E5%8C%97/%E5%9F%BA%E9%9A%86/IMG_7446.jpeg HTTP/1.1" 200 -
[07/Aug/2026 09:16:32] "GET /Photos/2024/2024-07_%E5%8F%B0%E5%8C%97/%E5%9F%BA%E9%9A%86/IMG_7445.jpeg HTTP/1.1" 200 -
[07/Aug/2026 09:16:32] "GET /Photos/2024/2024-07_%E5%8F%B0%E5%8C%97/%E5%9F%BA%E9%9A%86/IMG_7444.jpeg HTTP/1.1" 200 -
[07/Aug/2026 09:16:32] "GET /Photos/2024/2024-07_%E5%8F%B0%E5%8C%97/%E5%9F%BA%E9%9A%86/IMG_7443.jpeg HTTP/1.1" 200 -
[07/Aug/2026 09:16:32] "GET /Photos/2024/2024-07_%E5%8F%B0%E5%8C%97/%E5%9F%BA%E9%9A%86/IMG_7377.jpeg HTTP/1.1" 200 -
[07/Aug/2026 09:16:33] "GET /Photos/2024/2024-07_%E5%8F%B0%E5%8C%97/%E5%9F%BA%E9%9A%86/IMG_7442.jpeg HTTP/1.1" 200 -
[07/Aug/2026 09:16:33] "GET /Photos/2024/2024-07_%E5%8F%B0%E5%8C%97/%E5%9F%BA%E9%9A%86/IMG_7439.jpeg HTTP/1.1" 200 -
[07/Aug/2026 09:16:33] "GET /Photos/2024/2024-12_%E5%8F%B0%E5%8C%97/%E5%9F%BA%E9%9A%86/IMG_8517.jpeg HTTP/1.1" 200 -
[07/Aug/2026 09:16:33] "GET /Photos/2024/2024-07_%E5%8F%B0%E5%8C%97/%E5%9F%BA%E9%9A%86/IMG_7376.jpeg HTTP/1.1" 200 -
[07/Aug/2026 11:57:46] "GET /Photos/2025/2025-01_%E6%9C%AA%E7%9F%A5%E5%9C%B0%E9%BB%9E/IMG_8585.JPG HTTP/1.1" 200 -
[07/Aug/2026 12:07:04] "POST /api/trigger_import HTTP/1.1" 200 -
[07/Aug/2026 12:07:09] "GET /api/photos HTTP/1.1" 200 -
/Users/johnkuo/Library/Python/3.12/lib/python/site-packages/onnxruntime/capi/onnxruntime_inference_collection.py:147: UserWarning: Specified provider 'CUDAExecutionProvider' is not in available provider names.Available providers: 'CoreMLExecutionProvider, AzureExecutionProvider, CPUExecutionProvider'
  warnings.warn(
/opt/homebrew/lib/python3.12/site-packages/insightface/utils/face_align.py:23: FutureWarning: `estimate` is deprecated since version 0.26 and will be removed in version 2.2. Please use `SimilarityTransform.from_estimate` class constructor instead.
  tform.estimate(lmk, dst)
[07/Aug/2026 12:23:43] "GET /Photos/2026/2026-08_%E6%9C%AA%E7%9F%A5%E5%9C%B0%E9%BB%9E/john_base_1786004276.jpg HTTP/1.1" 200 -
[07/Aug/2026 12:23:43] "GET /Photos/2026/2026-08_%E6%9C%AA%E7%9F%A5%E5%9C%B0%E9%BB%9E/male_negative.jpg HTTP/1.1" 304 -
[07/Aug/2026 12:23:43] "GET /Photos/2026/2026-08_%E6%9C%AA%E7%9F%A5%E5%9C%B0%E9%BB%9E/john_base.jpg HTTP/1.1" 304 -
[07/Aug/2026 12:24:07] "GET / HTTP/1.1" 304 -
[07/Aug/2026 12:24:07] "GET /api/photos HTTP/1.1" 200 -
[07/Aug/2026 12:24:10] "GET /Photos/2025/2025-09_%E6%9C%AA%E7%9F%A5%E5%9C%B0%E9%BB%9E/IMG_1596.JPG HTTP/1.1" 200 -
[07/Aug/2026 12:24:10] "GET /Photos/2025/2025-09_%E6%9C%AA%E7%9F%A5%E5%9C%B0%E9%BB%9E/IMG_1595.JPG HTTP/1.1" 200 -
[07/Aug/2026 12:24:10] "GET /Photos/2025/2025-09_%E6%9C%AA%E7%9F%A5%E5%9C%B0%E9%BB%9E/IMG_1594.JPG HTTP/1.1" 200 -
[07/Aug/2026 12:24:10] "GET /Photos/2025/2025-09_%E6%A1%83%E5%9C%92%E5%B8%82/IMG_1366.jpeg HTTP/1.1" 200 -
[07/Aug/2026 12:24:10] "GET /Photos/2025/2025-09_%E6%A1%83%E5%9C%92%E5%B8%82/IMG_1367.jpeg HTTP/1.1" 200 -
[07/Aug/2026 12:24:10] "GET /Photos/2025/2025-09_%E6%A1%83%E5%9C%92%E5%B8%82/IMG_1368.jpeg HTTP/1.1" 200 -
[07/Aug/2026 12:24:10] "GET /Photos/2025/2025-01_%E8%87%BA%E6%9D%B1%E5%8D%80/IMG_8701.jpeg HTTP/1.1" 200 -
[07/Aug/2026 12:24:10] "GET /Photos/2025/2025-01_%E8%87%BA%E6%9D%B1%E5%8D%80/IMG_8716.jpeg HTTP/1.1" 200 -
[07/Aug/2026 12:24:10] "GET /Photos/2025/2025-12_%E8%87%BA%E5%8C%97%E5%B8%82/IMG_2847.jpeg HTTP/1.1" 200 -
[07/Aug/2026 12:24:10] "GET /Photos/2025/2025-01_%E8%87%BA%E6%9D%B1%E5%8D%80/IMG_8700.jpeg HTTP/1.1" 200 -
[07/Aug/2026 12:24:10] "GET /Photos/2025/2025-12_%E8%87%BA%E5%8C%97%E5%B8%82/IMG_2840.jpeg HTTP/1.1" 200 -
[07/Aug/2026 12:24:10] "GET /Photos/2025/2025-01_%E8%87%BA%E6%9D%B1%E5%8D%80/IMG_8653.jpeg HTTP/1.1" 200 -
[07/Aug/2026 12:24:10] "GET /Photos/2025/2025-01_%E8%87%BA%E6%9D%B1%E5%8D%80/IMG_8652.jpeg HTTP/1.1" 200 -
[07/Aug/2026 12:24:10] "GET /Photos/2025/2025-01_%E8%87%BA%E6%9D%B1%E5%8D%80/IMG_8696.jpeg HTTP/1.1" 200 -
[07/Aug/2026 12:24:10] "GET /Photos/2025/2025-01_%E8%87%BA%E6%9D%B1%E5%8D%80/IMG_8710.jpeg HTTP/1.1" 200 -
[07/Aug/2026 12:24:10] "GET /Photos/2025/2025-01_%E8%87%BA%E6%9D%B1%E5%8D%80/IMG_8711.jpeg HTTP/1.1" 200 -
[07/Aug/2026 12:24:10] "GET /Photos/2025/2025-01_%E8%87%BA%E6%9D%B1%E5%8D%80/IMG_8697.jpeg HTTP/1.1" 200 -
[07/Aug/2026 12:24:10] "GET /Photos/2025/2025-01_%E8%87%BA%E6%9D%B1%E5%8D%80/IMG_8708.jpeg HTTP/1.1" 200 -
[07/Aug/2026 12:24:10] "GET /Photos/2025/2025-01_%E8%87%BA%E6%9D%B1%E5%8D%80/IMG_8698.jpeg HTTP/1.1" 200 -
[07/Aug/2026 12:24:10] "GET /Photos/2025/2025-01_%E8%87%BA%E6%9D%B1%E5%8D%80/IMG_8712.jpeg HTTP/1.1" 200 -
[07/Aug/2026 12:24:10] "GET /Photos/2025/2025-01_%E8%87%BA%E6%9D%B1%E5%8D%80/IMG_8694.jpeg HTTP/1.1" 200 -
[07/Aug/2026 12:24:10] "GET /Photos/2025/2025-01_%E8%87%BA%E6%9D%B1%E5%8D%80/IMG_8695.jpeg HTTP/1.1" 200 -
[07/Aug/2026 12:24:10] "GET /Photos/2025/2025-01_%E8%87%BA%E6%9D%B1%E5%8D%80/IMG_8713.jpeg HTTP/1.1" 200 -
[07/Aug/2026 12:24:10] "GET /Photos/2025/2025-01_%E8%87%BA%E6%9D%B1%E5%8D%80/IMG_8699.jpeg HTTP/1.1" 200 -
[07/Aug/2026 12:24:11] "GET /Photos/2025/2025-01_%E8%87%BA%E6%9D%B1%E5%8D%80/IMG_8709.jpeg HTTP/1.1" 200 -
[07/Aug/2026 12:24:11] "GET /Photos/2025/2025-01_%E8%87%BA%E6%9D%B1%E5%8D%80/IMG_8714.jpeg HTTP/1.1" 200 -
[07/Aug/2026 12:24:11] "GET /Photos/2025/2025-01_%E8%87%BA%E6%9D%B1%E5%8D%80/IMG_8702.jpeg HTTP/1.1" 200 -
[07/Aug/2026 12:24:11] "GET /Photos/2025/2025-01_%E8%87%BA%E6%9D%B1%E5%8D%80/IMG_8693.jpeg HTTP/1.1" 200 -
[07/Aug/2026 12:24:11] "GET /Photos/2025/2025-01_%E8%87%BA%E6%9D%B1%E5%8D%80/IMG_8715.jpeg HTTP/1.1" 200 -
[07/Aug/2026 12:24:11] "GET /Photos/2025/2025-12_%E5%8D%83%E6%AD%B2%E5%B8%82/IMG_2645.jpeg HTTP/1.1" 200 -
[07/Aug/2026 12:24:11] "GET /Photos/2025/2025-12_%E5%8D%83%E6%AD%B2%E5%B8%82/IMG_2811.jpeg HTTP/1.1" 200 -
[07/Aug/2026 12:24:11] "GET /Photos/2025/2025-05_%E6%9C%AA%E7%9F%A5%E5%9C%B0%E9%BB%9E/IMG_0465.jpeg HTTP/1.1" 200 -
[07/Aug/2026 12:24:17] "GET /Photos/2025/2025-05_Mohave%20County/IMG_0576.jpeg HTTP/1.1" 200 -
[07/Aug/2026 12:24:17] "GET /Photos/2025/2025-05_Mohave%20County/IMG_4031.jpeg HTTP/1.1" 200 -
[07/Aug/2026 12:24:17] "GET /Photos/2025/2025-05_Mohave%20County/IMG_0577.jpeg HTTP/1.1" 200 -
[07/Aug/2026 12:24:17] "GET /Photos/2025/2025-05_%E6%9C%AA%E7%9F%A5%E5%9C%B0%E9%BB%9E/IMG_0416.jpeg HTTP/1.1" 200 -
[07/Aug/2026 12:24:17] "GET /Photos/2025/2025-05_Mohave%20County/IMG_0575.jpeg HTTP/1.1" 200 -
[07/Aug/2026 12:24:17] "GET /Photos/2025/2025-05_Mohave%20County/IMG_4032.jpeg HTTP/1.1" 200 -
[07/Aug/2026 12:24:17] "GET /Photos/2025/2025-10_%E5%A2%A8%E7%88%BE%E6%9C%AC/IMG_1673.jpeg HTTP/1.1" 200 -
[07/Aug/2026 12:24:17] "GET /Photos/2025/2025-10_%E5%A2%A8%E7%88%BE%E6%9C%AC/IMG_1674.jpeg HTTP/1.1" 200 -
[07/Aug/2026 12:24:17] "GET /Photos/2025/2025-10_%E5%A2%A8%E7%88%BE%E6%9C%AC/IMG_1671.jpeg HTTP/1.1" 200 -
[07/Aug/2026 12:24:17] "GET /Photos/2025/2025-05_%E5%8A%8D%E6%A9%8B/IMG_9851.jpeg HTTP/1.1" 200 -
[07/Aug/2026 12:24:17] "GET /Photos/2025/2025-05_%E5%8A%8D%E6%A9%8B/IMG_9850.jpeg HTTP/1.1" 200 -
[07/Aug/2026 12:24:17] "GET /Photos/2025/2025-08_%E6%9C%AA%E7%9F%A5%E5%9C%B0%E9%BB%9E/IMG_1016.JPG HTTP/1.1" 200 -
[07/Aug/2026 12:24:22] "GET /Photos/2025/2025-05_%E6%9C%AA%E7%9F%A5%E5%9C%B0%E9%BB%9E/IMG_0470.jpeg HTTP/1.1" 200 -
[07/Aug/2026 12:24:22] "GET /Photos/2025/2025-05_%E6%9C%AA%E7%9F%A5%E5%9C%B0%E9%BB%9E/IMG_0466.jpeg HTTP/1.1" 200 -
[07/Aug/2026 12:24:22] "GET /Photos/2025/2025-05_Mohave%20County/IMG_0609.jpeg HTTP/1.1" 200 -
[07/Aug/2026 12:24:22] "GET /Photos/2025/2025-05_Mohave%20County/IMG_4021.jpeg HTTP/1.1" 200 -
[07/Aug/2026 12:24:22] "GET /Photos/2025/2025-05_Mohave%20County/IMG_0582.jpeg HTTP/1.1" 200 -
[07/Aug/2026 12:24:22] "GET /Photos/2025/2025-05_Mohave%20County/IMG_0613.jpeg HTTP/1.1" 200 -
[07/Aug/2026 12:24:22] "GET /Photos/2025/2025-05_Mohave%20County/IMG_0595.jpeg HTTP/1.1" 200 -
[07/Aug/2026 12:24:22] "GET /Photos/2025/2025-05_Mohave%20County/IMG_0584.jpeg HTTP/1.1" 200 -
[07/Aug/2026 12:24:22] "GET /Photos/2025/2025-05_Mohave%20County/IMG_0615.jpeg HTTP/1.1" 200 -
[07/Aug/2026 12:24:22] "GET /Photos/2025/2025-05_Mohave%20County/IMG_4027.jpeg HTTP/1.1" 200 -
[07/Aug/2026 12:24:22] "GET /Photos/2025/2025-05_Mohave%20County/IMG_0601.jpeg HTTP/1.1" 200 -
[07/Aug/2026 12:24:22] "GET /Photos/2025/2025-05_Mohave%20County/IMG_0616.jpeg HTTP/1.1" 200 -
[07/Aug/2026 12:24:22] "GET /Photos/2025/2025-05_Mohave%20County/IMG_0596.jpeg HTTP/1.1" 200 -
[07/Aug/2026 12:24:22] "GET /Photos/2025/2025-05_Mohave%20County/IMG_0581.jpeg HTTP/1.1" 200 -
[07/Aug/2026 12:24:22] "GET /Photos/2025/2025-05_Mohave%20County/IMG_0610.jpeg HTTP/1.1" 200 -
[07/Aug/2026 12:24:22] "GET /Photos/2025/2025-05_Mohave%20County/IMG_4022.jpeg HTTP/1.1" 200 -
[07/Aug/2026 12:24:22] "GET /Photos/2025/2025-05_%E5%8A%8D%E6%A9%8B/IMG_9845.jpeg HTTP/1.1" 200 -
[07/Aug/2026 12:24:22] "GET /Photos/2025/2025-05_%E5%8A%8D%E6%A9%8B/IMG_9848.jpeg HTTP/1.1" 200 -
[07/Aug/2026 12:24:33] "GET /Photos/2025/2025-05_%E5%8A%8D%E6%A9%8B/IMG_9846.jpeg HTTP/1.1" 200 -
[07/Aug/2026 12:24:33] "GET /Photos/2025/2025-05_Paradise/IMG_0650.jpeg HTTP/1.1" 200 -
[07/Aug/2026 12:24:33] "GET /Photos/2025/2025-05_Paradise/IMG_0652.jpeg HTTP/1.1" 200 -
[07/Aug/2026 12:24:33] "GET /Photos/2025/2025-05_Paradise/IMG_0651.jpeg HTTP/1.1" 200 -
[07/Aug/2026 12:24:39] "GET /Photos/2025/2025-05_%E5%8A%8D%E6%A9%8B/IMG_9832.jpeg HTTP/1.1" 200 -
[07/Aug/2026 12:24:39] "GET /Photos/2025/2025-05_%E5%8A%8D%E6%A9%8B/IMG_9849.jpeg HTTP/1.1" 200 -
[07/Aug/2026 12:24:39] "GET /Photos/2025/2025-05_%E5%8A%8D%E6%A9%8B/IMG_9833.jpeg HTTP/1.1" 200 -
[07/Aug/2026 12:24:39] "GET /Photos/2025/2025-05_%E5%8A%8D%E6%A9%8B/IMG_9844.jpeg HTTP/1.1" 200 -
[07/Aug/2026 12:24:39] "GET /Photos/2025/2025-05_%E5%8A%8D%E6%A9%8B/IMG_9834.jpeg HTTP/1.1" 200 -
[07/Aug/2026 12:24:39] "GET /Photos/2025/2025-05_%E5%8A%8D%E6%A9%8B/IMG_9843.jpeg HTTP/1.1" 200 -
[07/Aug/2026 12:24:39] "GET /Photos/2025/2025-05_%E5%8A%8D%E6%A9%8B/IMG_9847.jpeg HTTP/1.1" 200 -
[07/Aug/2026 12:24:39] "GET /Photos/2025/2025-05_%E5%8A%8D%E6%A9%8B/IMG_9835.jpeg HTTP/1.1" 200 -
[07/Aug/2026 12:24:50] "GET /Photos/2025/2025-05_Town%20of%20Colonie/IMG_9825.jpeg HTTP/1.1" 200 -
[07/Aug/2026 12:24:50] "GET /Photos/2025/2025-05_Town%20of%20Colonie/IMG_9828.jpeg HTTP/1.1" 200 -
[07/Aug/2026 12:24:50] "GET /Photos/2025/2025-05_Town%20of%20Colonie/IMG_9827.jpeg HTTP/1.1" 200 -
[07/Aug/2026 12:24:50] "GET /Photos/2025/2025-05_%E6%B3%A2%E5%A3%AB%E9%A1%BF;%E6%B3%A2%E5%A3%AB%E9%A0%93/IMG_9861.jpeg HTTP/1.1" 200 -
[07/Aug/2026 12:24:50] "GET /Photos/2025/2025-05_Town%20of%20Colonie/IMG_9826.jpeg HTTP/1.1" 200 -
[07/Aug/2026 12:24:50] "GET /Photos/2025/2025-05_%E6%B3%A2%E5%A3%AB%E9%A1%BF;%E6%B3%A2%E5%A3%AB%E9%A0%93/IMG_9862.jpeg HTTP/1.1" 200 -
[07/Aug/2026 12:24:50] "GET /Photos/2025/2025-05_%E6%B3%A2%E5%A3%AB%E9%A1%BF;%E6%B3%A2%E5%A3%AB%E9%A0%93/IMG_9860.jpeg HTTP/1.1" 200 -
[07/Aug/2026 12:24:50] "GET /Photos/2025/2025-01_%E6%B8%AF%E5%8D%80/IMG_8686.jpeg HTTP/1.1" 200 -
[07/Aug/2026 12:24:50] "GET /Photos/2025/2025-01_%E6%B8%AF%E5%8D%80/IMG_8690.jpeg HTTP/1.1" 200 -
[07/Aug/2026 12:24:51] "GET /Photos/2025/2025-01_%E6%B8%AF%E5%8D%80/IMG_8687.jpeg HTTP/1.1" 200 -
[07/Aug/2026 12:24:52] "GET /Photos/2025/2025-01_%E6%B8%AF%E5%8D%80/IMG_8688.jpeg HTTP/1.1" 200 -
[07/Aug/2026 12:24:52] "GET /Photos/2025/2025-05_%E7%BA%BD%E7%BA%A6;%E7%B4%90%E7%B4%84/IMG_0039.jpeg HTTP/1.1" 200 -
[07/Aug/2026 12:24:52] "GET /Photos/2025/2025-05_%E7%BA%BD%E7%BA%A6;%E7%B4%90%E7%B4%84/IMG_0033.jpeg HTTP/1.1" 200 -
[07/Aug/2026 12:24:52] "GET /Photos/2025/2025-05_%E5%B0%BC%E5%8A%A0%E6%8B%89%E7%93%9C%E7%80%91%E5%B8%83%E5%9F%8E/IMG_9822.jpeg HTTP/1.1" 200 -
[07/Aug/2026 12:24:52] "GET /Photos/2025/2025-05_Coconino%20County/IMG_0166.jpeg HTTP/1.1" 200 -
[07/Aug/2026 12:24:52] "GET /Photos/2025/2025-05_Coconino%20County/IMG_0162.jpeg HTTP/1.1" 200 -
[07/Aug/2026 12:24:52] "GET /Photos/2025/2025-05_Coconino%20County/IMG_0163.jpeg HTTP/1.1" 200 -
[07/Aug/2026 12:24:52] "GET /Photos/2025/2025-05_Coconino%20County/IMG_0164.jpeg HTTP/1.1" 200 -
[07/Aug/2026 12:24:52] "GET /Photos/2025/2025-05_%E7%BA%BD%E7%BA%A6;%E7%B4%90%E7%B4%84/IMG_0035.jpeg HTTP/1.1" 200 -
[07/Aug/2026 12:24:52] "GET /Photos/2025/2025-05_%E7%BA%BD%E7%BA%A6;%E7%B4%90%E7%B4%84/IMG_0037.jpeg HTTP/1.1" 200 -
[07/Aug/2026 12:24:52] "GET /Photos/2025/2025-05_%E7%BA%BD%E7%BA%A6;%E7%B4%90%E7%B4%84/IMG_0036.jpeg HTTP/1.1" 200 -
[07/Aug/2026 12:24:52] "GET /Photos/2025/2025-05_%E5%B0%BC%E5%8A%A0%E6%8B%89%E7%93%9C%E7%80%91%E5%B8%83%E5%9F%8E/IMG_9823.jpeg HTTP/1.1" 200 -
[07/Aug/2026 12:24:52] "GET /Photos/2025/2025-05_Grove%20City/IMG_9813.jpeg HTTP/1.1" 200 -
[07/Aug/2026 12:24:52] "GET /Photos/2025/2025-05_Grove%20City/IMG_9818.jpeg HTTP/1.1" 200 -
[07/Aug/2026 12:24:52] "GET /Photos/2025/2025-05_Grove%20City/IMG_9814.jpeg HTTP/1.1" 200 -
[07/Aug/2026 12:24:52] "GET /Photos/2025/2025-05_Grove%20City/IMG_9815.jpeg HTTP/1.1" 200 -
[07/Aug/2026 12:24:52] "GET /Photos/2025/2025-05_Grove%20City/IMG_9819.jpeg HTTP/1.1" 200 -
[07/Aug/2026 12:24:52] "GET /Photos/2025/2025-05_Grove%20City/IMG_9820.jpeg HTTP/1.1" 200 -
[07/Aug/2026 12:24:52] "GET /Photos/2025/2025-05_Grove%20City/IMG_9816.jpeg HTTP/1.1" 200 -
[07/Aug/2026 12:24:52] "GET /Photos/2025/2025-05_Grove%20City/IMG_9817.jpeg HTTP/1.1" 200 -
[07/Aug/2026 12:24:52] "GET /Photos/2025/2025-05_Coconino%20County/IMG_0167.jpeg HTTP/1.1" 200 -
[07/Aug/2026 12:24:52] "GET /Photos/2025/2025-05_Coconino%20County/IMG_0160.jpeg HTTP/1.1" 200 -
[07/Aug/2026 12:24:52] "GET /Photos/2025/2025-05_Coconino%20County/IMG_0161.jpeg HTTP/1.1" 200 -
[07/Aug/2026 12:24:52] "GET /Photos/2025/2025-05_Coconino%20County/IMG_0168.jpeg HTTP/1.1" 200 -
[07/Aug/2026 12:24:55] "GET /Photos/2025/2025-05_Coconino%20County/IMG_0169.jpeg HTTP/1.1" 200 -
[07/Aug/2026 12:24:55] "GET /Photos/2025/2025-05_Coconino%20County/IMG_0165.jpeg HTTP/1.1" 200 -
[07/Aug/2026 12:24:55] "GET /Photos/2025/2025-05_%E5%8C%B9%E5%85%B9%E5%A0%A1/IMG_9798.jpeg HTTP/1.1" 200 -
[07/Aug/2026 12:24:55] "GET /Photos/2025/2025-05_%E5%8C%B9%E5%85%B9%E5%A0%A1/IMG_9799.jpeg HTTP/1.1" 200 -
[07/Aug/2026 12:24:55] "GET /Photos/2025/2025-05_%E5%8C%B9%E5%85%B9%E5%A0%A1/IMG_9788.jpeg HTTP/1.1" 200 -
[07/Aug/2026 12:24:55] "GET /Photos/2025/2025-05_%E5%8C%B9%E5%85%B9%E5%A0%A1/IMG_9802.jpeg HTTP/1.1" 200 -
[07/Aug/2026 12:24:55] "GET /Photos/2025/2025-05_%E5%8C%B9%E5%85%B9%E5%A0%A1/IMG_9793.jpeg HTTP/1.1" 200 -
[07/Aug/2026 12:24:55] "GET /Photos/2025/2025-05_%E5%8C%B9%E5%85%B9%E5%A0%A1/IMG_9803.jpeg HTTP/1.1" 200 -
[07/Aug/2026 12:24:56] "GET /Photos/2025/2025-05_%E5%8C%B9%E5%85%B9%E5%A0%A1/IMG_9806.jpeg HTTP/1.1" 200 -
[07/Aug/2026 12:24:56] "GET /Photos/2025/2025-09_%E5%8F%B0%E5%8C%97/%E5%9F%BA%E9%9A%86/IMG_1312.jpeg HTTP/1.1" 200 -
[07/Aug/2026 12:25:00] "GET /Photos/2014/2014-11_%E6%9C%AA%E7%9F%A5%E5%9C%B0%E9%BB%9E/20F34AB2-1E89-4437-8013-41EF5D48D5E1.jpeg HTTP/1.1" 200 -
[07/Aug/2026 12:25:00] "GET /Photos/2014/2014-11_%E6%9C%AA%E7%9F%A5%E5%9C%B0%E9%BB%9E/5F89046F-F446-48F6-A27D-E2FE22EBA07A.jpeg HTTP/1.1" 200 -
[07/Aug/2026 12:25:00] "GET /Photos/2014/2014-11_%E6%9C%AA%E7%9F%A5%E5%9C%B0%E9%BB%9E/2B51ACEE-002A-4A7B-9AD1-953D984B6AA3.jpeg HTTP/1.1" 200 -
[07/Aug/2026 12:25:00] "GET /Photos/2014/2014-11_%E6%9C%AA%E7%9F%A5%E5%9C%B0%E9%BB%9E/0D97CE51-EC3C-4888-A806-1C247FC8FF27_1_201_a.jpeg HTTP/1.1" 200 -
[07/Aug/2026 12:25:00] "GET /Photos/2014/2014-10_%E6%9C%AA%E7%9F%A5%E5%9C%B0%E9%BB%9E/E7B72EE2-8F42-4F53-99F1-F49E29D1927F_1_201_a.jpeg HTTP/1.1" 200 -
[07/Aug/2026 12:26:34] "GET /Photos/2024/2024-09_%E6%9C%AA%E7%9F%A5%E5%9C%B0%E9%BB%9E/IMG_7649.JPG HTTP/1.1" 200 -
[07/Aug/2026 12:26:34] "GET /Photos/2024/2024-03_%E6%9C%AA%E7%9F%A5%E5%9C%B0%E9%BB%9E/IMG_5909.JPG HTTP/1.1" 200 -
[07/Aug/2026 12:26:34] "GET /Photos/2024/2024-07_%E6%9C%AA%E7%9F%A5%E5%9C%B0%E9%BB%9E/IMG_7502.JPG HTTP/1.1" 200 -
[07/Aug/2026 12:26:34] "GET /Photos/2024/2024-12_%E5%8F%B0%E5%8C%97/%E5%9F%BA%E9%9A%86/IMG_8537.jpeg HTTP/1.1" 200 -
[07/Aug/2026 12:26:34] "GET /Photos/2024/2024-12_%E5%8F%B0%E5%8C%97/%E5%9F%BA%E9%9A%86/IMG_8517.jpeg HTTP/1.1" 304 -
[07/Aug/2026 12:26:34] "GET /Photos/2024/2024-10_%E6%9C%AA%E7%9F%A5%E5%9C%B0%E9%BB%9E/IMG_7939.JPG HTTP/1.1" 200 -
[07/Aug/2026 12:26:34] "GET /Photos/2024/2024-12_%E5%8F%B0%E5%8C%97/%E5%9F%BA%E9%9A%86/IMG_8534.jpeg HTTP/1.1" 200 -
[07/Aug/2026 12:26:34] "GET /Photos/2024/2024-12_%E5%8F%B0%E5%8C%97/%E5%9F%BA%E9%9A%86/IMG_8539.jpeg HTTP/1.1" 200 -
[07/Aug/2026 12:26:34] "GET /Photos/2024/2024-12_%E5%8F%B0%E5%8C%97/%E5%9F%BA%E9%9A%86/IMG_8516.jpeg HTTP/1.1" 200 -
[07/Aug/2026 12:26:34] "GET /Photos/2024/2024-12_%E5%8F%B0%E5%8C%97/%E5%9F%BA%E9%9A%86/IMG_8536.jpeg HTTP/1.1" 200 -
[07/Aug/2026 12:26:34] "GET /Photos/2024/2024-12_%E5%8F%B0%E5%8C%97/%E5%9F%BA%E9%9A%86/IMG_8533.jpeg HTTP/1.1" 200 -
[07/Aug/2026 12:26:34] "GET /Photos/2024/2024-12_%E5%8F%B0%E5%8C%97/%E5%9F%BA%E9%9A%86/IMG_8538.jpeg HTTP/1.1" 200 -
[07/Aug/2026 12:26:34] "GET /Photos/2024/2024-06_%E5%8F%B0%E5%8C%97/%E5%9F%BA%E9%9A%86/IMG_6711.jpeg HTTP/1.1" 200 -
[07/Aug/2026 12:26:37] "GET /Photos/2024/2024-10_%E8%87%BA%E4%B8%AD%E5%B8%82/IMG_7800.jpeg HTTP/1.1" 304 -
[07/Aug/2026 12:26:37] "GET /Photos/2024/2024-10_%E8%87%BA%E4%B8%AD%E5%B8%82/IMG_7877.jpeg HTTP/1.1" 304 -
[07/Aug/2026 12:26:37] "GET /Photos/2024/2024-10_%E8%87%BA%E4%B8%AD%E5%B8%82/IMG_7769.jpeg HTTP/1.1" 304 -
[07/Aug/2026 12:26:37] "GET /Photos/2024/2024-10_%E8%87%BA%E4%B8%AD%E5%B8%82/IMG_7867.jpeg HTTP/1.1" 200 -
[07/Aug/2026 12:26:37] "GET /Photos/2024/2024-10_%E8%87%BA%E4%B8%AD%E5%B8%82/IMG_7797.jpeg HTTP/1.1" 304 -
[07/Aug/2026 12:26:37] "GET /Photos/2024/2024-10_%E8%87%BA%E4%B8%AD%E5%B8%82/IMG_7868.jpeg HTTP/1.1" 304 -
[07/Aug/2026 12:26:37] "GET /Photos/2024/2024-10_%E8%87%BA%E4%B8%AD%E5%B8%82/IMG_7858.jpeg HTTP/1.1" 200 -
[07/Aug/2026 12:26:37] "GET /Photos/2024/2024-10_%E8%87%BA%E4%B8%AD%E5%B8%82/IMG_7880.jpeg HTTP/1.1" 304 -
[07/Aug/2026 12:26:37] "GET /Photos/2024/2024-10_%E8%87%BA%E4%B8%AD%E5%B8%82/IMG_7878.jpeg HTTP/1.1" 304 -
[07/Aug/2026 12:26:37] "GET /Photos/2024/2024-10_%E8%87%BA%E4%B8%AD%E5%B8%82/IMG_7770.jpeg HTTP/1.1" 304 -
[07/Aug/2026 12:26:37] "GET /Photos/2024/2024-11_%E5%8D%81%E5%92%8C%E7%94%B0%E5%B8%82/IMG_8110.jpeg HTTP/1.1" 200 -
[07/Aug/2026 12:26:37] "GET /Photos/2024/2024-11_%E5%8D%81%E5%92%8C%E7%94%B0%E5%B8%82/IMG_8147.jpeg HTTP/1.1" 200 -
[07/Aug/2026 12:26:37] "GET /Photos/2024/2024-11_%E5%8D%81%E5%92%8C%E7%94%B0%E5%B8%82/IMG_8043.jpeg HTTP/1.1" 200 -
[07/Aug/2026 12:26:37] "GET /Photos/2024/2024-11_%E5%8D%81%E5%92%8C%E7%94%B0%E5%B8%82/IMG_8080.jpeg HTTP/1.1" 200 -
[07/Aug/2026 12:26:37] "GET /Photos/2024/2024-11_%E5%8D%81%E5%92%8C%E7%94%B0%E5%B8%82/IMG_8192.jpeg HTTP/1.1" 304 -
[07/Aug/2026 12:26:37] "GET /Photos/2024/2024-11_%E5%8D%81%E5%92%8C%E7%94%B0%E5%B8%82/IMG_8215.jpeg HTTP/1.1" 200 -
[07/Aug/2026 12:26:37] "GET /Photos/2024/2024-11_%E5%8D%81%E5%92%8C%E7%94%B0%E5%B8%82/IMG_8079.jpeg HTTP/1.1" 200 -
[07/Aug/2026 12:26:37] "GET /Photos/2024/2024-11_%E5%8D%81%E5%92%8C%E7%94%B0%E5%B8%82/IMG_8184.jpeg HTTP/1.1" 200 -
[07/Aug/2026 12:26:37] "GET /Photos/2024/2024-11_%E5%8D%81%E5%92%8C%E7%94%B0%E5%B8%82/IMG_8059.jpeg HTTP/1.1" 200 -
[07/Aug/2026 12:26:37] "GET /Photos/2024/2024-11_%E5%8D%81%E5%92%8C%E7%94%B0%E5%B8%82/IMG_8235.jpeg HTTP/1.1" 200 -
[07/Aug/2026 12:26:37] "GET /Photos/2024/2024-11_%E5%8D%81%E5%92%8C%E7%94%B0%E5%B8%82/IMG_8126.jpeg HTTP/1.1" 304 -
[07/Aug/2026 12:26:38] "GET /Photos/2024/2024-11_%E5%8D%81%E5%92%8C%E7%94%B0%E5%B8%82/IMG_8075.jpeg HTTP/1.1" 200 -
[07/Aug/2026 12:26:38] "GET /Photos/2024/2024-11_%E5%8D%81%E5%92%8C%E7%94%B0%E5%B8%82/IMG_8219.jpeg HTTP/1.1" 200 -
[07/Aug/2026 12:26:38] "GET /Photos/2024/2024-11_%E5%8D%81%E5%92%8C%E7%94%B0%E5%B8%82/IMG_8167.jpeg HTTP/1.1" 200 -
[07/Aug/2026 12:26:38] "GET /Photos/2024/2024-11_%E5%8D%81%E5%92%8C%E7%94%B0%E5%B8%82/IMG_8166.jpeg HTTP/1.1" 200 -
[07/Aug/2026 12:26:38] "GET /Photos/2024/2024-11_%E5%8D%81%E5%92%8C%E7%94%B0%E5%B8%82/IMG_8131.jpeg HTTP/1.1" 200 -
[07/Aug/2026 12:26:38] "GET /Photos/2024/2024-11_%E5%8D%81%E5%92%8C%E7%94%B0%E5%B8%82/IMG_8062.jpeg HTTP/1.1" 200 -
[07/Aug/2026 12:26:38] "GET /Photos/2024/2024-11_%E5%8D%81%E5%92%8C%E7%94%B0%E5%B8%82/IMG_8127.jpeg HTTP/1.1" 304 -
[07/Aug/2026 12:26:38] "GET /Photos/2024/2024-11_%E5%8D%81%E5%92%8C%E7%94%B0%E5%B8%82/IMG_8185.jpeg HTTP/1.1" 200 -
[07/Aug/2026 12:26:42] "GET /Photos/2025/2025-01_%E8%87%BA%E6%9D%B1%E5%8D%80/IMG_8696.jpeg HTTP/1.1" 304 -
[07/Aug/2026 12:26:42] "GET /Photos/2025/2025-01_%E8%87%BA%E6%9D%B1%E5%8D%80/IMG_8700.jpeg HTTP/1.1" 304 -
[07/Aug/2026 12:26:42] "GET /Photos/2025/2025-01_%E8%87%BA%E6%9D%B1%E5%8D%80/IMG_8698.jpeg HTTP/1.1" 304 -
[07/Aug/2026 12:26:42] "GET /Photos/2025/2025-01_%E8%87%BA%E6%9D%B1%E5%8D%80/IMG_8695.jpeg HTTP/1.1" 304 -
[07/Aug/2026 12:26:42] "GET /Photos/2025/2025-01_%E8%87%BA%E6%9D%B1%E5%8D%80/IMG_8694.jpeg HTTP/1.1" 304 -
[07/Aug/2026 12:26:42] "GET /Photos/2025/2025-01_%E8%87%BA%E6%9D%B1%E5%8D%80/IMG_8697.jpeg HTTP/1.1" 304 -
[07/Aug/2026 12:26:42] "GET /Photos/2025/2025-01_%E8%87%BA%E6%9D%B1%E5%8D%80/IMG_8693.jpeg HTTP/1.1" 304 -
[07/Aug/2026 12:26:42] "GET /Photos/2025/2025-05_%E5%8A%8D%E6%A9%8B/IMG_9832.jpeg HTTP/1.1" 304 -
[07/Aug/2026 12:26:42] "GET /Photos/2025/2025-05_%E5%8A%8D%E6%A9%8B/IMG_9849.jpeg HTTP/1.1" 304 -
[07/Aug/2026 12:26:42] "GET /Photos/2025/2025-05_%E5%8A%8D%E6%A9%8B/IMG_9845.jpeg HTTP/1.1" 304 -
[07/Aug/2026 12:26:42] "GET /Photos/2025/2025-05_%E5%8A%8D%E6%A9%8B/IMG_9848.jpeg HTTP/1.1" 304 -
[07/Aug/2026 12:26:42] "GET /Photos/2025/2025-01_%E8%87%BA%E6%9D%B1%E5%8D%80/IMG_8699.jpeg HTTP/1.1" 304 -
[07/Aug/2026 12:26:42] "GET /Photos/2025/2025-05_%E5%8A%8D%E6%A9%8B/IMG_9833.jpeg HTTP/1.1" 304 -
[07/Aug/2026 12:26:42] "GET /Photos/2025/2025-05_%E5%8A%8D%E6%A9%8B/IMG_9844.jpeg HTTP/1.1" 304 -
[07/Aug/2026 12:26:42] "GET /Photos/2025/2025-05_%E5%8A%8D%E6%A9%8B/IMG_9834.jpeg HTTP/1.1" 304 -
[07/Aug/2026 12:26:42] "GET /Photos/2025/2025-05_%E5%8A%8D%E6%A9%8B/IMG_9843.jpeg HTTP/1.1" 304 -
[07/Aug/2026 12:26:42] "GET /Photos/2025/2025-05_%E5%8A%8D%E6%A9%8B/IMG_9835.jpeg HTTP/1.1" 304 -
[07/Aug/2026 12:26:42] "GET /Photos/2025/2025-05_%E5%8A%8D%E6%A9%8B/IMG_9847.jpeg HTTP/1.1" 304 -
[07/Aug/2026 12:26:42] "GET /Photos/2025/2025-05_%E5%8A%8D%E6%A9%8B/IMG_9851.jpeg HTTP/1.1" 304 -
[07/Aug/2026 12:26:42] "GET /Photos/2025/2025-05_%E5%8A%8D%E6%A9%8B/IMG_9850.jpeg HTTP/1.1" 304 -
[07/Aug/2026 12:26:42] "GET /Photos/2025/2025-05_%E5%8A%8D%E6%A9%8B/IMG_9846.jpeg HTTP/1.1" 304 -
[07/Aug/2026 12:26:44] "GET /Photos/2025/2025-05_%E6%9C%AA%E7%9F%A5%E5%9C%B0%E9%BB%9E/IMG_0466.jpeg HTTP/1.1" 304 -
[07/Aug/2026 12:26:44] "GET /Photos/2025/2025-05_%E6%9C%AA%E7%9F%A5%E5%9C%B0%E9%BB%9E/IMG_0465.jpeg HTTP/1.1" 304 -
[07/Aug/2026 12:26:44] "GET /Photos/2025/2025-05_%E6%9C%AA%E7%9F%A5%E5%9C%B0%E9%BB%9E/IMG_0416.jpeg HTTP/1.1" 304 -
[07/Aug/2026 12:26:44] "GET /Photos/2025/2025-05_%E6%9C%AA%E7%9F%A5%E5%9C%B0%E9%BB%9E/IMG_0470.jpeg HTTP/1.1" 304 -
[07/Aug/2026 12:26:44] "GET /Photos/2025/2025-05_Mohave%20County/IMG_0609.jpeg HTTP/1.1" 304 -
[07/Aug/2026 12:26:44] "GET /Photos/2025/2025-05_Mohave%20County/IMG_4021.jpeg HTTP/1.1" 304 -
[07/Aug/2026 12:26:44] "GET /Photos/2025/2025-05_Mohave%20County/IMG_0582.jpeg HTTP/1.1" 304 -
[07/Aug/2026 12:26:44] "GET /Photos/2025/2025-05_Mohave%20County/IMG_0613.jpeg HTTP/1.1" 304 -
[07/Aug/2026 12:26:44] "GET /Photos/2025/2025-05_Mohave%20County/IMG_0595.jpeg HTTP/1.1" 304 -
[07/Aug/2026 12:26:44] "GET /Photos/2025/2025-05_Mohave%20County/IMG_0584.jpeg HTTP/1.1" 304 -
[07/Aug/2026 12:26:44] "GET /Photos/2025/2025-05_Mohave%20County/IMG_0615.jpeg HTTP/1.1" 304 -
[07/Aug/2026 12:26:44] "GET /Photos/2025/2025-05_Mohave%20County/IMG_4027.jpeg HTTP/1.1" 304 -
[07/Aug/2026 12:26:44] "GET /Photos/2025/2025-05_Mohave%20County/IMG_4031.jpeg HTTP/1.1" 304 -
[07/Aug/2026 12:26:44] "GET /Photos/2025/2025-05_Mohave%20County/IMG_0601.jpeg HTTP/1.1" 304 -
[07/Aug/2026 12:26:44] "GET /Photos/2025/2025-05_Mohave%20County/IMG_4032.jpeg HTTP/1.1" 304 -
[07/Aug/2026 12:26:44] "GET /Photos/2025/2025-05_Mohave%20County/IMG_0616.jpeg HTTP/1.1" 304 -
[07/Aug/2026 12:26:44] "GET /Photos/2025/2025-05_Mohave%20County/IMG_0596.jpeg HTTP/1.1" 304 -
[07/Aug/2026 12:26:44] "GET /Photos/2025/2025-05_Mohave%20County/IMG_0581.jpeg HTTP/1.1" 304 -
[07/Aug/2026 12:26:44] "GET /Photos/2025/2025-05_Mohave%20County/IMG_0610.jpeg HTTP/1.1" 304 -
[07/Aug/2026 12:26:44] "GET /Photos/2025/2025-05_Mohave%20County/IMG_4022.jpeg HTTP/1.1" 304 -
[07/Aug/2026 12:26:44] "GET /Photos/2025/2025-10_%E5%A2%A8%E7%88%BE%E6%9C%AC/IMG_1673.jpeg HTTP/1.1" 304 -
[07/Aug/2026 12:26:44] "GET /Photos/2025/2025-10_%E5%A2%A8%E7%88%BE%E6%9C%AC/IMG_1674.jpeg HTTP/1.1" 304 -
[07/Aug/2026 12:26:44] "GET /Photos/2025/2025-10_%E5%A2%A8%E7%88%BE%E6%9C%AC/IMG_1671.jpeg HTTP/1.1" 304 -
[07/Aug/2026 12:26:46] "GET /Photos/2025/2025-05_Mohave%20County/IMG_0575.jpeg HTTP/1.1" 304 -
[07/Aug/2026 12:26:46] "GET /Photos/2025/2025-01_%E8%87%BA%E6%9D%B1%E5%8D%80/IMG_8701.jpeg HTTP/1.1" 304 -
[07/Aug/2026 12:26:46] "GET /Photos/2025/2025-05_Mohave%20County/IMG_0577.jpeg HTTP/1.1" 304 -
[07/Aug/2026 12:26:46] "GET /Photos/2025/2025-05_Mohave%20County/IMG_0576.jpeg HTTP/1.1" 304 -
[07/Aug/2026 12:26:57] "GET /Photos/2025/2025-01_%E8%87%BA%E6%9D%B1%E5%8D%80/IMG_8653.jpeg HTTP/1.1" 304 -
[07/Aug/2026 12:26:57] "GET /Photos/2025/2025-12_%E8%87%BA%E5%8C%97%E5%B8%82/IMG_2847.jpeg HTTP/1.1" 304 -
[07/Aug/2026 12:26:57] "GET /Photos/2025/2025-12_%E8%87%BA%E5%8C%97%E5%B8%82/IMG_2840.jpeg HTTP/1.1" 304 -
[07/Aug/2026 12:26:57] "GET /Photos/2025/2025-09_%E6%A1%83%E5%9C%92%E5%B8%82/IMG_1368.jpeg HTTP/1.1" 304 -
[07/Aug/2026 12:26:57] "GET /Photos/2025/2025-09_%E6%A1%83%E5%9C%92%E5%B8%82/IMG_1366.jpeg HTTP/1.1" 304 -
[07/Aug/2026 12:26:57] "GET /Photos/2025/2025-09_%E6%A1%83%E5%9C%92%E5%B8%82/IMG_1367.jpeg HTTP/1.1" 304 -
[07/Aug/2026 12:26:57] "GET /Photos/2025/2025-01_%E8%87%BA%E6%9D%B1%E5%8D%80/IMG_8716.jpeg HTTP/1.1" 304 -
[07/Aug/2026 12:26:57] "GET /Photos/2025/2025-01_%E8%87%BA%E6%9D%B1%E5%8D%80/IMG_8652.jpeg HTTP/1.1" 304 -
[07/Aug/2026 12:26:57] "GET /Photos/2025/2025-01_%E8%87%BA%E6%9D%B1%E5%8D%80/IMG_8710.jpeg HTTP/1.1" 304 -
[07/Aug/2026 12:26:57] "GET /Photos/2025/2025-01_%E8%87%BA%E6%9D%B1%E5%8D%80/IMG_8711.jpeg HTTP/1.1" 304 -
[07/Aug/2026 12:26:57] "GET /Photos/2025/2025-01_%E8%87%BA%E6%9D%B1%E5%8D%80/IMG_8708.jpeg HTTP/1.1" 304 -
[07/Aug/2026 12:26:57] "GET /Photos/2025/2025-01_%E8%87%BA%E6%9D%B1%E5%8D%80/IMG_8712.jpeg HTTP/1.1" 304 -
[07/Aug/2026 12:26:57] "GET /Photos/2025/2025-01_%E8%87%BA%E6%9D%B1%E5%8D%80/IMG_8713.jpeg HTTP/1.1" 304 -
[07/Aug/2026 12:26:57] "GET /Photos/2025/2025-01_%E8%87%BA%E6%9D%B1%E5%8D%80/IMG_8709.jpeg HTTP/1.1" 304 -
[07/Aug/2026 12:26:57] "GET /Photos/2025/2025-01_%E8%87%BA%E6%9D%B1%E5%8D%80/IMG_8702.jpeg HTTP/1.1" 304 -
[07/Aug/2026 12:26:57] "GET /Photos/2025/2025-01_%E8%87%BA%E6%9D%B1%E5%8D%80/IMG_8714.jpeg HTTP/1.1" 304 -
[07/Aug/2026 12:26:57] "GET /Photos/2025/2025-01_%E8%87%BA%E6%9D%B1%E5%8D%80/IMG_8715.jpeg HTTP/1.1" 304 -
[07/Aug/2026 12:26:57] "GET /Photos/2025/2025-12_%E5%8D%83%E6%AD%B2%E5%B8%82/IMG_2645.jpeg HTTP/1.1" 304 -
[07/Aug/2026 12:26:57] "GET /Photos/2025/2025-12_%E5%8D%83%E6%AD%B2%E5%B8%82/IMG_2811.jpeg HTTP/1.1" 304 -
[07/Aug/2026 14:04:28] "GET / HTTP/1.1" 304 -
[07/Aug/2026 14:04:28] "GET /api/photos HTTP/1.1" 200 -
[07/Aug/2026 14:04:32] "GET /Photos/2025/2025-01_%E8%87%BA%E6%9D%B1%E5%8D%80/IMG_8653.jpeg HTTP/1.1" 304 -
[07/Aug/2026 14:04:32] "GET /Photos/2025/2025-01_%E8%87%BA%E6%9D%B1%E5%8D%80/IMG_8701.jpeg HTTP/1.1" 304 -
[07/Aug/2026 14:04:32] "GET /Photos/2025/2025-01_%E8%87%BA%E6%9D%B1%E5%8D%80/IMG_8700.jpeg HTTP/1.1" 304 -
[07/Aug/2026 14:04:32] "GET /Photos/2025/2025-01_%E8%87%BA%E6%9D%B1%E5%8D%80/IMG_8716.jpeg HTTP/1.1" 304 -
[07/Aug/2026 14:04:32] "GET /Photos/2025/2025-12_%E8%87%BA%E5%8C%97%E5%B8%82/IMG_2847.jpeg HTTP/1.1" 304 -
[07/Aug/2026 14:04:32] "GET /Photos/2025/2025-12_%E8%87%BA%E5%8C%97%E5%B8%82/IMG_2840.jpeg HTTP/1.1" 304 -
[07/Aug/2026 14:04:32] "GET /Photos/2025/2025-09_%E6%A1%83%E5%9C%92%E5%B8%82/IMG_1366.jpeg HTTP/1.1" 304 -
[07/Aug/2026 14:04:32] "GET /Photos/2025/2025-09_%E6%A1%83%E5%9C%92%E5%B8%82/IMG_1367.jpeg HTTP/1.1" 304 -
[07/Aug/2026 14:04:32] "GET /Photos/2025/2025-09_%E6%A1%83%E5%9C%92%E5%B8%82/IMG_1368.jpeg HTTP/1.1" 304 -
[07/Aug/2026 14:04:32] "GET /Photos/2025/2025-01_%E8%87%BA%E6%9D%B1%E5%8D%80/IMG_8652.jpeg HTTP/1.1" 304 -
[07/Aug/2026 14:04:32] "GET /Photos/2025/2025-01_%E8%87%BA%E6%9D%B1%E5%8D%80/IMG_8696.jpeg HTTP/1.1" 304 -
[07/Aug/2026 14:04:32] "GET /Photos/2025/2025-01_%E8%87%BA%E6%9D%B1%E5%8D%80/IMG_8710.jpeg HTTP/1.1" 304 -
[07/Aug/2026 14:04:32] "GET /Photos/2025/2025-01_%E8%87%BA%E6%9D%B1%E5%8D%80/IMG_8711.jpeg HTTP/1.1" 304 -
[07/Aug/2026 14:04:32] "GET /Photos/2025/2025-01_%E8%87%BA%E6%9D%B1%E5%8D%80/IMG_8697.jpeg HTTP/1.1" 304 -
[07/Aug/2026 14:04:32] "GET /Photos/2025/2025-01_%E8%87%BA%E6%9D%B1%E5%8D%80/IMG_8708.jpeg HTTP/1.1" 304 -
[07/Aug/2026 14:04:32] "GET /Photos/2025/2025-01_%E8%87%BA%E6%9D%B1%E5%8D%80/IMG_8698.jpeg HTTP/1.1" 304 -
[07/Aug/2026 14:04:32] "GET /Photos/2025/2025-01_%E8%87%BA%E6%9D%B1%E5%8D%80/IMG_8712.jpeg HTTP/1.1" 304 -
[07/Aug/2026 14:04:32] "GET /Photos/2025/2025-01_%E8%87%BA%E6%9D%B1%E5%8D%80/IMG_8694.jpeg HTTP/1.1" 304 -
[07/Aug/2026 14:04:32] "GET /Photos/2025/2025-01_%E8%87%BA%E6%9D%B1%E5%8D%80/IMG_8695.jpeg HTTP/1.1" 304 -
[07/Aug/2026 14:04:32] "GET /Photos/2025/2025-01_%E8%87%BA%E6%9D%B1%E5%8D%80/IMG_8713.jpeg HTTP/1.1" 304 -
[07/Aug/2026 14:04:32] "GET /Photos/2025/2025-01_%E8%87%BA%E6%9D%B1%E5%8D%80/IMG_8699.jpeg HTTP/1.1" 304 -
[07/Aug/2026 14:04:32] "GET /Photos/2025/2025-01_%E8%87%BA%E6%9D%B1%E5%8D%80/IMG_8709.jpeg HTTP/1.1" 304 -
[07/Aug/2026 14:04:32] "GET /Photos/2025/2025-01_%E8%87%BA%E6%9D%B1%E5%8D%80/IMG_8714.jpeg HTTP/1.1" 304 -
[07/Aug/2026 14:04:32] "GET /Photos/2025/2025-01_%E8%87%BA%E6%9D%B1%E5%8D%80/IMG_8702.jpeg HTTP/1.1" 304 -
[07/Aug/2026 14:04:32] "GET /Photos/2025/2025-01_%E8%87%BA%E6%9D%B1%E5%8D%80/IMG_8693.jpeg HTTP/1.1" 304 -
[07/Aug/2026 14:04:32] "GET /Photos/2025/2025-01_%E8%87%BA%E6%9D%B1%E5%8D%80/IMG_8715.jpeg HTTP/1.1" 304 -
[07/Aug/2026 14:04:32] "GET /Photos/2025/2025-05_%E6%9C%AA%E7%9F%A5%E5%9C%B0%E9%BB%9E/IMG_0465.jpeg HTTP/1.1" 304 -
[07/Aug/2026 14:04:32] "GET /Photos/2025/2025-12_%E5%8D%83%E6%AD%B2%E5%B8%82/IMG_2811.jpeg HTTP/1.1" 304 -
[07/Aug/2026 14:04:32] "GET /Photos/2025/2025-12_%E5%8D%83%E6%AD%B2%E5%B8%82/IMG_2645.jpeg HTTP/1.1" 304 -
[07/Aug/2026 14:04:36] "GET /Photos/2014/2014-10_%E6%9C%AA%E7%9F%A5%E5%9C%B0%E9%BB%9E/3BC0F4B9-AB00-475D-8A5F-1A8284D309F8.jpeg HTTP/1.1" 200 -
[07/Aug/2026 14:04:36] "GET /Photos/2014/2014-10_%E6%9C%AA%E7%9F%A5%E5%9C%B0%E9%BB%9E/4522884A-DAAB-45A2-976B-13718FC035AC.jpeg HTTP/1.1" 200 -
[07/Aug/2026 14:04:36] "GET /Photos/2014/2014-10_%E6%9C%AA%E7%9F%A5%E5%9C%B0%E9%BB%9E/306A572D-A0C3-440F-AC66-E072C4A9A47E.jpeg HTTP/1.1" 200 -
[07/Aug/2026 14:04:36] "GET /Photos/2014/2014-10_%E6%9C%AA%E7%9F%A5%E5%9C%B0%E9%BB%9E/6D79DDCF-23A0-48F4-AC48-49F1AA620008_1_201_a.jpeg HTTP/1.1" 200 -
[07/Aug/2026 14:04:36] "GET /Photos/2014/2014-10_%E6%9C%AA%E7%9F%A5%E5%9C%B0%E9%BB%9E/ACE485FF-C1AD-4523-8E34-338EC4F72B9A.jpeg HTTP/1.1" 200 -
[07/Aug/2026 14:04:36] "GET /Photos/2014/2014-10_%E6%9C%AA%E7%9F%A5%E5%9C%B0%E9%BB%9E/09DE5551-D988-4088-81A1-9C078BA53D05.jpeg HTTP/1.1" 200 -
[07/Aug/2026 14:04:36] "GET /Photos/2014/2014-10_%E6%9C%AA%E7%9F%A5%E5%9C%B0%E9%BB%9E/87E61128-8850-42EE-8B87-F30C0CA20DF8.jpeg HTTP/1.1" 200 -
[07/Aug/2026 14:04:36] "GET /Photos/2014/2014-10_%E6%9C%AA%E7%9F%A5%E5%9C%B0%E9%BB%9E/64EBE622-FF52-4A49-89F1-4F0839A19AE5.jpeg HTTP/1.1" 200 -
[07/Aug/2026 14:04:36] "GET /Photos/2014/2014-05_%E6%9C%AA%E7%9F%A5%E5%9C%B0%E9%BB%9E/FBE9B881-1C22-4C5E-A304-D7A9B9F4EA60.jpeg HTTP/1.1" 200 -
[07/Aug/2026 14:04:36] "GET /Photos/2014/2014-05_%E6%9C%AA%E7%9F%A5%E5%9C%B0%E9%BB%9E/13E5F047-B20C-473F-BF27-91B75398038C_1_201_a.jpeg HTTP/1.1" 200 -
[07/Aug/2026 14:04:36] "GET /Photos/2014/2014-05_%E6%9C%AA%E7%9F%A5%E5%9C%B0%E9%BB%9E/1193CA18-8F53-454D-B5FC-72460889BD04_1_201_a.jpeg HTTP/1.1" 200 -
[07/Aug/2026 14:04:36] "GET /Photos/2014/2014-05_%E6%9C%AA%E7%9F%A5%E5%9C%B0%E9%BB%9E/6BE35E04-55B3-46AE-B080-F49C3B14E14E_1_201_a.jpeg HTTP/1.1" 200 -
[07/Aug/2026 14:04:36] "GET /Photos/2014/2014-05_%E6%9C%AA%E7%9F%A5%E5%9C%B0%E9%BB%9E/3DCD28C2-848B-46E9-A594-83EB4240DBEA_1_201_a.jpeg HTTP/1.1" 200 -
[07/Aug/2026 14:04:36] "GET /Photos/2014/2014-05_%E6%9C%AA%E7%9F%A5%E5%9C%B0%E9%BB%9E/5B353DD9-5179-491C-A510-A95B2A5499F4_1_201_a.jpeg HTTP/1.1" 200 -
[07/Aug/2026 14:04:36] "GET /Photos/2014/2014-05_%E6%9C%AA%E7%9F%A5%E5%9C%B0%E9%BB%9E/BF8A43DB-2BAA-4071-9EDC-7EDA89CCC700_1_201_a.jpeg HTTP/1.1" 200 -
[07/Aug/2026 14:04:36] "GET /Photos/2014/2014-05_%E6%9C%AA%E7%9F%A5%E5%9C%B0%E9%BB%9E/B59C44FE-95F5-4FB5-9157-FF2CDACAAE9F_1_201_a.jpeg HTTP/1.1" 200 -
[07/Aug/2026 14:04:36] "GET /Photos/2014/2014-05_%E6%9C%AA%E7%9F%A5%E5%9C%B0%E9%BB%9E/F1E2E237-10B8-45D5-9EC9-281740FAA91E_1_201_a.jpeg HTTP/1.1" 200 -
[07/Aug/2026 14:04:36] "GET /Photos/2014/2014-05_%E6%9C%AA%E7%9F%A5%E5%9C%B0%E9%BB%9E/9B84D6F0-8A63-42BE-9F32-0C5CA2B1DA7E.jpeg HTTP/1.1" 200 -
[07/Aug/2026 14:05:26] "GET /Photos/2025/2025-05_%E6%9C%AA%E7%9F%A5%E5%9C%B0%E9%BB%9E/IMG_0463.jpeg HTTP/1.1" 200 -
[07/Aug/2026 14:05:26] "GET /Photos/2025/2025-05_%E6%9C%AA%E7%9F%A5%E5%9C%B0%E9%BB%9E/IMG_0462.jpeg HTTP/1.1" 200 -
[07/Aug/2026 14:05:26] "GET /Photos/2025/2025-05_%E6%9C%AA%E7%9F%A5%E5%9C%B0%E9%BB%9E/IMG_0461.jpeg HTTP/1.1" 200 -
[07/Aug/2026 14:05:26] "GET /Photos/2025/2025-12_%E5%8B%87%E6%8B%82%E9%83%A1/IMG_2746.jpeg HTTP/1.1" 200 -
[07/Aug/2026 14:05:26] "GET /Photos/2025/2025-12_%E5%8B%87%E6%8B%82%E9%83%A1/IMG_2747.jpeg HTTP/1.1" 200 -
[07/Aug/2026 14:05:26] "GET /Photos/2025/2025-12_%E5%8B%87%E6%8B%82%E9%83%A1/IMG_2741.jpeg HTTP/1.1" 200 -
[07/Aug/2026 14:05:26] "GET /Photos/2025/2025-12_%E5%8B%87%E6%8B%82%E9%83%A1/IMG_2776.jpeg HTTP/1.1" 200 -
[07/Aug/2026 14:05:26] "GET /Photos/2025/2025-12_%E5%8B%87%E6%8B%82%E9%83%A1/IMG_2777.jpeg HTTP/1.1" 200 -
[07/Aug/2026 14:05:26] "GET /Photos/2025/2025-12_%E5%8B%87%E6%8B%82%E9%83%A1/IMG_2748.jpeg HTTP/1.1" 200 -
[07/Aug/2026 14:05:26] "GET /Photos/2025/2025-05_Mohave%20County/IMG_0577.jpeg HTTP/1.1" 304 -
[07/Aug/2026 14:05:26] "GET /Photos/2025/2025-05_Mohave%20County/IMG_0573.jpeg HTTP/1.1" 200 -
[07/Aug/2026 14:05:26] "GET /Photos/2025/2025-05_Mohave%20County/IMG_0576.jpeg HTTP/1.1" 304 -
[07/Aug/2026 14:05:26] "GET /Photos/2025/2025-05_Mohave%20County/IMG_0616.jpeg HTTP/1.1" 304 -
[07/Aug/2026 14:05:26] "GET /Photos/2025/2025-05_Mohave%20County/IMG_0575.jpeg HTTP/1.1" 304 -
[07/Aug/2026 14:05:27] "GET /Photos/2025/2025-05_Mohave%20County/IMG_0579.jpeg HTTP/1.1" 200 -
[07/Aug/2026 14:05:27] "GET /Photos/2025/2025-05_Mohave%20County/IMG_0578.jpeg HTTP/1.1" 200 -
[07/Aug/2026 14:05:27] "GET /Photos/2025/2025-05_Mohave%20County/IMG_0574.jpeg HTTP/1.1" 200 -
[07/Aug/2026 14:05:27] "GET /Photos/2025/2025-10_%E5%A2%A8%E7%88%BE%E6%9C%AC/IMG_1695.jpeg HTTP/1.1" 200 -
[07/Aug/2026 14:05:27] "GET /Photos/2025/2025-10_%E5%A2%A8%E7%88%BE%E6%9C%AC/IMG_1673.jpeg HTTP/1.1" 304 -
[07/Aug/2026 14:05:27] "GET /Photos/2025/2025-10_%E5%A2%A8%E7%88%BE%E6%9C%AC/IMG_1648.jpeg HTTP/1.1" 200 -
[07/Aug/2026 14:05:27] "GET /Photos/2025/2025-04_%E6%9C%AA%E7%9F%A5%E5%9C%B0%E9%BB%9E/IMG_9437.JPG HTTP/1.1" 200 -
[07/Aug/2026 14:11:42] "GET /Photos/2025/2025-12_%E5%8B%87%E6%8B%82%E9%83%A1/IMG_2750.jpeg HTTP/1.1" 200 -
[07/Aug/2026 14:11:42] "GET /Photos/2025/2025-12_%E5%8B%87%E6%8B%82%E9%83%A1/IMG_2757.jpeg HTTP/1.1" 200 -
[07/Aug/2026 14:11:42] "GET /Photos/2025/2025-12_%E5%8B%87%E6%8B%82%E9%83%A1/IMG_2738.JPG HTTP/1.1" 200 -
[07/Aug/2026 14:11:42] "GET /Photos/2025/2025-12_%E5%8B%87%E6%8B%82%E9%83%A1/IMG_2733.JPG HTTP/1.1" 200 -
[07/Aug/2026 14:11:42] "GET /Photos/2025/2025-12_%E5%8B%87%E6%8B%82%E9%83%A1/IMG_2725.JPG HTTP/1.1" 200 -
[07/Aug/2026 14:11:42] "GET /Photos/2025/2025-12_%E5%8B%87%E6%8B%82%E9%83%A1/IMG_2732.jpeg HTTP/1.1" 200 -
[07/Aug/2026 14:11:42] "GET /Photos/2025/2025-12_%E5%8B%87%E6%8B%82%E9%83%A1/IMG_2745.jpeg HTTP/1.1" 200 -
[07/Aug/2026 14:11:42] "GET /Photos/2025/2025-12_%E5%8B%87%E6%8B%82%E9%83%A1/IMG_2744.jpeg HTTP/1.1" 200 -
[07/Aug/2026 14:11:42] "GET /Photos/2025/2025-11_%E8%97%A4%E6%BE%A4%E5%B8%82/IMG_2500.jpeg HTTP/1.1" 200 -
[07/Aug/2026 14:11:42] "GET /Photos/2025/2025-11_%E8%97%A4%E6%BE%A4%E5%B8%82/IMG_2525.jpeg HTTP/1.1" 200 -
[07/Aug/2026 14:11:42] "GET /Photos/2025/2025-05_Mohave%20County/IMG_0608.jpeg HTTP/1.1" 200 -
[07/Aug/2026 14:11:42] "GET /Photos/2025/2025-05_Mohave%20County/IMG_0595.jpeg HTTP/1.1" 304 -
[07/Aug/2026 14:11:42] "GET /Photos/2025/2025-05_Mohave%20County/IMG_0570.jpeg HTTP/1.1" 200 -
[07/Aug/2026 14:11:42] "GET /Photos/2025/2025-05_Mohave%20County/IMG_0614.jpeg HTTP/1.1" 200 -
[07/Aug/2026 14:11:42] "GET /Photos/2025/2025-05_Mohave%20County/IMG_0585.jpeg HTTP/1.1" 200 -
[07/Aug/2026 14:11:42] "GET /Photos/2025/2025-05_Mohave%20County/IMG_0572.jpeg HTTP/1.1" 200 -
[07/Aug/2026 14:11:45] "GET /Photos/2025/2025-05_%E5%8A%8D%E6%A9%8B/IMG_9850.jpeg HTTP/1.1" 200 -
[07/Aug/2026 14:11:45] "GET /Photos/2025/2025-05_%E5%8A%8D%E6%A9%8B/IMG_9845.jpeg HTTP/1.1" 304 -
[07/Aug/2026 14:11:45] "GET /Photos/2025/2025-12_%E6%9C%AD%E5%B9%8C%E5%B8%82/IMG_2652.jpeg HTTP/1.1" 200 -
[07/Aug/2026 14:11:45] "GET /Photos/2025/2025-12_%E6%9C%AD%E5%B9%8C%E5%B8%82/IMG_2649.jpeg HTTP/1.1" 200 -
[07/Aug/2026 14:11:45] "GET /Photos/2025/2025-12_%E6%9C%AD%E5%B9%8C%E5%B8%82/IMG_2653.jpeg HTTP/1.1" 200 -
[07/Aug/2026 14:11:45] "GET /Photos/2025/2025-12_%E6%9C%AD%E5%B9%8C%E5%B8%82/IMG_2654.jpeg HTTP/1.1" 200 -
[07/Aug/2026 14:11:45] "GET /Photos/2025/2025-12_%E6%9C%AD%E5%B9%8C%E5%B8%82/IMG_2648.jpeg HTTP/1.1" 200 -
[07/Aug/2026 14:11:45] "GET /Photos/2025/2025-12_%E5%8B%87%E6%8B%82%E9%83%A1/IMG_2755.jpeg HTTP/1.1" 200 -
[07/Aug/2026 14:11:45] "GET /Photos/2025/2025-12_%E5%8B%87%E6%8B%82%E9%83%A1/IMG_2752.jpeg HTTP/1.1" 200 -
[07/Aug/2026 14:11:45] "GET /Photos/2025/2025-05_%E5%8A%8D%E6%A9%8B/IMG_9851.jpeg HTTP/1.1" 200 -
[07/Aug/2026 14:11:45] "GET /Photos/2025/2025-05_Paradise/IMG_0655.jpeg HTTP/1.1" 200 -
[07/Aug/2026 14:11:45] "GET /Photos/2025/2025-12_%E6%9C%AA%E7%9F%A5%E5%9C%B0%E9%BB%9E/IMG_2853.JPG HTTP/1.1" 200 -
[07/Aug/2026 14:11:45] "GET /Photos/2025/2025-05_Paradise/IMG_0657.jpeg HTTP/1.1" 200 -
[07/Aug/2026 14:11:45] "GET /Photos/2025/2025-02_%E6%9C%AA%E7%9F%A5%E5%9C%B0%E9%BB%9E/IMG_8824.JPG HTTP/1.1" 200 -
[07/Aug/2026 14:11:45] "GET /Photos/2025/2025-05_Paradise/IMG_0662.jpeg HTTP/1.1" 200 -
[07/Aug/2026 14:11:45] "GET /Photos/2025/2025-01_%E6%9C%AA%E7%9F%A5%E5%9C%B0%E9%BB%9E/IMG_8749.JPG HTTP/1.1" 200 -
[07/Aug/2026 14:11:45] "GET /Photos/2025/2025-12_%E5%8D%97%E5%AF%8C%E8%89%AF%E9%87%8E%E7%94%BA/IMG_2762.jpeg HTTP/1.1" 200 -
[07/Aug/2026 14:11:45] "GET /Photos/2025/2025-12_%E5%8D%97%E5%AF%8C%E8%89%AF%E9%87%8E%E7%94%BA/IMG_2764.jpeg HTTP/1.1" 200 -
[07/Aug/2026 14:11:45] "GET /Photos/2025/2025-02_%E6%9C%AA%E7%9F%A5%E5%9C%B0%E9%BB%9E/IMG_8823.JPG HTTP/1.1" 200 -
[07/Aug/2026 14:11:45] "GET /Photos/2025/2025-02_%E6%9C%AA%E7%9F%A5%E5%9C%B0%E9%BB%9E/IMG_8859.JPG HTTP/1.1" 200 -
[07/Aug/2026 14:11:49] "GET /Photos/2024/2024-10_%E8%87%BA%E4%B8%AD%E5%B8%82/IMG_7866.jpeg HTTP/1.1" 200 -
[07/Aug/2026 14:11:49] "GET /Photos/2024/2024-10_%E8%87%BA%E4%B8%AD%E5%B8%82/IMG_7870.jpeg HTTP/1.1" 200 -
[07/Aug/2026 14:11:49] "GET /Photos/2024/2024-11_%E5%8D%81%E5%92%8C%E7%94%B0%E5%B8%82/IMG_8157.jpeg HTTP/1.1" 200 -
[07/Aug/2026 14:11:49] "GET /Photos/2024/2024-11_%E5%8D%81%E5%92%8C%E7%94%B0%E5%B8%82/IMG_8146.jpeg HTTP/1.1" 200 -
[07/Aug/2026 14:11:49] "GET /Photos/2024/2024-11_%E5%8D%81%E5%92%8C%E7%94%B0%E5%B8%82/IMG_8073.jpeg HTTP/1.1" 200 -
[07/Aug/2026 14:11:49] "GET /Photos/2024/2024-11_%E5%8D%81%E5%92%8C%E7%94%B0%E5%B8%82/IMG_8183.jpeg HTTP/1.1" 200 -
[07/Aug/2026 14:11:49] "GET /Photos/2024/2024-11_%E5%8D%81%E5%92%8C%E7%94%B0%E5%B8%82/IMG_8213.jpeg HTTP/1.1" 304 -
[07/Aug/2026 14:11:49] "GET /Photos/2024/2024-11_%E5%8D%81%E5%92%8C%E7%94%B0%E5%B8%82/IMG_8156.jpeg HTTP/1.1" 200 -
[07/Aug/2026 14:11:49] "GET /Photos/2024/2024-11_%E5%8D%81%E5%92%8C%E7%94%B0%E5%B8%82/IMG_8072.jpeg HTTP/1.1" 200 -
[07/Aug/2026 14:11:49] "GET /Photos/2024/2024-11_%E5%8D%81%E5%92%8C%E7%94%B0%E5%B8%82/IMG_8071.jpeg HTTP/1.1" 200 -
[07/Aug/2026 14:11:49] "GET /Photos/2024/2024-11_%E5%8D%81%E5%92%8C%E7%94%B0%E5%B8%82/IMG_8159.jpeg HTTP/1.1" 200 -
[07/Aug/2026 14:11:49] "GET /Photos/2024/2024-11_%E5%8D%81%E5%92%8C%E7%94%B0%E5%B8%82/IMG_8212.jpeg HTTP/1.1" 304 -
[07/Aug/2026 14:11:49] "GET /Photos/2024/2024-11_%E5%8D%81%E5%92%8C%E7%94%B0%E5%B8%82/IMG_8211.jpeg HTTP/1.1" 200 -
[07/Aug/2026 14:11:49] "GET /Photos/2024/2024-11_%E5%8D%81%E5%92%8C%E7%94%B0%E5%B8%82/IMG_8143.jpeg HTTP/1.1" 200 -
[07/Aug/2026 14:11:49] "GET /Photos/2024/2024-11_%E5%8D%81%E5%92%8C%E7%94%B0%E5%B8%82/IMG_8142.jpeg HTTP/1.1" 200 -
[07/Aug/2026 14:11:49] "GET /Photos/2024/2024-11_%E5%8D%81%E5%92%8C%E7%94%B0%E5%B8%82/IMG_8158.jpeg HTTP/1.1" 200 -
[07/Aug/2026 14:11:49] "GET /Photos/2024/2024-11_%E5%8D%81%E5%92%8C%E7%94%B0%E5%B8%82/IMG_8094.jpeg HTTP/1.1" 200 -
[07/Aug/2026 14:11:50] "GET /Photos/2024/2024-11_%E5%8D%81%E5%92%8C%E7%94%B0%E5%B8%82/IMG_8145.jpeg HTTP/1.1" 200 -
[07/Aug/2026 14:11:50] "GET /Photos/2024/2024-11_%E5%8D%81%E5%92%8C%E7%94%B0%E5%B8%82/IMG_8061.jpeg HTTP/1.1" 200 -
[07/Aug/2026 14:11:50] "GET /Photos/2024/2024-11_%E5%8D%81%E5%92%8C%E7%94%B0%E5%B8%82/IMG_8149.jpeg HTTP/1.1" 200 -
[07/Aug/2026 14:11:50] "GET /Photos/2024/2024-11_%E5%8D%81%E5%92%8C%E7%94%B0%E5%B8%82/IMG_8148.jpeg HTTP/1.1" 200 -
[07/Aug/2026 14:11:50] "GET /Photos/2024/2024-11_%E5%8D%81%E5%92%8C%E7%94%B0%E5%B8%82/IMG_8060.jpeg HTTP/1.1" 200 -
[07/Aug/2026 14:11:50] "GET /Photos/2024/2024-11_%E5%8D%81%E5%92%8C%E7%94%B0%E5%B8%82/IMG_8144.jpeg HTTP/1.1" 200 -
[07/Aug/2026 14:11:50] "GET /Photos/2024/2024-11_%E5%8D%81%E5%92%8C%E7%94%B0%E5%B8%82/IMG_8191.jpeg HTTP/1.1" 200 -
[07/Aug/2026 14:11:50] "GET /Photos/2024/2024-11_%E5%8D%81%E5%92%8C%E7%94%B0%E5%B8%82/IMG_8095.jpeg HTTP/1.1" 200 -
[07/Aug/2026 14:11:50] "GET /Photos/2024/2024-11_%E4%BB%99%E8%87%BA%E5%B8%82/IMG_8360.jpeg HTTP/1.1" 200 -
[07/Aug/2026 14:11:50] "GET /Photos/2024/2024-11_%E4%BB%99%E8%87%BA%E5%B8%82/IMG_8388.jpeg HTTP/1.1" 200 -
[07/Aug/2026 14:11:54] "GET /Photos/2024/2024-11_%E5%8D%81%E5%92%8C%E7%94%B0%E5%B8%82/IMG_8080.jpeg HTTP/1.1" 200 -
[07/Aug/2026 14:11:54] "GET /Photos/2024/2024-11_%E5%8D%81%E5%92%8C%E7%94%B0%E5%B8%82/IMG_8215.jpeg HTTP/1.1" 200 -
[07/Aug/2026 14:11:54] "GET /Photos/2024/2024-11_%E5%8D%81%E5%92%8C%E7%94%B0%E5%B8%82/IMG_8079.jpeg HTTP/1.1" 200 -
[07/Aug/2026 14:11:54] "GET /Photos/2024/2024-11_%E5%8D%81%E5%92%8C%E7%94%B0%E5%B8%82/IMG_8184.jpeg HTTP/1.1" 200 -
[07/Aug/2026 14:11:54] "GET /Photos/2024/2024-11_%E5%8D%81%E5%92%8C%E7%94%B0%E5%B8%82/IMG_8059.jpeg HTTP/1.1" 200 -
[07/Aug/2026 14:11:54] "GET /Photos/2024/2024-11_%E5%8D%81%E5%92%8C%E7%94%B0%E5%B8%82/IMG_8235.jpeg HTTP/1.1" 200 -
[07/Aug/2026 14:11:54] "GET /Photos/2024/2024-11_%E5%8D%81%E5%92%8C%E7%94%B0%E5%B8%82/IMG_8075.jpeg HTTP/1.1" 200 -
[07/Aug/2026 14:11:54] "GET /Photos/2024/2024-11_%E5%8D%81%E5%92%8C%E7%94%B0%E5%B8%82/IMG_8167.jpeg HTTP/1.1" 200 -
[07/Aug/2026 14:11:54] "GET /Photos/2024/2024-11_%E5%8D%81%E5%92%8C%E7%94%B0%E5%B8%82/IMG_8219.jpeg HTTP/1.1" 200 -
[07/Aug/2026 14:11:55] "GET /Photos/2024/2024-11_%E5%8D%81%E5%92%8C%E7%94%B0%E5%B8%82/IMG_8166.jpeg HTTP/1.1" 200 -
[07/Aug/2026 14:11:55] "GET /Photos/2024/2024-11_%E5%8D%81%E5%92%8C%E7%94%B0%E5%B8%82/IMG_8131.jpeg HTTP/1.1" 200 -
[07/Aug/2026 14:11:55] "GET /Photos/2024/2024-11_%E5%8D%81%E5%92%8C%E7%94%B0%E5%B8%82/IMG_8062.jpeg HTTP/1.1" 200 -
[07/Aug/2026 14:11:55] "GET /Photos/2024/2024-11_%E5%8D%81%E5%92%8C%E7%94%B0%E5%B8%82/IMG_8185.jpeg HTTP/1.1" 200 -
[07/Aug/2026 14:11:55] "GET /Photos/2024/2024-11_%E5%8D%81%E5%92%8C%E7%94%B0%E5%B8%82/IMG_8078.jpeg HTTP/1.1" 200 -
[07/Aug/2026 14:11:55] "GET /Photos/2024/2024-11_%E5%8D%81%E5%92%8C%E7%94%B0%E5%B8%82/IMG_8081.jpeg HTTP/1.1" 200 -
[07/Aug/2026 14:11:58] "GET /Photos/2023/2023-06_%E6%9C%AA%E7%9F%A5%E5%9C%B0%E9%BB%9E/IMG_3605.JPG HTTP/1.1" 200 -
[07/Aug/2026 14:11:58] "GET /Photos/2023/2023-10_%E6%9C%AA%E7%9F%A5%E5%9C%B0%E9%BB%9E/IMG_3999.JPG HTTP/1.1" 200 -
[07/Aug/2026 14:11:58] "GET /Photos/2023/2023-01_%E4%B8%8B%E9%AB%98%E4%BA%95%E9%83%A1/IMG_2985.jpeg HTTP/1.1" 200 -
[07/Aug/2026 14:11:58] "GET /Photos/2023/2023-01_%E4%B8%8B%E9%AB%98%E4%BA%95%E9%83%A1/IMG_2984.jpeg HTTP/1.1" 200 -
[07/Aug/2026 14:11:58] "GET /Photos/2023/2023-01_%E4%B8%8B%E9%AB%98%E4%BA%95%E9%83%A1/IMG_2956.jpeg HTTP/1.1" 200 -
[07/Aug/2026 14:11:58] "GET /Photos/2023/2023-01_%E4%B8%8B%E9%AB%98%E4%BA%95%E9%83%A1/IMG_2983.jpeg HTTP/1.1" 200 -
[07/Aug/2026 14:11:58] "GET /Photos/2023/2023-01_%E4%B8%8B%E9%AB%98%E4%BA%95%E9%83%A1/IMG_2960.jpeg HTTP/1.1" 200 -
[07/Aug/2026 14:11:58] "GET /Photos/2023/2023-01_%E4%B8%8B%E9%AB%98%E4%BA%95%E9%83%A1/IMG_2961.jpeg HTTP/1.1" 200 -
[07/Aug/2026 14:11:58] "GET /Photos/2023/2023-01_%E4%B8%8B%E9%AB%98%E4%BA%95%E9%83%A1/IMG_2962.jpeg HTTP/1.1" 200 -
[07/Aug/2026 14:11:58] "GET /Photos/2023/2023-01_%E4%B8%8B%E9%AB%98%E4%BA%95%E9%83%A1/IMG_2982.jpeg HTTP/1.1" 200 -
[07/Aug/2026 14:11:58] "GET /Photos/2023/2023-01_%E4%B8%8B%E9%AB%98%E4%BA%95%E9%83%A1/IMG_2958.jpeg HTTP/1.1" 200 -
[07/Aug/2026 14:11:58] "GET /Photos/2023/2023-01_%E4%B8%8B%E9%AB%98%E4%BA%95%E9%83%A1/IMG_2959.jpeg HTTP/1.1" 200 -
[07/Aug/2026 14:11:58] "GET /Photos/2023/2023-01_%E4%B8%8B%E9%AB%98%E4%BA%95%E9%83%A1/IMG_2955.jpeg HTTP/1.1" 200 -
[07/Aug/2026 14:11:58] "GET /Photos/2023/2023-01_%E4%B8%8B%E9%AB%98%E4%BA%95%E9%83%A1/IMG_2980.jpeg HTTP/1.1" 200 -
[07/Aug/2026 14:11:58] "GET /Photos/2023/2023-01_%E4%B8%8B%E9%AB%98%E4%BA%95%E9%83%A1/IMG_2979.jpeg HTTP/1.1" 200 -
[07/Aug/2026 14:11:58] "GET /Photos/2023/2023-01_%E4%B8%8B%E9%AB%98%E4%BA%95%E9%83%A1/IMG_2986.jpeg HTTP/1.1" 200 -
[07/Aug/2026 14:11:58] "GET /Photos/2023/2023-08_%E6%9C%AA%E7%9F%A5%E5%9C%B0%E9%BB%9E/IMG_3754.JPG HTTP/1.1" 200 -
[07/Aug/2026 14:11:58] "GET /Photos/2023/2023-08_%E6%9C%AA%E7%9F%A5%E5%9C%B0%E9%BB%9E/IMG_3755.JPG HTTP/1.1" 200 -
[07/Aug/2026 14:11:58] "GET /Photos/2023/2023-08_%E6%9C%AA%E7%9F%A5%E5%9C%B0%E9%BB%9E/IMG_3756.JPG HTTP/1.1" 200 -
[07/Aug/2026 14:11:58] "GET /Photos/2023/2023-08_%E6%9C%AA%E7%9F%A5%E5%9C%B0%E9%BB%9E/IMG_3765.JPG HTTP/1.1" 200 -
[07/Aug/2026 14:11:58] "GET /Photos/2023/2023-04_%E7%A4%81%E6%BA%AA%E9%84%89/IMG_3273.jpeg HTTP/1.1" 200 -
[07/Aug/2026 14:11:58] "GET /Photos/2023/2023-04_%E7%A4%81%E6%BA%AA%E9%84%89/IMG_3272.jpeg HTTP/1.1" 200 -
[07/Aug/2026 14:11:58] "GET /Photos/2023/2023-04_%E7%A4%81%E6%BA%AA%E9%84%89/IMG_3271.jpeg HTTP/1.1" 200 -
[07/Aug/2026 14:12:01] "GET /Photos/2023/2023-10_%E9%A6%96%E5%B0%94%E7%89%B9%E5%88%AB%E5%B8%82/IMG_4133.jpeg HTTP/1.1" 200 -
[07/Aug/2026 14:12:01] "GET /Photos/2023/2023-10_%E9%A6%96%E5%B0%94%E7%89%B9%E5%88%AB%E5%B8%82/IMG_4125.jpeg HTTP/1.1" 200 -
[07/Aug/2026 14:12:01] "GET /Photos/2023/2023-10_%E9%A6%96%E5%B0%94%E7%89%B9%E5%88%AB%E5%B8%82/IMG_4129.jpeg HTTP/1.1" 200 -
[07/Aug/2026 14:12:01] "GET /Photos/2023/2023-10_%E9%A6%96%E5%B0%94%E7%89%B9%E5%88%AB%E5%B8%82/IMG_4145.jpeg HTTP/1.1" 200 -
[07/Aug/2026 14:12:01] "GET /Photos/2023/2023-10_%E9%A6%96%E5%B0%94%E7%89%B9%E5%88%AB%E5%B8%82/IMG_4128.jpeg HTTP/1.1" 200 -
[07/Aug/2026 14:12:01] "GET /Photos/2023/2023-10_%E9%A6%96%E5%B0%94%E7%89%B9%E5%88%AB%E5%B8%82/IMG_4124.jpeg HTTP/1.1" 200 -
[07/Aug/2026 14:12:01] "GET /Photos/2023/2023-10_%E9%A6%96%E5%B0%94%E7%89%B9%E5%88%AB%E5%B8%82/IMG_4147.jpeg HTTP/1.1" 200 -
[07/Aug/2026 14:12:01] "GET /Photos/2023/2023-10_%E9%A6%96%E5%B0%94%E7%89%B9%E5%88%AB%E5%B8%82/IMG_4146.jpeg HTTP/1.1" 200 -
[07/Aug/2026 14:12:01] "GET /Photos/2023/2023-10_%E9%A6%96%E5%B0%94%E7%89%B9%E5%88%AB%E5%B8%82/IMG_4132.jpeg HTTP/1.1" 200 -
[07/Aug/2026 14:12:01] "GET /Photos/2023/2023-10_%E9%A6%96%E5%B0%94%E7%89%B9%E5%88%AB%E5%B8%82/IMG_4127.jpeg HTTP/1.1" 200 -
[07/Aug/2026 14:12:01] "GET /Photos/2023/2023-10_%E9%A6%96%E5%B0%94%E7%89%B9%E5%88%AB%E5%B8%82/IMG_4131.jpeg HTTP/1.1" 200 -
[07/Aug/2026 14:12:01] "GET /Photos/2023/2023-10_%E9%A6%96%E5%B0%94%E7%89%B9%E5%88%AB%E5%B8%82/IMG_4130.jpeg HTTP/1.1" 200 -
[07/Aug/2026 14:12:01] "GET /Photos/2023/2023-10_%E9%A6%96%E5%B0%94%E7%89%B9%E5%88%AB%E5%B8%82/IMG_4126.jpeg HTTP/1.1" 200 -
[07/Aug/2026 14:12:01] "GET /Photos/2023/2023-10_%E4%BB%81%E5%B7%9D%E5%BB%A3%E5%9F%9F%E5%B8%82/IMG_4076.jpeg HTTP/1.1" 200 -
[07/Aug/2026 14:12:01] "GET /Photos/2023/2023-10_%E4%BB%81%E5%B7%9D%E5%BB%A3%E5%9F%9F%E5%B8%82/IMG_4148.jpeg HTTP/1.1" 200 -
[07/Aug/2026 14:12:01] "GET /Photos/2023/2023-10_%E4%BB%81%E5%B7%9D%E5%BB%A3%E5%9F%9F%E5%B8%82/IMG_4152.jpeg HTTP/1.1" 200 -
[07/Aug/2026 14:12:01] "GET /Photos/2023/2023-10_%E4%BB%81%E5%B7%9D%E5%BB%A3%E5%9F%9F%E5%B8%82/IMG_4149.jpeg HTTP/1.1" 200 -
[07/Aug/2026 14:12:01] "GET /Photos/2023/2023-10_%E4%BB%81%E5%B7%9D%E5%BB%A3%E5%9F%9F%E5%B8%82/IMG_8474.jpeg HTTP/1.1" 200 -
[07/Aug/2026 14:12:01] "GET /Photos/2023/2023-10_%E4%BB%81%E5%B7%9D%E5%BB%A3%E5%9F%9F%E5%B8%82/IMG_4071.jpeg HTTP/1.1" 200 -
[07/Aug/2026 14:12:01] "GET /Photos/2023/2023-10_%E4%BB%81%E5%B7%9D%E5%BB%A3%E5%9F%9F%E5%B8%82/IMG_8475.jpeg HTTP/1.1" 200 -
[07/Aug/2026 14:12:01] "GET /Photos/2023/2023-10_%E4%BB%81%E5%B7%9D%E5%BB%A3%E5%9F%9F%E5%B8%82/IMG_8476.jpeg HTTP/1.1" 200 -
[07/Aug/2026 14:12:01] "GET /Photos/2023/2023-10_%E4%BB%81%E5%B7%9D%E5%BB%A3%E5%9F%9F%E5%B8%82/IMG_8477.jpeg HTTP/1.1" 200 -
[07/Aug/2026 14:12:01] "GET /Photos/2023/2023-10_%E4%BB%81%E5%B7%9D%E5%BB%A3%E5%9F%9F%E5%B8%82/IMG_4074.jpeg HTTP/1.1" 200 -
[07/Aug/2026 14:12:01] "GET /Photos/2023/2023-10_%E4%BB%81%E5%B7%9D%E5%BB%A3%E5%9F%9F%E5%B8%82/IMG_4150.jpeg HTTP/1.1" 200 -
[07/Aug/2026 14:12:01] "GET /Photos/2023/2023-10_%E4%BB%81%E5%B7%9D%E5%BB%A3%E5%9F%9F%E5%B8%82/IMG_4151.jpeg HTTP/1.1" 200 -
[07/Aug/2026 14:12:01] "GET /Photos/2023/2023-10_%E4%BB%81%E5%B7%9D%E5%BB%A3%E5%9F%9F%E5%B8%82/IMG_4075.jpeg HTTP/1.1" 200 -
[07/Aug/2026 14:12:01] "GET /Photos/2023/2023-01_%E6%9C%AA%E7%9F%A5%E5%9C%B0%E9%BB%9E/IMG_2987.JPG HTTP/1.1" 200 -
[07/Aug/2026 14:12:01] "GET /Photos/2023/2023-01_%E6%9C%AA%E7%9F%A5%E5%9C%B0%E9%BB%9E/IMG_2996.JPG HTTP/1.1" 200 -
[07/Aug/2026 14:12:01] "GET /Photos/2023/2023-01_%E6%9C%AA%E7%9F%A5%E5%9C%B0%E9%BB%9E/IMG_2997.JPG HTTP/1.1" 200 -
[07/Aug/2026 14:12:01] "GET /Photos/2023/2023-01_%E6%9C%AA%E7%9F%A5%E5%9C%B0%E9%BB%9E/IMG_2998.JPG HTTP/1.1" 200 -
[07/Aug/2026 14:12:01] "GET /Photos/2023/2023-11_%E8%87%BA%E5%8C%97%E5%B8%82/IMG_4332.jpeg HTTP/1.1" 200 -
[07/Aug/2026 14:12:01] "GET /Photos/2023/2023-11_%E8%87%BA%E5%8C%97%E5%B8%82/IMG_4324.jpeg HTTP/1.1" 200 -
[07/Aug/2026 14:12:06] "GET /Photos/2025/2025-05_Paradise/IMG_0654.jpeg HTTP/1.1" 200 -
[07/Aug/2026 14:12:06] "GET /Photos/2025/2025-05_Paradise/IMG_0653.jpeg HTTP/1.1" 200 -
[07/Aug/2026 14:12:06] "GET /Photos/2025/2025-05_Paradise/IMG_0652.jpeg HTTP/1.1" 200 -
[07/Aug/2026 14:12:06] "GET /Photos/2025/2025-05_Paradise/IMG_0658.jpeg HTTP/1.1" 200 -
[07/Aug/2026 14:12:06] "GET /Photos/2025/2025-05_Paradise/IMG_0659.jpeg HTTP/1.1" 200 -
[07/Aug/2026 14:12:06] "GET /Photos/2025/2025-05_Paradise/IMG_0656.jpeg HTTP/1.1" 200 -
[07/Aug/2026 14:12:06] "GET /Photos/2025/2025-05_Paradise/IMG_0661.jpeg HTTP/1.1" 200 -
[07/Aug/2026 14:12:06] "GET /Photos/2025/2025-05_Paradise/IMG_0563.jpeg HTTP/1.1" 200 -
[07/Aug/2026 14:12:06] "GET /Photos/2025/2025-05_Paradise/IMG_0660.jpeg HTTP/1.1" 200 -
[07/Aug/2026 14:12:06] "GET /Photos/2025/2025-05_Paradise/IMG_0651.jpeg HTTP/1.1" 200 -
[07/Aug/2026 14:12:06] "GET /Photos/2025/2025-05_Paradise/IMG_0650.jpeg HTTP/1.1" 200 -
[07/Aug/2026 14:12:09] "GET /Photos/2025/2025-05_Page/IMG_0371.jpeg HTTP/1.1" 200 -
[07/Aug/2026 14:12:09] "GET /Photos/2025/2025-05_Page/IMG_0367.jpeg HTTP/1.1" 200 -
[07/Aug/2026 14:12:09] "GET /Photos/2025/2025-05_Page/IMG_0384.jpeg HTTP/1.1" 200 -
[07/Aug/2026 14:12:09] "GET /Photos/2025/2025-05_Page/IMG_0385.jpeg HTTP/1.1" 200 -
[07/Aug/2026 14:12:09] "GET /Photos/2025/2025-05_Page/IMG_0366.jpeg HTTP/1.1" 200 -
[07/Aug/2026 14:12:09] "GET /Photos/2025/2025-05_Page/IMG_0370.jpeg HTTP/1.1" 200 -
[07/Aug/2026 14:12:09] "GET /Photos/2025/2025-05_Page/IMG_0360.jpeg HTTP/1.1" 200 -
[07/Aug/2026 14:12:09] "GET /Photos/2025/2025-05_Page/IMG_0382.jpeg HTTP/1.1" 200 -
[07/Aug/2026 14:12:09] "GET /Photos/2025/2025-05_Page/IMG_0377.jpeg HTTP/1.1" 200 -
[07/Aug/2026 14:12:09] "GET /Photos/2025/2025-05_Page/IMG_0376.jpeg HTTP/1.1" 200 -
[07/Aug/2026 14:12:09] "GET /Photos/2025/2025-05_Page/IMG_0383.jpeg HTTP/1.1" 200 -
[07/Aug/2026 14:12:09] "GET /Photos/2025/2025-05_Page/IMG_0380.jpeg HTTP/1.1" 200 -
[07/Aug/2026 14:12:10] "GET /Photos/2025/2025-05_Page/IMG_0379.jpeg HTTP/1.1" 200 -
[07/Aug/2026 14:12:10] "GET /Photos/2025/2025-05_Page/IMG_0363.jpeg HTTP/1.1" 200 -
[07/Aug/2026 14:12:10] "GET /Photos/2025/2025-05_Page/IMG_0374.jpeg HTTP/1.1" 200 -
[07/Aug/2026 14:12:10] "GET /Photos/2025/2025-05_Page/IMG_0375.jpeg HTTP/1.1" 200 -
[07/Aug/2026 14:12:10] "GET /Photos/2025/2025-05_Page/IMG_0362.jpeg HTTP/1.1" 200 -
[07/Aug/2026 14:12:10] "GET /Photos/2025/2025-05_Page/IMG_0378.jpeg HTTP/1.1" 200 -
[07/Aug/2026 14:12:10] "GET /Photos/2025/2025-05_Page/IMG_0381.jpeg HTTP/1.1" 200 -
[07/Aug/2026 14:12:10] "GET /Photos/2025/2025-05_Page/IMG_0365.jpeg HTTP/1.1" 200 -
[07/Aug/2026 14:12:10] "GET /Photos/2025/2025-05_Page/IMG_0373.jpeg HTTP/1.1" 200 -
[07/Aug/2026 14:12:10] "GET /Photos/2025/2025-05_Page/IMG_0369.jpeg HTTP/1.1" 200 -
[07/Aug/2026 14:12:10] "GET /Photos/2025/2025-05_Page/IMG_0386.jpeg HTTP/1.1" 200 -
[07/Aug/2026 14:12:10] "GET /Photos/2025/2025-05_Page/IMG_0368.jpeg HTTP/1.1" 200 -
[07/Aug/2026 14:12:10] "GET /Photos/2025/2025-05_Page/IMG_0372.jpeg HTTP/1.1" 200 -
[07/Aug/2026 14:12:10] "GET /Photos/2025/2025-05_Page/IMG_0364.jpeg HTTP/1.1" 200 -
[07/Aug/2026 14:12:12] "GET /Photos/2025/2025-05_Mohave%20County/IMG_0609.jpeg HTTP/1.1" 200 -
[07/Aug/2026 14:12:12] "GET /Photos/2025/2025-05_Mohave%20County/IMG_0598.jpeg HTTP/1.1" 200 -
[07/Aug/2026 14:12:12] "GET /Photos/2025/2025-05_Mohave%20County/IMG_4021.jpeg HTTP/1.1" 200 -
[07/Aug/2026 14:12:12] "GET /Photos/2025/2025-05_Mohave%20County/IMG_0594.jpeg HTTP/1.1" 200 -
[07/Aug/2026 14:12:12] "GET /Photos/2025/2025-05_Mohave%20County/IMG_0605.jpeg HTTP/1.1" 200 -
[07/Aug/2026 14:12:12] "GET /Photos/2025/2025-05_Mohave%20County/IMG_0582.jpeg HTTP/1.1" 200 -
[07/Aug/2026 14:12:12] "GET /Photos/2025/2025-05_Mohave%20County/IMG_0604.jpeg HTTP/1.1" 200 -
[07/Aug/2026 14:12:12] "GET /Photos/2025/2025-05_Mohave%20County/IMG_0613.jpeg HTTP/1.1" 200 -
[07/Aug/2026 14:12:12] "GET /Photos/2025/2025-05_Mohave%20County/IMG_0583.jpeg HTTP/1.1" 200 -
[07/Aug/2026 14:12:12] "GET /Photos/2025/2025-05_Mohave%20County/IMG_4041.jpeg HTTP/1.1" 200 -
[07/Aug/2026 14:12:12] "GET /Photos/2025/2025-05_Mohave%20County/IMG_0576.jpeg HTTP/1.1" 200 -
[07/Aug/2026 14:12:12] "GET /Photos/2025/2025-05_Mohave%20County/IMG_0599.jpeg HTTP/1.1" 200 -
[07/Aug/2026 14:12:12] "GET /Photos/2025/2025-05_Mohave%20County/IMG_0603.jpeg HTTP/1.1" 200 -
[07/Aug/2026 14:12:12] "GET /Photos/2025/2025-05_Mohave%20County/IMG_0592.jpeg HTTP/1.1" 200 -
[07/Aug/2026 14:12:12] "GET /Photos/2025/2025-05_Mohave%20County/IMG_0068.jpeg HTTP/1.1" 200 -
[07/Aug/2026 14:12:12] "GET /Photos/2025/2025-05_Mohave%20County/IMG_0584.jpeg HTTP/1.1" 200 -
[07/Aug/2026 14:12:12] "GET /Photos/2025/2025-05_Mohave%20County/IMG_0615.jpeg HTTP/1.1" 200 -
[07/Aug/2026 14:12:12] "GET /Photos/2025/2025-05_Mohave%20County/IMG_0571.jpeg HTTP/1.1" 200 -
[07/Aug/2026 14:12:12] "GET /Photos/2025/2025-05_Mohave%20County/IMG_4027.jpeg HTTP/1.1" 200 -
[07/Aug/2026 14:12:12] "GET /Photos/2025/2025-05_Mohave%20County/IMG_0567.jpeg HTTP/1.1" 200 -
[07/Aug/2026 14:12:12] "GET /Photos/2025/2025-05_Mohave%20County/IMG_0588.jpeg HTTP/1.1" 200 -
[07/Aug/2026 14:12:12] "GET /Photos/2025/2025-05_Mohave%20County/IMG_4031.jpeg HTTP/1.1" 200 -
[07/Aug/2026 14:12:12] "GET /Photos/2025/2025-05_Mohave%20County/IMG_0566.jpeg HTTP/1.1" 200 -
[07/Aug/2026 14:12:12] "GET /Photos/2025/2025-05_Mohave%20County/IMG_0589.jpeg HTTP/1.1" 200 -
[07/Aug/2026 14:12:12] "GET /Photos/2025/2025-05_Mohave%20County/IMG_4026.jpeg HTTP/1.1" 200 -
[07/Aug/2026 14:12:12] "GET /Photos/2025/2025-05_Mohave%20County/IMG_4030.jpeg HTTP/1.1" 200 -
[07/Aug/2026 14:12:19] "GET /Photos/2025/2025-05_Grove%20City/IMG_9812.jpeg HTTP/1.1" 200 -
[07/Aug/2026 14:12:19] "GET /Photos/2025/2025-05_Grove%20City/IMG_9809.jpeg HTTP/1.1" 200 -
[07/Aug/2026 14:12:19] "GET /Photos/2025/2025-05_Grove%20City/IMG_9813.jpeg HTTP/1.1" 200 -
[07/Aug/2026 14:12:19] "GET /Photos/2025/2025-05_Grove%20City/IMG_9808.jpeg HTTP/1.1" 200 -
[07/Aug/2026 14:12:19] "GET /Photos/2025/2025-05_Grove%20City/IMG_9818.jpeg HTTP/1.1" 200 -
[07/Aug/2026 14:12:19] "GET /Photos/2025/2025-05_Grove%20City/IMG_9814.jpeg HTTP/1.1" 200 -
[07/Aug/2026 14:12:19] "GET /Photos/2025/2025-05_Grove%20City/IMG_9816.jpeg HTTP/1.1" 200 -
[07/Aug/2026 14:12:19] "GET /Photos/2025/2025-05_Grove%20City/IMG_9819.jpeg HTTP/1.1" 200 -
[07/Aug/2026 14:12:19] "GET /Photos/2025/2025-05_Grove%20City/IMG_9817.jpeg HTTP/1.1" 200 -
[07/Aug/2026 14:12:19] "GET /Photos/2025/2025-05_Grove%20City/IMG_9820.jpeg HTTP/1.1" 200 -
[07/Aug/2026 14:12:19] "GET /Photos/2025/2025-05_Grove%20City/IMG_9810.jpeg HTTP/1.1" 200 -
[07/Aug/2026 14:12:19] "GET /Photos/2025/2025-05_Grove%20City/IMG_9815.jpeg HTTP/1.1" 200 -
[07/Aug/2026 14:12:19] "GET /Photos/2025/2025-05_Grove%20City/IMG_9811.jpeg HTTP/1.1" 200 -
[07/Aug/2026 14:12:19] "GET /Photos/2025/2025-05_Grove%20City/IMG_9807.jpeg HTTP/1.1" 200 -
[07/Aug/2026 14:12:22] "GET /Photos/2025/2025-10_Coles%20Bay/IMG_1901.jpeg HTTP/1.1" 200 -
[07/Aug/2026 14:12:22] "GET /Photos/2025/2025-10_Coles%20Bay/IMG_1898.jpeg HTTP/1.1" 200 -
[07/Aug/2026 14:12:22] "GET /Photos/2025/2025-10_Coles%20Bay/IMG_1899.jpeg HTTP/1.1" 200 -
[07/Aug/2026 14:12:22] "GET /Photos/2025/2025-10_Coles%20Bay/IMG_1900.jpeg HTTP/1.1" 200 -
[07/Aug/2026 14:12:22] "GET /Photos/2025/2025-10_Coles%20Bay/IMG_1902.jpeg HTTP/1.1" 200 -
[07/Aug/2026 14:12:33] "GET /Photos/2025/2025-05_Coconino%20County/IMG_0259.jpeg HTTP/1.1" 200 -
[07/Aug/2026 14:12:33] "GET /Photos/2025/2025-05_Coconino%20County/IMG_0520.jpeg HTTP/1.1" 200 -
[07/Aug/2026 14:12:33] "GET /Photos/2025/2025-05_Coconino%20County/IMG_0170.jpeg HTTP/1.1" 200 -
[07/Aug/2026 14:12:33] "GET /Photos/2025/2025-05_Coconino%20County/IMG_0432.jpeg HTTP/1.1" 200 -
[07/Aug/2026 14:12:33] "GET /Photos/2025/2025-05_Coconino%20County/IMG_0127.jpeg HTTP/1.1" 200 -
[07/Aug/2026 14:12:33] "GET /Photos/2025/2025-05_Coconino%20County/IMG_0131.jpeg HTTP/1.1" 200 -
[07/Aug/2026 14:12:33] "GET /Photos/2025/2025-05_Coconino%20County/IMG_0424.jpeg HTTP/1.1" 200 -
[07/Aug/2026 14:12:33] "GET /Photos/2025/2025-05_Coconino%20County/IMG_0166.jpeg HTTP/1.1" 200 -
[07/Aug/2026 14:12:33] "GET /Photos/2025/2025-05_Coconino%20County/IMG_0074.jpeg HTTP/1.1" 200 -
[07/Aug/2026 14:12:33] "GET /Photos/2025/2025-05_Coconino%20County/IMG_0234.jpeg HTTP/1.1" 200 -
[07/Aug/2026 14:12:33] "GET /Photos/2025/2025-05_Coconino%20County/IMG_0473.jpeg HTTP/1.1" 200 -
[07/Aug/2026 14:12:33] "GET /Photos/2025/2025-05_Coconino%20County/IMG_0536.jpeg HTTP/1.1" 200 -
[07/Aug/2026 14:12:33] "GET /Photos/2025/2025-05_Coconino%20County/IMG_0408.jpeg HTTP/1.1" 200 -
[07/Aug/2026 14:12:33] "GET /Photos/2025/2025-05_Coconino%20County/IMG_0263.jpeg HTTP/1.1" 200 -
[07/Aug/2026 14:12:33] "GET /Photos/2025/2025-05_Coconino%20County/IMG_0326.jpeg HTTP/1.1" 200 -
[07/Aug/2026 14:12:33] "GET /Photos/2025/2025-05_Coconino%20County/IMG_0449.jpeg HTTP/1.1" 200 -
[07/Aug/2026 14:12:33] "GET /Photos/2025/2025-05_Coconino%20County/IMG_0388.jpeg HTTP/1.1" 200 -
[07/Aug/2026 14:12:33] "GET /Photos/2025/2025-05_Coconino%20County/IMG_0486.jpeg HTTP/1.1" 200 -
[07/Aug/2026 14:12:33] "GET /Photos/2025/2025-05_Coconino%20County/IMG_0193.jpeg HTTP/1.1" 200 -
[07/Aug/2026 14:12:33] "GET /Photos/2025/2025-05_Coconino%20County/IMG_0255.jpeg HTTP/1.1" 200 -
[07/Aug/2026 14:12:33] "GET /Photos/2025/2025-05_Coconino%20County/IMG_0081.jpeg HTTP/1.1" 200 -
[07/Aug/2026 14:12:33] "GET /Photos/2025/2025-05_Coconino%20County/IMG_0347.jpeg HTTP/1.1" 200 -
[07/Aug/2026 14:12:33] "GET /Photos/2025/2025-05_Coconino%20County/IMG_0202.jpeg HTTP/1.1" 200 -
[07/Aug/2026 14:12:33] "GET /Photos/2025/2025-05_Coconino%20County/IMG_0097.jpeg HTTP/1.1" 200 -
[07/Aug/2026 14:12:34] "GET /Photos/2025/2025-05_Coconino%20County/IMG_0078.jpeg HTTP/1.1" 200 -
[07/Aug/2026 14:12:34] "GET /Photos/2025/2025-05_Coconino%20County/IMG_0428.jpeg HTTP/1.1" 200 -
[07/Aug/2026 14:12:34] "GET /Photos/2025/2025-05_Coconino%20County/IMG_0214.jpeg HTTP/1.1" 200 -
[07/Aug/2026 14:12:34] "GET /Photos/2025/2025-05_Coconino%20County/IMG_0490.jpeg HTTP/1.1" 200 -
[07/Aug/2026 14:12:34] "GET /Photos/2025/2025-05_Coconino%20County/IMG_0404.jpeg HTTP/1.1" 200 -
[07/Aug/2026 14:12:34] "GET /Photos/2025/2025-05_Coconino%20County/IMG_0541.jpeg HTTP/1.1" 200 -
[07/Aug/2026 14:12:35] "GET /Photos/2025/2025-05_Coconino%20County/IMG_0111.jpeg HTTP/1.1" 200 -
[07/Aug/2026 14:12:35] "GET /Photos/2025/2025-05_Coconino%20County/IMG_0238.jpeg HTTP/1.1" 200 -
[08/Aug/2026 10:42:36] "GET /api/photos HTTP/1.1" 200 -
[08/Aug/2026 10:42:46] code 404, message File not found
[08/Aug/2026 10:42:46] "GET /favicon.ico HTTP/1.1" 404 -
[09/Aug/2026 11:05:02] code 404, message File not found
[09/Aug/2026 11:05:02] "GET /favicon.ico HTTP/1.1" 404 -
[09/Aug/2026 12:01:40] code 404, message File not found
[09/Aug/2026 12:01:40] "GET /favicon.ico HTTP/1.1" 404 -
[09/Aug/2026 12:36:56] code 404, message File not found
[09/Aug/2026 12:36:56] "GET /favicon.ico HTTP/1.1" 404 -
[10/Aug/2026 09:12:43] code 404, message File not found
[10/Aug/2026 09:12:43] "GET /favicon.ico HTTP/1.1" 404 -
[10/Aug/2026 10:01:29] code 404, message File not found
[10/Aug/2026 10:01:29] "GET /favicon.ico HTTP/1.1" 404 -
[10/Aug/2026 10:16:26] code 404, message File not found
[10/Aug/2026 10:16:26] "GET /favicon.ico HTTP/1.1" 404 -
[10/Aug/2026 10:46:25] code 404, message File not found
[10/Aug/2026 10:46:25] "GET /favicon.ico HTTP/1.1" 404 -
[10/Aug/2026 11:46:41] code 404, message File not found
[10/Aug/2026 11:46:41] "GET /favicon.ico HTTP/1.1" 404 -
[10/Aug/2026 12:16:09] code 404, message File not found
[10/Aug/2026 12:16:09] "GET /favicon.ico HTTP/1.1" 404 -
[10/Aug/2026 12:46:34] code 404, message File not found
[10/Aug/2026 12:46:34] "GET /favicon.ico HTTP/1.1" 404 -
[10/Aug/2026 13:16:36] code 404, message File not found
[10/Aug/2026 13:16:36] "GET /favicon.ico HTTP/1.1" 404 -
[10/Aug/2026 16:52:41] code 404, message File not found
[10/Aug/2026 16:52:41] "GET /favicon.ico HTTP/1.1" 404 -
[11/Aug/2026 09:39:51] code 404, message File not found
[11/Aug/2026 09:39:51] "GET /favicon.ico HTTP/1.1" 404 -
[11/Aug/2026 09:53:39] "GET /Photos/2014/2014-07_%E6%9C%AA%E7%9F%A5%E5%9C%B0%E9%BB%9E/5741A539-4744-4102-B4CB-8D32CC00AB75_1_201_a.jpeg HTTP/1.1" 200 -
[11/Aug/2026 09:53:39] "GET /Photos/2014/2014-07_%E6%9C%AA%E7%9F%A5%E5%9C%B0%E9%BB%9E/7BC02B1F-8932-4E56-8314-A0AAE35E1839_1_201_a.jpeg HTTP/1.1" 200 -
[11/Aug/2026 09:53:39] "GET /Photos/2014/2014-07_%E6%9C%AA%E7%9F%A5%E5%9C%B0%E9%BB%9E/CCE789EC-B842-4700-ACC3-C48C91E8BBD5_1_201_a.jpeg HTTP/1.1" 200 -
[11/Aug/2026 09:53:39] "GET /Photos/2014/2014-11_%E6%9C%AA%E7%9F%A5%E5%9C%B0%E9%BB%9E/38191C67-D7BC-4E1B-85FE-EFE36FEB8FAA.jpeg HTTP/1.1" 200 -
[11/Aug/2026 09:53:39] "GET /Photos/2014/2014-11_%E6%9C%AA%E7%9F%A5%E5%9C%B0%E9%BB%9E/AF292B7E-A42D-4F4A-83E2-4C8255B2B751.jpeg HTTP/1.1" 200 -
[11/Aug/2026 09:53:39] "GET /Photos/2014/2014-11_%E6%9C%AA%E7%9F%A5%E5%9C%B0%E9%BB%9E/A18F285D-DC7B-4E26-AEB3-9F9966E0B737.jpeg HTTP/1.1" 200 -
[11/Aug/2026 09:53:39] "GET /Photos/2014/2014-11_%E6%9C%AA%E7%9F%A5%E5%9C%B0%E9%BB%9E/20F34AB2-1E89-4437-8013-41EF5D48D5E1.jpeg HTTP/1.1" 200 -
[11/Aug/2026 09:53:39] "GET /Photos/2014/2014-11_%E6%9C%AA%E7%9F%A5%E5%9C%B0%E9%BB%9E/2DEFC610-C733-4BAE-B697-81428EB1EC25.jpeg HTTP/1.1" 200 -
[11/Aug/2026 09:53:39] "GET /Photos/2014/2014-11_%E6%9C%AA%E7%9F%A5%E5%9C%B0%E9%BB%9E/2B51ACEE-002A-4A7B-9AD1-953D984B6AA3.jpeg HTTP/1.1" 200 -
[11/Aug/2026 09:53:39] "GET /Photos/2014/2014-11_%E6%9C%AA%E7%9F%A5%E5%9C%B0%E9%BB%9E/5F89046F-F446-48F6-A27D-E2FE22EBA07A.jpeg HTTP/1.1" 200 -
[11/Aug/2026 09:53:39] "GET /Photos/2014/2014-11_%E6%9C%AA%E7%9F%A5%E5%9C%B0%E9%BB%9E/87F966CA-63B6-47B1-850A-DCEAA06F95E9.jpeg HTTP/1.1" 200 -
[11/Aug/2026 09:53:39] "GET /Photos/2014/2014-11_%E6%9C%AA%E7%9F%A5%E5%9C%B0%E9%BB%9E/069371B1-5CD7-4222-994D-F1E86CBFA199.jpeg HTTP/1.1" 200 -
[11/Aug/2026 09:53:39] "GET /Photos/2014/2014-11_%E6%9C%AA%E7%9F%A5%E5%9C%B0%E9%BB%9E/0D97CE51-EC3C-4888-A806-1C247FC8FF27_1_201_a.jpeg HTTP/1.1" 200 -
[11/Aug/2026 09:53:39] "GET /Photos/2014/2014-11_%E6%9C%AA%E7%9F%A5%E5%9C%B0%E9%BB%9E/E40E3425-EC73-4880-89FB-0D5B88890F4F.jpeg HTTP/1.1" 200 -
[11/Aug/2026 09:53:39] "GET /Photos/2014/2014-10_%E6%9C%AA%E7%9F%A5%E5%9C%B0%E9%BB%9E/E7B72EE2-8F42-4F53-99F1-F49E29D1927F_1_201_a.jpeg HTTP/1.1" 200 -
[11/Aug/2026 09:53:39] "GET /Photos/2014/2014-10_%E6%9C%AA%E7%9F%A5%E5%9C%B0%E9%BB%9E/ADFBC50B-867E-478D-ADCB-BA495D38C325.jpeg HTTP/1.1" 200 -
[11/Aug/2026 10:05:41] code 404, message File not found
[11/Aug/2026 10:05:41] "GET /favicon.ico HTTP/1.1" 404 -
[11/Aug/2026 11:13:26] code 404, message File not found
[11/Aug/2026 11:13:26] "GET /favicon.ico HTTP/1.1" 404 -
[11/Aug/2026 11:38:58] code 404, message File not found
[11/Aug/2026 11:38:58] "GET /favicon.ico HTTP/1.1" 404 -
[11/Aug/2026 11:50:43] code 404, message File not found
[11/Aug/2026 11:50:43] "GET /favicon.ico HTTP/1.1" 404 -
[11/Aug/2026 14:16:46] code 404, message File not found
[11/Aug/2026 14:16:46] "GET /favicon.ico HTTP/1.1" 404 -
[11/Aug/2026 14:25:51] code 404, message File not found
[11/Aug/2026 14:25:51] "GET /favicon.ico HTTP/1.1" 404 -
[11/Aug/2026 14:46:07] code 404, message File not found
[11/Aug/2026 14:46:07] "GET /favicon.ico HTTP/1.1" 404 -
[11/Aug/2026 15:07:52] code 404, message File not found
[11/Aug/2026 15:07:52] "GET /favicon.ico HTTP/1.1" 404 -
[11/Aug/2026 15:21:34] code 404, message File not found
[11/Aug/2026 15:21:34] "GET /favicon.ico HTTP/1.1" 404 -
[11/Aug/2026 15:33:04] code 404, message File not found
[11/Aug/2026 15:33:04] "GET /favicon.ico HTTP/1.1" 404 -
[11/Aug/2026 15:46:19] code 404, message File not found
[11/Aug/2026 15:46:19] "GET /favicon.ico HTTP/1.1" 404 -
[11/Aug/2026 16:41:20] code 404, message File not found
[11/Aug/2026 16:41:20] "GET /favicon.ico HTTP/1.1" 404 -
[11/Aug/2026 16:52:52] code 404, message File not found
[11/Aug/2026 16:52:52] "GET /favicon.ico HTTP/1.1" 404 -
[12/Aug/2026 15:33:04] "GET /Photos/2014/2014-01_%E6%9C%AA%E7%9F%A5%E5%9C%B0%E9%BB%9E/50BCB523-75DB-463E-BF76-A013F1BA9A49.jpeg HTTP/1.1" 200 -
[12/Aug/2026 15:33:04] "GET /Photos/2014/2014-01_%E6%9C%AA%E7%9F%A5%E5%9C%B0%E9%BB%9E/67A2BC3A-916D-42F8-B989-962E5B41478A.jpeg HTTP/1.1" 200 -
[12/Aug/2026 15:33:04] "GET /Photos/2014/2014-01_%E6%9C%AA%E7%9F%A5%E5%9C%B0%E9%BB%9E/9A1F6949-8FCA-409E-BB09-92E7C23551F3.jpeg HTTP/1.1" 200 -
[12/Aug/2026 15:33:04] "GET /Photos/2014/2014-01_%E6%9C%AA%E7%9F%A5%E5%9C%B0%E9%BB%9E/59F4A556-9FFA-4A76-B7A3-F22CC7B72837.jpeg HTTP/1.1" 200 -
[12/Aug/2026 17:20:58] "HEAD / HTTP/1.1" 200 -
[12/Aug/2026 17:32:33] "GET / HTTP/1.1" 200 -
[12/Aug/2026 17:32:33] "GET /api/photos HTTP/1.1" 200 -
[12/Aug/2026 17:32:40] "GET /Photos/2026/2026-08_%E6%9C%AA%E7%9F%A5%E5%9C%B0%E9%BB%9E/male_negative.jpg HTTP/1.1" 200 -
[12/Aug/2026 17:32:40] "GET /Photos/2026/2026-08_%E6%9C%AA%E7%9F%A5%E5%9C%B0%E9%BB%9E/john_base_1786004276.jpg HTTP/1.1" 200 -
[12/Aug/2026 17:32:40] "GET /Photos/2026/2026-08_%E6%9C%AA%E7%9F%A5%E5%9C%B0%E9%BB%9E/john_base.jpg HTTP/1.1" 200 -
[12/Aug/2026 17:32:40] "GET /Photos/2026/2026-01_%E6%9C%AA%E7%9F%A5%E5%9C%B0%E9%BB%9E/IMG_2918.JPG HTTP/1.1" 200 -
[12/Aug/2026 17:32:40] "GET /Photos/2026/2026-01_%E6%9C%AA%E7%9F%A5%E5%9C%B0%E9%BB%9E/IMG_2926.JPG HTTP/1.1" 200 -
[12/Aug/2026 17:32:40] "GET /Photos/2026/2026-01_%E6%9C%AA%E7%9F%A5%E5%9C%B0%E9%BB%9E/IMG_2927.JPG HTTP/1.1" 200 -
[12/Aug/2026 17:32:40] "GET /Photos/2026/2026-01_%E6%9C%AA%E7%9F%A5%E5%9C%B0%E9%BB%9E/IMG_2924.JPG HTTP/1.1" 200 -
[12/Aug/2026 17:32:40] "GET /Photos/2026/2026-01_%E6%9C%AA%E7%9F%A5%E5%9C%B0%E9%BB%9E/IMG_2925.JPG HTTP/1.1" 200 -
[12/Aug/2026 17:32:40] "GET /Photos/2026/2026-01_%E6%9C%AA%E7%9F%A5%E5%9C%B0%E9%BB%9E/IMG_2922.JPG HTTP/1.1" 200 -
[12/Aug/2026 17:32:40] "GET /Photos/2026/2026-01_%E6%9C%AA%E7%9F%A5%E5%9C%B0%E9%BB%9E/IMG_2919.JPG HTTP/1.1" 200 -
[12/Aug/2026 17:32:40] "GET /Photos/2026/2026-01_%E6%9C%AA%E7%9F%A5%E5%9C%B0%E9%BB%9E/IMG_2921.JPG HTTP/1.1" 200 -
[12/Aug/2026 17:32:40] "GET /Photos/2026/2026-01_%E6%9C%AA%E7%9F%A5%E5%9C%B0%E9%BB%9E/IMG_2920.JPG HTTP/1.1" 200 -
[12/Aug/2026 17:32:40] "GET /Photos/2026/2026-01_%E6%9C%AA%E7%9F%A5%E5%9C%B0%E9%BB%9E/IMG_2923.JPG HTTP/1.1" 200 -
[12/Aug/2026 17:32:40] "GET /Photos/2026/2026-01_%E6%9C%AA%E7%9F%A5%E5%9C%B0%E9%BB%9E/IMG_2928.JPG HTTP/1.1" 200 -
[12/Aug/2026 17:32:40] "GET /Photos/2026/2026-01_%E6%9C%AA%E7%9F%A5%E5%9C%B0%E9%BB%9E/IMG_2917.JPG HTTP/1.1" 200 -
[12/Aug/2026 17:32:40] "GET /Photos/2026/2026-01_%E6%9C%AA%E7%9F%A5%E5%9C%B0%E9%BB%9E/IMG_2916.JPG HTTP/1.1" 200 -
[12/Aug/2026 17:32:40] "GET /Photos/2026/2026-01_%E6%9C%AA%E7%9F%A5%E5%9C%B0%E9%BB%9E/IMG_2915.JPG HTTP/1.1" 200 -
[12/Aug/2026 17:32:40] "GET /Photos/2026/2026-01_%E6%9C%AA%E7%9F%A5%E5%9C%B0%E9%BB%9E/IMG_2929.JPG HTTP/1.1" 200 -
[12/Aug/2026 17:33:00] "GET /Photos/2025/2025-05_%E5%8A%8D%E6%A9%8B/IMG_9845.jpeg HTTP/1.1" 200 -
[12/Aug/2026 17:33:00] "GET /Photos/2025/2025-12_%E5%8B%87%E6%8B%82%E9%83%A1/IMG_2752.jpeg HTTP/1.1" 200 -
[12/Aug/2026 17:33:00] "GET /Photos/2025/2025-05_%E5%8A%8D%E6%A9%8B/IMG_9850.jpeg HTTP/1.1" 200 -
[12/Aug/2026 17:33:00] "GET /Photos/2025/2025-05_%E5%8A%8D%E6%A9%8B/IMG_9851.jpeg HTTP/1.1" 200 -
[12/Aug/2026 17:33:00] "GET /Photos/2025/2025-12_%E5%8B%87%E6%8B%82%E9%83%A1/IMG_2755.jpeg HTTP/1.1" 200 -
[12/Aug/2026 17:33:00] "GET /Photos/2025/2025-01_%E8%87%BA%E6%9D%B1%E5%8D%80/IMG_8652.jpeg HTTP/1.1" 200 -
[12/Aug/2026 17:33:00] "GET /Photos/2025/2025-12_%E6%9C%AD%E5%B9%8C%E5%B8%82/IMG_2654.jpeg HTTP/1.1" 200 -
[12/Aug/2026 17:33:00] "GET /Photos/2025/2025-12_%E6%9C%AD%E5%B9%8C%E5%B8%82/IMG_2653.jpeg HTTP/1.1" 200 -
[12/Aug/2026 17:33:00] "GET /Photos/2025/2025-12_%E6%9C%AD%E5%B9%8C%E5%B8%82/IMG_2649.jpeg HTTP/1.1" 200 -
[12/Aug/2026 17:33:00] "GET /Photos/2025/2025-12_%E6%9C%AD%E5%B9%8C%E5%B8%82/IMG_2648.jpeg HTTP/1.1" 200 -
[12/Aug/2026 17:33:00] "GET /Photos/2025/2025-12_%E6%9C%AD%E5%B9%8C%E5%B8%82/IMG_2652.jpeg HTTP/1.1" 200 -
[12/Aug/2026 17:33:00] "GET /Photos/2025/2025-12_%E5%8D%97%E5%AF%8C%E8%89%AF%E9%87%8E%E7%94%BA/IMG_2762.jpeg HTTP/1.1" 200 -
[12/Aug/2026 17:33:00] "GET /Photos/2025/2025-05_Paradise/IMG_0657.jpeg HTTP/1.1" 200 -
[12/Aug/2026 17:33:00] "GET /Photos/2025/2025-05_Paradise/IMG_0662.jpeg HTTP/1.1" 200 -
[12/Aug/2026 17:33:00] "GET /Photos/2025/2025-05_Paradise/IMG_0655.jpeg HTTP/1.1" 200 -
[12/Aug/2026 17:33:00] "GET /Photos/2025/2025-12_%E5%8D%97%E5%AF%8C%E8%89%AF%E9%87%8E%E7%94%BA/IMG_2764.jpeg HTTP/1.1" 304 -
[12/Aug/2026 17:33:00] "GET /Photos/2025/2025-02_%E6%9C%AA%E7%9F%A5%E5%9C%B0%E9%BB%9E/IMG_8859.JPG HTTP/1.1" 200 -
[12/Aug/2026 17:33:02] "GET /Photos/2025/2025-01_%E8%87%BA%E6%9D%B1%E5%8D%80/IMG_8700.jpeg HTTP/1.1" 200 -
[12/Aug/2026 17:33:02] "GET /Photos/2025/2025-01_%E8%87%BA%E6%9D%B1%E5%8D%80/IMG_8701.jpeg HTTP/1.1" 200 -
[12/Aug/2026 17:33:02] "GET /Photos/2025/2025-01_%E8%87%BA%E6%9D%B1%E5%8D%80/IMG_8708.jpeg HTTP/1.1" 200 -
[12/Aug/2026 17:33:02] "GET /Photos/2025/2025-01_%E8%87%BA%E6%9D%B1%E5%8D%80/IMG_8713.jpeg HTTP/1.1" 200 -
[12/Aug/2026 17:33:02] "GET /Photos/2025/2025-01_%E8%87%BA%E6%9D%B1%E5%8D%80/IMG_8712.jpeg HTTP/1.1" 200 -
[12/Aug/2026 17:33:02] "GET /Photos/2025/2025-12_%E8%87%BA%E5%8C%97%E5%B8%82/IMG_2847.jpeg HTTP/1.1" 200 -
[12/Aug/2026 17:33:02] "GET /Photos/2025/2025-01_%E8%87%BA%E6%9D%B1%E5%8D%80/IMG_8702.jpeg HTTP/1.1" 200 -
[12/Aug/2026 17:33:02] "GET /Photos/2025/2025-01_%E8%87%BA%E6%9D%B1%E5%8D%80/IMG_8699.jpeg HTTP/1.1" 200 -
[12/Aug/2026 17:33:02] "GET /Photos/2025/2025-01_%E8%87%BA%E6%9D%B1%E5%8D%80/IMG_8714.jpeg HTTP/1.1" 200 -
[12/Aug/2026 17:33:02] "GET /Photos/2025/2025-12_%E5%8B%87%E6%8B%82%E9%83%A1/IMG_2747.jpeg HTTP/1.1" 200 -
[12/Aug/2026 17:33:02] "GET /Photos/2025/2025-12_%E5%8B%87%E6%8B%82%E9%83%A1/IMG_2750.jpeg HTTP/1.1" 200 -
[12/Aug/2026 17:33:02] "GET /Photos/2025/2025-12_%E5%8B%87%E6%8B%82%E9%83%A1/IMG_2746.jpeg HTTP/1.1" 200 -
[12/Aug/2026 17:33:02] "GET /Photos/2025/2025-12_%E5%8B%87%E6%8B%82%E9%83%A1/IMG_2757.jpeg HTTP/1.1" 200 -
[12/Aug/2026 17:33:02] "GET /Photos/2025/2025-12_%E5%8B%87%E6%8B%82%E9%83%A1/IMG_2777.jpeg HTTP/1.1" 200 -
[12/Aug/2026 17:33:02] "GET /Photos/2025/2025-12_%E5%8B%87%E6%8B%82%E9%83%A1/IMG_2776.jpeg HTTP/1.1" 200 -
[12/Aug/2026 17:33:02] "GET /Photos/2025/2025-12_%E5%8B%87%E6%8B%82%E9%83%A1/IMG_2745.jpeg HTTP/1.1" 200 -
[12/Aug/2026 17:33:02] "GET /Photos/2025/2025-12_%E5%8B%87%E6%8B%82%E9%83%A1/IMG_2744.jpeg HTTP/1.1" 200 -
[12/Aug/2026 17:33:02] "GET /Photos/2025/2025-12_%E5%8B%87%E6%8B%82%E9%83%A1/IMG_2732.jpeg HTTP/1.1" 200 -
[12/Aug/2026 17:33:02] "GET /Photos/2025/2025-12_%E5%8B%87%E6%8B%82%E9%83%A1/IMG_2748.jpeg HTTP/1.1" 200 -
[12/Aug/2026 17:33:03] "GET /Photos/2025/2025-11_%E8%97%A4%E6%BE%A4%E5%B8%82/IMG_2500.jpeg HTTP/1.1" 200 -
[12/Aug/2026 17:33:03] "GET /Photos/2025/2025-11_%E8%97%A4%E6%BE%A4%E5%B8%82/IMG_2525.jpeg HTTP/1.1" 200 -
[12/Aug/2026 17:33:03] "GET /Photos/2025/2025-05_Mohave%20County/IMG_0595.jpeg HTTP/1.1" 200 -
[12/Aug/2026 17:33:03] "GET /Photos/2025/2025-05_Mohave%20County/IMG_0570.jpeg HTTP/1.1" 200 -
[12/Aug/2026 17:33:03] "GET /Photos/2025/2025-05_Mohave%20County/IMG_0576.jpeg HTTP/1.1" 200 -
[12/Aug/2026 17:33:03] "GET /Photos/2025/2025-05_Mohave%20County/IMG_0608.jpeg HTTP/1.1" 200 -
[12/Aug/2026 17:33:07] "GET /Photos/2025/2025-05_Mohave%20County/IMG_0572.jpeg HTTP/1.1" 200 -
[12/Aug/2026 17:33:07] "GET /Photos/2025/2025-05_Mohave%20County/IMG_0616.jpeg HTTP/1.1" 200 -
[12/Aug/2026 17:33:07] "GET /Photos/2025/2025-05_Mohave%20County/IMG_0579.jpeg HTTP/1.1" 200 -
[12/Aug/2026 17:33:07] "GET /Photos/2025/2025-10_%E5%A2%A8%E7%88%BE%E6%9C%AC/IMG_1645.jpeg HTTP/1.1" 200 -
[12/Aug/2026 17:33:07] "GET /Photos/2025/2025-05_Mohave%20County/IMG_0585.jpeg HTTP/1.1" 200 -
[12/Aug/2026 17:33:07] "GET /Photos/2025/2025-05_Mohave%20County/IMG_0614.jpeg HTTP/1.1" 200 -
[12/Aug/2026 17:33:07] "GET /Photos/2025/2025-10_%E5%A2%A8%E7%88%BE%E6%9C%AC/IMG_1644.jpeg HTTP/1.1" 200 -
[12/Aug/2026 17:33:07] "GET /Photos/2025/2025-10_%E5%A2%A8%E7%88%BE%E6%9C%AC/IMG_1613.jpeg HTTP/1.1" 200 -
[12/Aug/2026 17:33:07] "GET /Photos/2025/2025-10_%E5%A2%A8%E7%88%BE%E6%9C%AC/IMG_1625.jpeg HTTP/1.1" 200 -
[12/Aug/2026 17:33:07] "GET /Photos/2025/2025-10_%E5%A2%A8%E7%88%BE%E6%9C%AC/IMG_1648.jpeg HTTP/1.1" 200 -
[12/Aug/2026 17:33:07] "GET /Photos/2025/2025-10_%E5%A2%A8%E7%88%BE%E6%9C%AC/IMG_1635.jpeg HTTP/1.1" 200 -
[12/Aug/2026 17:33:07] "GET /Photos/2025/2025-10_%E5%A2%A8%E7%88%BE%E6%9C%AC/IMG_1674.jpeg HTTP/1.1" 200 -
[12/Aug/2026 17:33:07] "GET /Photos/2025/2025-10_%E5%A2%A8%E7%88%BE%E6%9C%AC/IMG_1641.jpeg HTTP/1.1" 200 -
[12/Aug/2026 17:33:07] "GET /Photos/2025/2025-10_%E5%A2%A8%E7%88%BE%E6%9C%AC/IMG_1636.jpeg HTTP/1.1" 200 -
[12/Aug/2026 17:33:07] "GET /Photos/2025/2025-10_%E5%A2%A8%E7%88%BE%E6%9C%AC/IMG_1695.jpeg HTTP/1.1" 200 -
[12/Aug/2026 17:33:07] "GET /Photos/2025/2025-10_%E5%A2%A8%E7%88%BE%E6%9C%AC/IMG_1630.jpeg HTTP/1.1" 200 -
[12/Aug/2026 17:33:07] "GET /Photos/2025/2025-10_%E5%A2%A8%E7%88%BE%E6%9C%AC/IMG_1646.jpeg HTTP/1.1" 200 -
[12/Aug/2026 17:33:07] "GET /Photos/2025/2025-10_%E5%A2%A8%E7%88%BE%E6%9C%AC/IMG_1688.jpeg HTTP/1.1" 200 -
[12/Aug/2026 17:33:07] "GET /Photos/2025/2025-10_%E5%A2%A8%E7%88%BE%E6%9C%AC/IMG_1631.jpeg HTTP/1.1" 200 -
[12/Aug/2026 17:33:07] "GET /Photos/2025/2025-05_%E5%8A%8D%E6%A9%8B/IMG_9839.jpeg HTTP/1.1" 200 -
[12/Aug/2026 17:33:07] "GET /Photos/2025/2025-12_%E6%9C%AA%E7%9F%A5%E5%9C%B0%E9%BB%9E/IMG_2887.JPG HTTP/1.1" 200 -
[12/Aug/2026 17:33:07] "GET /Photos/2025/2025-12_%E6%9C%AA%E7%9F%A5%E5%9C%B0%E9%BB%9E/IMG_2885.JPG HTTP/1.1" 200 -
[12/Aug/2026 17:33:07] "GET /Photos/2025/2025-12_%E6%9C%AA%E7%9F%A5%E5%9C%B0%E9%BB%9E/IMG_2886.JPG HTTP/1.1" 200 -
[12/Aug/2026 17:33:07] "GET /Photos/2025/2025-04_%E6%9C%AA%E7%9F%A5%E5%9C%B0%E9%BB%9E/IMG_9438.JPG HTTP/1.1" 200 -
[12/Aug/2026 17:33:07] "GET /Photos/2025/2025-05_%E5%8A%8D%E6%A9%8B/IMG_9847.jpeg HTTP/1.1" 200 -
[12/Aug/2026 17:33:07] "GET /Photos/2025/2025-05_%E5%8A%8D%E6%A9%8B/IMG_9840.jpeg HTTP/1.1" 200 -
[12/Aug/2026 17:36:57] "HEAD / HTTP/1.1" 200 -
