🚀 個人相片管理系統已成功啟動！
🔗 請開啟此連結: http://localhost:8099

🚀 啟動【全套自動化相片匯入與 AI 人臉辨識流程】...
📁 [步驟 1/3] 增量掃描與歸檔新照片...
📁 發現 478 張全新上傳照片，4878 張既有照片 (100% 保持原檔名稱與內容不修改)。
✅ 索引構建完畢！共索引 5356 張照片。所有原檔名稱與內容 100% 保留未改動。
🗑️ [步驟 2/3] 自動清理已手動刪除的照片索引...
📊 掃描前資料庫紀錄相片總數: 5356 張

🎉 重新掃描與清理完畢！
  ├─ 成功從 Web 移除已刪除照片: 0 張
  ├─ 補全索引新增照片: 0 張
  └─ 目前 Web 保留有效照片總數: 5356 張
  🔒 資料夾名稱 100% 保持原本完全未改動。
🤖 [步驟 3/3] 啟動 InsightFace ArcFace 512維 AI 人臉辨識與分類 (John, Sharon, 郭泊彤Sophia)...
🚀 初始化 InsightFace 512維 ArcFace 深度人臉分析引擎...
Applied providers: ['CPUExecutionProvider'], with options: {'CPUExecutionProvider': {}}
model ignore: /Users/johnkuo/.insightface/models/buffalo_l/1k3d68.onnx landmark_3d_68
Applied providers: ['CPUExecutionProvider'], with options: {'CPUExecutionProvider': {}}
model ignore: /Users/johnkuo/.insightface/models/buffalo_l/2d106det.onnx landmark_2d_106
Applied providers: ['CPUExecutionProvider'], with options: {'CPUExecutionProvider': {}}
find model: /Users/johnkuo/.insightface/models/buffalo_l/det_10g.onnx detection [1, 3, '?', '?'] 127.5 128.0
Applied providers: ['CPUExecutionProvider'], with options: {'CPUExecutionProvider': {}}
model ignore: /Users/johnkuo/.insightface/models/buffalo_l/genderage.onnx genderage
Applied providers: ['CPUExecutionProvider'], with options: {'CPUExecutionProvider': {}}
find model: /Users/johnkuo/.insightface/models/buffalo_l/w600k_r50.onnx recognition ['None', 3, 112, 112] 127.5 127.5
set det-size: (640, 640)
✅ InsightFace 深度引擎加載成功！
  💜 成功提取太太 [Sharon] ArcFace 512維深度特徵向量！
  💖 成功提取女兒 [郭泊彤Sophia] ArcFace 512維深度特徵向量！

📸 開始使用 ArcFace 512維向量全庫辨識 John、Sharon 與 郭泊彤Sophia...
📁 收集到 5356 張相片，啟動 ArcFace 核心推論...
  💖 [Sophia 匹配] 65101648-FC7D-4910-9933-CDEB1BC6185F.jpeg (相似度: 1.000)
  💖 [Sophia 匹配] 4B9D2452-7485-420D-8ADF-98D5370323DD.jpeg (相似度: 0.605)
  💜 [Sharon 匹配] DF418703-B031-4312-ABA7-AEFCE4462FCE.jpeg (相似度: 0.524)
  💖 [Sophia 匹配] 77D0EB03-8BCB-4B47-B9D3-58E03B350F66.jpeg (相似度: 0.742)
  💜 [Sharon 匹配] E8579411-CD1B-49F6-9F8E-D1076DC9D5A4.jpeg (相似度: 0.614)
  💖 [Sophia 匹配] 0070F37B-D235-4127-909D-94A31A92BD46.jpeg (相似度: 0.588)
  💜 [Sharon 匹配] 0070F37B-D235-4127-909D-94A31A92BD46.jpeg (相似度: 0.490)
  💜 [Sharon 匹配] D6F02760-E50D-4940-8910-1AE7DDAC6858.jpeg (相似度: 0.557)
  💖 [Sophia 匹配] D6F02760-E50D-4940-8910-1AE7DDAC6858.jpeg (相似度: 0.640)
  💖 [Sophia 匹配] 559D0AEE-937E-491A-8FA2-770F586E3736.jpeg (相似度: 0.717)
  💖 [Sophia 匹配] 2490781E-4A04-4597-8F33-2B635E3740E8.jpeg (相似度: 0.609)
  💖 [Sophia 匹配] 30FBD7DC-CD94-4103-AD35-83694296F14E_1_201_a.jpeg (相似度: 0.716)
  💖 [Sophia 匹配] B69D3D9E-B516-4889-BFBA-05A11FDEFE49.jpeg (相似度: 0.538)
  💖 [Sophia 匹配] 8931FA6D-22B3-4DC5-BBD7-6D45ECB9D16F_1_201_a.jpeg (相似度: 0.604)
  💜 [Sharon 匹配] 8931FA6D-22B3-4DC5-BBD7-6D45ECB9D16F_1_201_a.jpeg (相似度: 0.470)
  💖 [Sophia 匹配] E3075114-817B-42E9-BE8B-985C9A849AFE.jpeg (相似度: 0.548)
  💜 [Sharon 匹配] E3075114-817B-42E9-BE8B-985C9A849AFE.jpeg (相似度: 0.488)
  💜 [Sharon 匹配] 6ED8ED8C-DB53-4B10-BCEF-EAA61E2521DA.jpeg (相似度: 0.494)
  💖 [Sophia 匹配] 6ED8ED8C-DB53-4B10-BCEF-EAA61E2521DA.jpeg (相似度: 0.681)
  💖 [Sophia 匹配] F8453F9F-3398-453C-BFAC-5EE4896888FA.jpeg (相似度: 0.788)
  💖 [Sophia 匹配] 1D5BDA11-5761-488C-B4A2-E4BE5385851B.jpeg (相似度: 0.761)
  💖 [Sophia 匹配] 946947A3-5791-46AE-BC43-FBBC18D87AC9.jpeg (相似度: 0.720)
  💖 [Sophia 匹配] CEC2C366-D87C-4A49-B5C1-C2779398AF94.jpeg (相似度: 0.592)
  💜 [Sharon 匹配] CEC2C366-D87C-4A49-B5C1-C2779398AF94.jpeg (相似度: 0.502)
  💜 [Sharon 匹配] 90DE4628-D61D-4AA2-B1FE-A4C47896B8C9_1_201_a.jpeg (相似度: 0.505)
  💖 [Sophia 匹配] 90DE4628-D61D-4AA2-B1FE-A4C47896B8C9_1_201_a.jpeg (相似度: 0.670)
  💖 [Sophia 匹配] E66FDB18-7C53-4AD2-BBC1-13BC18F45DF0.jpeg (相似度: 0.748)
  💖 [Sophia 匹配] 85AAADD2-AE54-4907-9E1B-4E20B25D89F7.jpeg (相似度: 0.546)
  💜 [Sharon 匹配] 85AAADD2-AE54-4907-9E1B-4E20B25D89F7.jpeg (相似度: 0.469)
  💖 [Sophia 匹配] A99FFD9B-34D6-4755-82DB-25AD63352056.jpeg (相似度: 0.716)
  💜 [Sharon 匹配] 3EB538D3-3C1B-4240-981B-D75A0DA5242F_1_201_a.jpeg (相似度: 0.546)
  💖 [Sophia 匹配] 3EB538D3-3C1B-4240-981B-D75A0DA5242F_1_201_a.jpeg (相似度: 0.735)
  💜 [Sharon 匹配] 03DB2F13-FEE4-48DD-BE8B-9C3E1C3B9E91.jpeg (相似度: 0.637)
  💖 [Sophia 匹配] AF292B7E-A42D-4F4A-83E2-4C8255B2B751.jpeg (相似度: 0.726)
  💖 [Sophia 匹配] 20F34AB2-1E89-4437-8013-41EF5D48D5E1.jpeg (相似度: 0.621)
  💖 [Sophia 匹配] 36AF1EAC-F78A-47CD-9578-7A8A7845795E.jpeg (相似度: 0.737)
  💖 [Sophia 匹配] 87F966CA-63B6-47B1-850A-DCEAA06F95E9.jpeg (相似度: 0.605)
  💖 [Sophia 匹配] 5F89046F-F446-48F6-A27D-E2FE22EBA07A.jpeg (相似度: 0.481)
  💜 [Sharon 匹配] 5F89046F-F446-48F6-A27D-E2FE22EBA07A.jpeg (相似度: 0.460)
  💖 [Sophia 匹配] 2B51ACEE-002A-4A7B-9AD1-953D984B6AA3.jpeg (相似度: 0.528)
  💖 [Sophia 匹配] 069371B1-5CD7-4222-994D-F1E86CBFA199.jpeg (相似度: 0.724)
  💖 [Sophia 匹配] 2DEFC610-C733-4BAE-B697-81428EB1EC25.jpeg (相似度: 0.702)
  💖 [Sophia 匹配] 0D97CE51-EC3C-4888-A806-1C247FC8FF27_1_201_a.jpeg (相似度: 0.460)
  💖 [Sophia 匹配] B895BE78-8A82-4488-8293-73581CAB59FF.jpeg (相似度: 0.736)
  💖 [Sophia 匹配] E7B72EE2-8F42-4F53-99F1-F49E29D1927F_1_201_a.jpeg (相似度: 0.696)
  💖 [Sophia 匹配] BEEA5EB4-5163-418E-8A31-AA8BCA969190_1_201_a.jpeg (相似度: 0.687)
  💜 [Sharon 匹配] BEEA5EB4-5163-418E-8A31-AA8BCA969190_1_201_a.jpeg (相似度: 0.581)
  💖 [Sophia 匹配] 01D230A6-E82C-4954-B673-6CCE2998DF15.jpeg (相似度: 0.632)
  💖 [Sophia 匹配] 4983F73B-9717-4BBB-80D8-CBB0E010016A.jpeg (相似度: 0.568)
  💖 [Sophia 匹配] 3BC0F4B9-AB00-475D-8A5F-1A8284D309F8.jpeg (相似度: 0.712)
  💜 [Sharon 匹配] 3BC0F4B9-AB00-475D-8A5F-1A8284D309F8.jpeg (相似度: 0.582)
  💖 [Sophia 匹配] FE6C398A-13D5-4B2A-A441-9D36C87E6DDC.jpeg (相似度: 0.617)
  💜 [Sharon 匹配] 9542E388-AE5D-4916-9F61-C62F17E57BB9_1_201_a.jpeg (相似度: 0.603)
  💜 [Sharon 匹配] BA3CE5CC-8754-4F9C-9091-57F284E9C87A_1_201_a.jpeg (相似度: 0.581)
  💖 [Sophia 匹配] 8E9160B0-231C-4801-AF8F-EC24E545415B.jpeg (相似度: 0.583)
  💖 [Sophia 匹配] 4522884A-DAAB-45A2-976B-13718FC035AC.jpeg (相似度: 0.682)
  💖 [Sophia 匹配] 487B05D1-62E2-46B8-9D9D-8A906E929C0F.jpeg (相似度: 0.609)
  💖 [Sophia 匹配] 09DE5551-D988-4088-81A1-9C078BA53D05.jpeg (相似度: 0.661)
  💜 [Sharon 匹配] 09DE5551-D988-4088-81A1-9C078BA53D05.jpeg (相似度: 0.533)
  💖 [Sophia 匹配] 306A572D-A0C3-440F-AC66-E072C4A9A47E.jpeg (相似度: 0.656)
  💖 [Sophia 匹配] ACE485FF-C1AD-4523-8E34-338EC4F72B9A.jpeg (相似度: 0.741)
  💜 [Sharon 匹配] ACE485FF-C1AD-4523-8E34-338EC4F72B9A.jpeg (相似度: 0.617)
  💖 [Sophia 匹配] 88AE79F7-6542-4F96-8374-ABDA4B37886A.jpeg (相似度: 0.746)
  💖 [Sophia 匹配] DDD755D9-28BA-4C80-A72E-2FE12F244A63.jpeg (相似度: 0.652)
  💜 [Sharon 匹配] DDD755D9-28BA-4C80-A72E-2FE12F244A63.jpeg (相似度: 0.554)
  💖 [Sophia 匹配] 6D79DDCF-23A0-48F4-AC48-49F1AA620008_1_201_a.jpeg (相似度: 0.631)
  💜 [Sharon 匹配] 6D79DDCF-23A0-48F4-AC48-49F1AA620008_1_201_a.jpeg (相似度: 0.554)
  💖 [Sophia 匹配] 87E61128-8850-42EE-8B87-F30C0CA20DF8.jpeg (相似度: 0.592)
  💜 [Sharon 匹配] 87E61128-8850-42EE-8B87-F30C0CA20DF8.jpeg (相似度: 0.492)
  💖 [Sophia 匹配] 64EBE622-FF52-4A49-89F1-4F0839A19AE5.jpeg (相似度: 0.711)
  💜 [Sharon 匹配] 64EBE622-FF52-4A49-89F1-4F0839A19AE5.jpeg (相似度: 0.499)
  💖 [Sophia 匹配] 305B26FF-A814-4BD3-9957-AEE52DC9C2D7.jpeg (相似度: 0.636)
  💖 [Sophia 匹配] 6BC3BF77-197E-4E7A-8898-56410105971D_1_201_a.jpeg (相似度: 0.738)
  💜 [Sharon 匹配] 6BC3BF77-197E-4E7A-8898-56410105971D_1_201_a.jpeg (相似度: 0.645)
  💖 [Sophia 匹配] 1CBFA005-82E9-401F-8D20-1F524F51B249.jpeg (相似度: 0.737)
  💖 [Sophia 匹配] D45F045B-E85F-40DC-A43C-A9DB8F3C92E3.jpeg (相似度: 0.561)
  💖 [Sophia 匹配] 36E2BF37-5D9B-45FD-AE6C-E565B3165D8C.jpeg (相似度: 0.677)
  💖 [Sophia 匹配] F587DC1D-FE46-4FDE-8687-BFD5485B3AD4.jpeg (相似度: 0.530)
  💖 [Sophia 匹配] 66687871-B5EE-4C36-A905-1BDD077F5E10.jpeg (相似度: 0.658)
  💜 [Sharon 匹配] 66687871-B5EE-4C36-A905-1BDD077F5E10.jpeg (相似度: 0.522)
  💖 [Sophia 匹配] 770ADA07-4F0E-4378-A1E2-D9214A54317E.jpeg (相似度: 0.577)
  💜 [Sharon 匹配] 770ADA07-4F0E-4378-A1E2-D9214A54317E.jpeg (相似度: 0.580)
  💖 [Sophia 匹配] 40724AE5-C76B-4AD6-9D38-8E46C2094A93.jpeg (相似度: 0.700)
  💜 [Sharon 匹配] 40724AE5-C76B-4AD6-9D38-8E46C2094A93.jpeg (相似度: 0.642)
  💜 [Sharon 匹配] F94BFC89-61DE-435B-9CC9-A21726F45FC9.jpeg (相似度: 0.597)
  💖 [Sophia 匹配] F94BFC89-61DE-435B-9CC9-A21726F45FC9.jpeg (相似度: 0.788)
  💖 [Sophia 匹配] FF85566B-5943-4991-BFF0-8CD15845B16B.jpeg (相似度: 0.741)
  💜 [Sharon 匹配] FF85566B-5943-4991-BFF0-8CD15845B16B.jpeg (相似度: 0.558)
  💖 [Sophia 匹配] 86A7564A-DB52-4347-BF31-4769C99E0048.jpeg (相似度: 0.659)
  💖 [Sophia 匹配] 550B8C37-6DF0-487B-81D7-087CD89D427F.jpeg (相似度: 0.532)
  💖 [Sophia 匹配] BCFA91C9-0B18-4AC8-9AB0-B1C7B61EC1E0.jpeg (相似度: 0.741)
  💜 [Sharon 匹配] BCFA91C9-0B18-4AC8-9AB0-B1C7B61EC1E0.jpeg (相似度: 0.675)
  💖 [Sophia 匹配] 499F463A-82C1-42F2-9F78-9743AFA27F5B.jpeg (相似度: 0.629)
  💖 [Sophia 匹配] 8185521D-3457-45E6-9763-698A660A4816.jpeg (相似度: 0.633)
  💖 [Sophia 匹配] 9E2A8643-CEBC-429B-B7E5-40DCFAA34F95.jpeg (相似度: 0.799)
  💜 [Sharon 匹配] 9E2A8643-CEBC-429B-B7E5-40DCFAA34F95.jpeg (相似度: 0.573)
  💖 [Sophia 匹配] B44E0C23-C1F1-4E7D-9DF2-83056F50B3EC.jpeg (相似度: 0.581)
  💖 [Sophia 匹配] 3DDA48F6-FB44-4300-817E-B55385B844BF.jpeg (相似度: 0.612)
  💖 [Sophia 匹配] 2ECF57CE-DACC-4177-8B6C-B6F02AF3D90F.jpeg (相似度: 0.646)
  💖 [Sophia 匹配] F43E6CE2-3F39-4A81-BF61-B761FF9A4C08.jpeg (相似度: 0.677)
  💖 [Sophia 匹配] A0B40696-C4F8-4057-9304-9B08FB1A2DFB.jpeg (相似度: 0.498)
  💖 [Sophia 匹配] B0B9767A-4402-49D7-BD49-57A91E0B6611.jpeg (相似度: 0.725)
  💖 [Sophia 匹配] C6C0BB9E-D7E2-4522-8056-4EA764036B71.jpeg (相似度: 0.559)
  💖 [Sophia 匹配] F43FD08A-2900-4603-BF10-3898BF5B0642.jpeg (相似度: 0.724)
  💜 [Sharon 匹配] 50975177-1CC2-46B5-8D5B-DCBD823A3428.jpeg (相似度: 0.611)
  💜 [Sharon 匹配] 2AB5864D-890B-408B-8532-C1BD696CB147_1_201_a.jpeg (相似度: 0.652)
  💜 [Sharon 匹配] 80727B2F-84E3-455D-99E1-12795D0EEEE6.jpeg (相似度: 0.689)
  💜 [Sharon 匹配] 50075931-1D37-4C11-9D92-2A10F835D3D9.jpeg (相似度: 0.597)
  💖 [Sophia 匹配] 50075931-1D37-4C11-9D92-2A10F835D3D9.jpeg (相似度: 0.674)
  💖 [Sophia 匹配] 07E3387D-EA94-4BF4-8207-FCE936771177.jpeg (相似度: 0.594)
  💜 [Sharon 匹配] 07E3387D-EA94-4BF4-8207-FCE936771177.jpeg (相似度: 0.555)
  💖 [Sophia 匹配] FFEA1017-0A3D-43C1-B7C0-94003F78EEC1.jpeg (相似度: 0.675)
  💜 [Sharon 匹配] FFEA1017-0A3D-43C1-B7C0-94003F78EEC1.jpeg (相似度: 0.654)
  💜 [Sharon 匹配] 1193CA18-8F53-454D-B5FC-72460889BD04_1_201_a.jpeg (相似度: 0.548)
  💖 [Sophia 匹配] 1193CA18-8F53-454D-B5FC-72460889BD04_1_201_a.jpeg (相似度: 0.633)
  💜 [Sharon 匹配] 6BE35E04-55B3-46AE-B080-F49C3B14E14E_1_201_a.jpeg (相似度: 0.456)
  💜 [Sharon 匹配] 3DCD28C2-848B-46E9-A594-83EB4240DBEA_1_201_a.jpeg (相似度: 0.495)
  💜 [Sharon 匹配] CAD88797-D469-4BE7-8A10-2219D0CF4FDC.jpeg (相似度: 0.570)
  💖 [Sophia 匹配] B59C44FE-95F5-4FB5-9157-FF2CDACAAE9F_1_201_a.jpeg (相似度: 0.653)
  💜 [Sharon 匹配] B59C44FE-95F5-4FB5-9157-FF2CDACAAE9F_1_201_a.jpeg (相似度: 0.634)
  💜 [Sharon 匹配] F1E2E237-10B8-45D5-9EC9-281740FAA91E_1_201_a.jpeg (相似度: 0.460)
  💖 [Sophia 匹配] 76358F20-314F-4FBB-BF79-BA94AF6582EA.jpeg (相似度: 0.631)
  💜 [Sharon 匹配] 76358F20-314F-4FBB-BF79-BA94AF6582EA.jpeg (相似度: 0.573)
  💖 [Sophia 匹配] A8D87E16-1D56-40AD-9621-41D423CAE95A.jpeg (相似度: 0.686)
  💜 [Sharon 匹配] A8D87E16-1D56-40AD-9621-41D423CAE95A.jpeg (相似度: 0.656)
  💖 [Sophia 匹配] ACE983F6-9279-471D-95A2-82A2BFADC563.jpeg (相似度: 0.622)
  💜 [Sharon 匹配] ACE983F6-9279-471D-95A2-82A2BFADC563.jpeg (相似度: 0.562)
  💖 [Sophia 匹配] 581C9CED-F0CA-43DB-9BB4-DC9BAEB1C6D5.jpeg (相似度: 0.642)
  💜 [Sharon 匹配] 581C9CED-F0CA-43DB-9BB4-DC9BAEB1C6D5.jpeg (相似度: 0.547)
  💖 [Sophia 匹配] 5929FA62-960F-4E54-B3F3-E739FE3BE380.jpeg (相似度: 0.677)
  💖 [Sophia 匹配] 932831CC-9D81-4FE6-8492-63EEA47FA4CD.jpeg (相似度: 0.455)
  💖 [Sophia 匹配] 8A53FE94-9C15-4545-8CBD-7327C07794AA.jpeg (相似度: 0.664)
  💜 [Sharon 匹配] 8A53FE94-9C15-4545-8CBD-7327C07794AA.jpeg (相似度: 0.541)
  💜 [Sharon 匹配] D029748B-E3FA-4B4F-8987-1090D85B0C7E.jpeg (相似度: 0.599)
  💖 [Sophia 匹配] D029748B-E3FA-4B4F-8987-1090D85B0C7E.jpeg (相似度: 0.729)
  💜 [Sharon 匹配] B6880C7D-DB46-485B-9E89-13B33F8D6C9D_1_201_a.jpeg (相似度: 0.610)
  💖 [Sophia 匹配] B6880C7D-DB46-485B-9E89-13B33F8D6C9D_1_201_a.jpeg (相似度: 0.755)
  💖 [Sophia 匹配] 0F4834D6-610A-42BA-8131-F1B9EB30A34A.jpeg (相似度: 0.674)
  💖 [Sophia 匹配] 1F6355FF-AFC9-4BBF-AD11-FD91CB2B1CF9.jpeg (相似度: 0.564)
  💜 [Sharon 匹配] 1F6355FF-AFC9-4BBF-AD11-FD91CB2B1CF9.jpeg (相似度: 0.517)
  💖 [Sophia 匹配] F526ED26-3023-4C8D-AE6B-CB5B4EF20431_1_201_a.jpeg (相似度: 0.693)
  💜 [Sharon 匹配] F526ED26-3023-4C8D-AE6B-CB5B4EF20431_1_201_a.jpeg (相似度: 0.593)
  💖 [Sophia 匹配] A7831F54-5003-4266-BC23-1DA34F178DD0.jpeg (相似度: 0.644)
  💜 [Sharon 匹配] A7831F54-5003-4266-BC23-1DA34F178DD0.jpeg (相似度: 0.541)
  💖 [Sophia 匹配] CA6762D1-BC11-4922-BEAA-060F28324D00.jpeg (相似度: 0.604)
  💜 [Sharon 匹配] CA6762D1-BC11-4922-BEAA-060F28324D00.jpeg (相似度: 0.524)
  💜 [Sharon 匹配] FDA927FB-4C5D-4B4C-8140-6C10F60A88D8.jpeg (相似度: 0.545)
  💖 [Sophia 匹配] C4012B5A-E7A1-4FC6-869C-56AB0C1573BA.jpeg (相似度: 0.742)
  💜 [Sharon 匹配] C4012B5A-E7A1-4FC6-869C-56AB0C1573BA.jpeg (相似度: 0.610)
  💖 [Sophia 匹配] 6C6A20E1-10CB-40C3-BE1D-3D146DD1441F.jpeg (相似度: 0.664)
  💜 [Sharon 匹配] 6C6A20E1-10CB-40C3-BE1D-3D146DD1441F.jpeg (相似度: 0.605)
  💜 [Sharon 匹配] CA3052EF-7A87-46C2-A1C1-932F03D1F778.jpeg (相似度: 0.552)
  💖 [Sophia 匹配] 2AA27CC2-021C-4951-85BA-6DB7EEBC7563.jpeg (相似度: 0.752)
  💜 [Sharon 匹配] 2AA27CC2-021C-4951-85BA-6DB7EEBC7563.jpeg (相似度: 0.637)
  💖 [Sophia 匹配] A9CDE83B-6A5C-49AB-B913-3903AF52AD74.jpeg (相似度: 0.668)
  💜 [Sharon 匹配] A9CDE83B-6A5C-49AB-B913-3903AF52AD74.jpeg (相似度: 0.500)
  💖 [Sophia 匹配] 82B4B58C-88ED-4F80-A4FF-C1D0C5EC5477.jpeg (相似度: 0.663)
  💜 [Sharon 匹配] 82B4B58C-88ED-4F80-A4FF-C1D0C5EC5477.jpeg (相似度: 0.558)
  💜 [Sharon 匹配] 170BC19C-6940-474A-A3C0-36D4BB3E3649.jpeg (相似度: 0.612)
  💖 [Sophia 匹配] 102B244C-BAFD-4C15-BB6C-9E3B52B12B3F.jpeg (相似度: 0.703)
  💜 [Sharon 匹配] 0E38DC45-A1C0-4F11-BE2A-0BF14C59B55C.jpeg (相似度: 0.559)
  💜 [Sharon 匹配] B61756EF-173F-4AA3-869C-6A402282E817.jpeg (相似度: 0.591)
  💜 [Sharon 匹配] 44070BF5-8EFF-4FA0-AEC8-B3F51B904F3E.jpeg (相似度: 0.598)
  💖 [Sophia 匹配] B1EBEF79-FD86-473E-986B-B6A416BF8F96.jpeg (相似度: 0.675)
  💜 [Sharon 匹配] B1EBEF79-FD86-473E-986B-B6A416BF8F96.jpeg (相似度: 0.578)
  💜 [Sharon 匹配] 960293AA-4B85-4178-882C-53115A6F0C5A.jpeg (相似度: 0.609)
  💖 [Sophia 匹配] C6A69DF9-189C-4D3C-B0E0-AD45B9E21DE8.jpeg (相似度: 0.693)
  💖 [Sophia 匹配] 5960C2FC-9560-449C-A069-DFDBCAD62929.jpeg (相似度: 0.580)
  💖 [Sophia 匹配] C8B48E52-1B4F-4DA3-B95F-1ACC27674FDB.jpeg (相似度: 0.633)
  💖 [Sophia 匹配] 01198279-20D2-40EA-949B-DB1C5B31FAE7.jpeg (相似度: 0.676)
  💜 [Sharon 匹配] 01198279-20D2-40EA-949B-DB1C5B31FAE7.jpeg (相似度: 0.543)
  💖 [Sophia 匹配] DB052E72-063E-4A99-87EA-6E7273F62689.jpeg (相似度: 0.693)
  💖 [Sophia 匹配] 52DD6471-8F78-4CF9-B0E7-5E11DBE14463.jpeg (相似度: 0.727)
  💜 [Sharon 匹配] 52DD6471-8F78-4CF9-B0E7-5E11DBE14463.jpeg (相似度: 0.662)
  💖 [Sophia 匹配] 38586C0D-C9A0-4C03-92C7-7CABCEC85881.jpeg (相似度: 0.585)
  💜 [Sharon 匹配] 3A6ECDA9-5884-408B-98D1-3C1DD2274C93.jpeg (相似度: 0.525)
  💖 [Sophia 匹配] D98F0742-28E5-4003-BBE0-2A0297E90E6C.jpeg (相似度: 0.679)
  💖 [Sophia 匹配] 64CE2C73-8B0A-4CEE-B5FE-356CE161EFC2.jpeg (相似度: 0.717)
  💖 [Sophia 匹配] 9EB0D04A-F8E9-43AF-BBA5-33149513291B.jpeg (相似度: 0.527)
  💜 [Sharon 匹配] F16D28A0-B84E-4D89-B3A0-4B9EAC92A853.jpeg (相似度: 0.592)
  💖 [Sophia 匹配] 268AB4C0-4DDA-42E6-B293-448407EEEFEC.jpeg (相似度: 0.584)
  💖 [Sophia 匹配] A57530BC-9C16-4396-AD6E-767CE6EAB45C.jpeg (相似度: 0.656)
  💖 [Sophia 匹配] 0EF94473-1B8E-4E43-AF78-64795EF5BFE4.jpeg (相似度: 0.722)
  💜 [Sharon 匹配] CD4A9BCA-5CB0-449E-A655-BB9A00958EAF.jpeg (相似度: 0.621)
  💖 [Sophia 匹配] 41ECB071-EF13-4215-844C-34F73C594B09.jpeg (相似度: 0.681)
  💖 [Sophia 匹配] CE6DAD56-61D2-4A87-9331-9D317FD5F609.jpeg (相似度: 0.681)
  💖 [Sophia 匹配] DA6B2908-4EE7-4D33-B8ED-A11FCCF4DFF9.jpeg (相似度: 0.564)
  💜 [Sharon 匹配] 24D30C99-3920-4460-B1CE-CC14D882A276.jpeg (相似度: 0.666)
  💖 [Sophia 匹配] E38D1A82-C81D-4EA1-BE19-4D1CB4FE92CF.jpeg (相似度: 0.468)
  💖 [Sophia 匹配] 5984A6A0-932C-4155-85B3-249F06CF965B.jpeg (相似度: 0.603)
  💜 [Sharon 匹配] 11B40644-7C0C-4648-976A-B1D4F0BBEA5E.jpeg (相似度: 0.606)
  💖 [Sophia 匹配] 0936FF8B-AEE1-4B51-B6DB-20F22F9A9B71.jpeg (相似度: 0.705)
  💜 [Sharon 匹配] D1AB7E40-B81F-4D43-9CF0-BBA4313AC050.jpeg (相似度: 0.543)
  💜 [Sharon 匹配] 76C9F87C-788A-48E0-B758-D00E18559A85.jpeg (相似度: 0.583)
  💖 [Sophia 匹配] E417B323-162B-4C5D-846D-C0ABCE9ACE01.jpeg (相似度: 0.693)
  💜 [Sharon 匹配] 17398D2D-0FD3-4ACA-86EB-E2EFFC9D4C82.jpeg (相似度: 0.578)
  💖 [Sophia 匹配] 5BB7556A-A9F7-470E-8FB4-FAE928156461.jpeg (相似度: 0.733)
  💜 [Sharon 匹配] 5BB7556A-A9F7-470E-8FB4-FAE928156461.jpeg (相似度: 0.546)
  💜 [Sharon 匹配] 30ED87D9-2C19-4FCB-A983-865FBC056964.jpeg (相似度: 0.666)
  💖 [Sophia 匹配] DB1887D5-8566-462A-B473-307E13E83061.jpeg (相似度: 0.707)
  💖 [Sophia 匹配] 8D608527-2108-4DC0-BD05-36127BEEDA66.jpeg (相似度: 0.698)
  💜 [Sharon 匹配] 60641EEB-8F41-4395-BFB7-8A6C6CDDC220.jpeg (相似度: 0.581)
  💖 [Sophia 匹配] 1300C9CD-518B-4F0F-8047-9516816A388A.jpeg (相似度: 0.603)
  💖 [Sophia 匹配] 7FA8E402-A90A-4EAD-B9EC-C4287C0ACA4D.jpeg (相似度: 0.605)
  💖 [Sophia 匹配] 270FC892-D829-422E-8D3D-4B98FD980615.jpeg (相似度: 0.509)
  💖 [Sophia 匹配] 8AF726C7-BBFF-4FDF-BF28-FDC362037CCA.jpeg (相似度: 0.682)
  💖 [Sophia 匹配] 3C3A4710-8D44-4CF8-B1A9-C8600B249434.jpeg (相似度: 0.726)
  💖 [Sophia 匹配] 41C5F60A-842F-48C1-A849-F32497C25C0E.jpeg (相似度: 0.609)
  💖 [Sophia 匹配] E9F0A2F4-9AB4-4047-97C7-8181164CE0EB.jpeg (相似度: 0.730)
  💖 [Sophia 匹配] 2308405C-4C7F-4EAF-851C-B39575B9CA83.jpeg (相似度: 0.666)
  💖 [Sophia 匹配] 9F45A7B1-AD4D-41E6-A04E-2FF3679C2392.jpeg (相似度: 0.674)
  💖 [Sophia 匹配] 190CB114-C353-488C-BCD4-049AAEC5176F.jpeg (相似度: 0.725)
  💖 [Sophia 匹配] 1A1E1A00-733B-4AD3-99EE-25FF26A512FE.jpeg (相似度: 0.738)
  💜 [Sharon 匹配] 1A1E1A00-733B-4AD3-99EE-25FF26A512FE.jpeg (相似度: 0.561)
  💜 [Sharon 匹配] 5F1EACFA-C3F3-469B-BA32-3EA028D1D124.jpeg (相似度: 0.674)
  💖 [Sophia 匹配] C09FCEB0-9312-437E-B6B2-158FED93CA74.jpeg (相似度: 0.586)
  💖 [Sophia 匹配] 6A078090-AC4C-4ED6-9FCC-0BFD6A6A3166.jpeg (相似度: 0.678)
  💖 [Sophia 匹配] F0E5D984-13B9-4A00-A2B8-006DC36A0EBB.jpeg (相似度: 0.573)
  💖 [Sophia 匹配] 5048F534-01DB-4ADE-860F-6A465534A6C1.jpeg (相似度: 0.700)
  💜 [Sharon 匹配] 7C72A833-0289-4ABF-9BC0-16D2AA37864F.jpeg (相似度: 0.582)
  💖 [Sophia 匹配] A9546861-CC4D-4D83-AC91-455D42CB8B17.jpeg (相似度: 0.746)
  💖 [Sophia 匹配] 90EEC2AF-DB3D-471A-AC48-AE3DE40AC941.jpeg (相似度: 0.716)
  💖 [Sophia 匹配] B7118D07-4C5E-4F46-B10C-7E19197265C3.jpeg (相似度: 0.776)
  💖 [Sophia 匹配] C4DF26CB-F4CE-4377-8B3D-281A94ECDF39.jpeg (相似度: 0.715)
  💖 [Sophia 匹配] 652D5764-CB8D-4DE8-919C-4486341E8CBD.jpeg (相似度: 0.598)
  💖 [Sophia 匹配] D4781A7C-E665-4365-ABDA-D535BAF0F145.jpeg (相似度: 0.666)
  💖 [Sophia 匹配] A8ABE09B-7BF5-4CE5-8B88-AB16890E26BF.jpeg (相似度: 0.641)
  💖 [Sophia 匹配] 048DA4E6-A3D9-4B3C-9566-B662118B7FF4.jpeg (相似度: 0.589)
  💖 [Sophia 匹配] ED773ADA-4F4C-4A01-BBAC-654AB1CE3639.jpeg (相似度: 0.588)
  💖 [Sophia 匹配] 9DA2D871-AF52-4826-BC2E-E709A3C24BF7.jpeg (相似度: 0.714)
  💖 [Sophia 匹配] 1E76CA58-C2EB-4143-8557-E69F37BB5FD4.jpeg (相似度: 0.594)
  💖 [Sophia 匹配] DAD9F562-BE0F-46D3-A218-2DCE1A43C129.jpeg (相似度: 0.635)
  💜 [Sharon 匹配] 575699AB-7450-4E42-AF5B-3932B4D9F4AE.jpeg (相似度: 0.610)
  💖 [Sophia 匹配] 0716522C-2B72-4449-9B4C-2FA67095015F.jpeg (相似度: 0.777)
  💜 [Sharon 匹配] 0716522C-2B72-4449-9B4C-2FA67095015F.jpeg (相似度: 0.614)
  💖 [Sophia 匹配] CD57BE3F-E3B0-4D78-A27B-16BE29FC5076.jpeg (相似度: 0.665)
  💜 [Sharon 匹配] CD57BE3F-E3B0-4D78-A27B-16BE29FC5076.jpeg (相似度: 0.571)
  💖 [Sophia 匹配] 1099A546-B091-4DFC-A50A-2100069E28CF.jpeg (相似度: 0.670)
  💖 [Sophia 匹配] A45BDB78-DFE3-4D4A-995E-70E3C138E9D0.jpeg (相似度: 0.704)
  💜 [Sharon 匹配] EF5661CF-340B-4332-AFC9-9EECB9DF8F59_1_201_a.jpeg (相似度: 0.573)
  💖 [Sophia 匹配] F21EC8B0-1648-41C5-82F6-4FAFDA416E16.jpeg (相似度: 0.713)
  💜 [Sharon 匹配] 05107094-AD6B-4380-ACC8-776F94BEA355.jpeg (相似度: 0.528)
  💜 [Sharon 匹配] ACAE0091-49BB-4709-96F4-763B83A19822.jpeg (相似度: 0.633)
  💜 [Sharon 匹配] 82EC8A5B-D4E0-48B4-A629-BF58C1ADC8AB.jpeg (相似度: 0.484)
  💜 [Sharon 匹配] D1BB25AB-226C-4B4D-B1B6-02DD3CD4ECE7.jpeg (相似度: 0.486)
  💖 [Sophia 匹配] D908BB9F-7903-4153-AA93-61C2FCAA788A.jpeg (相似度: 0.648)
  💜 [Sharon 匹配] D908BB9F-7903-4153-AA93-61C2FCAA788A.jpeg (相似度: 0.488)
  💜 [Sharon 匹配] 1914AE55-3E35-47EF-B3B4-0B0E61C3CC24_1_201_a.jpeg (相似度: 0.557)
  💜 [Sharon 匹配] C5ED1263-1231-468C-91A1-119A41AEBBC2.jpeg (相似度: 0.579)
  💜 [Sharon 匹配] 4B9BC8B8-6E02-4383-8219-7B1C93B4D429_1_201_a.jpeg (相似度: 0.574)
  💖 [Sophia 匹配] 4B9BC8B8-6E02-4383-8219-7B1C93B4D429_1_201_a.jpeg (相似度: 0.786)
  💜 [Sharon 匹配] 03BF0E8B-9819-4C85-9A6B-E493BF9A2AF1.jpeg (相似度: 0.600)
  💖 [Sophia 匹配] 0DB34B7A-551B-4817-9741-4401CF56801B.jpeg (相似度: 0.750)
  💜 [Sharon 匹配] 0DB34B7A-551B-4817-9741-4401CF56801B.jpeg (相似度: 0.660)
  💖 [Sophia 匹配] 069EA691-B3DA-4039-8ECF-720801345B9E.jpeg (相似度: 0.694)
  💜 [Sharon 匹配] 069EA691-B3DA-4039-8ECF-720801345B9E.jpeg (相似度: 0.665)
  💜 [Sharon 匹配] 56B9270A-0480-4D4D-8F59-1039E6959190.jpeg (相似度: 0.695)
  💖 [Sophia 匹配] 56B9270A-0480-4D4D-8F59-1039E6959190.jpeg (相似度: 0.694)
  💖 [Sophia 匹配] 431851F8-0D99-457F-843A-EFDD870A7733.jpeg (相似度: 0.669)
  💖 [Sophia 匹配] 85B07330-1F6F-4208-9967-CBC292BDB17A.jpeg (相似度: 0.540)
  💖 [Sophia 匹配] 69D75DEF-F523-40DD-8546-8E66E1018CC0.jpeg (相似度: 0.488)
  💜 [Sharon 匹配] 0888E135-A48E-46AB-AECB-7CE1D0717A88.jpeg (相似度: 0.459)
  💜 [Sharon 匹配] 72B0248B-2A15-4C8B-B8DF-705CF1D1E97D.jpeg (相似度: 0.505)
  💜 [Sharon 匹配] 739F87CF-89E3-4E41-85BE-AEDF7D318ED8.jpeg (相似度: 0.648)
  💜 [Sharon 匹配] 69F507EB-BDD4-482D-BA63-55BF8E49E102.jpeg (相似度: 0.641)
  💜 [Sharon 匹配] 21D4FAE6-0BE2-4FE2-AC04-B7108AB262A6.jpeg (相似度: 0.576)
  💖 [Sophia 匹配] 675E3200-D83A-4F7B-ACBA-05557F110C24.jpeg (相似度: 0.634)
  💖 [Sophia 匹配] IMG_2039.JPG (相似度: 0.591)
  💖 [Sophia 匹配] IMG_2038.JPG (相似度: 0.510)
  💖 [Sophia 匹配] IMG_2048.JPG (相似度: 0.532)
  💖 [Sophia 匹配] IMG_2049.JPG (相似度: 0.524)
  💖 [Sophia 匹配] IMG_2084.JPG (相似度: 0.535)
  💜 [Sharon 匹配] IMG_2084.JPG (相似度: 0.607)
  💜 [Sharon 匹配] IMG_2047.JPG (相似度: 0.560)
  💜 [Sharon 匹配] IMG_2046.JPG (相似度: 0.494)
  💖 [Sophia 匹配] IMG_2046.JPG (相似度: 0.494)
  💖 [Sophia 匹配] IMG_2082.JPG (相似度: 0.552)
  💖 [Sophia 匹配] IMG_2040.JPG (相似度: 0.591)
  💖 [Sophia 匹配] IMG_2083.JPG (相似度: 0.512)
  💜 [Sharon 匹配] IMG_2081.JPG (相似度: 0.641)
  💖 [Sophia 匹配] IMG_2081.JPG (相似度: 0.508)
  💖 [Sophia 匹配] IMG_2042.JPG (相似度: 0.556)
  💜 [Sharon 匹配] IMG_2043.JPG (相似度: 0.652)
  💖 [Sophia 匹配] IMG_2043.JPG (相似度: 0.564)
  💖 [Sophia 匹配] IMG_2080.JPG (相似度: 0.540)
  💜 [Sharon 匹配] IMG_2080.JPG (相似度: 0.652)
  💜 [Sharon 匹配] IMG_1433.jpeg (相似度: 0.616)
  💜 [Sharon 匹配] IMG_1413.jpeg (相似度: 0.585)
  💜 [Sharon 匹配] IMG_1412.jpeg (相似度: 0.546)
  💜 [Sharon 匹配] IMG_1432.jpeg (相似度: 0.621)
  💜 [Sharon 匹配] IMG_1415.jpeg (相似度: 0.472)
  💜 [Sharon 匹配] IMG_6256.jpeg (相似度: 0.540)
  💜 [Sharon 匹配] IMG_6260.jpeg (相似度: 0.551)
  💜 [Sharon 匹配] IMG_6261.jpeg (相似度: 0.572)
  💜 [Sharon 匹配] IMG_6257.jpeg (相似度: 0.568)
  💜 [Sharon 匹配] IMG_1414.jpeg (相似度: 0.477)
  💜 [Sharon 匹配] IMG_6254.jpeg (相似度: 0.458)
  💜 [Sharon 匹配] IMG_1417.jpeg (相似度: 0.472)
  💜 [Sharon 匹配] IMG_6258.jpeg (相似度: 0.570)
  💜 [Sharon 匹配] IMG_6262.jpeg (相似度: 0.562)
  💜 [Sharon 匹配] IMG_6263.jpeg (相似度: 0.582)
⏳ 已辨識 500 / 5356 張相片 (107.0 秒)...
  💜 [Sharon 匹配] IMG_6259.jpeg (相似度: 0.487)
  💜 [Sharon 匹配] IMG_6255.jpeg (相似度: 0.472)
  💜 [Sharon 匹配] IMG_1431.jpeg (相似度: 0.616)
  💜 [Sharon 匹配] IMG_6252.jpeg (相似度: 0.620)
  💜 [Sharon 匹配] IMG_6253.jpeg (相似度: 0.631)
  💜 [Sharon 匹配] IMG_1430.jpeg (相似度: 0.646)
  💜 [Sharon 匹配] IMG_2491.jpeg (相似度: 0.494)
  💜 [Sharon 匹配] IMG_2490.jpeg (相似度: 0.524)
  💜 [Sharon 匹配] IMG_8760.jpeg (相似度: 0.506)
  💜 [Sharon 匹配] IMG_1672.jpeg (相似度: 0.515)
  💜 [Sharon 匹配] IMG_1674.jpeg (相似度: 0.549)
  💜 [Sharon 匹配] IMG_1704.jpeg (相似度: 0.539)
  💜 [Sharon 匹配] IMG_1705.jpeg (相似度: 0.574)
  💜 [Sharon 匹配] IMG_1671.jpeg (相似度: 0.503)
  💜 [Sharon 匹配] IMG_8763.jpeg (相似度: 0.555)
  💜 [Sharon 匹配] IMG_8762.jpeg (相似度: 0.507)
  💜 [Sharon 匹配] IMG_1703.jpeg (相似度: 0.584)
  💖 [Sophia 匹配] IMG_2367.JPG (相似度: 0.490)
  💖 [Sophia 匹配] IMG_2373.JPG (相似度: 0.506)
  💖 [Sophia 匹配] 4773787789729682352.344ae338f4098f7ccc89a72445c80c2c.22071815.JPG (相似度: 0.498)
  💖 [Sophia 匹配] 4773787789729682352.2fa829ff5958e5731021ec7a4618513e.22071815.JPG (相似度: 0.505)
  💖 [Sophia 匹配] IMG_2372.JPG (相似度: 0.539)
  💖 [Sophia 匹配] IMG_2366.JPG (相似度: 0.512)
  💖 [Sophia 匹配] IMG_2370.JPG (相似度: 0.500)
  💜 [Sharon 匹配] IMG_2370.JPG (相似度: 0.555)
  💖 [Sophia 匹配] IMG_2364.JPG (相似度: 0.510)
  💖 [Sophia 匹配] 4773787789729682352.2427c28db26d69155147a494920a75d8.22071815.JPG (相似度: 0.459)
  💖 [Sophia 匹配] IMG_2359.JPG (相似度: 0.513)
  💖 [Sophia 匹配] IMG_2365.JPG (相似度: 0.506)
  💖 [Sophia 匹配] IMG_2371.JPG (相似度: 0.494)
  💜 [Sharon 匹配] IMG_2371.JPG (相似度: 0.536)
  💖 [Sophia 匹配] IMG_2360.JPG (相似度: 0.473)
  💖 [Sophia 匹配] IMG_2362.JPG (相似度: 0.480)
  💖 [Sophia 匹配] IMG_2363.JPG (相似度: 0.515)
  💖 [Sophia 匹配] 4773787789729682352.f4817c57c50a828227aea917801f7758.22071815.JPG (相似度: 0.473)
  💖 [Sophia 匹配] 4773787789729682352.2f9323051e35296a92cf5c048bf40720.22071815.JPG (相似度: 0.504)
  💜 [Sharon 匹配] 4773787789729682352.2f9323051e35296a92cf5c048bf40720.22071815.JPG (相似度: 0.482)
  💜 [Sharon 匹配] 4773787789729682352.a1ff4f4cb86f544cac1deec323fd44a2.22071815.JPG (相似度: 0.509)
  💖 [Sophia 匹配] 4773787789729682352.6637dcc5b869019533359201769025f7.22071815.JPG (相似度: 0.450)
  💜 [Sharon 匹配] 4773787789729682352.fcc2177d7e26fa711effccf3d807522f.22071815.JPG (相似度: 0.495)
  💖 [Sophia 匹配] IMG_2368.JPG (相似度: 0.531)
  💖 [Sophia 匹配] IMG_2354.JPG (相似度: 0.457)
  💖 [Sophia 匹配] 4773787789729682352.7fde410982a69fa142b25a8767253975.22071815.JPG (相似度: 0.482)
  💜 [Sharon 匹配] 4773787789729682352.7fde410982a69fa142b25a8767253975.22071815.JPG (相似度: 0.563)
  💖 [Sophia 匹配] 4773787789729682352.e882001aca8e763b8d5da8554de67b5b.22071815.JPG (相似度: 0.464)
  💖 [Sophia 匹配] IMG_2369.JPG (相似度: 0.495)
  💜 [Sharon 匹配] IMG_2369.JPG (相似度: 0.515)
  💜 [Sharon 匹配] 4773787789729682352.66326b193ebcfb772a508d1c1f649a1a.22071815.JPG (相似度: 0.487)
  💜 [Sharon 匹配] IMG_1574.jpeg (相似度: 0.537)
  💜 [Sharon 匹配] IMG_1537.jpeg (相似度: 0.600)
  💜 [Sharon 匹配] IMG_1540.jpeg (相似度: 0.627)
  💜 [Sharon 匹配] IMG_1536.jpeg (相似度: 0.585)
  💜 [Sharon 匹配] IMG_1539.jpeg (相似度: 0.639)
  💜 [Sharon 匹配] IMG_1538.jpeg (相似度: 0.639)
  💜 [Sharon 匹配] IMG_1834.jpeg (相似度: 0.450)
  💜 [Sharon 匹配] IMG_1838.jpeg (相似度: 0.577)
  💜 [Sharon 匹配] IMG_1980.JPG (相似度: 0.532)
  💜 [Sharon 匹配] IMG_1837.jpeg (相似度: 0.540)
  💜 [Sharon 匹配] IMG_1979.JPG (相似度: 0.588)
  💜 [Sharon 匹配] IMG_1978.JPG (相似度: 0.569)
  💜 [Sharon 匹配] DSC05939.JPG (相似度: 0.685)
  💜 [Sharon 匹配] DSC05938.JPG (相似度: 0.649)
  💜 [Sharon 匹配] DSC05959.JPG (相似度: 0.615)
  💜 [Sharon 匹配] DSC05965.JPG (相似度: 0.641)
  💜 [Sharon 匹配] DSC05964.JPG (相似度: 0.629)
  💜 [Sharon 匹配] DSC05958.JPG (相似度: 0.592)
  💜 [Sharon 匹配] DSC05966.JPG (相似度: 0.649)
  💜 [Sharon 匹配] DSC05963.JPG (相似度: 0.648)
  💜 [Sharon 匹配] DSC05962.JPG (相似度: 0.508)
  💜 [Sharon 匹配] DSC05960.JPG (相似度: 0.625)
  💜 [Sharon 匹配] DSC05956.JPG (相似度: 0.538)
  💜 [Sharon 匹配] DSC05942.JPG (相似度: 0.655)
  💜 [Sharon 匹配] DSC05957.JPG (相似度: 0.626)
  💜 [Sharon 匹配] DSC05941.JPG (相似度: 0.676)
  💜 [Sharon 匹配] DSC05955.JPG (相似度: 0.566)
  💜 [Sharon 匹配] DSC05954.JPG (相似度: 0.625)
  💜 [Sharon 匹配] DSC05940.JPG (相似度: 0.680)
  💜 [Sharon 匹配] DSC05936.JPG (相似度: 0.624)
  💜 [Sharon 匹配] DSC05937.JPG (相似度: 0.557)
  💖 [Sophia 匹配] IMG_2039.JPG (相似度: 0.591)
  💖 [Sophia 匹配] IMG_2038.JPG (相似度: 0.510)
  💖 [Sophia 匹配] IMG_2048.JPG (相似度: 0.532)
  💖 [Sophia 匹配] IMG_2049.JPG (相似度: 0.524)
  💜 [Sharon 匹配] IMG_1823.JPG (相似度: 0.584)
  💖 [Sophia 匹配] IMG_2084.JPG (相似度: 0.535)
  💜 [Sharon 匹配] IMG_2084.JPG (相似度: 0.607)
  💜 [Sharon 匹配] IMG_2047.JPG (相似度: 0.560)
  💜 [Sharon 匹配] IMG_2046.JPG (相似度: 0.494)
  💖 [Sophia 匹配] IMG_2046.JPG (相似度: 0.494)
  💖 [Sophia 匹配] IMG_2082.JPG (相似度: 0.552)
  💖 [Sophia 匹配] IMG_2040.JPG (相似度: 0.591)
  💖 [Sophia 匹配] IMG_2083.JPG (相似度: 0.512)
  💜 [Sharon 匹配] IMG_2081.JPG (相似度: 0.641)
  💖 [Sophia 匹配] IMG_2081.JPG (相似度: 0.508)
  💖 [Sophia 匹配] IMG_2042.JPG (相似度: 0.556)
  💜 [Sharon 匹配] IMG_2043.JPG (相似度: 0.652)
  💖 [Sophia 匹配] IMG_2043.JPG (相似度: 0.564)
  💖 [Sophia 匹配] IMG_2080.JPG (相似度: 0.540)
  💜 [Sharon 匹配] IMG_2080.JPG (相似度: 0.652)
  💜 [Sharon 匹配] IMG_1354.jpeg (相似度: 0.683)
  💜 [Sharon 匹配] IMG_1355.jpeg (相似度: 0.674)
  💜 [Sharon 匹配] IMG_2830.JPG (相似度: 0.527)
  💜 [Sharon 匹配] IMG_2762.JPG (相似度: 0.488)
  💜 [Sharon 匹配] IMG_2831.JPG (相似度: 0.523)
  💜 [Sharon 匹配] IMG_2760.JPG (相似度: 0.636)
  💜 [Sharon 匹配] IMG_2761.JPG (相似度: 0.600)
  💜 [Sharon 匹配] IMG_2739.JPG (相似度: 0.665)
  💖 [Sophia 匹配] IMG_1025.JPG (相似度: 0.528)
  💜 [Sharon 匹配] IMG_1025.JPG (相似度: 0.587)
  💖 [Sophia 匹配] IMG_1032.JPG (相似度: 0.583)
  💜 [Sharon 匹配] IMG_2262.jpeg (相似度: 0.553)
  💜 [Sharon 匹配] IMG_2250.jpeg (相似度: 0.522)
  💜 [Sharon 匹配] IMG_1875.JPG (相似度: 0.515)
  💜 [Sharon 匹配] IMG_1849.JPG (相似度: 0.501)
  💜 [Sharon 匹配] IMG_1915.JPG (相似度: 0.513)
  💜 [Sharon 匹配] IMG_1929.JPG (相似度: 0.511)
  💜 [Sharon 匹配] IMG_2005.JPG (相似度: 0.501)
  💜 [Sharon 匹配] IMG_2004.JPG (相似度: 0.472)
  💜 [Sharon 匹配] IMG_1914.JPG (相似度: 0.567)
  💜 [Sharon 匹配] IMG_1848.JPG (相似度: 0.590)
  💜 [Sharon 匹配] IMG_1862.JPG (相似度: 0.630)
  💜 [Sharon 匹配] IMG_1876.JPG (相似度: 0.494)
  💜 [Sharon 匹配] IMG_1902.JPG (相似度: 0.628)
  💜 [Sharon 匹配] IMG_2007.JPG (相似度: 0.499)
  💜 [Sharon 匹配] IMG_1903.JPG (相似度: 0.537)
  💜 [Sharon 匹配] IMG_1877.JPG (相似度: 0.548)
  💜 [Sharon 匹配] IMG_1913.JPG (相似度: 0.589)
  💜 [Sharon 匹配] IMG_1907.JPG (相似度: 0.609)
  💜 [Sharon 匹配] IMG_1906.JPG (相似度: 0.581)
  💜 [Sharon 匹配] IMG_1912.JPG (相似度: 0.594)
  💜 [Sharon 匹配] IMG_1872.JPG (相似度: 0.558)
  💜 [Sharon 匹配] IMG_1858.JPG (相似度: 0.536)
  💜 [Sharon 匹配] IMG_1870.JPG (相似度: 0.625)
  💜 [Sharon 匹配] IMG_1864.JPG (相似度: 0.538)
  💜 [Sharon 匹配] IMG_1938.JPG (相似度: 0.614)
  💜 [Sharon 匹配] IMG_1910.JPG (相似度: 0.580)
  💜 [Sharon 匹配] IMG_1911.JPG (相似度: 0.524)
  💜 [Sharon 匹配] IMG_1905.JPG (相似度: 0.514)
  💜 [Sharon 匹配] IMG_1939.JPG (相似度: 0.471)
  💜 [Sharon 匹配] IMG_1865.JPG (相似度: 0.573)
  💜 [Sharon 匹配] IMG_1871.JPG (相似度: 0.587)
  💜 [Sharon 匹配] IMG_1859.JPG (相似度: 0.610)
  💜 [Sharon 匹配] IMG_1988.JPG (相似度: 0.541)
  💜 [Sharon 匹配] IMG_1948.JPG (相似度: 0.552)
  💜 [Sharon 匹配] IMG_1940.JPG (相似度: 0.511)
  💜 [Sharon 匹配] IMG_1941.JPG (相似度: 0.509)
  💜 [Sharon 匹配] IMG_1945.JPG (相似度: 0.572)
  💜 [Sharon 匹配] IMG_1854.JPG (相似度: 0.522)
  💜 [Sharon 匹配] IMG_1868.JPG (相似度: 0.489)
  💜 [Sharon 匹配] IMG_1934.JPG (相似度: 0.515)
  💜 [Sharon 匹配] IMG_1909.JPG (相似度: 0.567)
  💜 [Sharon 匹配] IMG_1869.JPG (相似度: 0.553)
  💜 [Sharon 匹配] IMG_1855.JPG (相似度: 0.532)
  💜 [Sharon 匹配] IMG_1857.JPG (相似度: 0.621)
  💜 [Sharon 匹配] IMG_1937.JPG (相似度: 0.554)
  💜 [Sharon 匹配] IMG_1922.JPG (相似度: 0.534)
  💜 [Sharon 匹配] IMG_1856.JPG (相似度: 0.495)
  💜 [Sharon 匹配] IMG_1852.JPG (相似度: 0.586)
  💜 [Sharon 匹配] IMG_1926.JPG (相似度: 0.485)
  💜 [Sharon 匹配] IMG_1933.JPG (相似度: 0.489)
  💜 [Sharon 匹配] IMG_1853.JPG (相似度: 0.531)
  💜 [Sharon 匹配] IMG_1847.JPG (相似度: 0.544)
  💜 [Sharon 匹配] IMG_1879.JPG (相似度: 0.536)
  💜 [Sharon 匹配] IMG_1851.JPG (相似度: 0.659)
  💜 [Sharon 匹配] IMG_1845.JPG (相似度: 0.567)
  💜 [Sharon 匹配] IMG_1931.JPG (相似度: 0.543)
  💜 [Sharon 匹配] IMG_2009.JPG (相似度: 0.570)
  💜 [Sharon 匹配] IMG_2008.JPG (相似度: 0.460)
  💜 [Sharon 匹配] IMG_1930.JPG (相似度: 0.529)
  💜 [Sharon 匹配] IMG_1918.JPG (相似度: 0.646)
  💜 [Sharon 匹配] IMG_1844.JPG (相似度: 0.566)
  💜 [Sharon 匹配] IMG_1850.JPG (相似度: 0.627)
  💜 [Sharon 匹配] IMG_4128.jpeg (相似度: 0.535)
  💜 [Sharon 匹配] IMG_4132.jpeg (相似度: 0.563)
  💜 [Sharon 匹配] IMG_4127.jpeg (相似度: 0.584)
  💜 [Sharon 匹配] IMG_4131.jpeg (相似度: 0.547)
  💜 [Sharon 匹配] IMG_4130.jpeg (相似度: 0.524)
⏳ 已辨識 1000 / 5356 張相片 (284.0 秒)...
  💜 [Sharon 匹配] IMG_4126.jpeg (相似度: 0.569)
  💜 [Sharon 匹配] IMG_4076.jpeg (相似度: 0.669)
  💜 [Sharon 匹配] IMG_4071.jpeg (相似度: 0.513)
  💜 [Sharon 匹配] IMG_4074.jpeg (相似度: 0.679)
  💜 [Sharon 匹配] IMG_4075.jpeg (相似度: 0.639)
  💜 [Sharon 匹配] IMG_4332.jpeg (相似度: 0.592)
  💜 [Sharon 匹配] IMG_4324.jpeg (相似度: 0.566)
  💜 [Sharon 匹配] IMG_4323.jpeg (相似度: 0.604)
  💜 [Sharon 匹配] IMG_4319.jpeg (相似度: 0.536)
  💜 [Sharon 匹配] IMG_4320.jpeg (相似度: 0.520)
  💜 [Sharon 匹配] IMG_4099.jpeg (相似度: 0.518)
  💜 [Sharon 匹配] IMG_4102.jpeg (相似度: 0.627)
  💜 [Sharon 匹配] IMG_4101.jpeg (相似度: 0.650)
  💜 [Sharon 匹配] IMG_3618.JPG (相似度: 0.691)
  💜 [Sharon 匹配] IMG_3616.JPG (相似度: 0.695)
  💜 [Sharon 匹配] IMG_3617.JPG (相似度: 0.668)
  💖 [Sophia 匹配] IMG_3605.JPG (相似度: 0.533)
  💜 [Sharon 匹配] IMG_3973.JPG (相似度: 0.533)
  💖 [Sophia 匹配] IMG_4007.JPG (相似度: 0.550)
  💜 [Sharon 匹配] IMG_4007.JPG (相似度: 0.472)
  💖 [Sophia 匹配] IMG_3999.JPG (相似度: 0.532)
  💜 [Sharon 匹配] IMG_4002.JPG (相似度: 0.575)
  💜 [Sharon 匹配] IMG_4003.JPG (相似度: 0.610)
  💜 [Sharon 匹配] IMG_3988.JPG (相似度: 0.596)
  💜 [Sharon 匹配] IMG_3991.JPG (相似度: 0.497)
  💜 [Sharon 匹配] IMG_3984.JPG (相似度: 0.487)
  💜 [Sharon 匹配] IMG_4144.JPG (相似度: 0.498)
  💜 [Sharon 匹配] IMG_3987.JPG (相似度: 0.613)
  💜 [Sharon 匹配] IMG_3993.JPG (相似度: 0.612)
  💜 [Sharon 匹配] IMG_3983.JPG (相似度: 0.629)
  💜 [Sharon 匹配] IMG_3996.JPG (相似度: 0.668)
  💜 [Sharon 匹配] IMG_3994.JPG (相似度: 0.493)
  💜 [Sharon 匹配] IMG_4143.JPG (相似度: 0.471)
  💜 [Sharon 匹配] IMG_3995.JPG (相似度: 0.636)
  💜 [Sharon 匹配] 4941096403330738135.96db27816bf41a362b4e2dd79d1d447a.23102308.JPG (相似度: 0.609)
  💜 [Sharon 匹配] 4941096403330738135.61372dd792b903e0352fa2177a119771.23102308.JPG (相似度: 0.520)
  💜 [Sharon 匹配] IMG_4135.JPG (相似度: 0.479)
  💜 [Sharon 匹配] IMG_3176.jpeg (相似度: 0.557)
  💜 [Sharon 匹配] IMG_3177.jpeg (相似度: 0.555)
  💜 [Sharon 匹配] IMG_3178.jpeg (相似度: 0.554)
  💜 [Sharon 匹配] IMG_3181.jpeg (相似度: 0.587)
  💜 [Sharon 匹配] IMG_3180.jpeg (相似度: 0.596)
  💜 [Sharon 匹配] IMG_3179.jpeg (相似度: 0.592)
  💜 [Sharon 匹配] IMG_2939.jpeg (相似度: 0.580)
  💖 [Sophia 匹配] IMG_2962.jpeg (相似度: 0.486)
  💜 [Sharon 匹配] IMG_2938.jpeg (相似度: 0.544)
  💜 [Sharon 匹配] DSC03104.JPG (相似度: 0.635)
  💜 [Sharon 匹配] DSC03105.JPG (相似度: 0.661)
  💜 [Sharon 匹配] DSC03106.JPG (相似度: 0.637)
  💜 [Sharon 匹配] IMG_8556.jpeg (相似度: 0.581)
  💜 [Sharon 匹配] IMG_8560.jpeg (相似度: 0.570)
  💜 [Sharon 匹配] IMG_8561.jpeg (相似度: 0.596)
  💜 [Sharon 匹配] IMG_8557.jpeg (相似度: 0.590)
  💜 [Sharon 匹配] IMG_3684.JPG (相似度: 0.627)
  💜 [Sharon 匹配] IMG_8550.jpeg (相似度: 0.517)
  💜 [Sharon 匹配] IMG_8551.jpeg (相似度: 0.525)
  💜 [Sharon 匹配] IMG_8547.jpeg (相似度: 0.536)
  💜 [Sharon 匹配] IMG_8564.jpeg (相似度: 0.632)
  💜 [Sharon 匹配] IMG_8548.jpeg (相似度: 0.568)
  💜 [Sharon 匹配] IMG_8552.jpeg (相似度: 0.522)
  💜 [Sharon 匹配] IMG_8553.jpeg (相似度: 0.479)
  💜 [Sharon 匹配] IMG_8549.jpeg (相似度: 0.503)
  💜 [Sharon 匹配] IMG_8565.jpeg (相似度: 0.611)
  💜 [Sharon 匹配] IMG_8554.jpeg (相似度: 0.625)
  💜 [Sharon 匹配] IMG_8562.jpeg (相似度: 0.572)
  💜 [Sharon 匹配] IMG_8558.jpeg (相似度: 0.583)
  💜 [Sharon 匹配] IMG_8559.jpeg (相似度: 0.574)
  💜 [Sharon 匹配] IMG_8563.jpeg (相似度: 0.593)
  💜 [Sharon 匹配] IMG_8555.jpeg (相似度: 0.582)
  💜 [Sharon 匹配] IMG_3415.JPG (相似度: 0.666)
  💜 [Sharon 匹配] IMG_3429.JPG (相似度: 0.696)
  💜 [Sharon 匹配] IMG_3405.JPG (相似度: 0.548)
  💜 [Sharon 匹配] IMG_3406.JPG (相似度: 0.593)
  💜 [Sharon 匹配] IMG_3755.JPG (相似度: 0.625)
  💖 [Sophia 匹配] IMG_3755.JPG (相似度: 0.486)
  💜 [Sharon 匹配] IMG_3013.jpeg (相似度: 0.558)
  💜 [Sharon 匹配] IMG_3012.jpeg (相似度: 0.585)
  💜 [Sharon 匹配] IMG_3273.jpeg (相似度: 0.552)
  💖 [Sophia 匹配] IMG_3273.jpeg (相似度: 0.527)
  💜 [Sharon 匹配] IMG_3265.jpeg (相似度: 0.600)
  💜 [Sharon 匹配] IMG_3269.jpeg (相似度: 0.611)
  💜 [Sharon 匹配] IMG_3268.jpeg (相似度: 0.549)
  💖 [Sophia 匹配] IMG_3272.jpeg (相似度: 0.479)
  💜 [Sharon 匹配] IMG_3272.jpeg (相似度: 0.571)
  💜 [Sharon 匹配] IMG_3279.jpeg (相似度: 0.661)
  💜 [Sharon 匹配] IMG_3280.jpeg (相似度: 0.647)
  💜 [Sharon 匹配] IMG_3275.jpeg (相似度: 0.586)
  💜 [Sharon 匹配] IMG_3281.jpeg (相似度: 0.569)
  💜 [Sharon 匹配] IMG_3276.jpeg (相似度: 0.582)
  💜 [Sharon 匹配] IMG_3267.jpeg (相似度: 0.587)
  💜 [Sharon 匹配] IMG_3271.jpeg (相似度: 0.532)
  💜 [Sharon 匹配] IMG_3270.jpeg (相似度: 0.571)
  💜 [Sharon 匹配] IMG_3266.jpeg (相似度: 0.613)
  💜 [Sharon 匹配] IMG_3546.JPG (相似度: 0.592)

🚀 啟動【全套自動化相片匯入與 AI 人臉辨識流程】...
📁 [步驟 1/3] 增量掃描與歸檔新照片...
📁 發現 0 張全新上傳照片，5356 張既有照片 (100% 保持原檔名稱與內容不修改)。
  💜 [Sharon 匹配] IMG_3052.JPG (相似度: 0.551)
  💜 [Sharon 匹配] IMG_3047.JPG (相似度: 0.457)
  💜 [Sharon 匹配] IMG_3053.JPG (相似度: 0.533)
  💜 [Sharon 匹配] IMG_3048.JPG (相似度: 0.455)
  💜 [Sharon 匹配] IMG_4580.jpeg (相似度: 0.552)
  💜 [Sharon 匹配] IMG_4587.jpeg (相似度: 0.535)
  💜 [Sharon 匹配] IMG_4615.jpeg (相似度: 0.532)
  💜 [Sharon 匹配] IMG_3147.JPG (相似度: 0.569)
  💜 [Sharon 匹配] IMG_3150.JPG (相似度: 0.558)
  💜 [Sharon 匹配] IMG_3166.JPG (相似度: 0.561)
  💜 [Sharon 匹配] IMG_3164.JPG (相似度: 0.630)
  💜 [Sharon 匹配] IMG_3170.JPG (相似度: 0.580)
  💜 [Sharon 匹配] IMG_3161.JPG (相似度: 0.615)
  💜 [Sharon 匹配] IMG_3149.JPG (相似度: 0.599)
  💜 [Sharon 匹配] IMG_3148.JPG (相似度: 0.567)
  💜 [Sharon 匹配] IMG_3160.JPG (相似度: 0.609)
  💜 [Sharon 匹配] IMG_3162.JPG (相似度: 0.616)
  💜 [Sharon 匹配] IMG_3163.JPG (相似度: 0.607)
  💜 [Sharon 匹配] IMG_3115.jpeg (相似度: 0.529)
  💜 [Sharon 匹配] IMG_3114.jpeg (相似度: 0.558)
  💜 [Sharon 匹配] IMG_4236.jpeg (相似度: 0.535)
  💜 [Sharon 匹配] IMG_4241.jpeg (相似度: 0.553)
  💜 [Sharon 匹配] IMG_4240.jpeg (相似度: 0.561)
  💜 [Sharon 匹配] IMG_4237.jpeg (相似度: 0.569)
  💜 [Sharon 匹配] IMG_4245.jpeg (相似度: 0.545)
  💜 [Sharon 匹配] IMG_4225.jpeg (相似度: 0.554)
  💜 [Sharon 匹配] IMG_4244.jpeg (相似度: 0.492)
  💜 [Sharon 匹配] IMG_4238.jpeg (相似度: 0.586)
  💜 [Sharon 匹配] IMG_4243.jpeg (相似度: 0.595)
  💜 [Sharon 匹配] IMG_3398.jpeg (相似度: 0.471)
  💜 [Sharon 匹配] IMG_3110.jpeg (相似度: 0.508)
  💜 [Sharon 匹配] IMG_3413.jpeg (相似度: 0.621)
  💜 [Sharon 匹配] IMG_3109.jpeg (相似度: 0.586)
  💜 [Sharon 匹配] IMG_3104.jpeg (相似度: 0.605)
  💜 [Sharon 匹配] IMG_3397.jpeg (相似度: 0.582)
  💜 [Sharon 匹配] IMG_3740.jpeg (相似度: 0.642)
  💜 [Sharon 匹配] IMG_3739.jpeg (相似度: 0.640)
  💜 [Sharon 匹配] IMG_3743.jpeg (相似度: 0.543)
  💜 [Sharon 匹配] IMG_3811.jpeg (相似度: 0.460)
  💜 [Sharon 匹配] IMG_4021.jpeg (相似度: 0.591)
  💜 [Sharon 匹配] IMG_4020.jpeg (相似度: 0.575)
  💜 [Sharon 匹配] IMG_4027.jpeg (相似度: 0.631)
  💜 [Sharon 匹配] IMG_4031.jpeg (相似度: 0.532)
  💜 [Sharon 匹配] IMG_4033.jpeg (相似度: 0.537)
  💜 [Sharon 匹配] IMG_4032.jpeg (相似度: 0.539)
  💜 [Sharon 匹配] IMG_4022.jpeg (相似度: 0.465)
  💜 [Sharon 匹配] IMG_3286.jpeg (相似度: 0.589)
  💜 [Sharon 匹配] IMG_3287.jpeg (相似度: 0.555)
  💜 [Sharon 匹配] IMG_3259.jpeg (相似度: 0.650)
  💜 [Sharon 匹配] IMG_3258.jpeg (相似度: 0.607)
  💜 [Sharon 匹配] IMG_3257.jpeg (相似度: 0.583)
  💜 [Sharon 匹配] IMG_3288.jpeg (相似度: 0.576)
  💜 [Sharon 匹配] IMG_3289.jpeg (相似度: 0.594)
  💜 [Sharon 匹配] FullSizeRender (1).JPG (相似度: 0.623)
  💜 [Sharon 匹配] FullSizeRender.JPG (相似度: 0.598)
  💜 [Sharon 匹配] FullSizeRender (4).JPG (相似度: 0.653)
  💜 [Sharon 匹配] FullSizeRender (3).JPG (相似度: 0.674)
  💜 [Sharon 匹配] FullSizeRender (2).JPG (相似度: 0.674)
  💜 [Sharon 匹配] 4BC99232-C660-46E6-B7E0-77306662D759.jpeg (相似度: 0.625)
  💖 [Sophia 匹配] 4BC99232-C660-46E6-B7E0-77306662D759.jpeg (相似度: 0.726)
  💖 [Sophia 匹配] D6C1C033-5232-4F2C-8776-1DDE57F9923A.jpeg (相似度: 0.594)
  💖 [Sophia 匹配] D2DECB67-B0A0-4869-9FA8-11ABE72F57A1.jpeg (相似度: 0.562)
  💖 [Sophia 匹配] 006E115A-C855-411A-8EEC-0D007D0F2717.jpeg (相似度: 0.788)
  💜 [Sharon 匹配] 006E115A-C855-411A-8EEC-0D007D0F2717.jpeg (相似度: 0.595)
  💖 [Sophia 匹配] FF7ADD92-A314-45C7-A42B-A8DEA7C04E9B.jpeg (相似度: 0.761)
  💜 [Sharon 匹配] FF7ADD92-A314-45C7-A42B-A8DEA7C04E9B.jpeg (相似度: 0.648)
  💖 [Sophia 匹配] 3C233125-A208-415B-8317-360C055D24F2.jpeg (相似度: 0.612)
  💖 [Sophia 匹配] 9245F8C4-4FD1-4AD8-893D-8586BC1D7AC2.jpeg (相似度: 0.652)
  💜 [Sharon 匹配] 715B1A08-A465-49A4-98D4-2F38D2A7FE37.jpeg (相似度: 0.504)
  💖 [Sophia 匹配] BD8DDA44-546F-4C64-AD63-D0DD9B088736_1_201_a.jpeg (相似度: 0.598)
  💖 [Sophia 匹配] 6C585FD7-A4F2-4E61-BAE0-EDD9FF42E05B.jpeg (相似度: 0.692)
  💜 [Sharon 匹配] 6C585FD7-A4F2-4E61-BAE0-EDD9FF42E05B.jpeg (相似度: 0.599)
  💖 [Sophia 匹配] 7EFED771-82D1-4795-8015-7CF978FF9FD8.jpeg (相似度: 0.708)
  💜 [Sharon 匹配] B7891360-309D-4CA2-8E71-59D84AA57E05.jpeg (相似度: 0.621)
  💖 [Sophia 匹配] B7891360-309D-4CA2-8E71-59D84AA57E05.jpeg (相似度: 0.716)
  💖 [Sophia 匹配] 38AD07E3-0556-4266-A48F-593CFE3DB0ED.jpeg (相似度: 0.662)
  💖 [Sophia 匹配] AF561D1F-CB1D-42A8-BD1B-E614268CE9AD.jpeg (相似度: 0.573)
  💜 [Sharon 匹配] 31560909-CFAA-4EFF-838E-8E040138AE98.jpeg (相似度: 0.635)
  💖 [Sophia 匹配] 31560909-CFAA-4EFF-838E-8E040138AE98.jpeg (相似度: 0.671)
  💖 [Sophia 匹配] C50B6822-4611-4AEF-A00A-48E4BCE125AA.jpeg (相似度: 0.728)
  💜 [Sharon 匹配] C50B6822-4611-4AEF-A00A-48E4BCE125AA.jpeg (相似度: 0.594)
  💖 [Sophia 匹配] 5BD2136E-3E53-4604-952C-E620A529A638.jpeg (相似度: 0.741)
  💜 [Sharon 匹配] 5BD2136E-3E53-4604-952C-E620A529A638.jpeg (相似度: 0.704)
⏳ 已辨識 1500 / 5356 張相片 (491.1 秒)...
  💖 [Sophia 匹配] A88F2863-A75C-4060-88E9-2FEE16DE6EB7.jpeg (相似度: 0.750)
  💜 [Sharon 匹配] A88F2863-A75C-4060-88E9-2FEE16DE6EB7.jpeg (相似度: 0.601)
  💜 [Sharon 匹配] 79A0798B-C6EB-4FA9-BC8E-C4125CA1D36F.jpeg (相似度: 0.621)
  💜 [Sharon 匹配] BE6AA9FA-FC7F-4F6D-B1A6-5E2BC87B7532.jpeg (相似度: 0.463)
  💖 [Sophia 匹配] 169EE0A7-9417-48C4-B633-9283537A6E59.jpeg (相似度: 0.607)
  💜 [Sharon 匹配] D0F2B428-474D-4DB1-9E38-8E67BC603287.jpeg (相似度: 0.557)
  💖 [Sophia 匹配] 7FB04777-84FD-4C9A-AFBC-CBAA2AEC212C.jpeg (相似度: 0.713)
  💜 [Sharon 匹配] 415AEB0A-D69F-4EC9-867A-94861B9507A1.jpeg (相似度: 0.501)
  💖 [Sophia 匹配] F29DEB04-F737-4E28-982B-CBE6A81C48F2.jpeg (相似度: 0.672)
  💖 [Sophia 匹配] 03A87965-E97A-49B2-8622-C9607C3B0079.jpeg (相似度: 0.611)
  💖 [Sophia 匹配] 5253F893-B68C-45CA-B984-43AAB7B58B0E.jpeg (相似度: 0.553)
  💖 [Sophia 匹配] 24B6AF57-DCAA-4651-8554-FAFA60C435E1.jpeg (相似度: 0.632)
  💖 [Sophia 匹配] D885C77F-A3B2-4A18-BDC1-821840F19BCD.jpeg (相似度: 0.709)
  💜 [Sharon 匹配] D885C77F-A3B2-4A18-BDC1-821840F19BCD.jpeg (相似度: 0.595)
  💖 [Sophia 匹配] A2E67A10-0166-4337-9B25-5428C41D69F1.jpeg (相似度: 0.632)
  💖 [Sophia 匹配] 1846EFC1-8520-427D-80E9-00E4995955A3.jpeg (相似度: 0.586)
  💖 [Sophia 匹配] 602F64CF-7D36-4A9B-8811-574B08B6978E.jpeg (相似度: 0.557)
  💖 [Sophia 匹配] 120F2000-1045-44C9-82D2-DFAD7A0E87FE.jpeg (相似度: 0.646)
  💖 [Sophia 匹配] B68ECE14-0EA5-4406-91E0-D6ADF3CA4F2B.jpeg (相似度: 0.689)
  💖 [Sophia 匹配] 9D041EA6-FC45-4F69-99B6-4223204688AE.jpeg (相似度: 0.637)
  💖 [Sophia 匹配] AA9485F6-59D7-4B0D-A8CE-7D7251B82E1B.jpeg (相似度: 0.764)
  💖 [Sophia 匹配] B2888741-60AB-4ED9-9B45-EDB83A306393.jpeg (相似度: 0.681)
  💖 [Sophia 匹配] 5A22A6B8-957B-4B23-8789-310CC1545455.jpeg (相似度: 0.673)
  💖 [Sophia 匹配] 1A444D6E-20BB-437A-A6F8-632536A0C59A.jpeg (相似度: 0.634)
  💜 [Sharon 匹配] 50CF85A6-BB3D-44F2-911D-25A4D426DA70.jpeg (相似度: 0.597)
  💖 [Sophia 匹配] 50CF85A6-BB3D-44F2-911D-25A4D426DA70.jpeg (相似度: 0.702)
  💖 [Sophia 匹配] 2EBF7EBA-9563-4BBC-9090-334E8676FC89.jpeg (相似度: 0.696)
  💜 [Sharon 匹配] 1A30119A-3A05-4B51-BE85-C5B3CA5986E7.jpeg (相似度: 0.635)
  💖 [Sophia 匹配] 1A30119A-3A05-4B51-BE85-C5B3CA5986E7.jpeg (相似度: 0.733)
  💖 [Sophia 匹配] 76768F45-547D-4F79-9FA8-2A08579FCECF.jpeg (相似度: 0.716)
  💜 [Sharon 匹配] 76768F45-547D-4F79-9FA8-2A08579FCECF.jpeg (相似度: 0.543)
  💖 [Sophia 匹配] 6553C893-2ED2-4310-BD06-3EB3CA4C3FF0.jpeg (相似度: 0.764)
  💖 [Sophia 匹配] 793EF672-148F-482B-AC21-56225B213BAF.jpeg (相似度: 0.724)
  💜 [Sharon 匹配] B5A9DF72-24E0-4656-A188-7578158809BE.jpeg (相似度: 0.488)
  💖 [Sophia 匹配] 05F56789-4D87-43EC-83AF-10A2F3E382EF.jpeg (相似度: 0.684)
  💜 [Sharon 匹配] 05F56789-4D87-43EC-83AF-10A2F3E382EF.jpeg (相似度: 0.585)
  💖 [Sophia 匹配] AED6921A-D7D0-4519-AE13-F237D3842AD0.jpeg (相似度: 0.618)
  💖 [Sophia 匹配] 9F87F53C-4F60-40A4-A2B8-13B0D54B708D.jpeg (相似度: 0.624)
  💖 [Sophia 匹配] 7A441615-5C03-4E61-B9CC-2E8E2A43CE7A.jpeg (相似度: 0.676)
  💖 [Sophia 匹配] 5BE71C2C-39B0-44A2-8831-F606C8FC39CC.jpeg (相似度: 0.573)
  💜 [Sharon 匹配] E36041EA-0E53-43D8-9F70-1FC7BFF3249E.jpeg (相似度: 0.654)
  💖 [Sophia 匹配] E36041EA-0E53-43D8-9F70-1FC7BFF3249E.jpeg (相似度: 0.766)
  💖 [Sophia 匹配] 9036AB11-1482-45FE-B0EE-CEABBF1CE073.jpeg (相似度: 0.703)
  💜 [Sharon 匹配] 9036AB11-1482-45FE-B0EE-CEABBF1CE073.jpeg (相似度: 0.554)
  💖 [Sophia 匹配] C999837E-E5CC-49FE-911A-F2C1F7ED1817.jpeg (相似度: 0.507)
  💖 [Sophia 匹配] 125A731E-935A-4782-BE9C-A6A26D180B46.jpeg (相似度: 0.724)
  💖 [Sophia 匹配] 73113CB5-04C7-4D7A-9709-108EA793CF40.jpeg (相似度: 0.643)
  💖 [Sophia 匹配] C0C3ED93-C13E-451D-ACFC-92D6E25C4B72.jpeg (相似度: 0.709)
  💖 [Sophia 匹配] 8ED4369D-D4EB-4554-B844-7F1F136963ED.jpeg (相似度: 0.767)
  💜 [Sharon 匹配] 8ED4369D-D4EB-4554-B844-7F1F136963ED.jpeg (相似度: 0.636)
  💖 [Sophia 匹配] 87051BFF-7882-4F2A-B074-392EABE47D65.jpeg (相似度: 0.788)
  💜 [Sharon 匹配] 87051BFF-7882-4F2A-B074-392EABE47D65.jpeg (相似度: 0.603)
  💖 [Sophia 匹配] 4EAAB00F-9A52-4179-94EB-FC60F7521884.jpeg (相似度: 0.514)
  💖 [Sophia 匹配] 52C4BD87-52E5-42D8-9145-C6E8B98DEF6D.jpeg (相似度: 0.734)
  💖 [Sophia 匹配] EE0BB507-6D28-4219-AE5E-3D26E53CF654.jpeg (相似度: 0.507)
  💜 [Sharon 匹配] EE0BB507-6D28-4219-AE5E-3D26E53CF654.jpeg (相似度: 0.543)
  💖 [Sophia 匹配] 5D5BEEF1-289D-4F88-BD07-B2F3BF4D89B8.jpeg (相似度: 0.699)
  💖 [Sophia 匹配] AA63ED67-43F7-455E-BE7A-A989A66FAA4D.jpeg (相似度: 0.674)
  💜 [Sharon 匹配] AA63ED67-43F7-455E-BE7A-A989A66FAA4D.jpeg (相似度: 0.606)
  💖 [Sophia 匹配] 01BC9069-E847-44C8-9D92-80337D69FFB4.jpeg (相似度: 0.754)
  💖 [Sophia 匹配] 03A0F15E-A6AB-4CF5-98C4-2F1119C66533.jpeg (相似度: 0.623)
  💖 [Sophia 匹配] 89C320F9-DBDC-4D50-8B04-F3CB7D952EFA.jpeg (相似度: 0.742)
  💖 [Sophia 匹配] D0AC7A2D-97FE-4FC6-AC5B-90C6F934A343.jpeg (相似度: 0.735)
  💜 [Sharon 匹配] D0AC7A2D-97FE-4FC6-AC5B-90C6F934A343.jpeg (相似度: 0.693)
  💜 [Sharon 匹配] 84AED7CE-E3E5-4BD0-B073-A3CBEDA10EC2.jpeg (相似度: 0.661)
  💖 [Sophia 匹配] 24B233F9-7658-4CBC-BD10-74EEBF09556D.jpeg (相似度: 0.686)
  💜 [Sharon 匹配] 24B233F9-7658-4CBC-BD10-74EEBF09556D.jpeg (相似度: 0.591)
  💖 [Sophia 匹配] 195CA25D-6FB6-452E-B5CD-D7863F86DA00.jpeg (相似度: 0.740)
  💜 [Sharon 匹配] 195CA25D-6FB6-452E-B5CD-D7863F86DA00.jpeg (相似度: 0.584)
✅ 索引構建完畢！共索引 5356 張照片。所有原檔名稱與內容 100% 保留未改動。
🗑️ [步驟 2/3] 自動清理已手動刪除的照片索引...
📊 掃描前資料庫紀錄相片總數: 5356 張
  💖 [Sophia 匹配] 71050D5A-F172-41A6-B308-DB859221A7AF.jpeg (相似度: 0.636)

🎉 重新掃描與清理完畢！
  ├─ 成功從 Web 移除已刪除照片: 0 張
  ├─ 補全索引新增照片: 0 張
  └─ 目前 Web 保留有效照片總數: 5356 張
  🔒 資料夾名稱 100% 保持原本完全未改動。
🤖 [步驟 3/3] 啟動 InsightFace ArcFace 512維 AI 人臉辨識與分類 (John, Sharon, 郭泊彤Sophia)...
🚀 初始化 InsightFace 512維 ArcFace 深度人臉分析引擎...
Applied providers: ['CPUExecutionProvider'], with options: {'CPUExecutionProvider': {}}
model ignore: /Users/johnkuo/.insightface/models/buffalo_l/1k3d68.onnx landmark_3d_68
  💖 [Sophia 匹配] B988DEA1-137F-4ED5-84E3-018EC4EAA4F3.jpeg (相似度: 0.653)
Applied providers: ['CPUExecutionProvider'], with options: {'CPUExecutionProvider': {}}
model ignore: /Users/johnkuo/.insightface/models/buffalo_l/2d106det.onnx landmark_2d_106
Applied providers: ['CPUExecutionProvider'], with options: {'CPUExecutionProvider': {}}
find model: /Users/johnkuo/.insightface/models/buffalo_l/det_10g.onnx detection [1, 3, '?', '?'] 127.5 128.0
Applied providers: ['CPUExecutionProvider'], with options: {'CPUExecutionProvider': {}}
model ignore: /Users/johnkuo/.insightface/models/buffalo_l/genderage.onnx genderage
Applied providers: ['CPUExecutionProvider'], with options: {'CPUExecutionProvider': {}}
find model: /Users/johnkuo/.insightface/models/buffalo_l/w600k_r50.onnx recognition ['None', 3, 112, 112] 127.5 127.5
set det-size: (640, 640)
✅ InsightFace 深度引擎加載成功！
  💖 [Sophia 匹配] 6433E273-F206-4290-AF33-C350A6549F05.jpeg (相似度: 0.656)
  💜 成功提取太太 [Sharon] ArcFace 512維深度特徵向量！
  💖 [Sophia 匹配] D0734695-B294-46AE-A27F-16C385C8B6C5.jpeg (相似度: 0.623)
  💖 成功提取女兒 [郭泊彤Sophia] ArcFace 512維深度特徵向量！

📸 開始使用 ArcFace 512維向量全庫辨識 John、Sharon 與 郭泊彤Sophia...
📁 收集到 5356 張相片，啟動 ArcFace 核心推論...
  💖 [Sophia 匹配] 65101648-FC7D-4910-9933-CDEB1BC6185F.jpeg (相似度: 1.000)
  💖 [Sophia 匹配] 4B9D2452-7485-420D-8ADF-98D5370323DD.jpeg (相似度: 0.605)
  💖 [Sophia 匹配] C5189B3F-8540-45D1-BE41-DEDE282F0B7B.jpeg (相似度: 0.661)
  💜 [Sharon 匹配] DF418703-B031-4312-ABA7-AEFCE4462FCE.jpeg (相似度: 0.524)
  💖 [Sophia 匹配] 77D0EB03-8BCB-4B47-B9D3-58E03B350F66.jpeg (相似度: 0.742)
  💖 [Sophia 匹配] 2F2FF549-6678-49DD-8B72-14110FB7AE94.jpeg (相似度: 0.683)
  💜 [Sharon 匹配] E8579411-CD1B-49F6-9F8E-D1076DC9D5A4.jpeg (相似度: 0.614)
  💖 [Sophia 匹配] 9702D3FF-7019-4ED5-9B41-A9528108BFEC.jpeg (相似度: 0.582)
  💖 [Sophia 匹配] 0070F37B-D235-4127-909D-94A31A92BD46.jpeg (相似度: 0.588)
  💜 [Sharon 匹配] 0070F37B-D235-4127-909D-94A31A92BD46.jpeg (相似度: 0.490)
  💖 [Sophia 匹配] EFC6A5D3-6ED5-4327-A450-392D169CE866.jpeg (相似度: 0.653)
  💖 [Sophia 匹配] A3C0DDBF-1EE4-428C-94C0-9E81DEB65754.jpeg (相似度: 0.628)
  💜 [Sharon 匹配] D6F02760-E50D-4940-8910-1AE7DDAC6858.jpeg (相似度: 0.557)
  💖 [Sophia 匹配] D6F02760-E50D-4940-8910-1AE7DDAC6858.jpeg (相似度: 0.640)
  💖 [Sophia 匹配] CEF5C3A7-4E5D-454A-8B37-912F4E191FB1.jpeg (相似度: 0.560)
  💖 [Sophia 匹配] 559D0AEE-937E-491A-8FA2-770F586E3736.jpeg (相似度: 0.717)
  💖 [Sophia 匹配] 94D8B1E0-4EB0-479B-A86C-DD2B83A642B9_1_201_a.jpeg (相似度: 0.562)
  💖 [Sophia 匹配] 2490781E-4A04-4597-8F33-2B635E3740E8.jpeg (相似度: 0.609)
  💜 [Sharon 匹配] 3D065B2C-C2D5-4867-9091-8ED4AE0EB6EF.jpeg (相似度: 0.602)
  💖 [Sophia 匹配] 70D4D2A8-F245-4441-96C1-B777890C6E72.jpeg (相似度: 0.635)
  💖 [Sophia 匹配] 30FBD7DC-CD94-4103-AD35-83694296F14E_1_201_a.jpeg (相似度: 0.716)
  💜 [Sharon 匹配] 4E130E92-DCB3-4CAA-8599-0A0868506D8F.jpeg (相似度: 0.547)
  💖 [Sophia 匹配] B69D3D9E-B516-4889-BFBA-05A11FDEFE49.jpeg (相似度: 0.538)
  💜 [Sharon 匹配] 0DB781E6-AA0D-452B-ABBA-90BABE321358.jpeg (相似度: 0.467)
  💖 [Sophia 匹配] 2B8B18BD-1347-407A-9AF9-28BC5E075564.jpeg (相似度: 0.696)
  💖 [Sophia 匹配] 8931FA6D-22B3-4DC5-BBD7-6D45ECB9D16F_1_201_a.jpeg (相似度: 0.604)
  💜 [Sharon 匹配] 8931FA6D-22B3-4DC5-BBD7-6D45ECB9D16F_1_201_a.jpeg (相似度: 0.470)
  💖 [Sophia 匹配] 3F363394-EA0A-49F0-8F2E-27CCD1F2CE7A.jpeg (相似度: 0.671)
  💖 [Sophia 匹配] E3075114-817B-42E9-BE8B-985C9A849AFE.jpeg (相似度: 0.548)
  💜 [Sharon 匹配] E3075114-817B-42E9-BE8B-985C9A849AFE.jpeg (相似度: 0.488)
  💖 [Sophia 匹配] 60D833D9-921F-4493-AD3A-2C2A4CF97928.jpeg (相似度: 0.747)
  💜 [Sharon 匹配] 60D833D9-921F-4493-AD3A-2C2A4CF97928.jpeg (相似度: 0.559)
  💖 [Sophia 匹配] 07AE6B0D-532E-40D0-9F2E-2E13ECDBDB28.jpeg (相似度: 0.688)
  💜 [Sharon 匹配] 6ED8ED8C-DB53-4B10-BCEF-EAA61E2521DA.jpeg (相似度: 0.494)
  💖 [Sophia 匹配] 6ED8ED8C-DB53-4B10-BCEF-EAA61E2521DA.jpeg (相似度: 0.681)
  💖 [Sophia 匹配] F8453F9F-3398-453C-BFAC-5EE4896888FA.jpeg (相似度: 0.788)
  💖 [Sophia 匹配] 32029F66-0A27-4B50-B020-6974F483910C.jpeg (相似度: 0.747)
  💜 [Sharon 匹配] 32029F66-0A27-4B50-B020-6974F483910C.jpeg (相似度: 0.631)
  💖 [Sophia 匹配] 1D5BDA11-5761-488C-B4A2-E4BE5385851B.jpeg (相似度: 0.761)
  💖 [Sophia 匹配] 074E2525-0FF2-41F9-9891-F237C21FE9D1.jpeg (相似度: 0.668)
  💖 [Sophia 匹配] 946947A3-5791-46AE-BC43-FBBC18D87AC9.jpeg (相似度: 0.720)
  💖 [Sophia 匹配] E417204D-EB61-4E01-9396-74E2E3BB4052.jpeg (相似度: 0.611)
  💖 [Sophia 匹配] A85B24C2-70DC-4251-9B8D-297BE6D47BE3.jpeg (相似度: 0.627)
  💖 [Sophia 匹配] 524F9171-CDC9-4EE9-ACB6-F394A5AB98FA.jpeg (相似度: 0.475)
  💖 [Sophia 匹配] 3E8D461E-9E92-49B6-A805-41110ED8265C.jpeg (相似度: 0.679)
  💖 [Sophia 匹配] CEC2C366-D87C-4A49-B5C1-C2779398AF94.jpeg (相似度: 0.592)
  💜 [Sharon 匹配] CEC2C366-D87C-4A49-B5C1-C2779398AF94.jpeg (相似度: 0.502)
  💜 [Sharon 匹配] 90DE4628-D61D-4AA2-B1FE-A4C47896B8C9_1_201_a.jpeg (相似度: 0.505)
  💖 [Sophia 匹配] 90DE4628-D61D-4AA2-B1FE-A4C47896B8C9_1_201_a.jpeg (相似度: 0.670)
  💖 [Sophia 匹配] 7808F3E5-4D94-498B-82EC-46E3C3914EBC.jpeg (相似度: 0.696)
  💜 [Sharon 匹配] 7808F3E5-4D94-498B-82EC-46E3C3914EBC.jpeg (相似度: 0.618)
  💖 [Sophia 匹配] 734C2B33-5C90-489C-9978-E76E15691D97.jpeg (相似度: 0.726)
  💖 [Sophia 匹配] E66FDB18-7C53-4AD2-BBC1-13BC18F45DF0.jpeg (相似度: 0.748)
  💖 [Sophia 匹配] 85AAADD2-AE54-4907-9E1B-4E20B25D89F7.jpeg (相似度: 0.546)
  💜 [Sharon 匹配] 85AAADD2-AE54-4907-9E1B-4E20B25D89F7.jpeg (相似度: 0.469)
  💜 [Sharon 匹配] D24D6F63-42EF-405A-B049-16D3627E7E19.jpeg (相似度: 0.567)
  💖 [Sophia 匹配] A99FFD9B-34D6-4755-82DB-25AD63352056.jpeg (相似度: 0.716)
  💖 [Sophia 匹配] 467BB902-DDBA-4A34-8854-8210FA5B0D46.jpeg (相似度: 0.676)
  💖 [Sophia 匹配] D5D55253-54D9-4954-B979-BCD070B11089.jpeg (相似度: 0.670)
  💜 [Sharon 匹配] 3EB538D3-3C1B-4240-981B-D75A0DA5242F_1_201_a.jpeg (相似度: 0.546)
  💖 [Sophia 匹配] 3EB538D3-3C1B-4240-981B-D75A0DA5242F_1_201_a.jpeg (相似度: 0.735)
  💖 [Sophia 匹配] 63B469FA-C06F-4EE4-B3F7-D62A1214486D.jpeg (相似度: 0.486)
  💖 [Sophia 匹配] 08C03DCB-189C-4F95-B42F-F8DB9EA1F599.jpeg (相似度: 0.640)
  💜 [Sharon 匹配] 03DB2F13-FEE4-48DD-BE8B-9C3E1C3B9E91.jpeg (相似度: 0.637)
  💖 [Sophia 匹配] 0638BAA3-853F-4774-BECC-D17788516F75.jpeg (相似度: 0.717)
  💖 [Sophia 匹配] AF292B7E-A42D-4F4A-83E2-4C8255B2B751.jpeg (相似度: 0.726)
  💖 [Sophia 匹配] 856C69EE-65D6-4495-B59F-451D28478F05.jpeg (相似度: 0.687)
  💖 [Sophia 匹配] 7F5709CE-7125-4E47-941C-E176B428F304.jpeg (相似度: 0.685)
  💖 [Sophia 匹配] 20F34AB2-1E89-4437-8013-41EF5D48D5E1.jpeg (相似度: 0.621)
  💖 [Sophia 匹配] 36AF1EAC-F78A-47CD-9578-7A8A7845795E.jpeg (相似度: 0.737)
  💖 [Sophia 匹配] 87F966CA-63B6-47B1-850A-DCEAA06F95E9.jpeg (相似度: 0.605)
  💖 [Sophia 匹配] E5D56D22-419F-4170-9E42-9F0A0325C93F.jpeg (相似度: 0.668)
  💜 [Sharon 匹配] E5D56D22-419F-4170-9E42-9F0A0325C93F.jpeg (相似度: 0.597)
  💖 [Sophia 匹配] 5F89046F-F446-48F6-A27D-E2FE22EBA07A.jpeg (相似度: 0.481)
  💜 [Sharon 匹配] 5F89046F-F446-48F6-A27D-E2FE22EBA07A.jpeg (相似度: 0.460)
  💖 [Sophia 匹配] 2B51ACEE-002A-4A7B-9AD1-953D984B6AA3.jpeg (相似度: 0.528)
  💖 [Sophia 匹配] BA309E88-196E-4CD3-BDD2-648E72F11C89.jpeg (相似度: 0.584)
  💜 [Sharon 匹配] BA309E88-196E-4CD3-BDD2-648E72F11C89.jpeg (相似度: 0.521)
  💖 [Sophia 匹配] 069371B1-5CD7-4222-994D-F1E86CBFA199.jpeg (相似度: 0.724)
  💖 [Sophia 匹配] F35B261F-40E3-4EDD-BE07-D8AC3279879A.jpeg (相似度: 0.647)
  💖 [Sophia 匹配] 2DEFC610-C733-4BAE-B697-81428EB1EC25.jpeg (相似度: 0.702)
  💖 [Sophia 匹配] F0EE4925-B76D-489F-97B9-A5B5EAEF2617.jpeg (相似度: 0.656)
  💖 [Sophia 匹配] 0D97CE51-EC3C-4888-A806-1C247FC8FF27_1_201_a.jpeg (相似度: 0.460)
  💖 [Sophia 匹配] 80141BBF-32FA-4757-902D-C9D691434869.jpeg (相似度: 0.695)
  💖 [Sophia 匹配] B895BE78-8A82-4488-8293-73581CAB59FF.jpeg (相似度: 0.736)
  💖 [Sophia 匹配] 5B962065-3630-4211-98A4-84FC53283CFB.jpeg (相似度: 0.747)
  💖 [Sophia 匹配] E7B72EE2-8F42-4F53-99F1-F49E29D1927F_1_201_a.jpeg (相似度: 0.696)
  💖 [Sophia 匹配] DAF8DB88-562D-439D-BE4A-8DCFDF7ED8FA.jpeg (相似度: 0.740)
  💜 [Sharon 匹配] 0FD90030-40E9-482E-B19C-3D9FB5FAB3EF.jpeg (相似度: 0.574)
  💖 [Sophia 匹配] BEEA5EB4-5163-418E-8A31-AA8BCA969190_1_201_a.jpeg (相似度: 0.687)
  💜 [Sharon 匹配] BEEA5EB4-5163-418E-8A31-AA8BCA969190_1_201_a.jpeg (相似度: 0.581)
  💖 [Sophia 匹配] E13055DE-3B3A-46AD-8B48-93947A2E0D34.jpeg (相似度: 0.762)
  💖 [Sophia 匹配] 01D230A6-E82C-4954-B673-6CCE2998DF15.jpeg (相似度: 0.632)
  💖 [Sophia 匹配] 6C3DED7B-DEDB-4475-8647-889FF7545F05.jpeg (相似度: 0.584)
  💖 [Sophia 匹配] 9A344A82-2B6B-4A5E-ACFD-1A4D4D937BC7.jpeg (相似度: 0.721)
  💖 [Sophia 匹配] CA6259C3-45EB-4353-B5E3-47DA751E68DD.jpeg (相似度: 0.700)
  💖 [Sophia 匹配] 4983F73B-9717-4BBB-80D8-CBB0E010016A.jpeg (相似度: 0.568)
  💖 [Sophia 匹配] 3BC0F4B9-AB00-475D-8A5F-1A8284D309F8.jpeg (相似度: 0.712)
  💜 [Sharon 匹配] 3BC0F4B9-AB00-475D-8A5F-1A8284D309F8.jpeg (相似度: 0.582)
  💖 [Sophia 匹配] FE6C398A-13D5-4B2A-A441-9D36C87E6DDC.jpeg (相似度: 0.617)
  💜 [Sharon 匹配] 9542E388-AE5D-4916-9F61-C62F17E57BB9_1_201_a.jpeg (相似度: 0.603)
  💜 [Sharon 匹配] BA3CE5CC-8754-4F9C-9091-57F284E9C87A_1_201_a.jpeg (相似度: 0.581)
  💖 [Sophia 匹配] 8E9160B0-231C-4801-AF8F-EC24E545415B.jpeg (相似度: 0.583)
  💜 [Sharon 匹配] F0D4A913-1CAF-43CE-8C94-FC23B9CF9615.jpeg (相似度: 0.486)
  💖 [Sophia 匹配] 4522884A-DAAB-45A2-976B-13718FC035AC.jpeg (相似度: 0.682)
  💖 [Sophia 匹配] 4192561C-C096-4331-9700-0DB06E439913.jpeg (相似度: 0.546)
  💜 [Sharon 匹配] 4192561C-C096-4331-9700-0DB06E439913.jpeg (相似度: 0.472)
  💖 [Sophia 匹配] BBAEB968-E438-42DA-8FD1-5892C651C1D1.jpeg (相似度: 0.615)
  💖 [Sophia 匹配] 487B05D1-62E2-46B8-9D9D-8A906E929C0F.jpeg (相似度: 0.609)
  💖 [Sophia 匹配] CEE68055-0899-4DD3-A481-702F35DAF867.jpeg (相似度: 0.748)
  💖 [Sophia 匹配] 09DE5551-D988-4088-81A1-9C078BA53D05.jpeg (相似度: 0.661)
  💜 [Sharon 匹配] 09DE5551-D988-4088-81A1-9C078BA53D05.jpeg (相似度: 0.533)
  💖 [Sophia 匹配] 58E0CC38-DCAC-4BA5-BEA6-75E47144CD26.jpeg (相似度: 0.646)
  💜 [Sharon 匹配] 58E0CC38-DCAC-4BA5-BEA6-75E47144CD26.jpeg (相似度: 0.475)
  💖 [Sophia 匹配] 306A572D-A0C3-440F-AC66-E072C4A9A47E.jpeg (相似度: 0.656)
  💖 [Sophia 匹配] 79BA1020-F5B4-416A-B015-9FEF3BC9DA35.jpeg (相似度: 0.575)
  💖 [Sophia 匹配] ACE485FF-C1AD-4523-8E34-338EC4F72B9A.jpeg (相似度: 0.741)
  💜 [Sharon 匹配] ACE485FF-C1AD-4523-8E34-338EC4F72B9A.jpeg (相似度: 0.617)
  💖 [Sophia 匹配] 585D39B8-C5F1-453B-81F4-1E4091D29489.jpeg (相似度: 0.562)
  💜 [Sharon 匹配] 585D39B8-C5F1-453B-81F4-1E4091D29489.jpeg (相似度: 0.466)
  💖 [Sophia 匹配] 88AE79F7-6542-4F96-8374-ABDA4B37886A.jpeg (相似度: 0.746)
  💖 [Sophia 匹配] 60907FC8-70C1-466D-B23A-C0E653C9A725.jpeg (相似度: 0.663)
  💖 [Sophia 匹配] 7FBECAA0-F823-4633-A820-B82D111B6868.jpeg (相似度: 0.711)
  💖 [Sophia 匹配] DDD755D9-28BA-4C80-A72E-2FE12F244A63.jpeg (相似度: 0.652)
  💜 [Sharon 匹配] DDD755D9-28BA-4C80-A72E-2FE12F244A63.jpeg (相似度: 0.554)
  💖 [Sophia 匹配] 6D79DDCF-23A0-48F4-AC48-49F1AA620008_1_201_a.jpeg (相似度: 0.631)
  💜 [Sharon 匹配] 6D79DDCF-23A0-48F4-AC48-49F1AA620008_1_201_a.jpeg (相似度: 0.554)
  💖 [Sophia 匹配] 87E61128-8850-42EE-8B87-F30C0CA20DF8.jpeg (相似度: 0.592)
  💜 [Sharon 匹配] 87E61128-8850-42EE-8B87-F30C0CA20DF8.jpeg (相似度: 0.492)
  💖 [Sophia 匹配] 64EBE622-FF52-4A49-89F1-4F0839A19AE5.jpeg (相似度: 0.711)
  💜 [Sharon 匹配] 64EBE622-FF52-4A49-89F1-4F0839A19AE5.jpeg (相似度: 0.499)
  💖 [Sophia 匹配] 305B26FF-A814-4BD3-9957-AEE52DC9C2D7.jpeg (相似度: 0.636)
  💖 [Sophia 匹配] 5866BB52-5F11-4F4F-93D1-C9E28F2DBACA.jpeg (相似度: 0.535)
  💖 [Sophia 匹配] 6BC3BF77-197E-4E7A-8898-56410105971D_1_201_a.jpeg (相似度: 0.738)
  💜 [Sharon 匹配] 6BC3BF77-197E-4E7A-8898-56410105971D_1_201_a.jpeg (相似度: 0.645)
  💖 [Sophia 匹配] 74543AA7-81A5-4187-859D-7AB98466B79F.jpeg (相似度: 0.747)
  💖 [Sophia 匹配] 1CBFA005-82E9-401F-8D20-1F524F51B249.jpeg (相似度: 0.737)
  💖 [Sophia 匹配] F2C5F265-13CA-4808-A6CB-61189818E95D.jpeg (相似度: 0.574)
  💖 [Sophia 匹配] D45F045B-E85F-40DC-A43C-A9DB8F3C92E3.jpeg (相似度: 0.561)
  💖 [Sophia 匹配] 36E2BF37-5D9B-45FD-AE6C-E565B3165D8C.jpeg (相似度: 0.677)
  💖 [Sophia 匹配] F587DC1D-FE46-4FDE-8687-BFD5485B3AD4.jpeg (相似度: 0.530)
  💖 [Sophia 匹配] 66687871-B5EE-4C36-A905-1BDD077F5E10.jpeg (相似度: 0.658)
  💜 [Sharon 匹配] 66687871-B5EE-4C36-A905-1BDD077F5E10.jpeg (相似度: 0.522)
  💖 [Sophia 匹配] 770ADA07-4F0E-4378-A1E2-D9214A54317E.jpeg (相似度: 0.577)
  💜 [Sharon 匹配] 770ADA07-4F0E-4378-A1E2-D9214A54317E.jpeg (相似度: 0.580)
  💖 [Sophia 匹配] 40724AE5-C76B-4AD6-9D38-8E46C2094A93.jpeg (相似度: 0.700)
  💜 [Sharon 匹配] 40724AE5-C76B-4AD6-9D38-8E46C2094A93.jpeg (相似度: 0.642)
  💖 [Sophia 匹配] 4CD9A7F7-1DA0-4B2A-B66A-1C5296C79045.jpeg (相似度: 0.494)
  💜 [Sharon 匹配] F94BFC89-61DE-435B-9CC9-A21726F45FC9.jpeg (相似度: 0.597)
  💖 [Sophia 匹配] F94BFC89-61DE-435B-9CC9-A21726F45FC9.jpeg (相似度: 0.788)
  💖 [Sophia 匹配] 99E55416-402E-4230-99D9-7C285EC2CFB8.jpeg (相似度: 0.488)
  💖 [Sophia 匹配] FF85566B-5943-4991-BFF0-8CD15845B16B.jpeg (相似度: 0.741)
  💜 [Sharon 匹配] FF85566B-5943-4991-BFF0-8CD15845B16B.jpeg (相似度: 0.558)
  💖 [Sophia 匹配] 86A7564A-DB52-4347-BF31-4769C99E0048.jpeg (相似度: 0.659)
  💖 [Sophia 匹配] 550B8C37-6DF0-487B-81D7-087CD89D427F.jpeg (相似度: 0.532)
  💖 [Sophia 匹配] C1A2F689-E9BB-44A2-B20E-4FE308CA0EDE.jpeg (相似度: 0.618)
  💖 [Sophia 匹配] BCFA91C9-0B18-4AC8-9AB0-B1C7B61EC1E0.jpeg (相似度: 0.741)
  💜 [Sharon 匹配] BCFA91C9-0B18-4AC8-9AB0-B1C7B61EC1E0.jpeg (相似度: 0.675)
  💖 [Sophia 匹配] 8B1D984F-E9BD-44E0-B1AB-2EFA4714676F.jpeg (相似度: 0.545)
  💖 [Sophia 匹配] 499F463A-82C1-42F2-9F78-9743AFA27F5B.jpeg (相似度: 0.629)
  💖 [Sophia 匹配] 8185521D-3457-45E6-9763-698A660A4816.jpeg (相似度: 0.633)
  💖 [Sophia 匹配] 9E2A8643-CEBC-429B-B7E5-40DCFAA34F95.jpeg (相似度: 0.799)
  💜 [Sharon 匹配] 9E2A8643-CEBC-429B-B7E5-40DCFAA34F95.jpeg (相似度: 0.573)
  💜 [Sharon 匹配] DDD77C18-0FD9-4959-B941-BB65416CBE9A.jpeg (相似度: 0.463)
  💖 [Sophia 匹配] 5D846D6F-D1A9-4400-B84B-8EF4E4A7CFA0.jpeg (相似度: 0.620)
  💖 [Sophia 匹配] B44E0C23-C1F1-4E7D-9DF2-83056F50B3EC.jpeg (相似度: 0.581)
  💖 [Sophia 匹配] 3DDA48F6-FB44-4300-817E-B55385B844BF.jpeg (相似度: 0.612)
  💖 [Sophia 匹配] 2F2BD7C4-9041-464B-82C6-257AC06D25CF.jpeg (相似度: 0.726)
  💖 [Sophia 匹配] 2ECF57CE-DACC-4177-8B6C-B6F02AF3D90F.jpeg (相似度: 0.646)
  💖 [Sophia 匹配] 3488B8F8-846A-4E89-85E8-7EEE470E96EA.jpeg (相似度: 0.630)
  💖 [Sophia 匹配] F43E6CE2-3F39-4A81-BF61-B761FF9A4C08.jpeg (相似度: 0.677)
  💖 [Sophia 匹配] A0B40696-C4F8-4057-9304-9B08FB1A2DFB.jpeg (相似度: 0.498)
  💖 [Sophia 匹配] 7A73CD21-7B8D-45C4-8C29-FC50BD541975.jpeg (相似度: 0.508)
  💖 [Sophia 匹配] 23F6B819-F8F7-4BE3-9756-D698C3B7D5D6.jpeg (相似度: 0.575)
  💖 [Sophia 匹配] B0B9767A-4402-49D7-BD49-57A91E0B6611.jpeg (相似度: 0.725)
  💜 [Sharon 匹配] 10F1B58C-C8BE-43B1-A878-A413EC78F50A.jpeg (相似度: 0.582)
  💖 [Sophia 匹配] 10F1B58C-C8BE-43B1-A878-A413EC78F50A.jpeg (相似度: 0.528)
  💖 [Sophia 匹配] C6C0BB9E-D7E2-4522-8056-4EA764036B71.jpeg (相似度: 0.559)
  💖 [Sophia 匹配] 8936C2E9-1B98-4DBE-B7BD-A6A0BA369CD4.jpeg (相似度: 0.631)
  💖 [Sophia 匹配] F43FD08A-2900-4603-BF10-3898BF5B0642.jpeg (相似度: 0.724)
  💖 [Sophia 匹配] 3A22B635-379A-4D54-9ABD-928AFF5F248E.jpeg (相似度: 0.585)
  💜 [Sharon 匹配] 50975177-1CC2-46B5-8D5B-DCBD823A3428.jpeg (相似度: 0.611)
  💖 [Sophia 匹配] 1936B3E3-A5B4-485F-8A96-464903F936B6.jpeg (相似度: 0.560)
  💜 [Sharon 匹配] 2AB5864D-890B-408B-8532-C1BD696CB147_1_201_a.jpeg (相似度: 0.652)
  💖 [Sophia 匹配] 7F1F8CB3-9213-4135-A633-B2D2418CA1F8.jpeg (相似度: 0.656)
  💜 [Sharon 匹配] 7F1F8CB3-9213-4135-A633-B2D2418CA1F8.jpeg (相似度: 0.561)
  💖 [Sophia 匹配] D23D7A28-6A57-461A-8CFF-C9F553DBF0A5.jpeg (相似度: 0.545)
  💜 [Sharon 匹配] F5D0CC4E-E3E6-4A15-BD5E-86ACE95EC76D.jpeg (相似度: 0.570)
  💖 [Sophia 匹配] 3B8F3A00-AA32-4955-ABF5-D0857A8EEB32.jpeg (相似度: 0.655)
  💜 [Sharon 匹配] 80727B2F-84E3-455D-99E1-12795D0EEEE6.jpeg (相似度: 0.689)
  💖 [Sophia 匹配] 0170FC65-4CD2-4F06-BB7C-13C894941CF6.jpeg (相似度: 0.502)
  💖 [Sophia 匹配] 5BEB4B75-2A52-42B3-BC46-BBB191808FD3.jpeg (相似度: 0.729)
  💜 [Sharon 匹配] 50075931-1D37-4C11-9D92-2A10F835D3D9.jpeg (相似度: 0.597)
  💖 [Sophia 匹配] 50075931-1D37-4C11-9D92-2A10F835D3D9.jpeg (相似度: 0.674)
  💖 [Sophia 匹配] 07E3387D-EA94-4BF4-8207-FCE936771177.jpeg (相似度: 0.594)
  💜 [Sharon 匹配] 07E3387D-EA94-4BF4-8207-FCE936771177.jpeg (相似度: 0.555)
  💖 [Sophia 匹配] ADEEA242-8350-4C3E-B6AF-7C3287276A09.jpeg (相似度: 0.468)
  💖 [Sophia 匹配] FFEA1017-0A3D-43C1-B7C0-94003F78EEC1.jpeg (相似度: 0.675)
  💜 [Sharon 匹配] FFEA1017-0A3D-43C1-B7C0-94003F78EEC1.jpeg (相似度: 0.654)
  💜 [Sharon 匹配] E4109D4F-AE58-4163-A28B-E7B633342992.jpeg (相似度: 0.537)
  💖 [Sophia 匹配] 5BDCDAE7-B550-485D-9416-0E214F90F9D7.jpeg (相似度: 0.579)
  💖 [Sophia 匹配] 70380B23-3BFB-4408-9E98-D53CE7F30204.jpeg (相似度: 0.692)
  💜 [Sharon 匹配] 1193CA18-8F53-454D-B5FC-72460889BD04_1_201_a.jpeg (相似度: 0.548)
  💖 [Sophia 匹配] 1193CA18-8F53-454D-B5FC-72460889BD04_1_201_a.jpeg (相似度: 0.633)
  💜 [Sharon 匹配] 6BE35E04-55B3-46AE-B080-F49C3B14E14E_1_201_a.jpeg (相似度: 0.456)
  💖 [Sophia 匹配] 6352D9BF-2B4D-42DB-83DD-FBE4AABD16C6.jpeg (相似度: 0.556)
  💜 [Sharon 匹配] 6352D9BF-2B4D-42DB-83DD-FBE4AABD16C6.jpeg (相似度: 0.530)
  💜 [Sharon 匹配] 3DCD28C2-848B-46E9-A594-83EB4240DBEA_1_201_a.jpeg (相似度: 0.495)
  💜 [Sharon 匹配] CAD88797-D469-4BE7-8A10-2219D0CF4FDC.jpeg (相似度: 0.570)
  💜 [Sharon 匹配] E40A3E4F-2F12-4E11-ADD6-E694873E975E.jpeg (相似度: 0.550)
  💖 [Sophia 匹配] E40A3E4F-2F12-4E11-ADD6-E694873E975E.jpeg (相似度: 0.672)
  💜 [Sharon 匹配] 1E55B732-7073-4B50-86DB-7CC25DB35DC6.jpeg (相似度: 0.550)
  💖 [Sophia 匹配] 1E55B732-7073-4B50-86DB-7CC25DB35DC6.jpeg (相似度: 0.584)
  💖 [Sophia 匹配] 2FF7D451-78F9-413B-BAFB-C3213D572613.jpeg (相似度: 0.696)
  💖 [Sophia 匹配] B59C44FE-95F5-4FB5-9157-FF2CDACAAE9F_1_201_a.jpeg (相似度: 0.653)
  💜 [Sharon 匹配] B59C44FE-95F5-4FB5-9157-FF2CDACAAE9F_1_201_a.jpeg (相似度: 0.634)
  💖 [Sophia 匹配] CD9F4E3A-7958-4273-A373-6D8C10E8CF22.jpeg (相似度: 0.530)
  💜 [Sharon 匹配] F1E2E237-10B8-45D5-9EC9-281740FAA91E_1_201_a.jpeg (相似度: 0.460)
  💖 [Sophia 匹配] DBB863E8-8A15-42E7-8B52-853C0CFF3AAF.jpeg (相似度: 0.594)
  💖 [Sophia 匹配] 76358F20-314F-4FBB-BF79-BA94AF6582EA.jpeg (相似度: 0.631)
  💜 [Sharon 匹配] 76358F20-314F-4FBB-BF79-BA94AF6582EA.jpeg (相似度: 0.573)
  💖 [Sophia 匹配] A8D87E16-1D56-40AD-9621-41D423CAE95A.jpeg (相似度: 0.686)
  💜 [Sharon 匹配] A8D87E16-1D56-40AD-9621-41D423CAE95A.jpeg (相似度: 0.656)
  💖 [Sophia 匹配] ACE983F6-9279-471D-95A2-82A2BFADC563.jpeg (相似度: 0.622)
  💜 [Sharon 匹配] ACE983F6-9279-471D-95A2-82A2BFADC563.jpeg (相似度: 0.562)
  💖 [Sophia 匹配] D3ACC584-61AC-4C7B-957B-AD0C563F9962.jpeg (相似度: 0.617)
  💖 [Sophia 匹配] 581C9CED-F0CA-43DB-9BB4-DC9BAEB1C6D5.jpeg (相似度: 0.642)
  💜 [Sharon 匹配] 581C9CED-F0CA-43DB-9BB4-DC9BAEB1C6D5.jpeg (相似度: 0.547)
  💖 [Sophia 匹配] CE0E3DFD-906F-4452-801D-71CA248F422E.jpeg (相似度: 0.677)
  💖 [Sophia 匹配] 5929FA62-960F-4E54-B3F3-E739FE3BE380.jpeg (相似度: 0.677)
  💖 [Sophia 匹配] 932831CC-9D81-4FE6-8492-63EEA47FA4CD.jpeg (相似度: 0.455)
  💖 [Sophia 匹配] DA9CB962-EC79-4EA6-83A7-D98186758C63.jpeg (相似度: 0.634)
  💖 [Sophia 匹配] 0B210180-7DC5-4C4C-8C6D-300587BC4EAD.jpeg (相似度: 0.563)
  💖 [Sophia 匹配] 8A53FE94-9C15-4545-8CBD-7327C07794AA.jpeg (相似度: 0.664)
  💜 [Sharon 匹配] 8A53FE94-9C15-4545-8CBD-7327C07794AA.jpeg (相似度: 0.541)
  💜 [Sharon 匹配] D029748B-E3FA-4B4F-8987-1090D85B0C7E.jpeg (相似度: 0.599)
  💖 [Sophia 匹配] D029748B-E3FA-4B4F-8987-1090D85B0C7E.jpeg (相似度: 0.729)
  💜 [Sharon 匹配] B6880C7D-DB46-485B-9E89-13B33F8D6C9D_1_201_a.jpeg (相似度: 0.610)
  💖 [Sophia 匹配] B6880C7D-DB46-485B-9E89-13B33F8D6C9D_1_201_a.jpeg (相似度: 0.755)
  💜 [Sharon 匹配] 6A4F7D3A-DF8D-40EC-881C-BB5FC5E5FBED.jpeg (相似度: 0.595)
  💖 [Sophia 匹配] 0F4834D6-610A-42BA-8131-F1B9EB30A34A.jpeg (相似度: 0.674)
  💖 [Sophia 匹配] 1F6355FF-AFC9-4BBF-AD11-FD91CB2B1CF9.jpeg (相似度: 0.564)
  💜 [Sharon 匹配] 1F6355FF-AFC9-4BBF-AD11-FD91CB2B1CF9.jpeg (相似度: 0.517)
  💖 [Sophia 匹配] F526ED26-3023-4C8D-AE6B-CB5B4EF20431_1_201_a.jpeg (相似度: 0.693)
  💜 [Sharon 匹配] F526ED26-3023-4C8D-AE6B-CB5B4EF20431_1_201_a.jpeg (相似度: 0.593)
  💖 [Sophia 匹配] 7F82F525-C6FD-4ED8-8FAD-BB1093D0A3D3.jpeg (相似度: 0.745)
  💜 [Sharon 匹配] 7F82F525-C6FD-4ED8-8FAD-BB1093D0A3D3.jpeg (相似度: 0.602)
  💖 [Sophia 匹配] A7831F54-5003-4266-BC23-1DA34F178DD0.jpeg (相似度: 0.644)
  💜 [Sharon 匹配] A7831F54-5003-4266-BC23-1DA34F178DD0.jpeg (相似度: 0.541)
  💖 [Sophia 匹配] 348C8E61-5075-4708-B885-82306B3D2203.jpeg (相似度: 0.691)
  💖 [Sophia 匹配] CA6762D1-BC11-4922-BEAA-060F28324D00.jpeg (相似度: 0.604)
  💜 [Sharon 匹配] CA6762D1-BC11-4922-BEAA-060F28324D00.jpeg (相似度: 0.524)
  💜 [Sharon 匹配] FDA927FB-4C5D-4B4C-8140-6C10F60A88D8.jpeg (相似度: 0.545)
  💖 [Sophia 匹配] 45249F62-DCC9-4AF2-A7AB-D0D9386DAAA6.jpeg (相似度: 0.568)
  💖 [Sophia 匹配] C4012B5A-E7A1-4FC6-869C-56AB0C1573BA.jpeg (相似度: 0.742)
  💜 [Sharon 匹配] C4012B5A-E7A1-4FC6-869C-56AB0C1573BA.jpeg (相似度: 0.610)
  💖 [Sophia 匹配] D70E32AE-BB65-4C50-80D9-7B76C03D75D6.jpeg (相似度: 0.683)
  💖 [Sophia 匹配] 42FB4545-02DA-4633-840D-21406D2DB34B.jpeg (相似度: 0.555)
  💖 [Sophia 匹配] 6C6A20E1-10CB-40C3-BE1D-3D146DD1441F.jpeg (相似度: 0.664)
  💜 [Sharon 匹配] 6C6A20E1-10CB-40C3-BE1D-3D146DD1441F.jpeg (相似度: 0.605)
  💖 [Sophia 匹配] 710BB200-55AC-41E6-883D-041D75C481D7.jpeg (相似度: 0.545)
  💖 [Sophia 匹配] 365AE3FD-B987-4F88-95D6-18E9B11EEAF9.jpeg (相似度: 0.683)
  💜 [Sharon 匹配] CA3052EF-7A87-46C2-A1C1-932F03D1F778.jpeg (相似度: 0.552)
  💖 [Sophia 匹配] 60E25FC8-BF37-4D07-9DCE-085EB1628E11.jpeg (相似度: 0.634)
  💖 [Sophia 匹配] 2AA27CC2-021C-4951-85BA-6DB7EEBC7563.jpeg (相似度: 0.752)
  💜 [Sharon 匹配] 2AA27CC2-021C-4951-85BA-6DB7EEBC7563.jpeg (相似度: 0.637)
  💖 [Sophia 匹配] D2A015E9-EA2B-493D-9A58-067AEADC7866.jpeg (相似度: 0.578)
  💖 [Sophia 匹配] A9CDE83B-6A5C-49AB-B913-3903AF52AD74.jpeg (相似度: 0.668)
  💜 [Sharon 匹配] A9CDE83B-6A5C-49AB-B913-3903AF52AD74.jpeg (相似度: 0.500)
  💖 [Sophia 匹配] 82B4B58C-88ED-4F80-A4FF-C1D0C5EC5477.jpeg (相似度: 0.663)
  💜 [Sharon 匹配] 82B4B58C-88ED-4F80-A4FF-C1D0C5EC5477.jpeg (相似度: 0.558)
  💜 [Sharon 匹配] DD62E1FA-5A70-4ED1-8AF2-0FCCD51C973E.jpeg (相似度: 0.529)
  💜 [Sharon 匹配] 170BC19C-6940-474A-A3C0-36D4BB3E3649.jpeg (相似度: 0.612)
  💖 [Sophia 匹配] 22491D39-ECFB-4769-90A2-78EEFBBB6DEF.jpeg (相似度: 0.509)
  💜 [Sharon 匹配] 22491D39-ECFB-4769-90A2-78EEFBBB6DEF.jpeg (相似度: 0.609)
  💖 [Sophia 匹配] 102B244C-BAFD-4C15-BB6C-9E3B52B12B3F.jpeg (相似度: 0.703)
  💖 [Sophia 匹配] 362F1969-EA6C-40FE-BCB8-F889A6671301.jpeg (相似度: 0.496)
  💖 [Sophia 匹配] 8394777C-EC35-47D2-8219-549404A1FF1C.jpeg (相似度: 0.545)
  💜 [Sharon 匹配] 7A3D1F00-591D-4190-913E-76CD182D8B98.jpeg (相似度: 0.622)
  💜 [Sharon 匹配] 0E38DC45-A1C0-4F11-BE2A-0BF14C59B55C.jpeg (相似度: 0.559)
  💖 [Sophia 匹配] 6A555E64-F561-411E-B6AA-9BCDC140EC5E.jpeg (相似度: 0.683)
  💖 [Sophia 匹配] 6C47B513-E826-4CB8-8182-54CCA6BE89FD.jpeg (相似度: 0.547)
  💜 [Sharon 匹配] 6C47B513-E826-4CB8-8182-54CCA6BE89FD.jpeg (相似度: 0.473)
  💖 [Sophia 匹配] F4462571-684D-44AD-87F4-ABC967ECD8A6.jpeg (相似度: 0.719)
  💜 [Sharon 匹配] B61756EF-173F-4AA3-869C-6A402282E817.jpeg (相似度: 0.591)
  💜 [Sharon 匹配] CDB9546C-D11D-4BC0-8FFE-7EB0C2B38DDA.jpeg (相似度: 0.650)
  💖 [Sophia 匹配] CDB9546C-D11D-4BC0-8FFE-7EB0C2B38DDA.jpeg (相似度: 0.730)
  💜 [Sharon 匹配] 44070BF5-8EFF-4FA0-AEC8-B3F51B904F3E.jpeg (相似度: 0.598)
  💜 [Sharon 匹配] AC9D93E2-77B8-4778-B62C-CC3B8B374D0E.jpeg (相似度: 0.594)
  💖 [Sophia 匹配] B1EBEF79-FD86-473E-986B-B6A416BF8F96.jpeg (相似度: 0.675)
  💜 [Sharon 匹配] B1EBEF79-FD86-473E-986B-B6A416BF8F96.jpeg (相似度: 0.578)
  💖 [Sophia 匹配] 97A19314-EE02-49A8-8434-A8D5D939CD33.jpeg (相似度: 0.577)
  💜 [Sharon 匹配] 960293AA-4B85-4178-882C-53115A6F0C5A.jpeg (相似度: 0.609)
  💖 [Sophia 匹配] C6A69DF9-189C-4D3C-B0E0-AD45B9E21DE8.jpeg (相似度: 0.693)
  💖 [Sophia 匹配] 5960C2FC-9560-449C-A069-DFDBCAD62929.jpeg (相似度: 0.580)
  💖 [Sophia 匹配] C8B48E52-1B4F-4DA3-B95F-1ACC27674FDB.jpeg (相似度: 0.633)
  💖 [Sophia 匹配] 01198279-20D2-40EA-949B-DB1C5B31FAE7.jpeg (相似度: 0.676)
  💜 [Sharon 匹配] 01198279-20D2-40EA-949B-DB1C5B31FAE7.jpeg (相似度: 0.543)
  💖 [Sophia 匹配] B9FFAD38-049F-42B5-A499-B92BC9A3C523.jpeg (相似度: 0.500)
  💖 [Sophia 匹配] DB052E72-063E-4A99-87EA-6E7273F62689.jpeg (相似度: 0.693)
  💖 [Sophia 匹配] 55DE01D4-AB91-4E1B-9F71-A78C451FA9CC.jpeg (相似度: 0.747)
  💖 [Sophia 匹配] 92F18E92-7E06-4152-B1DF-FA8F906974AD.jpeg (相似度: 0.697)
  💖 [Sophia 匹配] 9C483A21-1FBE-4917-B107-A18361A7AF1A.jpeg (相似度: 0.778)
  💜 [Sharon 匹配] 9C483A21-1FBE-4917-B107-A18361A7AF1A.jpeg (相似度: 0.695)
  💖 [Sophia 匹配] 52DD6471-8F78-4CF9-B0E7-5E11DBE14463.jpeg (相似度: 0.727)
  💜 [Sharon 匹配] 52DD6471-8F78-4CF9-B0E7-5E11DBE14463.jpeg (相似度: 0.662)
  💖 [Sophia 匹配] 5B7E092D-E0BE-4600-A4BF-66C43A989418.jpeg (相似度: 0.694)
  💜 [Sharon 匹配] 5B7E092D-E0BE-4600-A4BF-66C43A989418.jpeg (相似度: 0.625)
  💖 [Sophia 匹配] 67C61B76-8CA1-4592-A1E5-D289674C0D98.jpeg (相似度: 0.769)
  💖 [Sophia 匹配] F492535D-E555-4E7D-8C93-69F9D0E133CD.jpeg (相似度: 0.658)
  💖 [Sophia 匹配] 38586C0D-C9A0-4C03-92C7-7CABCEC85881.jpeg (相似度: 0.585)
  💖 [Sophia 匹配] 8A99D2AD-22EF-452A-B0DB-1280D3C1A88A.jpeg (相似度: 0.706)
  💖 [Sophia 匹配] CF99EA7C-16F9-4786-81DF-27FF3F46A2E2.jpeg (相似度: 0.750)
  💜 [Sharon 匹配] CF99EA7C-16F9-4786-81DF-27FF3F46A2E2.jpeg (相似度: 0.675)
  💖 [Sophia 匹配] FDA7DE67-7AB6-47EE-BB6D-2A12727CD7CC.jpeg (相似度: 0.706)
  💜 [Sharon 匹配] 3A6ECDA9-5884-408B-98D1-3C1DD2274C93.jpeg (相似度: 0.525)
  💖 [Sophia 匹配] D98F0742-28E5-4003-BBE0-2A0297E90E6C.jpeg (相似度: 0.679)
  💖 [Sophia 匹配] 64CE2C73-8B0A-4CEE-B5FE-356CE161EFC2.jpeg (相似度: 0.717)
  💖 [Sophia 匹配] CC106756-7B9B-40A1-82E6-40F1C08E1062.jpeg (相似度: 0.730)
  💜 [Sharon 匹配] CC106756-7B9B-40A1-82E6-40F1C08E1062.jpeg (相似度: 0.664)
  💖 [Sophia 匹配] 9EB0D04A-F8E9-43AF-BBA5-33149513291B.jpeg (相似度: 0.527)
  💖 [Sophia 匹配] 78169B94-F400-4B5F-902A-81A5CDA9E836.jpeg (相似度: 0.666)
  💖 [Sophia 匹配] 7C510D9A-4362-42B8-A1A0-4A367BD762C1.jpeg (相似度: 0.696)
  💜 [Sharon 匹配] AC1132BD-5518-4443-B558-72836EC2E5ED.jpeg (相似度: 0.720)
  💖 [Sophia 匹配] AC1132BD-5518-4443-B558-72836EC2E5ED.jpeg (相似度: 0.747)
  💖 [Sophia 匹配] 942EECF8-47FB-4537-83AE-DA8C26560C84.jpeg (相似度: 0.736)
  💜 [Sharon 匹配] F16D28A0-B84E-4D89-B3A0-4B9EAC92A853.jpeg (相似度: 0.592)
  💖 [Sophia 匹配] CF79CD77-E1F8-415D-B505-BA14FEC4D18D.jpeg (相似度: 0.740)
  💜 [Sharon 匹配] CF79CD77-E1F8-415D-B505-BA14FEC4D18D.jpeg (相似度: 0.703)
  💖 [Sophia 匹配] 268AB4C0-4DDA-42E6-B293-448407EEEFEC.jpeg (相似度: 0.584)
  💖 [Sophia 匹配] 21164C26-65A7-4702-96F9-67222211F31D.jpeg (相似度: 0.709)
  💖 [Sophia 匹配] A57530BC-9C16-4396-AD6E-767CE6EAB45C.jpeg (相似度: 0.656)
  💖 [Sophia 匹配] 0EF94473-1B8E-4E43-AF78-64795EF5BFE4.jpeg (相似度: 0.722)
  💜 [Sharon 匹配] 9A0B2DDA-EB2A-4628-818D-2211233A7AAB.jpeg (相似度: 0.483)
  💖 [Sophia 匹配] 3EBDFF0E-0F24-4725-8605-BBCF5415A7E5.jpeg (相似度: 0.759)
  💜 [Sharon 匹配] 3EBDFF0E-0F24-4725-8605-BBCF5415A7E5.jpeg (相似度: 0.724)
  💜 [Sharon 匹配] CD4A9BCA-5CB0-449E-A655-BB9A00958EAF.jpeg (相似度: 0.621)
  💖 [Sophia 匹配] 41ECB071-EF13-4215-844C-34F73C594B09.jpeg (相似度: 0.681)
  💖 [Sophia 匹配] CE6DAD56-61D2-4A87-9331-9D317FD5F609.jpeg (相似度: 0.681)
  💖 [Sophia 匹配] 3D476CA5-4945-46B4-A0F4-E3F794E142C2.jpeg (相似度: 0.743)
  💖 [Sophia 匹配] DA6B2908-4EE7-4D33-B8ED-A11FCCF4DFF9.jpeg (相似度: 0.564)
  💖 [Sophia 匹配] 715C44A9-653A-40C5-BD66-D67591C3EEF0.jpeg (相似度: 0.774)
  💜 [Sharon 匹配] 715C44A9-653A-40C5-BD66-D67591C3EEF0.jpeg (相似度: 0.653)
  💜 [Sharon 匹配] 24D30C99-3920-4460-B1CE-CC14D882A276.jpeg (相似度: 0.666)
  💖 [Sophia 匹配] E38D1A82-C81D-4EA1-BE19-4D1CB4FE92CF.jpeg (相似度: 0.468)
  💖 [Sophia 匹配] 5984A6A0-932C-4155-85B3-249F06CF965B.jpeg (相似度: 0.603)
  💖 [Sophia 匹配] 3F5A6B9C-851F-4993-BC5F-0F94D91FD48C.jpeg (相似度: 0.722)
  💜 [Sharon 匹配] 11B40644-7C0C-4648-976A-B1D4F0BBEA5E.jpeg (相似度: 0.606)
  💖 [Sophia 匹配] 6F722A5C-BA26-44BF-86B2-55DFB15C4757.jpeg (相似度: 0.513)
  💖 [Sophia 匹配] 0936FF8B-AEE1-4B51-B6DB-20F22F9A9B71.jpeg (相似度: 0.705)
  💖 [Sophia 匹配] E573EDCD-F75D-4A8B-A0FD-8F1319B38D2D.jpeg (相似度: 0.736)
  💜 [Sharon 匹配] E573EDCD-F75D-4A8B-A0FD-8F1319B38D2D.jpeg (相似度: 0.703)
  💜 [Sharon 匹配] D1AB7E40-B81F-4D43-9CF0-BBA4313AC050.jpeg (相似度: 0.543)
  💜 [Sharon 匹配] 76C9F87C-788A-48E0-B758-D00E18559A85.jpeg (相似度: 0.583)
  💜 [Sharon 匹配] 6F8438F6-60E9-4CA6-8C5A-DEE5DC645F7A.jpeg (相似度: 0.464)
  💖 [Sophia 匹配] E417B323-162B-4C5D-846D-C0ABCE9ACE01.jpeg (相似度: 0.693)
  💜 [Sharon 匹配] 17398D2D-0FD3-4ACA-86EB-E2EFFC9D4C82.jpeg (相似度: 0.578)
  💖 [Sophia 匹配] 73143875-809A-46A1-98DE-2A327ED18AF3.jpeg (相似度: 0.686)
  💖 [Sophia 匹配] 5BB7556A-A9F7-470E-8FB4-FAE928156461.jpeg (相似度: 0.733)
  💜 [Sharon 匹配] 5BB7556A-A9F7-470E-8FB4-FAE928156461.jpeg (相似度: 0.546)
  💜 [Sharon 匹配] 30ED87D9-2C19-4FCB-A983-865FBC056964.jpeg (相似度: 0.666)
  💖 [Sophia 匹配] DB1887D5-8566-462A-B473-307E13E83061.jpeg (相似度: 0.707)
  💖 [Sophia 匹配] 8D608527-2108-4DC0-BD05-36127BEEDA66.jpeg (相似度: 0.698)
  💖 [Sophia 匹配] 8F683E0C-0D43-4267-869C-4D5BB54035DC.jpeg (相似度: 0.748)
  💖 [Sophia 匹配] FDD57855-2C22-45AC-A316-188E977507F7_1_201_a.jpeg (相似度: 0.705)
  💜 [Sharon 匹配] FDD57855-2C22-45AC-A316-188E977507F7_1_201_a.jpeg (相似度: 0.561)
  💜 [Sharon 匹配] 60641EEB-8F41-4395-BFB7-8A6C6CDDC220.jpeg (相似度: 0.581)
  💖 [Sophia 匹配] AD7B8B95-2F07-4165-97CB-012E8FA13DA4.jpeg (相似度: 0.700)
  💜 [Sharon 匹配] AD7B8B95-2F07-4165-97CB-012E8FA13DA4.jpeg (相似度: 0.625)
  💖 [Sophia 匹配] 5344E08C-8C3C-443E-A5E2-FB377B800C41.jpeg (相似度: 0.620)
  💜 [Sharon 匹配] 5344E08C-8C3C-443E-A5E2-FB377B800C41.jpeg (相似度: 0.557)
  💖 [Sophia 匹配] 61A2029F-C221-437B-AF02-06AD6FE1CC12.jpeg (相似度: 0.738)
  💖 [Sophia 匹配] 1300C9CD-518B-4F0F-8047-9516816A388A.jpeg (相似度: 0.603)
  💖 [Sophia 匹配] B3BBB049-A6CB-455D-8758-5E360AD06964.jpeg (相似度: 0.664)
  💜 [Sharon 匹配] B3BBB049-A6CB-455D-8758-5E360AD06964.jpeg (相似度: 0.627)
  💖 [Sophia 匹配] 7FA8E402-A90A-4EAD-B9EC-C4287C0ACA4D.jpeg (相似度: 0.605)
  💖 [Sophia 匹配] 56BFC6A1-D45E-44DE-8F1E-BBB67FEA603D.jpeg (相似度: 0.725)
  💖 [Sophia 匹配] 270FC892-D829-422E-8D3D-4B98FD980615.jpeg (相似度: 0.509)
  💖 [Sophia 匹配] 5ACF20D5-D4BC-4DB9-B095-6F61B4E7E95F.jpeg (相似度: 0.730)
  💜 [Sharon 匹配] 5ACF20D5-D4BC-4DB9-B095-6F61B4E7E95F.jpeg (相似度: 0.578)
  💖 [Sophia 匹配] 4987EC21-6E59-4EB4-952D-425825343F1B.jpeg (相似度: 0.644)
  💖 [Sophia 匹配] 8AF726C7-BBFF-4FDF-BF28-FDC362037CCA.jpeg (相似度: 0.682)
  💖 [Sophia 匹配] 3C3A4710-8D44-4CF8-B1A9-C8600B249434.jpeg (相似度: 0.726)
  💖 [Sophia 匹配] 3024B12D-1641-4D09-8485-A06668981F5D.jpeg (相似度: 0.779)
  💜 [Sharon 匹配] 3024B12D-1641-4D09-8485-A06668981F5D.jpeg (相似度: 0.696)
  💖 [Sophia 匹配] 41C5F60A-842F-48C1-A849-F32497C25C0E.jpeg (相似度: 0.609)
  💖 [Sophia 匹配] E9F0A2F4-9AB4-4047-97C7-8181164CE0EB.jpeg (相似度: 0.730)
  💜 [Sharon 匹配] FDAB77C6-DA2D-4217-8715-35641F525CEE.jpeg (相似度: 0.695)
  💖 [Sophia 匹配] 2308405C-4C7F-4EAF-851C-B39575B9CA83.jpeg (相似度: 0.666)
  💖 [Sophia 匹配] 9F45A7B1-AD4D-41E6-A04E-2FF3679C2392.jpeg (相似度: 0.674)
  💜 [Sharon 匹配] 059B2E3F-E746-453E-A460-DC1924F058D3.jpeg (相似度: 0.646)
  💖 [Sophia 匹配] 190CB114-C353-488C-BCD4-049AAEC5176F.jpeg (相似度: 0.725)
  💜 [Sharon 匹配] 060E1731-7324-40FF-9737-1734F1393B44.jpeg (相似度: 0.599)
  💖 [Sophia 匹配] 1A1E1A00-733B-4AD3-99EE-25FF26A512FE.jpeg (相似度: 0.738)
  💜 [Sharon 匹配] 1A1E1A00-733B-4AD3-99EE-25FF26A512FE.jpeg (相似度: 0.561)
  💜 [Sharon 匹配] 5F1EACFA-C3F3-469B-BA32-3EA028D1D124.jpeg (相似度: 0.674)
  💖 [Sophia 匹配] C09FCEB0-9312-437E-B6B2-158FED93CA74.jpeg (相似度: 0.586)
  💖 [Sophia 匹配] 6A078090-AC4C-4ED6-9FCC-0BFD6A6A3166.jpeg (相似度: 0.678)
  💜 [Sharon 匹配] 58653C89-CD40-48E4-A429-EE9F0687C8FA.jpeg (相似度: 0.595)
  💖 [Sophia 匹配] F0E5D984-13B9-4A00-A2B8-006DC36A0EBB.jpeg (相似度: 0.573)
  💜 [Sharon 匹配] C2680284-5AC9-44E4-8075-9582D384FB15.jpeg (相似度: 0.667)
  💖 [Sophia 匹配] 5048F534-01DB-4ADE-860F-6A465534A6C1.jpeg (相似度: 0.700)
  💜 [Sharon 匹配] 3159621E-9508-45A4-AFB1-CC947B98FA34.jpeg (相似度: 0.663)
  💜 [Sharon 匹配] 7C72A833-0289-4ABF-9BC0-16D2AA37864F.jpeg (相似度: 0.582)
  💜 [Sharon 匹配] D7DF960A-277E-4A31-8556-E2F02C8CCD4C.jpeg (相似度: 0.565)
  💖 [Sophia 匹配] D7DF960A-277E-4A31-8556-E2F02C8CCD4C.jpeg (相似度: 0.660)
  💖 [Sophia 匹配] 6049812F-B6C8-4C99-869E-F56AFCE01FDB.jpeg (相似度: 0.729)
  💜 [Sharon 匹配] 6049812F-B6C8-4C99-869E-F56AFCE01FDB.jpeg (相似度: 0.605)
  💖 [Sophia 匹配] A9546861-CC4D-4D83-AC91-455D42CB8B17.jpeg (相似度: 0.746)
  💜 [Sharon 匹配] 1821161F-02A2-45C8-AB20-291DFCF0F29F.jpeg (相似度: 0.590)
  💖 [Sophia 匹配] 1821161F-02A2-45C8-AB20-291DFCF0F29F.jpeg (相似度: 0.746)
  💖 [Sophia 匹配] 6237C1E2-AFDE-48E2-BE1B-3FEFC7D608FC.jpeg (相似度: 0.713)
  💜 [Sharon 匹配] 6237C1E2-AFDE-48E2-BE1B-3FEFC7D608FC.jpeg (相似度: 0.688)
  💖 [Sophia 匹配] 90EEC2AF-DB3D-471A-AC48-AE3DE40AC941.jpeg (相似度: 0.716)
  💜 [Sharon 匹配] B2A906AA-5C8F-48E5-B770-D6B48268F322.jpeg (相似度: 0.495)
  💖 [Sophia 匹配] B7118D07-4C5E-4F46-B10C-7E19197265C3.jpeg (相似度: 0.776)
  💜 [Sharon 匹配] D40BBA00-5B98-47B8-82D3-893CA7F5C352.jpeg (相似度: 0.513)
  💖 [Sophia 匹配] C4DF26CB-F4CE-4377-8B3D-281A94ECDF39.jpeg (相似度: 0.715)
  💖 [Sophia 匹配] 652D5764-CB8D-4DE8-919C-4486341E8CBD.jpeg (相似度: 0.598)
  💖 [Sophia 匹配] D359FF00-1A5A-4C7F-843B-8BA82906BA4A.jpeg (相似度: 0.746)
  💜 [Sharon 匹配] D359FF00-1A5A-4C7F-843B-8BA82906BA4A.jpeg (相似度: 0.634)
  💖 [Sophia 匹配] D4781A7C-E665-4365-ABDA-D535BAF0F145.jpeg (相似度: 0.666)
  💖 [Sophia 匹配] A8ABE09B-7BF5-4CE5-8B88-AB16890E26BF.jpeg (相似度: 0.641)
  💜 [Sharon 匹配] 4B035BA0-1F70-49C6-8960-E66252EFD478.jpeg (相似度: 0.653)
  💖 [Sophia 匹配] 048DA4E6-A3D9-4B3C-9566-B662118B7FF4.jpeg (相似度: 0.589)
  💜 [Sharon 匹配] 5CB928D4-B284-40CD-84E1-01AF042C5FE3.jpeg (相似度: 0.655)
  💖 [Sophia 匹配] ED773ADA-4F4C-4A01-BBAC-654AB1CE3639.jpeg (相似度: 0.588)
  💖 [Sophia 匹配] 9DA2D871-AF52-4826-BC2E-E709A3C24BF7.jpeg (相似度: 0.714)
  💖 [Sophia 匹配] 1E76CA58-C2EB-4143-8557-E69F37BB5FD4.jpeg (相似度: 0.594)
  💜 [Sharon 匹配] 90E1141B-E431-49CD-9554-5F3FCE40968E.jpeg (相似度: 0.663)
  💖 [Sophia 匹配] 90E1141B-E431-49CD-9554-5F3FCE40968E.jpeg (相似度: 0.784)
  💖 [Sophia 匹配] DAD9F562-BE0F-46D3-A218-2DCE1A43C129.jpeg (相似度: 0.635)
  💜 [Sharon 匹配] 0C061C9D-795C-4FAD-9E8F-A5684628B960.jpeg (相似度: 0.657)
  💜 [Sharon 匹配] FE9ED042-278F-4A64-9B69-7C214CFA1445.jpeg (相似度: 0.605)
  💖 [Sophia 匹配] FE9ED042-278F-4A64-9B69-7C214CFA1445.jpeg (相似度: 0.712)
  💜 [Sharon 匹配] 575699AB-7450-4E42-AF5B-3932B4D9F4AE.jpeg (相似度: 0.610)
  💜 [Sharon 匹配] C92627C5-DEF5-4F2D-8084-DF299F495B7F.jpeg (相似度: 0.570)
  💜 [Sharon 匹配] 6BAAFC39-FBCD-473E-8FB8-B399AA86D949.jpeg (相似度: 0.553)
  💜 [Sharon 匹配] E5E294C7-36E9-42AE-9AD2-A936D54780EA.jpeg (相似度: 0.620)
  💖 [Sophia 匹配] E5E294C7-36E9-42AE-9AD2-A936D54780EA.jpeg (相似度: 0.691)
  💖 [Sophia 匹配] 0716522C-2B72-4449-9B4C-2FA67095015F.jpeg (相似度: 0.777)
  💜 [Sharon 匹配] 0716522C-2B72-4449-9B4C-2FA67095015F.jpeg (相似度: 0.614)
  💖 [Sophia 匹配] CD57BE3F-E3B0-4D78-A27B-16BE29FC5076.jpeg (相似度: 0.665)
  💜 [Sharon 匹配] CD57BE3F-E3B0-4D78-A27B-16BE29FC5076.jpeg (相似度: 0.571)
  💖 [Sophia 匹配] 1099A546-B091-4DFC-A50A-2100069E28CF.jpeg (相似度: 0.670)
  💖 [Sophia 匹配] 76FEADAB-3E44-4913-ABA4-09B33AB15801.jpeg (相似度: 0.688)
  💜 [Sharon 匹配] 76FEADAB-3E44-4913-ABA4-09B33AB15801.jpeg (相似度: 0.546)
  💜 [Sharon 匹配] 0619CA25-FEE2-41BA-BD77-F0946544F90B.jpeg (相似度: 0.615)
  💖 [Sophia 匹配] 0619CA25-FEE2-41BA-BD77-F0946544F90B.jpeg (相似度: 0.741)
  💖 [Sophia 匹配] A45BDB78-DFE3-4D4A-995E-70E3C138E9D0.jpeg (相似度: 0.704)
  💜 [Sharon 匹配] 15B3701D-E5A7-4B50-B98F-ABF796F62C9A.jpeg (相似度: 0.637)
  💖 [Sophia 匹配] 68C9FCF5-0D2D-4E9B-BB0A-721A2B6286A0.jpeg (相似度: 0.727)
  💜 [Sharon 匹配] 68C9FCF5-0D2D-4E9B-BB0A-721A2B6286A0.jpeg (相似度: 0.568)
  💜 [Sharon 匹配] EF5661CF-340B-4332-AFC9-9EECB9DF8F59_1_201_a.jpeg (相似度: 0.573)
  💜 [Sharon 匹配] E0C1185B-D9F3-4498-9AB1-C2A9F84DCBAD.jpeg (相似度: 0.601)
  💖 [Sophia 匹配] E0C1185B-D9F3-4498-9AB1-C2A9F84DCBAD.jpeg (相似度: 0.684)
  💖 [Sophia 匹配] F21EC8B0-1648-41C5-82F6-4FAFDA416E16.jpeg (相似度: 0.713)
  💜 [Sharon 匹配] 9499EB74-D13F-4B8A-B620-1B57560326C9.jpeg (相似度: 0.534)
  💖 [Sophia 匹配] 9499EB74-D13F-4B8A-B620-1B57560326C9.jpeg (相似度: 0.705)
  💜 [Sharon 匹配] 05107094-AD6B-4380-ACC8-776F94BEA355.jpeg (相似度: 0.528)
  💖 [Sophia 匹配] 2FE75354-3A49-44C2-906A-CD2A1763D701.jpeg (相似度: 0.758)
  💜 [Sharon 匹配] 2FE75354-3A49-44C2-906A-CD2A1763D701.jpeg (相似度: 0.640)
  💜 [Sharon 匹配] 951A4509-247A-47CA-914B-102B7121F576.jpeg (相似度: 0.582)
  💖 [Sophia 匹配] 951A4509-247A-47CA-914B-102B7121F576.jpeg (相似度: 0.723)
  💖 [Sophia 匹配] 4FF18453-4F43-4B60-A170-CBD2B4ACC390.jpeg (相似度: 0.722)
  💜 [Sharon 匹配] 4FF18453-4F43-4B60-A170-CBD2B4ACC390.jpeg (相似度: 0.513)
  💜 [Sharon 匹配] ACAE0091-49BB-4709-96F4-763B83A19822.jpeg (相似度: 0.633)
  💜 [Sharon 匹配] 82EC8A5B-D4E0-48B4-A629-BF58C1ADC8AB.jpeg (相似度: 0.484)
  💜 [Sharon 匹配] 728BF67A-D99F-47DA-8BBD-8B866AF242D7.jpeg (相似度: 0.606)
  💜 [Sharon 匹配] D1BB25AB-226C-4B4D-B1B6-02DD3CD4ECE7.jpeg (相似度: 0.486)
  💜 [Sharon 匹配] 5C35EE22-7CFA-4040-AD66-2E59C97221D4.jpeg (相似度: 0.544)
  💖 [Sophia 匹配] 5C35EE22-7CFA-4040-AD66-2E59C97221D4.jpeg (相似度: 0.729)
  💜 [Sharon 匹配] 0C61CB63-685E-4C08-8958-F00270B2A24B.jpeg (相似度: 0.501)
  💖 [Sophia 匹配] D908BB9F-7903-4153-AA93-61C2FCAA788A.jpeg (相似度: 0.648)
  💜 [Sharon 匹配] D908BB9F-7903-4153-AA93-61C2FCAA788A.jpeg (相似度: 0.488)
  💜 [Sharon 匹配] 1914AE55-3E35-47EF-B3B4-0B0E61C3CC24_1_201_a.jpeg (相似度: 0.557)
  💜 [Sharon 匹配] C5ED1263-1231-468C-91A1-119A41AEBBC2.jpeg (相似度: 0.579)
  💜 [Sharon 匹配] 4B9BC8B8-6E02-4383-8219-7B1C93B4D429_1_201_a.jpeg (相似度: 0.574)
  💖 [Sophia 匹配] 4B9BC8B8-6E02-4383-8219-7B1C93B4D429_1_201_a.jpeg (相似度: 0.786)
  💜 [Sharon 匹配] 749C6B39-1FD1-4A78-B79F-FF104561F9A8.jpeg (相似度: 0.485)
  💜 [Sharon 匹配] 03BF0E8B-9819-4C85-9A6B-E493BF9A2AF1.jpeg (相似度: 0.600)
  💖 [Sophia 匹配] 341B3548-4419-4F68-B92A-26245D9456B2.jpeg (相似度: 0.460)
  💖 [Sophia 匹配] 0DB34B7A-551B-4817-9741-4401CF56801B.jpeg (相似度: 0.750)
  💜 [Sharon 匹配] 0DB34B7A-551B-4817-9741-4401CF56801B.jpeg (相似度: 0.660)
  💜 [Sharon 匹配] A6EFCA78-5339-4F27-A4FD-84DBCF5B7E68.jpeg (相似度: 0.557)
⏳ 已辨識 2000 / 5356 張相片 (713.3 秒)...
  💖 [Sophia 匹配] 069EA691-B3DA-4039-8ECF-720801345B9E.jpeg (相似度: 0.694)
  💜 [Sharon 匹配] 069EA691-B3DA-4039-8ECF-720801345B9E.jpeg (相似度: 0.665)
  💜 [Sharon 匹配] 56B9270A-0480-4D4D-8F59-1039E6959190.jpeg (相似度: 0.695)
  💖 [Sophia 匹配] 56B9270A-0480-4D4D-8F59-1039E6959190.jpeg (相似度: 0.694)
  💜 [Sharon 匹配] BC88175E-7CA6-4855-97F0-79C8DC394B20.jpeg (相似度: 0.622)
  💖 [Sophia 匹配] 431851F8-0D99-457F-843A-EFDD870A7733.jpeg (相似度: 0.669)
  💖 [Sophia 匹配] 85B07330-1F6F-4208-9967-CBC292BDB17A.jpeg (相似度: 0.540)
  💖 [Sophia 匹配] F77883F7-B319-4117-A02E-DB7D64DA26FE.jpeg (相似度: 0.603)
  💖 [Sophia 匹配] 69D75DEF-F523-40DD-8546-8E66E1018CC0.jpeg (相似度: 0.488)
  💜 [Sharon 匹配] 1457823F-A13B-4817-98EC-97174A875CA8.jpeg (相似度: 0.565)
  💜 [Sharon 匹配] 0888E135-A48E-46AB-AECB-7CE1D0717A88.jpeg (相似度: 0.459)
  💖 [Sophia 匹配] F655E0DF-1FAF-4918-8025-0A08BB2F903B.jpeg (相似度: 0.664)
  💜 [Sharon 匹配] 72B0248B-2A15-4C8B-B8DF-705CF1D1E97D.jpeg (相似度: 0.505)
  💜 [Sharon 匹配] 739F87CF-89E3-4E41-85BE-AEDF7D318ED8.jpeg (相似度: 0.648)
  💜 [Sharon 匹配] 69F507EB-BDD4-482D-BA63-55BF8E49E102.jpeg (相似度: 0.641)
  💜 [Sharon 匹配] E8FFCC74-48C7-46F2-B6D8-836790264217.jpeg (相似度: 0.485)
  💜 [Sharon 匹配] 21D4FAE6-0BE2-4FE2-AC04-B7108AB262A6.jpeg (相似度: 0.576)
  💖 [Sophia 匹配] 675E3200-D83A-4F7B-ACBA-05557F110C24.jpeg (相似度: 0.634)
  💜 [Sharon 匹配] 2DDC2795-08D8-4B8F-8567-7617EA196457_1_201_a.jpeg (相似度: 0.470)
  💖 [Sophia 匹配] 5C6186EB-D4B3-4FE6-A46C-1EF1691B55A6.jpeg (相似度: 0.629)
  💖 [Sophia 匹配] 05618AE1-F662-4792-95AE-6FF22EA24E59.jpeg (相似度: 0.592)
  💖 [Sophia 匹配] IMG_2039.JPG (相似度: 0.591)
  💖 [Sophia 匹配] IMG_2038.JPG (相似度: 0.510)
  💖 [Sophia 匹配] 806AE9D8-1B16-4110-B06A-5217BFC8B756.jpeg (相似度: 0.773)
  💜 [Sharon 匹配] 806AE9D8-1B16-4110-B06A-5217BFC8B756.jpeg (相似度: 0.562)
  💖 [Sophia 匹配] IMG_2048.JPG (相似度: 0.532)
  💖 [Sophia 匹配] IMG_2049.JPG (相似度: 0.524)
  💖 [Sophia 匹配] IMG_2084.JPG (相似度: 0.535)
  💜 [Sharon 匹配] IMG_2084.JPG (相似度: 0.607)
  💖 [Sophia 匹配] B11B854D-DB09-42F9-828E-CB98C4575A2E.jpeg (相似度: 0.729)
  💜 [Sharon 匹配] B11B854D-DB09-42F9-828E-CB98C4575A2E.jpeg (相似度: 0.662)
  💜 [Sharon 匹配] IMG_2047.JPG (相似度: 0.560)
  💜 [Sharon 匹配] IMG_2046.JPG (相似度: 0.494)
  💖 [Sophia 匹配] IMG_2046.JPG (相似度: 0.494)
  💖 [Sophia 匹配] 6EF4FCBE-6BE2-4806-B050-0CAA71932B9D.jpeg (相似度: 0.753)
  💜 [Sharon 匹配] 6EF4FCBE-6BE2-4806-B050-0CAA71932B9D.jpeg (相似度: 0.631)
  💜 [Sharon 匹配] E922771C-53F4-4C8D-A06A-8B87EE27FA13.jpeg (相似度: 0.648)
  💖 [Sophia 匹配] E922771C-53F4-4C8D-A06A-8B87EE27FA13.jpeg (相似度: 0.721)
  💖 [Sophia 匹配] IMG_2082.JPG (相似度: 0.552)
  💖 [Sophia 匹配] E754D98D-1E10-4964-B085-20D5477103CA.jpeg (相似度: 0.760)
  💖 [Sophia 匹配] IMG_2040.JPG (相似度: 0.591)
  💖 [Sophia 匹配] 81427123-CB63-4EC6-A5C7-28DCCEF4A25D_1_201_a.jpeg (相似度: 0.639)
  💖 [Sophia 匹配] IMG_2083.JPG (相似度: 0.512)
  💖 [Sophia 匹配] 048B04A6-6D31-4075-A2AC-6031BE27A88A.jpeg (相似度: 0.731)
  💜 [Sharon 匹配] 048B04A6-6D31-4075-A2AC-6031BE27A88A.jpeg (相似度: 0.628)
  💜 [Sharon 匹配] IMG_2081.JPG (相似度: 0.641)
  💖 [Sophia 匹配] IMG_2081.JPG (相似度: 0.508)
  💖 [Sophia 匹配] IMG_2042.JPG (相似度: 0.556)
  💖 [Sophia 匹配] 92A851FA-C581-471A-A0F9-1FB5944386AF.jpeg (相似度: 0.673)
  💜 [Sharon 匹配] IMG_2043.JPG (相似度: 0.652)
  💖 [Sophia 匹配] IMG_2043.JPG (相似度: 0.564)
  💜 [Sharon 匹配] 27803205-619B-44D4-B25E-0E89123F2CF0.jpeg (相似度: 0.557)
  💖 [Sophia 匹配] IMG_2080.JPG (相似度: 0.540)
  💜 [Sharon 匹配] IMG_2080.JPG (相似度: 0.652)
  💖 [Sophia 匹配] 8ED0193A-B750-4969-B9F7-A2E153FA26C5.jpeg (相似度: 0.585)
  💜 [Sharon 匹配] B419F494-FBE5-4C07-8218-55494C3B17E9.jpeg (相似度: 0.575)
  💜 [Sharon 匹配] IMG_1433.jpeg (相似度: 0.616)
  💖 [Sophia 匹配] 296B8FFB-3075-458E-A802-CE974B040BD1.jpeg (相似度: 0.585)
  💜 [Sharon 匹配] IMG_1413.jpeg (相似度: 0.585)
  💜 [Sharon 匹配] IMG_1412.jpeg (相似度: 0.546)
  💜 [Sharon 匹配] IMG_1432.jpeg (相似度: 0.621)
  💜 [Sharon 匹配] 85704F67-B728-4142-92D7-A8AF7DB66318.jpeg (相似度: 0.487)
  💜 [Sharon 匹配] IMG_1415.jpeg (相似度: 0.472)
  💜 [Sharon 匹配] 0C82ADE6-9273-4333-8F40-9D291BC2BE27.jpeg (相似度: 0.624)
  💖 [Sophia 匹配] 0C82ADE6-9273-4333-8F40-9D291BC2BE27.jpeg (相似度: 0.687)
  💜 [Sharon 匹配] IMG_6256.jpeg (相似度: 0.540)
  💜 [Sharon 匹配] BF4B94AE-0494-4329-A0F8-65E53D9B75D3.jpeg (相似度: 0.546)
  💖 [Sophia 匹配] BF4B94AE-0494-4329-A0F8-65E53D9B75D3.jpeg (相似度: 0.682)
  💜 [Sharon 匹配] 49CEB0AF-2C7F-4E03-B65C-BD89DB9CD7AF.jpeg (相似度: 0.580)
  💖 [Sophia 匹配] 49CEB0AF-2C7F-4E03-B65C-BD89DB9CD7AF.jpeg (相似度: 0.696)
  💜 [Sharon 匹配] IMG_6260.jpeg (相似度: 0.551)
  💜 [Sharon 匹配] 54C12BF8-AB67-4579-94E9-2EE4E4547109.jpeg (相似度: 0.627)
  💜 [Sharon 匹配] IMG_6261.jpeg (相似度: 0.572)
  💜 [Sharon 匹配] EA5B0679-EE2A-4282-946B-0E7D23707DC7.jpeg (相似度: 0.579)
  💜 [Sharon 匹配] F0342F35-1709-4EAF-8716-120030FACA29.jpeg (相似度: 0.614)
  💜 [Sharon 匹配] 47D8352A-7D3E-4D0D-9116-97B255E9549A.jpeg (相似度: 0.571)
  💜 [Sharon 匹配] IMG_6257.jpeg (相似度: 0.568)
  💖 [Sophia 匹配] 9693F67B-5BEE-4537-8256-B2DBE5ABD92C.jpeg (相似度: 0.793)
  💜 [Sharon 匹配] IMG_1414.jpeg (相似度: 0.477)
  💜 [Sharon 匹配] 0FFD55B3-04DD-4DCD-9CAD-4EB8B4157281.jpeg (相似度: 0.592)
  💜 [Sharon 匹配] IMG_6254.jpeg (相似度: 0.458)
  💜 [Sharon 匹配] 60A6BCD9-649B-48B4-A70B-4E14FEBF4332.jpeg (相似度: 0.502)
  💜 [Sharon 匹配] IMG_1417.jpeg (相似度: 0.472)
  💜 [Sharon 匹配] B06893B1-16FA-49B9-986E-4A30A7F562B2.jpeg (相似度: 0.631)
  💜 [Sharon 匹配] IMG_6258.jpeg (相似度: 0.570)
  💜 [Sharon 匹配] IMG_6262.jpeg (相似度: 0.562)
  💖 [Sophia 匹配] B8644ECC-A8BA-4320-983C-3CE1A8CE850E.jpeg (相似度: 0.612)
  💜 [Sharon 匹配] B8644ECC-A8BA-4320-983C-3CE1A8CE850E.jpeg (相似度: 0.518)
  💖 [Sophia 匹配] 3F19E853-11CA-45B2-876A-BA76686CFA2C.jpeg (相似度: 0.651)
  💖 [Sophia 匹配] A3999B25-66CC-405A-BEE2-31FDA5C4A5A7.jpeg (相似度: 0.695)
  💖 [Sophia 匹配] 6A6C6377-5F3C-414A-BFD5-1416C3F8F0A5.jpeg (相似度: 0.780)
  💜 [Sharon 匹配] IMG_6263.jpeg (相似度: 0.582)
⏳ 已辨識 500 / 5356 張相片 (223.4 秒)...
  💜 [Sharon 匹配] IMG_6259.jpeg (相似度: 0.487)
  💖 [Sophia 匹配] 88310459-A558-434D-9756-3A8EA2D840AB.jpeg (相似度: 0.597)
  💖 [Sophia 匹配] DCD3E002-ADD4-4103-94AD-2E83867407EE.jpeg (相似度: 0.736)
  💜 [Sharon 匹配] IMG_6255.jpeg (相似度: 0.472)
  💜 [Sharon 匹配] IMG_1431.jpeg (相似度: 0.616)
  💖 [Sophia 匹配] 2490D32A-AB52-49A7-8604-29FDF43F708A.jpeg (相似度: 0.588)
  💖 [Sophia 匹配] 1E3F1724-D5D8-4421-885F-E87820E5FB08.jpeg (相似度: 0.779)
  💜 [Sharon 匹配] IMG_6252.jpeg (相似度: 0.620)
  💖 [Sophia 匹配] FEABE1DB-2FB2-4B10-8B12-5AEC933F84E8.jpeg (相似度: 0.613)
  💜 [Sharon 匹配] FEABE1DB-2FB2-4B10-8B12-5AEC933F84E8.jpeg (相似度: 0.591)
  💜 [Sharon 匹配] IMG_6253.jpeg (相似度: 0.631)
  💖 [Sophia 匹配] 632E109A-EF58-47E3-BAED-F87F8DE6FE05.jpeg (相似度: 0.723)
  💜 [Sharon 匹配] IMG_1430.jpeg (相似度: 0.646)
  💜 [Sharon 匹配] 9CAD056E-CC95-40D4-8C79-480EDA49CC2D.jpeg (相似度: 0.479)
  💖 [Sophia 匹配] 9CAD056E-CC95-40D4-8C79-480EDA49CC2D.jpeg (相似度: 0.741)
  💖 [Sophia 匹配] 74BE9520-2F33-4977-9A02-6B46D9CEB700.jpeg (相似度: 0.701)
  💜 [Sharon 匹配] IMG_2491.jpeg (相似度: 0.494)
  💖 [Sophia 匹配] 9C5B5CD0-547C-4701-A970-F993F686F420.jpeg (相似度: 0.697)
  💜 [Sharon 匹配] IMG_2490.jpeg (相似度: 0.524)
  💖 [Sophia 匹配] A6DDBA2E-385F-4AC3-AAA5-AC56783A5071.jpeg (相似度: 0.728)
  💜 [Sharon 匹配] A6DDBA2E-385F-4AC3-AAA5-AC56783A5071.jpeg (相似度: 0.472)
  💖 [Sophia 匹配] 702D11FC-CF6D-414D-88CE-3F99588628F4.jpeg (相似度: 0.710)
  💖 [Sophia 匹配] 7ED9086D-3EF3-4DA1-B918-72A00874FCF2.jpeg (相似度: 0.642)
  💜 [Sharon 匹配] A1BD4251-91DE-40A2-A606-4412F56F042E.jpeg (相似度: 0.507)
  💖 [Sophia 匹配] 8DE89F15-BE20-4D5A-9591-C971077C81CE.jpeg (相似度: 0.734)
  💖 [Sophia 匹配] E7B7A907-76F6-4821-9382-8745C2DDC3CF.jpeg (相似度: 0.695)
  💜 [Sharon 匹配] IMG_8760.jpeg (相似度: 0.506)
  💜 [Sharon 匹配] IMG_1672.jpeg (相似度: 0.515)
  💜 [Sharon 匹配] 6B1F9902-AEBF-44F8-883E-72A66E8E12F3.jpeg (相似度: 0.600)
  💖 [Sophia 匹配] 6B1F9902-AEBF-44F8-883E-72A66E8E12F3.jpeg (相似度: 0.640)
  💜 [Sharon 匹配] DBBF1484-2F16-4859-B844-AC4554AC593E.jpeg (相似度: 0.480)
  💖 [Sophia 匹配] CDF6B59A-2045-4FEA-8A35-DAB2CAE2427F.jpeg (相似度: 0.639)
  💜 [Sharon 匹配] CDF6B59A-2045-4FEA-8A35-DAB2CAE2427F.jpeg (相似度: 0.541)
  💜 [Sharon 匹配] IMG_1674.jpeg (相似度: 0.549)
  💖 [Sophia 匹配] 9CC7596B-2115-49EB-A915-31835C8C653A.jpeg (相似度: 0.712)
  💜 [Sharon 匹配] 9CC7596B-2115-49EB-A915-31835C8C653A.jpeg (相似度: 0.579)
  💖 [Sophia 匹配] AA154035-4091-4998-B4FD-EBAC7BE68C87.jpeg (相似度: 0.648)
  💖 [Sophia 匹配] 9D8EE421-6E3F-4F4F-934B-BF7E7D528B77.jpeg (相似度: 0.705)
  💜 [Sharon 匹配] 6F270409-285D-46B6-B0C0-A4FFA0383B72_1_201_a.jpeg (相似度: 0.522)
  💖 [Sophia 匹配] 6F270409-285D-46B6-B0C0-A4FFA0383B72_1_201_a.jpeg (相似度: 0.691)
  💖 [Sophia 匹配] B79C3862-C521-47D9-872C-FE4194D38FF5.jpeg (相似度: 0.708)
  💜 [Sharon 匹配] IMG_1704.jpeg (相似度: 0.539)
  💖 [Sophia 匹配] 87895665-109E-4496-B27F-D5A0EBBC4FD8.jpeg (相似度: 0.634)
  💜 [Sharon 匹配] 87895665-109E-4496-B27F-D5A0EBBC4FD8.jpeg (相似度: 0.580)
  💜 [Sharon 匹配] FB393C7C-CC63-41D9-BE38-A6912D8FC674_1_201_a.jpeg (相似度: 0.602)
  💜 [Sharon 匹配] IMG_1705.jpeg (相似度: 0.574)
  💖 [Sophia 匹配] 1FD66000-D65B-4947-AAD1-B14239D54735.jpeg (相似度: 0.798)
  💖 [Sophia 匹配] 2B4F0D35-B22F-425B-A8B9-FE3882324C52_1_201_a.jpeg (相似度: 0.702)
  💜 [Sharon 匹配] 2B4F0D35-B22F-425B-A8B9-FE3882324C52_1_201_a.jpeg (相似度: 0.488)
  💜 [Sharon 匹配] IMG_1671.jpeg (相似度: 0.503)
  💖 [Sophia 匹配] FA71263C-282C-4F73-A449-76AC863EA155.jpeg (相似度: 0.642)
  💜 [Sharon 匹配] FA71263C-282C-4F73-A449-76AC863EA155.jpeg (相似度: 0.607)
  💜 [Sharon 匹配] IMG_8763.jpeg (相似度: 0.555)
  💖 [Sophia 匹配] FBD45FB9-8243-44AE-87DE-50E7E5CAA695.jpeg (相似度: 0.705)
  💜 [Sharon 匹配] FBD45FB9-8243-44AE-87DE-50E7E5CAA695.jpeg (相似度: 0.637)
  💜 [Sharon 匹配] IMG_8762.jpeg (相似度: 0.507)
  💜 [Sharon 匹配] 265771DF-6EB6-455D-B64F-E5E27C58BB30_1_201_a.jpeg (相似度: 0.606)
  💜 [Sharon 匹配] IMG_1703.jpeg (相似度: 0.584)
  💖 [Sophia 匹配] 9964969A-A354-4A0D-85C1-43990BD400C5.jpeg (相似度: 0.729)
  💖 [Sophia 匹配] IMG_2367.JPG (相似度: 0.490)
  💖 [Sophia 匹配] A7BECFD8-B578-4F86-8AEE-A32E557EC819.jpeg (相似度: 0.728)
  💖 [Sophia 匹配] 6D2244C3-0F39-41D2-9DFB-9855F211B7CB.jpeg (相似度: 0.684)
  💜 [Sharon 匹配] 6D2244C3-0F39-41D2-9DFB-9855F211B7CB.jpeg (相似度: 0.552)
  💖 [Sophia 匹配] IMG_2373.JPG (相似度: 0.506)
  💖 [Sophia 匹配] E6EBAC0F-18EE-4782-866E-C13CF8B2BB72.jpeg (相似度: 0.757)
  💖 [Sophia 匹配] 4773787789729682352.344ae338f4098f7ccc89a72445c80c2c.22071815.JPG (相似度: 0.498)
  💖 [Sophia 匹配] 4773787789729682352.2fa829ff5958e5731021ec7a4618513e.22071815.JPG (相似度: 0.505)
  💖 [Sophia 匹配] 61233F62-D3AB-4E80-BB27-0294C3CD7BF6.jpeg (相似度: 0.749)
  💖 [Sophia 匹配] IMG_2372.JPG (相似度: 0.539)
  💖 [Sophia 匹配] IMG_2366.JPG (相似度: 0.512)
  💖 [Sophia 匹配] 167531A4-BC68-445B-B53A-B8D84AFBFEB5.jpeg (相似度: 0.682)
  💖 [Sophia 匹配] IMG_2370.JPG (相似度: 0.500)
  💜 [Sharon 匹配] IMG_2370.JPG (相似度: 0.555)
  💖 [Sophia 匹配] IMG_2364.JPG (相似度: 0.510)
  💖 [Sophia 匹配] 4773787789729682352.2427c28db26d69155147a494920a75d8.22071815.JPG (相似度: 0.459)
  💖 [Sophia 匹配] A00D441D-FDF0-4109-A18E-B335F879504B.jpeg (相似度: 0.580)
  💜 [Sharon 匹配] A00D441D-FDF0-4109-A18E-B335F879504B.jpeg (相似度: 0.500)
  💖 [Sophia 匹配] IMG_2359.JPG (相似度: 0.513)
  💖 [Sophia 匹配] IMG_2365.JPG (相似度: 0.506)
  💖 [Sophia 匹配] IMG_2371.JPG (相似度: 0.494)
  💜 [Sharon 匹配] IMG_2371.JPG (相似度: 0.536)
  💖 [Sophia 匹配] IMG_2360.JPG (相似度: 0.473)
  💖 [Sophia 匹配] 6E96E1CA-0B80-4AC3-A106-57B6580B9249.jpeg (相似度: 0.518)
  💖 [Sophia 匹配] C356FFFA-346C-46BE-9693-3CADD9B283AB.jpeg (相似度: 0.782)
  💖 [Sophia 匹配] IMG_2362.JPG (相似度: 0.480)
  💖 [Sophia 匹配] F385748D-DCD2-4C33-ADD8-5593E0B589C4.jpeg (相似度: 0.624)
  💖 [Sophia 匹配] 6A087F0E-0F09-4968-AC92-CAEBDFCE8CEE.jpeg (相似度: 0.658)
  💜 [Sharon 匹配] 6A087F0E-0F09-4968-AC92-CAEBDFCE8CEE.jpeg (相似度: 0.591)
  💖 [Sophia 匹配] IMG_2363.JPG (相似度: 0.515)
  💖 [Sophia 匹配] C3B5AC39-CFD2-4D7E-A7D3-3F141D5C27CD.jpeg (相似度: 0.581)
  💜 [Sharon 匹配] C3B5AC39-CFD2-4D7E-A7D3-3F141D5C27CD.jpeg (相似度: 0.527)
  💖 [Sophia 匹配] 8E0C92A8-A1AD-45CE-807D-D090BACDC5A2.jpeg (相似度: 0.654)
  💖 [Sophia 匹配] 806BC1DD-8316-4478-9BAB-C8A1FEE39D9A.jpeg (相似度: 0.568)
  💖 [Sophia 匹配] 4773787789729682352.f4817c57c50a828227aea917801f7758.22071815.JPG (相似度: 0.473)
  💖 [Sophia 匹配] C77DEF79-938E-466A-9413-146BB14216C9.jpeg (相似度: 0.762)
  💖 [Sophia 匹配] 4773787789729682352.2f9323051e35296a92cf5c048bf40720.22071815.JPG (相似度: 0.504)
  💜 [Sharon 匹配] 4773787789729682352.2f9323051e35296a92cf5c048bf40720.22071815.JPG (相似度: 0.482)
  💜 [Sharon 匹配] 4773787789729682352.a1ff4f4cb86f544cac1deec323fd44a2.22071815.JPG (相似度: 0.509)
  💖 [Sophia 匹配] 03E8EE1D-3FA3-4FB4-AF62-046B423430A6.jpeg (相似度: 0.683)
  💜 [Sharon 匹配] 03E8EE1D-3FA3-4FB4-AF62-046B423430A6.jpeg (相似度: 0.590)
  💖 [Sophia 匹配] 4773787789729682352.6637dcc5b869019533359201769025f7.22071815.JPG (相似度: 0.450)
  💖 [Sophia 匹配] 7C7FBF48-9689-497A-8111-C300A08B362D.jpeg (相似度: 0.747)
  💜 [Sharon 匹配] 7C7FBF48-9689-497A-8111-C300A08B362D.jpeg (相似度: 0.604)
  💖 [Sophia 匹配] A537164B-5DE1-427F-94BC-84DFC4D4396E_1_201_a.jpeg (相似度: 0.676)
  💜 [Sharon 匹配] A537164B-5DE1-427F-94BC-84DFC4D4396E_1_201_a.jpeg (相似度: 0.573)
  💖 [Sophia 匹配] B2A42012-E254-4BF4-9507-33CBD5FEB8BF.jpeg (相似度: 0.706)
  💜 [Sharon 匹配] B2A42012-E254-4BF4-9507-33CBD5FEB8BF.jpeg (相似度: 0.459)
  💜 [Sharon 匹配] 5C3C070A-2DE5-4617-A07B-74C9BA65F70E.jpeg (相似度: 0.595)
  💖 [Sophia 匹配] 5C3C070A-2DE5-4617-A07B-74C9BA65F70E.jpeg (相似度: 0.731)
  💜 [Sharon 匹配] 4773787789729682352.fcc2177d7e26fa711effccf3d807522f.22071815.JPG (相似度: 0.495)
  💜 [Sharon 匹配] B633ACBF-4C6E-4400-AD95-AAE045C60894.jpeg (相似度: 0.577)
  💖 [Sophia 匹配] IMG_2368.JPG (相似度: 0.531)
  💖 [Sophia 匹配] IMG_2354.JPG (相似度: 0.457)
  💖 [Sophia 匹配] 18A8D385-1E6F-4485-B9C7-824C0D8086A5.jpeg (相似度: 0.583)
  💖 [Sophia 匹配] CDFCC8D9-A439-4900-852F-6B953BC318DB.jpeg (相似度: 0.689)
  💜 [Sharon 匹配] CDFCC8D9-A439-4900-852F-6B953BC318DB.jpeg (相似度: 0.538)
  💖 [Sophia 匹配] 4773787789729682352.7fde410982a69fa142b25a8767253975.22071815.JPG (相似度: 0.482)
  💜 [Sharon 匹配] 4773787789729682352.7fde410982a69fa142b25a8767253975.22071815.JPG (相似度: 0.563)
  💖 [Sophia 匹配] 4773787789729682352.e882001aca8e763b8d5da8554de67b5b.22071815.JPG (相似度: 0.464)
  💖 [Sophia 匹配] C526A6F1-4F69-4E00-B66E-A7A9466F1A32.jpeg (相似度: 0.719)
  💜 [Sharon 匹配] C526A6F1-4F69-4E00-B66E-A7A9466F1A32.jpeg (相似度: 0.609)
  💖 [Sophia 匹配] 4524AFEA-6762-46C9-BE70-DFE81BE4EF89.jpeg (相似度: 0.717)
  💖 [Sophia 匹配] 0A894D17-0A10-4DDD-A774-F1DC2F658FB6.jpeg (相似度: 0.503)
  💖 [Sophia 匹配] IMG_2369.JPG (相似度: 0.495)
  💜 [Sharon 匹配] IMG_2369.JPG (相似度: 0.515)
  💖 [Sophia 匹配] 0D1C929E-E132-4B37-BC41-9A92F116D29B.jpeg (相似度: 0.685)
  💖 [Sophia 匹配] F6005524-6E7F-406B-8148-C67B13D2C3DE.jpeg (相似度: 0.783)
  💜 [Sharon 匹配] 4773787789729682352.66326b193ebcfb772a508d1c1f649a1a.22071815.JPG (相似度: 0.487)
  💖 [Sophia 匹配] A5383F93-2019-4917-AD58-36EFCFEE6F3D.jpeg (相似度: 0.679)
  💜 [Sharon 匹配] A5383F93-2019-4917-AD58-36EFCFEE6F3D.jpeg (相似度: 0.615)
  💜 [Sharon 匹配] FA11E3B6-E0CC-4C70-BB22-527A2E3A01AF.jpeg (相似度: 0.581)
  💖 [Sophia 匹配] A23F724C-4480-49B4-A6C5-68596FAE904A.jpeg (相似度: 0.749)
  💜 [Sharon 匹配] E2636A07-3F55-41B4-94E2-CEDB00980F88.jpeg (相似度: 0.543)
  💖 [Sophia 匹配] E2636A07-3F55-41B4-94E2-CEDB00980F88.jpeg (相似度: 0.575)
  💖 [Sophia 匹配] 71ECFC09-01F5-4C39-B680-568A251BEE2B.jpeg (相似度: 0.755)
  💖 [Sophia 匹配] E12C5D3C-45D9-4296-B642-6417A240D9DE.jpeg (相似度: 0.585)
  💖 [Sophia 匹配] 2A82913A-4B25-4EBA-A51A-CF3EF9F5C4DB.jpeg (相似度: 0.751)
  💖 [Sophia 匹配] 4B433CDA-FACC-4F6D-AC92-27F737D33EEF.jpeg (相似度: 0.484)
  💖 [Sophia 匹配] 7087840C-F704-445B-B8DA-EE5FE72850D1.jpeg (相似度: 0.686)
  💖 [Sophia 匹配] FA13EA80-80B3-430D-A23E-498D397E036E.jpeg (相似度: 0.751)
  💖 [Sophia 匹配] CA3A60BC-E315-4087-853B-47BE0765B6EF.jpeg (相似度: 0.728)
  💖 [Sophia 匹配] C7791B2F-52AF-4FA5-B45A-2FB623CC0DAB.jpeg (相似度: 0.707)
  💜 [Sharon 匹配] C7791B2F-52AF-4FA5-B45A-2FB623CC0DAB.jpeg (相似度: 0.577)
  💖 [Sophia 匹配] 4EDA847C-54A7-47A2-BDFC-DB5B59DBD78E.jpeg (相似度: 0.773)
  💜 [Sharon 匹配] 4EDA847C-54A7-47A2-BDFC-DB5B59DBD78E.jpeg (相似度: 0.644)
  💖 [Sophia 匹配] D706AAE5-28EB-4EB8-9AD3-550CB3BE0846.jpeg (相似度: 0.770)
  💜 [Sharon 匹配] D706AAE5-28EB-4EB8-9AD3-550CB3BE0846.jpeg (相似度: 0.658)
  💜 [Sharon 匹配] 505C6C4A-681A-478C-B58F-4ECFBD2E9248.jpeg (相似度: 0.644)
  💖 [Sophia 匹配] 505C6C4A-681A-478C-B58F-4ECFBD2E9248.jpeg (相似度: 0.741)
  💜 [Sharon 匹配] 954B5BB9-97DD-4675-8A6D-645B7E232A32.jpeg (相似度: 0.564)
  💜 [Sharon 匹配] 541BDF92-089C-451C-A376-49D290E40A7B.jpeg (相似度: 0.563)
  💜 [Sharon 匹配] F04892F0-E2FC-43A9-8B68-F2F932AED693.jpeg (相似度: 0.595)
  💜 [Sharon 匹配] 018E4323-2500-412F-9BAA-3F40CA5ABFDF.jpeg (相似度: 0.648)
  💜 [Sharon 匹配] E5284BDC-53EB-438E-BE92-46A5F0DCF587.jpeg (相似度: 0.621)
  💜 [Sharon 匹配] 10946A62-2C9F-4F5F-8DD8-A2710C21DECF.jpeg (相似度: 0.616)
  💜 [Sharon 匹配] 649F4CD8-2366-48CB-9B99-FF5D2A99D8B7.jpeg (相似度: 0.643)
  💜 [Sharon 匹配] IMG_1574.jpeg (相似度: 0.537)
  💜 [Sharon 匹配] AF6C3786-700E-4B32-AFC3-324EE3377D04.jpeg (相似度: 0.700)
  💜 [Sharon 匹配] IMG_1537.jpeg (相似度: 0.600)
  💜 [Sharon 匹配] IMG_1540.jpeg (相似度: 0.627)
  💜 [Sharon 匹配] IMG_1536.jpeg (相似度: 0.585)
  💜 [Sharon 匹配] IMG_1539.jpeg (相似度: 0.639)
  💜 [Sharon 匹配] IMG_1538.jpeg (相似度: 0.639)
  💜 [Sharon 匹配] IMG_1834.jpeg (相似度: 0.450)
  💜 [Sharon 匹配] IMG_1838.jpeg (相似度: 0.577)
  💜 [Sharon 匹配] IMG_1980.JPG (相似度: 0.532)
  💜 [Sharon 匹配] IMG_1837.jpeg (相似度: 0.540)
  💜 [Sharon 匹配] IMG_1979.JPG (相似度: 0.588)
  💜 [Sharon 匹配] IMG_1978.JPG (相似度: 0.569)
  💜 [Sharon 匹配] DSC05939.JPG (相似度: 0.685)
  💜 [Sharon 匹配] DSC05938.JPG (相似度: 0.649)
  💜 [Sharon 匹配] DSC05959.JPG (相似度: 0.615)
  💜 [Sharon 匹配] DSC05965.JPG (相似度: 0.641)
  💜 [Sharon 匹配] DSC05964.JPG (相似度: 0.629)
  💜 [Sharon 匹配] DSC05958.JPG (相似度: 0.592)
  💜 [Sharon 匹配] 11FBEABA-B1E6-4D0E-A6B9-0577A81FD0D4.jpeg (相似度: 0.553)
  💜 [Sharon 匹配] DSC05966.JPG (相似度: 0.649)
  💜 [Sharon 匹配] DSC05963.JPG (相似度: 0.648)
  💜 [Sharon 匹配] DSC05962.JPG (相似度: 0.508)
  💖 [Sophia 匹配] 1C3214B7-AC4D-4F39-AB5E-AEA41E460808.jpeg (相似度: 0.634)
  💜 [Sharon 匹配] DSC05960.JPG (相似度: 0.625)
  💜 [Sharon 匹配] C22AE996-5FED-42B6-856A-B4ECF45EE748.jpeg (相似度: 0.548)
  💖 [Sophia 匹配] C22AE996-5FED-42B6-856A-B4ECF45EE748.jpeg (相似度: 0.461)
  💜 [Sharon 匹配] 95C3A708-0FEC-4990-9F35-C0F939AFBF46.jpeg (相似度: 0.599)
  💜 [Sharon 匹配] DSC05956.JPG (相似度: 0.538)
  💜 [Sharon 匹配] DSC05942.JPG (相似度: 0.655)
  💖 [Sophia 匹配] A6DCE7A0-BC85-4D00-A5E5-28A781C930F1.jpeg (相似度: 0.535)
  💜 [Sharon 匹配] A6DCE7A0-BC85-4D00-A5E5-28A781C930F1.jpeg (相似度: 0.627)
  💜 [Sharon 匹配] DSC05957.JPG (相似度: 0.626)
  💜 [Sharon 匹配] DSC05941.JPG (相似度: 0.676)
  💜 [Sharon 匹配] DSC05955.JPG (相似度: 0.566)
  💜 [Sharon 匹配] DSC05954.JPG (相似度: 0.625)
  💜 [Sharon 匹配] DSC05940.JPG (相似度: 0.680)
  💜 [Sharon 匹配] DSC05936.JPG (相似度: 0.624)
  💜 [Sharon 匹配] DSC05937.JPG (相似度: 0.557)
  💜 [Sharon 匹配] 2584B234-0BE6-4B9B-A79B-218771B4CCB8.jpeg (相似度: 0.702)
  💖 [Sophia 匹配] IMG_2039.JPG (相似度: 0.591)
  💖 [Sophia 匹配] IMG_2038.JPG (相似度: 0.510)
  💖 [Sophia 匹配] IMG_2048.JPG (相似度: 0.532)
  💖 [Sophia 匹配] IMG_2049.JPG (相似度: 0.524)
  💜 [Sharon 匹配] IMG_1823.JPG (相似度: 0.584)
  💖 [Sophia 匹配] IMG_2084.JPG (相似度: 0.535)
  💜 [Sharon 匹配] IMG_2084.JPG (相似度: 0.607)
  💜 [Sharon 匹配] IMG_2047.JPG (相似度: 0.560)
  💜 [Sharon 匹配] IMG_2046.JPG (相似度: 0.494)
  💖 [Sophia 匹配] IMG_2046.JPG (相似度: 0.494)
  💖 [Sophia 匹配] IMG_2082.JPG (相似度: 0.552)
  💖 [Sophia 匹配] IMG_2040.JPG (相似度: 0.591)
  💜 [Sharon 匹配] 06CF8206-2281-4E2E-BC4E-99952784DE39.jpeg (相似度: 0.591)
  💖 [Sophia 匹配] IMG_2083.JPG (相似度: 0.512)
  💜 [Sharon 匹配] IMG_2081.JPG (相似度: 0.641)
  💖 [Sophia 匹配] IMG_2081.JPG (相似度: 0.508)
  💖 [Sophia 匹配] IMG_2042.JPG (相似度: 0.556)
  💖 [Sophia 匹配] 5D3FA37A-E86E-4018-A610-72B8C8AA2DD4.jpeg (相似度: 0.569)
  💜 [Sharon 匹配] IMG_2043.JPG (相似度: 0.652)
  💖 [Sophia 匹配] IMG_2043.JPG (相似度: 0.564)
  💖 [Sophia 匹配] 61B214C1-F2FB-48D6-8E96-515735FF31D8.jpeg (相似度: 0.579)
  💖 [Sophia 匹配] IMG_2080.JPG (相似度: 0.540)
  💜 [Sharon 匹配] IMG_2080.JPG (相似度: 0.652)
  💜 [Sharon 匹配] CCFD8D66-5C12-4127-9310-68BD0A30D7A6.jpeg (相似度: 0.586)
  💖 [Sophia 匹配] FAD2B850-13E6-42D7-9130-2386E1E2E928.jpeg (相似度: 0.595)
  💖 [Sophia 匹配] 7832FB5C-7F9C-470F-8E68-2EEF6308BF74.jpeg (相似度: 0.613)
  💖 [Sophia 匹配] 99F7B97D-DB70-4CC5-B8CD-C3DD2A560CB7.jpeg (相似度: 0.505)
  💖 [Sophia 匹配] 853CBA80-58EA-497E-A9F8-C69C64E79CE9.jpeg (相似度: 0.609)
  💜 [Sharon 匹配] 07DB6C6D-E53D-4BD2-9B7F-6F7A40BACC84.jpeg (相似度: 0.563)
  💖 [Sophia 匹配] 835B147E-8B2C-4AF3-A0A2-2E2CC1BB5B40.jpeg (相似度: 0.600)
  💖 [Sophia 匹配] 9C71E8E7-2BF0-41ED-89D0-2BEB1AEEE519.jpeg (相似度: 0.535)
  💜 [Sharon 匹配] IMG_1354.jpeg (相似度: 0.683)
  💖 [Sophia 匹配] F705AE30-9A2A-4E66-97C0-795FC253FBDF.jpeg (相似度: 0.681)
  💜 [Sharon 匹配] 8789768D-0278-4B5C-85D9-A28E2B7C79CF.jpeg (相似度: 0.699)
  💖 [Sophia 匹配] 8789768D-0278-4B5C-85D9-A28E2B7C79CF.jpeg (相似度: 0.699)
  💖 [Sophia 匹配] BD644F7F-3B7A-450E-AED0-46C4BBEC6C87.jpeg (相似度: 0.723)
  💜 [Sharon 匹配] BD644F7F-3B7A-450E-AED0-46C4BBEC6C87.jpeg (相似度: 0.694)
  💜 [Sharon 匹配] IMG_1355.jpeg (相似度: 0.674)
  💜 [Sharon 匹配] 3EF617E3-76B3-483F-932E-86E5BE6A35B1.jpeg (相似度: 0.677)
  💜 [Sharon 匹配] E65E8A91-D463-4B84-824E-0B226DFEFA0A.jpeg (相似度: 0.597)
  💜 [Sharon 匹配] IMG_2830.JPG (相似度: 0.527)
  💜 [Sharon 匹配] IMG_2762.JPG (相似度: 0.488)
  💜 [Sharon 匹配] 3F09A5E1-C40F-44A6-9DF0-040A568531E9.jpeg (相似度: 0.619)
  💜 [Sharon 匹配] IMG_2831.JPG (相似度: 0.523)
  💖 [Sophia 匹配] 6DFD4500-A18B-4B4F-B49B-BBA53E7015C4.jpeg (相似度: 0.709)
  💜 [Sharon 匹配] 6DFD4500-A18B-4B4F-B49B-BBA53E7015C4.jpeg (相似度: 0.679)
  💜 [Sharon 匹配] 43F8A53B-83D0-4730-A77C-FFEDD1DA414B.jpeg (相似度: 0.475)
  💜 [Sharon 匹配] IMG_2760.JPG (相似度: 0.636)
  💜 [Sharon 匹配] IMG_2761.JPG (相似度: 0.600)
  💜 [Sharon 匹配] 4D402F92-DE95-4294-B097-9A508D515D67.jpeg (相似度: 0.475)
  💜 [Sharon 匹配] 8F652B62-68FB-4627-A0D7-9AD278F9E423.jpeg (相似度: 0.586)
  💜 [Sharon 匹配] 82F52049-1E13-485A-A246-FA879BFCD9B1.jpeg (相似度: 0.462)
  💜 [Sharon 匹配] IMG_2739.JPG (相似度: 0.665)
  💖 [Sophia 匹配] 86934B0F-317C-4C78-8E37-FA622F456C4C.jpeg (相似度: 0.685)
  💜 [Sharon 匹配] 86934B0F-317C-4C78-8E37-FA622F456C4C.jpeg (相似度: 0.676)
  💜 [Sharon 匹配] 670D9535-7CBD-4F27-BE85-51DCD45386B9.jpeg (相似度: 0.607)
  💖 [Sophia 匹配] 26FF3FBF-7FBF-4F78-BA34-465A743CB175.jpeg (相似度: 0.590)
  💜 [Sharon 匹配] 26FF3FBF-7FBF-4F78-BA34-465A743CB175.jpeg (相似度: 0.710)
  💖 [Sophia 匹配] 4D17F09A-226F-4DF8-8113-031D2BAFF4DB.jpeg (相似度: 0.686)
  💜 [Sharon 匹配] 4D17F09A-226F-4DF8-8113-031D2BAFF4DB.jpeg (相似度: 0.648)
  💜 [Sharon 匹配] C7231791-184B-4FA8-BEAD-E19277F63EB9.jpeg (相似度: 0.699)
  💖 [Sophia 匹配] IMG_1025.JPG (相似度: 0.528)
  💜 [Sharon 匹配] IMG_1025.JPG (相似度: 0.587)
  💖 [Sophia 匹配] 76D8B1EB-F736-415D-8B20-72BBE1DDADC2.jpeg (相似度: 0.691)
  💜 [Sharon 匹配] 76D8B1EB-F736-415D-8B20-72BBE1DDADC2.jpeg (相似度: 0.693)
  💖 [Sophia 匹配] IMG_1032.JPG (相似度: 0.583)
  💜 [Sharon 匹配] 2BBD82D5-A080-4CA5-880E-B28044E7925D.jpeg (相似度: 0.646)
  💜 [Sharon 匹配] 1640E50B-3038-43B2-A552-CCD127A9CBA2.jpeg (相似度: 0.626)
  💜 [Sharon 匹配] IMG_2262.jpeg (相似度: 0.553)
  💜 [Sharon 匹配] FFFDEF46-C7CD-49C9-A7F9-E30B27F8E743.jpeg (相似度: 0.628)
  💖 [Sophia 匹配] E4BF0C11-6F79-4AB2-80D3-BA608270EAB1.jpeg (相似度: 0.700)
  💜 [Sharon 匹配] E4BF0C11-6F79-4AB2-80D3-BA608270EAB1.jpeg (相似度: 0.701)
  💜 [Sharon 匹配] 20E0CB6A-3162-4C26-8E8B-DA8906B52498.jpeg (相似度: 0.563)
  💜 [Sharon 匹配] IMG_2250.jpeg (相似度: 0.522)
  💖 [Sophia 匹配] 25CCEB46-F1B5-44A3-B6F7-9C66683322E0.jpeg (相似度: 0.621)
  💜 [Sharon 匹配] 25CCEB46-F1B5-44A3-B6F7-9C66683322E0.jpeg (相似度: 0.623)
  💜 [Sharon 匹配] C8B717E1-5A52-4587-8429-D29F1D119B48.jpeg (相似度: 0.553)
  💜 [Sharon 匹配] 2D43E6BB-193E-4A55-93CA-D03EA30BAB6C.jpeg (相似度: 0.630)
  💜 [Sharon 匹配] 696C3EA1-052B-466B-84B9-636AC8DAFE3E.jpeg (相似度: 0.611)
  💜 [Sharon 匹配] IMG_1875.JPG (相似度: 0.515)
  💜 [Sharon 匹配] 43971EBC-2421-4FF6-BE13-BBC05F3F5B6D.jpeg (相似度: 0.630)
  💜 [Sharon 匹配] IMG_1849.JPG (相似度: 0.501)
  💜 [Sharon 匹配] 3A73E32E-B3A1-4462-8A2F-F2897756CB21.jpeg (相似度: 0.628)
  💜 [Sharon 匹配] 947F2E66-02AD-4E51-8E45-D453B56010A5.jpeg (相似度: 0.673)
  💜 [Sharon 匹配] IMG_1915.JPG (相似度: 0.513)
  💖 [Sophia 匹配] 6FC2650C-9F7E-4027-AA3D-DD332C84CEA9.jpeg (相似度: 0.693)
  💜 [Sharon 匹配] 6FC2650C-9F7E-4027-AA3D-DD332C84CEA9.jpeg (相似度: 0.712)
  💜 [Sharon 匹配] 718046FD-E65A-4515-91AD-3EF055C6A937.jpeg (相似度: 0.514)
  💜 [Sharon 匹配] IMG_1929.JPG (相似度: 0.511)
  💖 [Sophia 匹配] C5A9BD21-4AB7-4A3C-B0A0-9EFBA178DD14.jpeg (相似度: 0.698)
  💜 [Sharon 匹配] C5A9BD21-4AB7-4A3C-B0A0-9EFBA178DD14.jpeg (相似度: 0.709)
  💜 [Sharon 匹配] IMG_2005.JPG (相似度: 0.501)
  💜 [Sharon 匹配] IMG_2004.JPG (相似度: 0.472)
  💜 [Sharon 匹配] D311D7AF-7842-4EF6-BDAC-3AB2FEE26CC8.jpeg (相似度: 0.646)
  💜 [Sharon 匹配] 19785782-1CF3-4B2C-9C0C-8209AE4F6F96.jpeg (相似度: 0.509)
  💜 [Sharon 匹配] 6E27F397-3951-4534-89E7-3D0D97F8EA04.jpeg (相似度: 0.579)
  💜 [Sharon 匹配] ED6F2B82-A30E-4897-9C6D-B52E044A291C.jpeg (相似度: 0.598)
  💜 [Sharon 匹配] IMG_1914.JPG (相似度: 0.567)
  💜 [Sharon 匹配] 99CEE83E-FB88-4E03-BE86-E583111C9F2E.jpeg (相似度: 0.466)
  💜 [Sharon 匹配] IMG_1848.JPG (相似度: 0.590)
  💜 [Sharon 匹配] 33EF1E01-EF5D-4EAA-99B3-26AC2B5FB632.jpeg (相似度: 0.467)
  💜 [Sharon 匹配] IMG_1862.JPG (相似度: 0.630)
  💜 [Sharon 匹配] IMG_1876.JPG (相似度: 0.494)
  💜 [Sharon 匹配] IMG_1902.JPG (相似度: 0.628)
  💜 [Sharon 匹配] IMG_2007.JPG (相似度: 0.499)
  💜 [Sharon 匹配] 1A900AB5-8E03-4021-9001-4CF3FB879044.jpeg (相似度: 0.569)
  💖 [Sophia 匹配] 1A900AB5-8E03-4021-9001-4CF3FB879044.jpeg (相似度: 0.633)
  💜 [Sharon 匹配] IMG_1903.JPG (相似度: 0.537)
  💜 [Sharon 匹配] 89C85C85-4744-4F10-B5F5-6F438D026234.jpeg (相似度: 0.490)
  💜 [Sharon 匹配] 275AF46E-F1BA-4BBF-8013-3E7ADCE76A5B.jpeg (相似度: 0.576)
  💜 [Sharon 匹配] IMG_1877.JPG (相似度: 0.548)
  💜 [Sharon 匹配] EF5CF0BC-44AF-4B8A-9279-8E6706BA30D7.jpeg (相似度: 0.458)
  💖 [Sophia 匹配] DD63CDD3-DA10-4FB3-82DB-26DCEE1010E4.jpeg (相似度: 0.672)
  💜 [Sharon 匹配] DD63CDD3-DA10-4FB3-82DB-26DCEE1010E4.jpeg (相似度: 0.707)
  💜 [Sharon 匹配] 7E446EA8-1B90-4377-80A9-849007EC03A9.jpeg (相似度: 0.475)
  💖 [Sophia 匹配] 83AA10B9-4A77-4931-BC4C-99717D208452.jpeg (相似度: 0.721)
  💜 [Sharon 匹配] 83AA10B9-4A77-4931-BC4C-99717D208452.jpeg (相似度: 0.680)
  💜 [Sharon 匹配] IMG_1913.JPG (相似度: 0.589)
  💜 [Sharon 匹配] 8C0EC61C-2095-407F-8033-26FEB7BE241B_1_201_a.jpeg (相似度: 0.610)
  💖 [Sophia 匹配] 8C0EC61C-2095-407F-8033-26FEB7BE241B_1_201_a.jpeg (相似度: 0.635)
  💜 [Sharon 匹配] IMG_1907.JPG (相似度: 0.609)
  💖 [Sophia 匹配] 01ADCDD6-C4C1-4BB2-8DEC-7EE7D5509398_1_201_a.jpeg (相似度: 0.648)
  💜 [Sharon 匹配] 01ADCDD6-C4C1-4BB2-8DEC-7EE7D5509398_1_201_a.jpeg (相似度: 0.627)
  💖 [Sophia 匹配] C149BA2D-E3DC-4566-9D13-8B4259339D81.jpeg (相似度: 0.589)
  💖 [Sophia 匹配] C083CC9C-B8DF-4F80-81C2-6CE2D3FB18DA_1_201_a.jpeg (相似度: 0.635)
  💜 [Sharon 匹配] C083CC9C-B8DF-4F80-81C2-6CE2D3FB18DA_1_201_a.jpeg (相似度: 0.694)
  💖 [Sophia 匹配] E948EAFC-9B64-4AFC-A52A-C6F8BBDEE05B_1_201_a.jpeg (相似度: 0.654)
  💜 [Sharon 匹配] E948EAFC-9B64-4AFC-A52A-C6F8BBDEE05B_1_201_a.jpeg (相似度: 0.637)
  💖 [Sophia 匹配] 988B30E7-D673-48AB-9F6D-B99933060E23.jpeg (相似度: 0.630)
  💜 [Sharon 匹配] 988B30E7-D673-48AB-9F6D-B99933060E23.jpeg (相似度: 0.632)
  💖 [Sophia 匹配] 8A5A429C-220E-4446-B71F-8FEB586A7291.jpeg (相似度: 0.594)
  💜 [Sharon 匹配] 8A5A429C-220E-4446-B71F-8FEB586A7291.jpeg (相似度: 0.620)
  💖 [Sophia 匹配] 60861DC2-C8FC-4A51-9F6B-9A9D578D8CE9.jpeg (相似度: 0.621)
  💖 [Sophia 匹配] E56D2320-2FD9-423D-9B4A-A8F565265EBE.jpeg (相似度: 0.667)
  💖 [Sophia 匹配] F3593EDB-011C-45DE-B414-74B58A9714B6.jpeg (相似度: 0.452)
  💜 [Sharon 匹配] F3593EDB-011C-45DE-B414-74B58A9714B6.jpeg (相似度: 0.574)
  💜 [Sharon 匹配] IMG_1906.JPG (相似度: 0.581)
  💖 [Sophia 匹配] D910089B-93FD-414E-A473-FDFF3C47775D_1_201_a.jpeg (相似度: 0.665)
  💜 [Sharon 匹配] IMG_1912.JPG (相似度: 0.594)
  💜 [Sharon 匹配] IMG_1872.JPG (相似度: 0.558)
  💖 [Sophia 匹配] F3F87080-B2DB-4CD1-86CE-1428E36E0CEC.jpeg (相似度: 0.625)
  💜 [Sharon 匹配] F3F87080-B2DB-4CD1-86CE-1428E36E0CEC.jpeg (相似度: 0.546)
  💜 [Sharon 匹配] IMG_1858.JPG (相似度: 0.536)
  💖 [Sophia 匹配] 300D5E2E-8C04-4F09-BC16-39A36255B974_1_201_a.jpeg (相似度: 0.627)
  💜 [Sharon 匹配] 300D5E2E-8C04-4F09-BC16-39A36255B974_1_201_a.jpeg (相似度: 0.649)
  💜 [Sharon 匹配] IMG_1870.JPG (相似度: 0.625)
  💜 [Sharon 匹配] 190FC734-9E14-4505-87F4-B23EA64B749F_1_201_a.jpeg (相似度: 0.720)
  💖 [Sophia 匹配] 190FC734-9E14-4505-87F4-B23EA64B749F_1_201_a.jpeg (相似度: 0.630)
  💖 [Sophia 匹配] 750C2118-CAE8-43B5-9187-66C499B856BF_1_201_a.jpeg (相似度: 0.603)
  💜 [Sharon 匹配] 750C2118-CAE8-43B5-9187-66C499B856BF_1_201_a.jpeg (相似度: 0.619)
  💜 [Sharon 匹配] FB94F3E8-BB00-451E-B630-A2300C23F8C3_1_201_a.jpeg (相似度: 0.623)
  💖 [Sophia 匹配] FB94F3E8-BB00-451E-B630-A2300C23F8C3_1_201_a.jpeg (相似度: 0.584)
  💜 [Sharon 匹配] IMG_1864.JPG (相似度: 0.538)
  💖 [Sophia 匹配] 1AD03844-9F78-421B-8CA2-756D75F01F30_1_201_a.jpeg (相似度: 0.679)
  💜 [Sharon 匹配] IMG_1938.JPG (相似度: 0.614)
  💖 [Sophia 匹配] 93505D4A-9947-4EDE-9A67-84C58E734B6D.jpeg (相似度: 0.713)
  💖 [Sophia 匹配] D3D7079C-C2EB-422D-9FEA-408E941A1044_1_201_a.jpeg (相似度: 0.597)
  💜 [Sharon 匹配] D3D7079C-C2EB-422D-9FEA-408E941A1044_1_201_a.jpeg (相似度: 0.651)
  💜 [Sharon 匹配] IMG_1910.JPG (相似度: 0.580)
  💖 [Sophia 匹配] 8480F92D-CB06-4D6D-9952-A40F458340EB_1_201_a.jpeg (相似度: 0.603)
  💜 [Sharon 匹配] 8480F92D-CB06-4D6D-9952-A40F458340EB_1_201_a.jpeg (相似度: 0.612)
  💖 [Sophia 匹配] 1DA9CF6D-6BA8-4B6D-8274-5C995E441D14.jpeg (相似度: 0.495)
  💖 [Sophia 匹配] CA8F1BD8-CE06-4B8E-A63B-08203839BAAE.jpeg (相似度: 0.655)
  💜 [Sharon 匹配] 7BD98997-2343-4901-89F0-DF6539AD135A.jpeg (相似度: 0.511)
  💖 [Sophia 匹配] 7C120F24-D15D-4828-A827-2543BA2A3FEF.jpeg (相似度: 0.566)
  💜 [Sharon 匹配] 7C120F24-D15D-4828-A827-2543BA2A3FEF.jpeg (相似度: 0.591)
  💖 [Sophia 匹配] 8BF7DDDF-2494-4CF9-A661-538ACEDD3ED2.jpeg (相似度: 0.566)
  💖 [Sophia 匹配] B8051EA0-5BF1-4B73-8B1E-556C21D1BC9D.jpeg (相似度: 0.537)
  💖 [Sophia 匹配] 7418BA34-4600-42CD-A164-DCF56E234A61.jpeg (相似度: 0.605)
  💜 [Sharon 匹配] 7418BA34-4600-42CD-A164-DCF56E234A61.jpeg (相似度: 0.601)
⏳ 已辨識 2500 / 5356 張相片 (956.1 秒)...
  💖 [Sophia 匹配] 195B9FFD-A7AA-4F17-8C17-574BC8CD9025.jpeg (相似度: 0.628)
  💜 [Sharon 匹配] 195B9FFD-A7AA-4F17-8C17-574BC8CD9025.jpeg (相似度: 0.601)
  💖 [Sophia 匹配] 4038D62A-A7B6-424C-B49D-588A67AC30DE.jpeg (相似度: 0.513)
  💜 [Sharon 匹配] IMG_1911.JPG (相似度: 0.524)
  💖 [Sophia 匹配] A51CB6D4-2ABB-4F41-940B-1973CC84CFC5.jpeg (相似度: 0.602)
  💜 [Sharon 匹配] A51CB6D4-2ABB-4F41-940B-1973CC84CFC5.jpeg (相似度: 0.550)
  💜 [Sharon 匹配] IMG_1905.JPG (相似度: 0.514)
  💜 [Sharon 匹配] 474A4B87-2E33-4B4E-8CCF-94B9E22BA43B.jpeg (相似度: 0.630)
  💖 [Sophia 匹配] 474A4B87-2E33-4B4E-8CCF-94B9E22BA43B.jpeg (相似度: 0.608)
  💜 [Sharon 匹配] IMG_1939.JPG (相似度: 0.471)
  💖 [Sophia 匹配] 3A7DD028-9975-4677-9B58-7A55F981AA85.jpeg (相似度: 0.552)
  💜 [Sharon 匹配] 3A7DD028-9975-4677-9B58-7A55F981AA85.jpeg (相似度: 0.496)
  💜 [Sharon 匹配] 9C87D730-EC10-4767-A392-0A29F570D27E.jpeg (相似度: 0.625)
  💜 [Sharon 匹配] IMG_1865.JPG (相似度: 0.573)
  💜 [Sharon 匹配] IMG_1871.JPG (相似度: 0.587)
  💜 [Sharon 匹配] IMG_1859.JPG (相似度: 0.610)
  💜 [Sharon 匹配] IMG_1988.JPG (相似度: 0.541)
  💜 [Sharon 匹配] IMG_1948.JPG (相似度: 0.552)
  💖 [Sophia 匹配] 4B49A852-8C23-46D4-8D01-8A1AAC841EBF.jpeg (相似度: 0.665)
  💜 [Sharon 匹配] 4B49A852-8C23-46D4-8D01-8A1AAC841EBF.jpeg (相似度: 0.687)
  💖 [Sophia 匹配] C5EC07B2-BCBA-4174-9332-75636E7BD1E2.jpeg (相似度: 0.660)
  💜 [Sharon 匹配] C5EC07B2-BCBA-4174-9332-75636E7BD1E2.jpeg (相似度: 0.664)
  💜 [Sharon 匹配] F959245F-9E97-4771-AB0C-A82CBF29016F.jpeg (相似度: 0.463)
  💜 [Sharon 匹配] 2EF27755-1DE3-443B-9D29-4E1E4A3AB683.jpeg (相似度: 0.464)
  💖 [Sophia 匹配] 0466BC9B-D477-4B58-AD03-0CCE513CFCFC.jpeg (相似度: 0.596)
  💖 [Sophia 匹配] 9937E330-E891-4413-A425-B2AC88DD8DBB.jpeg (相似度: 0.723)
  💖 [Sophia 匹配] 2DE2A7C2-6E10-4540-AC48-A74C7242E286.jpeg (相似度: 0.523)
  💖 [Sophia 匹配] 4C09C952-AFDC-466E-9445-76941A366984.jpeg (相似度: 0.508)
  💖 [Sophia 匹配] 7835DD69-07E0-4744-BE15-9375A260E8CE.jpeg (相似度: 0.578)
  💜 [Sharon 匹配] 7835DD69-07E0-4744-BE15-9375A260E8CE.jpeg (相似度: 0.690)
  💜 [Sharon 匹配] 6367A7C3-9025-4D37-B11C-EB2729C5AD99.jpeg (相似度: 0.666)
  💖 [Sophia 匹配] 6367A7C3-9025-4D37-B11C-EB2729C5AD99.jpeg (相似度: 0.672)
  💜 [Sharon 匹配] IMG_1940.JPG (相似度: 0.511)
  💜 [Sharon 匹配] IMG_1941.JPG (相似度: 0.509)
  💖 [Sophia 匹配] 09032B9A-7385-4B1F-8FAF-092CFE1E8AA4.jpeg (相似度: 0.619)
  💜 [Sharon 匹配] 09032B9A-7385-4B1F-8FAF-092CFE1E8AA4.jpeg (相似度: 0.620)
  💜 [Sharon 匹配] IMG_1945.JPG (相似度: 0.572)
  💖 [Sophia 匹配] 45752BA3-6844-4369-8FA8-8732DD0F32CA_1_201_a.jpeg (相似度: 0.626)
  💜 [Sharon 匹配] 48E9C488-C5E7-44FB-B374-5DC1A6B498AC.jpeg (相似度: 0.651)
  💜 [Sharon 匹配] 26520940-A010-48FF-935F-5855E5949085.jpeg (相似度: 0.671)
  💖 [Sophia 匹配] 26520940-A010-48FF-935F-5855E5949085.jpeg (相似度: 0.674)
  💖 [Sophia 匹配] 7E663BE3-CC48-4716-8AA9-A7F6C3F517A5.jpeg (相似度: 0.620)
  💜 [Sharon 匹配] 85928917-E6F9-4BBC-AF91-9E0E38F01223.jpeg (相似度: 0.613)
  💜 [Sharon 匹配] B6AC1EE4-577E-4BC2-BA41-DAAD472279F5.jpeg (相似度: 0.615)
  💖 [Sophia 匹配] A7172B1C-8975-451C-8406-33C14281F4B0_1_201_a.jpeg (相似度: 0.621)
  💜 [Sharon 匹配] 508623D2-5A94-453B-8D84-B55F3D0BF626.jpeg (相似度: 0.612)
  💖 [Sophia 匹配] 71DBB1DD-5076-475E-8FC9-4C9731148CAA_1_201_a.jpeg (相似度: 0.627)
  💜 [Sharon 匹配] 71DBB1DD-5076-475E-8FC9-4C9731148CAA_1_201_a.jpeg (相似度: 0.559)
  💜 [Sharon 匹配] 8660B704-8E3E-450A-A440-5174D281A084.jpeg (相似度: 0.612)
  💜 [Sharon 匹配] IMG_1854.JPG (相似度: 0.522)
  💖 [Sophia 匹配] 9674F0F5-CC90-4E18-B4AF-5ADE5E7A19D8.jpeg (相似度: 0.693)
  💜 [Sharon 匹配] 9674F0F5-CC90-4E18-B4AF-5ADE5E7A19D8.jpeg (相似度: 0.643)
  💜 [Sharon 匹配] IMG_1868.JPG (相似度: 0.489)
  💜 [Sharon 匹配] 07495DFF-2591-4BD9-AD9D-3C5E8A9D6AAC.jpeg (相似度: 0.594)
  💖 [Sophia 匹配] 07495DFF-2591-4BD9-AD9D-3C5E8A9D6AAC.jpeg (相似度: 0.602)
  💜 [Sharon 匹配] 9D8BB487-67F6-40AE-9CB8-E7433DCEA174.jpeg (相似度: 0.666)
  💖 [Sophia 匹配] 9D8BB487-67F6-40AE-9CB8-E7433DCEA174.jpeg (相似度: 0.672)
  💜 [Sharon 匹配] 08278434-7CA3-44F2-8AA9-CB5C071AB414.jpeg (相似度: 0.655)
  💜 [Sharon 匹配] IMG_1934.JPG (相似度: 0.515)
  💜 [Sharon 匹配] A4C7D703-B9DF-4B80-A9DB-6C50B44F02F5.jpeg (相似度: 0.648)
  💜 [Sharon 匹配] 8092EEE7-0247-4B3E-A152-8214A13422FF.jpeg (相似度: 0.642)
  💖 [Sophia 匹配] A9558760-260D-4458-ABA1-68BAC4FF84B8.jpeg (相似度: 0.668)
  💜 [Sharon 匹配] A9558760-260D-4458-ABA1-68BAC4FF84B8.jpeg (相似度: 0.608)
  💜 [Sharon 匹配] FA943632-30E7-4989-9F4A-FACBE4B8F7D6.jpeg (相似度: 0.614)
  💖 [Sophia 匹配] FA943632-30E7-4989-9F4A-FACBE4B8F7D6.jpeg (相似度: 0.639)
  💜 [Sharon 匹配] BEB05A68-8182-4B58-91FA-F4E81692A462.jpeg (相似度: 0.514)
  💜 [Sharon 匹配] 2A46C310-306E-483F-8B9A-BDC344178A65.jpeg (相似度: 0.569)
  💜 [Sharon 匹配] E5A45545-595C-4912-947B-C9CD6F75D2B7.jpeg (相似度: 0.516)
  💜 [Sharon 匹配] IMG_1909.JPG (相似度: 0.567)
  💜 [Sharon 匹配] 2AEA22E2-A30C-42E3-8224-D02C0D77E5AD.jpeg (相似度: 0.601)
  💜 [Sharon 匹配] 9AB26CA1-B3B8-4DBF-A69D-30E23AC24637.jpeg (相似度: 0.670)
  💖 [Sophia 匹配] 9AB26CA1-B3B8-4DBF-A69D-30E23AC24637.jpeg (相似度: 0.638)
  💖 [Sophia 匹配] A6D9A222-DA91-4E41-8AEC-A6572C42DF12_1_201_a.jpeg (相似度: 0.614)
  💜 [Sharon 匹配] A6D9A222-DA91-4E41-8AEC-A6572C42DF12_1_201_a.jpeg (相似度: 0.643)
  💜 [Sharon 匹配] ED8D2CB9-4643-4EA6-94BF-FE0529A0A17C.jpeg (相似度: 0.694)
  💜 [Sharon 匹配] IMG_1869.JPG (相似度: 0.553)
  💜 [Sharon 匹配] 4204A11F-3278-4370-A466-E91BF9418956.jpeg (相似度: 0.712)
  💜 [Sharon 匹配] 28D0BEEB-BBC2-4BF3-B060-1713C43E8455.jpeg (相似度: 0.654)
  💜 [Sharon 匹配] 06C9B22F-F333-4033-8E58-C05632DE0230.jpeg (相似度: 0.562)
  💜 [Sharon 匹配] IMG_1855.JPG (相似度: 0.532)
  💜 [Sharon 匹配] 42322957-46A2-4B48-8059-8B7AB43341F8.jpeg (相似度: 0.628)
  💜 [Sharon 匹配] IMG_1857.JPG (相似度: 0.621)
  💖 [Sophia 匹配] BFB1B31B-2C95-4289-AAEC-C9C769005972.jpeg (相似度: 0.569)
  💜 [Sharon 匹配] BFB1B31B-2C95-4289-AAEC-C9C769005972.jpeg (相似度: 0.611)
  💖 [Sophia 匹配] 478AFF67-BEA8-434A-B4D1-10A544D9C148_1_201_a.jpeg (相似度: 0.610)
  💜 [Sharon 匹配] IMG_1937.JPG (相似度: 0.554)
  💜 [Sharon 匹配] 994DB468-2FE9-4F3A-8662-ED81AD0DF5B8.jpeg (相似度: 0.631)
  💜 [Sharon 匹配] IMG_1922.JPG (相似度: 0.534)
  💖 [Sophia 匹配] 19E35FE6-2782-48AC-B915-D19E389AB241.jpeg (相似度: 0.646)
  💜 [Sharon 匹配] 19E35FE6-2782-48AC-B915-D19E389AB241.jpeg (相似度: 0.603)
  💜 [Sharon 匹配] DB56A732-5B07-4DE4-AEC9-D40DAFC05251.jpeg (相似度: 0.581)
  💜 [Sharon 匹配] FA4428AD-30A4-45A3-BD9C-6E6C010E4C03_1_201_a.jpeg (相似度: 0.670)
  💖 [Sophia 匹配] FA4428AD-30A4-45A3-BD9C-6E6C010E4C03_1_201_a.jpeg (相似度: 0.675)
  💜 [Sharon 匹配] 593281F8-95FF-4DBD-B2E7-AF7C88E7BCAB.jpeg (相似度: 0.549)
  💜 [Sharon 匹配] IMG_1856.JPG (相似度: 0.495)
  💜 [Sharon 匹配] DCC52D6F-4046-4EE1-8471-33440FABD65D.jpeg (相似度: 0.630)
  💜 [Sharon 匹配] 46C1298C-8D3F-4D5D-AC16-B2049FB6C693_1_201_a.jpeg (相似度: 0.631)
  💖 [Sophia 匹配] E74EBE92-B135-4AAD-AA43-6822975F8894.jpeg (相似度: 0.650)
  💜 [Sharon 匹配] E74EBE92-B135-4AAD-AA43-6822975F8894.jpeg (相似度: 0.649)
  💖 [Sophia 匹配] 2317C0C1-E359-4E98-81B5-C2834262AB03_1_201_a.jpeg (相似度: 0.669)
  💜 [Sharon 匹配] IMG_1852.JPG (相似度: 0.586)
  💜 [Sharon 匹配] CBD41BE0-03F5-4AA9-BF79-5FA36254BC09.jpeg (相似度: 0.600)
  💖 [Sophia 匹配] F311310A-FF93-44AD-A84F-6749D4E08B64.jpeg (相似度: 0.655)
  💜 [Sharon 匹配] F311310A-FF93-44AD-A84F-6749D4E08B64.jpeg (相似度: 0.656)
  💜 [Sharon 匹配] IMG_1926.JPG (相似度: 0.485)
  💖 [Sophia 匹配] 095C0A84-769A-4D16-B575-871B38075313.jpeg (相似度: 0.619)
  💜 [Sharon 匹配] IMG_1933.JPG (相似度: 0.489)
  💜 [Sharon 匹配] DF5B6676-2148-48E9-8230-ADC7379C4965_1_201_a.jpeg (相似度: 0.450)
  💜 [Sharon 匹配] EE063372-17F6-4F34-8E81-1B5B2F730266.jpeg (相似度: 0.647)
  💜 [Sharon 匹配] IMG_1853.JPG (相似度: 0.531)
  💜 [Sharon 匹配] 9811BBA1-5E10-4E1A-8B10-E220867DEDFC.jpeg (相似度: 0.629)
  💖 [Sophia 匹配] 322C09D1-130C-4755-8556-313BDA9BCD4A.jpeg (相似度: 0.623)
  💜 [Sharon 匹配] IMG_1847.JPG (相似度: 0.544)
  💜 [Sharon 匹配] 613E0E7F-BD79-4E52-9E04-73F8C82D2EF8_1_201_a.jpeg (相似度: 0.616)
  💖 [Sophia 匹配] EF3E90A1-3C60-4F39-9BDB-05C037790552.jpeg (相似度: 0.643)
  💜 [Sharon 匹配] EF3E90A1-3C60-4F39-9BDB-05C037790552.jpeg (相似度: 0.658)
  💖 [Sophia 匹配] 8B915AD4-36EE-40A7-A610-40151C1F1D08.jpeg (相似度: 0.654)
  💜 [Sharon 匹配] IMG_1879.JPG (相似度: 0.536)
  💖 [Sophia 匹配] 7CEA39FB-4D6E-47A4-A718-8401F4637545.jpeg (相似度: 0.613)
  💜 [Sharon 匹配] CBB35903-5D14-4135-9AC0-C444CF300772.jpeg (相似度: 0.633)
  💜 [Sharon 匹配] A636F616-748B-4634-A659-CBE8042B3145.jpeg (相似度: 0.662)
  💜 [Sharon 匹配] 61D99976-D3BC-48E5-89E1-B909806087C8_1_201_a.jpeg (相似度: 0.656)
  💜 [Sharon 匹配] IMG_1851.JPG (相似度: 0.659)
  💜 [Sharon 匹配] DB0A8E37-3A49-47F4-B07D-41631D6FF405.jpeg (相似度: 0.545)
  💜 [Sharon 匹配] IMG_1845.JPG (相似度: 0.567)
  💜 [Sharon 匹配] IMG_1931.JPG (相似度: 0.543)
  💜 [Sharon 匹配] IMG_2009.JPG (相似度: 0.570)
  💜 [Sharon 匹配] IMG_2008.JPG (相似度: 0.460)
  💜 [Sharon 匹配] IMG_1930.JPG (相似度: 0.529)
  💖 [Sophia 匹配] 3B8D8E10-A86B-4807-8A54-0FEA79701C01.jpeg (相似度: 0.691)
  💜 [Sharon 匹配] 3B8D8E10-A86B-4807-8A54-0FEA79701C01.jpeg (相似度: 0.679)
  💜 [Sharon 匹配] 9C7E0851-1004-46D2-8817-4F74ECCE8DAA.jpeg (相似度: 0.686)
  💜 [Sharon 匹配] AFF617C4-73E9-49AB-AA77-37DB04EE7DC4.jpeg (相似度: 0.549)
  💜 [Sharon 匹配] 562EBD00-7D48-4C58-B5D3-64B2A201C1F2.jpeg (相似度: 0.507)
  💜 [Sharon 匹配] IMG_1918.JPG (相似度: 0.646)
  💜 [Sharon 匹配] IMG_1844.JPG (相似度: 0.566)
  💜 [Sharon 匹配] 5CDCFCAD-8202-4B74-900E-460A9E4F7237.jpeg (相似度: 0.627)
  💜 [Sharon 匹配] IMG_1850.JPG (相似度: 0.627)
  💖 [Sophia 匹配] CABE304E-EED7-448C-B8A9-2B9DB2811D39.jpeg (相似度: 0.588)
  💖 [Sophia 匹配] 9DBEEAEB-C574-441F-A2C2-14CE053187A4_1_201_a.jpeg (相似度: 0.607)
  💜 [Sharon 匹配] 1D24E9C2-964C-4694-A34F-CDDDDB01EDCA.jpeg (相似度: 0.681)
  💜 [Sharon 匹配] 8BDFEE6D-CF23-4588-9755-6401ADEE1A0A.jpeg (相似度: 0.518)
  💖 [Sophia 匹配] 69CEA4E6-0CF1-4185-9DE6-96619752D7DD_1_201_a.jpeg (相似度: 0.655)
  💜 [Sharon 匹配] 69CEA4E6-0CF1-4185-9DE6-96619752D7DD_1_201_a.jpeg (相似度: 0.632)
  💖 [Sophia 匹配] EF9FFBCC-0235-4C06-A323-24995636CC23_1_201_a.jpeg (相似度: 0.705)
  💜 [Sharon 匹配] EF9FFBCC-0235-4C06-A323-24995636CC23_1_201_a.jpeg (相似度: 0.653)
  💜 [Sharon 匹配] 8876FC29-7231-4B59-B400-1FAC161B2F41.jpeg (相似度: 0.624)
  💖 [Sophia 匹配] 8876FC29-7231-4B59-B400-1FAC161B2F41.jpeg (相似度: 0.688)
  💜 [Sharon 匹配] IMG_4128.jpeg (相似度: 0.535)
  💜 [Sharon 匹配] 55A183D5-8A9F-4233-A5E0-883E01C76E86.jpeg (相似度: 0.640)
  💖 [Sophia 匹配] D5EE4F7B-CC8D-45FF-B425-FBDECB902321.jpeg (相似度: 0.614)
  💜 [Sharon 匹配] D5EE4F7B-CC8D-45FF-B425-FBDECB902321.jpeg (相似度: 0.630)
  💜 [Sharon 匹配] 2724F2E9-A820-4B6E-AB3C-9D33CC4E8A88.jpeg (相似度: 0.696)
  💖 [Sophia 匹配] 3AE1EA79-DE49-44C3-ABA3-4F0F21F970DC.jpeg (相似度: 0.585)
  💜 [Sharon 匹配] IMG_4132.jpeg (相似度: 0.563)
  💜 [Sharon 匹配] IMG_4127.jpeg (相似度: 0.584)
  💜 [Sharon 匹配] FC9BAB9A-C283-4D6C-B114-D440CF13945C.jpeg (相似度: 0.671)
  💜 [Sharon 匹配] 1FE99BD6-7788-4E58-9A3C-5A6C813869C0_1_201_a.jpeg (相似度: 0.627)
  💜 [Sharon 匹配] 5B698F13-6562-4C90-BE28-1C8E7BC1FBFC.jpeg (相似度: 0.602)
  💜 [Sharon 匹配] IMG_4131.jpeg (相似度: 0.547)
  💜 [Sharon 匹配] FF84B4D0-0083-4C7A-9E3E-3DAB919B1E06.jpeg (相似度: 0.605)
  💜 [Sharon 匹配] 1DD34D31-2547-481A-97C6-99C90ED0FAC9.jpeg (相似度: 0.626)
  💜 [Sharon 匹配] IMG_4130.jpeg (相似度: 0.524)
⏳ 已辨識 1000 / 5356 張相片 (504.7 秒)...
  💜 [Sharon 匹配] 94454B0F-A7C2-4132-8031-33D92E4439AF.jpeg (相似度: 0.680)
  💜 [Sharon 匹配] IMG_4126.jpeg (相似度: 0.569)
  💜 [Sharon 匹配] IMG_4076.jpeg (相似度: 0.669)
  💜 [Sharon 匹配] DECAB988-8320-436F-967D-92DDDFE73C5F.jpeg (相似度: 0.635)
  💜 [Sharon 匹配] F76BAF8D-6845-423B-879E-D114ACBB033C_1_201_a.jpeg (相似度: 0.609)
  💜 [Sharon 匹配] 5B8DBC14-7538-40F6-8247-9164175C4FCE_1_201_a.jpeg (相似度: 0.643)
  💜 [Sharon 匹配] 2A33E5BC-3D9B-4CF7-84D9-6444E45159DA.jpeg (相似度: 0.599)
  💜 [Sharon 匹配] IMG_4071.jpeg (相似度: 0.513)
  💜 [Sharon 匹配] 6A06863D-76AD-48DA-9E1B-2B3CDD689085_1_201_a.jpeg (相似度: 0.628)
  💜 [Sharon 匹配] CAAAF776-4CB0-42A9-87D5-5A249EA4FB02.jpeg (相似度: 0.645)
  💜 [Sharon 匹配] IMG_4074.jpeg (相似度: 0.679)
  💜 [Sharon 匹配] 1B1D5E83-C4D6-4A41-AD42-CB736EEAA27B_1_201_a.jpeg (相似度: 0.604)
  💜 [Sharon 匹配] 8FD16D50-79DC-40CB-8FF0-43999194BC87.jpeg (相似度: 0.628)
  💜 [Sharon 匹配] IMG_4075.jpeg (相似度: 0.639)
  💜 [Sharon 匹配] 25BC0337-6CB9-4042-B0A3-DD63647E4AE9.jpeg (相似度: 0.614)
  💜 [Sharon 匹配] 748ADA9F-C8F6-464C-B341-7BFCFE635E73.jpeg (相似度: 0.533)
  💜 [Sharon 匹配] IMG_4332.jpeg (相似度: 0.592)
  💜 [Sharon 匹配] 4F290A24-14E6-4A4F-BF5B-284F36CD1841.jpeg (相似度: 0.641)
  💜 [Sharon 匹配] IMG_4324.jpeg (相似度: 0.566)
  💖 [Sophia 匹配] 8DC6CBCC-E302-443A-8AF7-E9EBF559C1EA.jpeg (相似度: 0.555)
  💖 [Sophia 匹配] 61EA6B4A-B544-4B83-B144-37D5B219B928.jpeg (相似度: 0.555)
  💜 [Sharon 匹配] 927CBA8B-FB86-4F68-8963-133B9C3374D0.jpeg (相似度: 0.522)
  💖 [Sophia 匹配] 927CBA8B-FB86-4F68-8963-133B9C3374D0.jpeg (相似度: 0.583)
  💜 [Sharon 匹配] IMG_4323.jpeg (相似度: 0.604)
  💜 [Sharon 匹配] IMG_4319.jpeg (相似度: 0.536)
  💜 [Sharon 匹配] IMG_4320.jpeg (相似度: 0.520)
  💜 [Sharon 匹配] 5D6CDB93-178E-44F7-B42D-0EF01227BDA8.jpeg (相似度: 0.588)
  💜 [Sharon 匹配] 0533E87C-5668-4F11-83A9-8DC23820F34E_1_201_a.jpeg (相似度: 0.555)
  💜 [Sharon 匹配] F7D22B28-B578-4876-A754-47AE95F1457A.jpeg (相似度: 0.607)
  💜 [Sharon 匹配] 80075ED8-D0A1-4775-97B3-00E3B1C3700A.jpeg (相似度: 0.619)
  💜 [Sharon 匹配] 2F7C4742-AF7F-4796-B815-8E566EF8DD94.jpeg (相似度: 0.635)
  💜 [Sharon 匹配] IMG_4099.jpeg (相似度: 0.518)
  💖 [Sophia 匹配] DFF75813-CAC7-48B1-AA7B-7F6A2AC48594.jpeg (相似度: 0.477)
  💜 [Sharon 匹配] DFF75813-CAC7-48B1-AA7B-7F6A2AC48594.jpeg (相似度: 0.637)
  💖 [Sophia 匹配] DE3DD104-8CB6-47A2-9B94-288E50D61082_1_201_a.jpeg (相似度: 0.474)
  💜 [Sharon 匹配] DE3DD104-8CB6-47A2-9B94-288E50D61082_1_201_a.jpeg (相似度: 0.611)
  💜 [Sharon 匹配] IMG_4102.jpeg (相似度: 0.627)
  💖 [Sophia 匹配] 7DD979A9-4851-433C-BC88-48DB5FAE0265.jpeg (相似度: 0.503)
  💜 [Sharon 匹配] 3322E5BA-A53F-4209-BF41-BD947FF80CD0.jpeg (相似度: 0.519)
  💜 [Sharon 匹配] IMG_4101.jpeg (相似度: 0.650)
  💜 [Sharon 匹配] 86AB737F-C0F7-4AF4-BDF7-0333AE9ECA1F.jpeg (相似度: 0.715)
  💜 [Sharon 匹配] 1E2062BB-EE2E-4DFE-B663-6ADC4DF7FAC2.jpeg (相似度: 0.640)
  💖 [Sophia 匹配] 179A43B8-EAD1-42CC-A61B-70C5B49A7726.jpeg (相似度: 0.518)
  💖 [Sophia 匹配] 30921F4E-A51E-4A2E-B843-AD9B1379C914.jpeg (相似度: 0.514)
  💜 [Sharon 匹配] 30921F4E-A51E-4A2E-B843-AD9B1379C914.jpeg (相似度: 0.545)
  💜 [Sharon 匹配] 47EC84BC-7BAB-413C-A8A6-61A5787B186D.jpeg (相似度: 0.674)
  💜 [Sharon 匹配] IMG_3618.JPG (相似度: 0.691)
  💜 [Sharon 匹配] 57C0FB18-B4DE-405E-94F8-139AFDDA90C8.jpeg (相似度: 0.583)
  💖 [Sophia 匹配] 57C0FB18-B4DE-405E-94F8-139AFDDA90C8.jpeg (相似度: 0.465)
  💜 [Sharon 匹配] 36EBE63A-F27D-459E-900E-338EF6CEAE8F.jpeg (相似度: 0.561)
  💜 [Sharon 匹配] BDF16A5F-079B-4C6B-92D7-1D0AD19CF64F.jpeg (相似度: 0.612)
  💜 [Sharon 匹配] FDD23DF0-851E-4160-A0C3-B6DAF48C154B.jpeg (相似度: 0.613)
  💜 [Sharon 匹配] CF61DB63-CB92-45DC-9A58-0082A7D07B7B.jpeg (相似度: 0.670)
  💜 [Sharon 匹配] E00DE700-80A6-43AA-91D4-BE1A79535175.jpeg (相似度: 0.641)
  💜 [Sharon 匹配] IMG_3616.JPG (相似度: 0.695)
  💜 [Sharon 匹配] CF72A771-8ECF-4034-93F9-D6E7C0138B04.jpeg (相似度: 0.675)
  💜 [Sharon 匹配] DE3B82F6-DF5D-4223-9A77-12E48062075D.jpeg (相似度: 0.659)
  💜 [Sharon 匹配] IMG_3617.JPG (相似度: 0.668)
  💜 [Sharon 匹配] 68F7C677-1007-4C27-A355-97AA17693CE4.jpeg (相似度: 0.709)
  💜 [Sharon 匹配] 1E0DAF33-46CE-42C5-8E33-F1E2C6868595.jpeg (相似度: 0.625)
  💜 [Sharon 匹配] 7D88554E-F2C5-4DAA-B1D9-2D4C8DA58B7B.jpeg (相似度: 0.681)
  💖 [Sophia 匹配] IMG_3605.JPG (相似度: 0.533)
  💜 [Sharon 匹配] 86565E06-47E1-4AFC-B35D-94290FDD1AE2.jpeg (相似度: 0.606)
  💜 [Sharon 匹配] 6AA11BFB-FB3D-4DB6-89DD-FF3D615285FA.jpeg (相似度: 0.713)
  💜 [Sharon 匹配] D7C2E553-87CF-4552-BF8A-3721E55C5DC4.jpeg (相似度: 0.672)
  💜 [Sharon 匹配] AE442763-8054-41D9-B12A-15E4D4E0B88D.jpeg (相似度: 0.643)
  💜 [Sharon 匹配] BF30D0A8-C15C-4030-8030-F96CF674D607.jpeg (相似度: 0.640)
  💖 [Sophia 匹配] BF30D0A8-C15C-4030-8030-F96CF674D607.jpeg (相似度: 0.661)
  💜 [Sharon 匹配] 27701D02-CEFE-4F72-B893-F3BC541D8BA3.jpeg (相似度: 0.612)
  💖 [Sophia 匹配] 835138F4-673A-4DB3-925F-3D900F5B02F9.jpeg (相似度: 0.663)
  💜 [Sharon 匹配] IMG_3973.JPG (相似度: 0.533)
  💖 [Sophia 匹配] 39FB653D-3342-4A12-B676-576790740CFA.jpeg (相似度: 0.633)
  💖 [Sophia 匹配] IMG_4007.JPG (相似度: 0.550)
  💜 [Sharon 匹配] IMG_4007.JPG (相似度: 0.472)
  💖 [Sophia 匹配] 41EFDBA2-4A1B-4F3D-86CC-13CF2D6440A2.jpeg (相似度: 0.643)
  💖 [Sophia 匹配] 76C00002-453F-400C-B57B-EAB5BB554A6A.jpeg (相似度: 0.635)
  💜 [Sharon 匹配] 8D32E631-5FA9-42E1-A8BB-FFFBA6518D69.jpeg (相似度: 0.604)
  💖 [Sophia 匹配] 3B9712A1-A88F-4F78-8D52-9F2DE02BC061.jpeg (相似度: 0.546)
  💖 [Sophia 匹配] IMG_3999.JPG (相似度: 0.532)
  💖 [Sophia 匹配] 2E02B2B4-56F2-48CF-A80D-7CF45917F574.jpeg (相似度: 0.634)
  💜 [Sharon 匹配] 2E02B2B4-56F2-48CF-A80D-7CF45917F574.jpeg (相似度: 0.635)
  💜 [Sharon 匹配] FB81E17B-867E-4EDD-897D-BBC7AF268795.jpeg (相似度: 0.619)
  💖 [Sophia 匹配] E4058F32-FA87-4137-ABC6-3E334644F3BF.jpeg (相似度: 0.654)
  💜 [Sharon 匹配] 7589F231-32EF-4B65-951F-98280D0A9474_1_201_a.jpeg (相似度: 0.624)
  💜 [Sharon 匹配] IMG_4002.JPG (相似度: 0.575)
  💜 [Sharon 匹配] IMG_4003.JPG (相似度: 0.610)
  💜 [Sharon 匹配] IMG_3988.JPG (相似度: 0.596)
  💜 [Sharon 匹配] 32D89D31-D506-4701-957F-E01DF24EEF1F.jpeg (相似度: 0.676)
  💜 [Sharon 匹配] 43F6DC76-D27D-488C-9229-6BAF1CEDEA03.jpeg (相似度: 0.599)
  💜 [Sharon 匹配] 2CAB84C1-32B1-4280-AA25-B80FB1394536.jpeg (相似度: 0.630)
  💜 [Sharon 匹配] IMG_3991.JPG (相似度: 0.497)
  💜 [Sharon 匹配] IMG_3984.JPG (相似度: 0.487)
  💖 [Sophia 匹配] E52DF5F0-02A6-44D7-B63A-D1922CD0E674.jpeg (相似度: 0.596)
  💜 [Sharon 匹配] E52DF5F0-02A6-44D7-B63A-D1922CD0E674.jpeg (相似度: 0.634)
  💖 [Sophia 匹配] 1AF18944-22D4-4AA5-A2BF-891D282F869B.jpeg (相似度: 0.587)
  💜 [Sharon 匹配] 1AF18944-22D4-4AA5-A2BF-891D282F869B.jpeg (相似度: 0.674)
  💜 [Sharon 匹配] IMG_4144.JPG (相似度: 0.498)
  💜 [Sharon 匹配] IMG_3987.JPG (相似度: 0.613)
  💖 [Sophia 匹配] A83BC596-615B-448C-8176-E034118E2621.jpeg (相似度: 0.555)
  💜 [Sharon 匹配] A83BC596-615B-448C-8176-E034118E2621.jpeg (相似度: 0.695)
  💜 [Sharon 匹配] IMG_3993.JPG (相似度: 0.612)
  💜 [Sharon 匹配] IMG_3983.JPG (相似度: 0.629)
  💖 [Sophia 匹配] 27C534EC-E0EE-4823-BE76-1A6A13CE9F3C.jpeg (相似度: 0.577)
  💜 [Sharon 匹配] 27C534EC-E0EE-4823-BE76-1A6A13CE9F3C.jpeg (相似度: 0.677)
  💜 [Sharon 匹配] IMG_3996.JPG (相似度: 0.668)
  💖 [Sophia 匹配] 09881A87-F607-47D4-A4F9-D80A6B28E376.jpeg (相似度: 0.595)
  💜 [Sharon 匹配] 09881A87-F607-47D4-A4F9-D80A6B28E376.jpeg (相似度: 0.621)
  💜 [Sharon 匹配] IMG_3994.JPG (相似度: 0.493)
  💜 [Sharon 匹配] IMG_4143.JPG (相似度: 0.471)
  💜 [Sharon 匹配] 07D3AAAD-C84A-4CDE-A7A5-CF1768497F79.jpeg (相似度: 0.596)
  💖 [Sophia 匹配] 07D3AAAD-C84A-4CDE-A7A5-CF1768497F79.jpeg (相似度: 0.501)
  💜 [Sharon 匹配] IMG_3995.JPG (相似度: 0.636)
  💜 [Sharon 匹配] 5B62EE34-2B8F-4499-992D-FD203AC3C766.jpeg (相似度: 0.681)
  💖 [Sophia 匹配] 5B62EE34-2B8F-4499-992D-FD203AC3C766.jpeg (相似度: 0.597)
  💜 [Sharon 匹配] 4941096403330738135.96db27816bf41a362b4e2dd79d1d447a.23102308.JPG (相似度: 0.609)
  💖 [Sophia 匹配] 78DCEF5E-A668-40FD-AE60-59F9457405A6.jpeg (相似度: 0.584)
  💜 [Sharon 匹配] 78DCEF5E-A668-40FD-AE60-59F9457405A6.jpeg (相似度: 0.712)
  💜 [Sharon 匹配] 94262743-7B59-4C78-B4E4-25838A5585ED.jpeg (相似度: 0.626)
  💜 [Sharon 匹配] 4941096403330738135.61372dd792b903e0352fa2177a119771.23102308.JPG (相似度: 0.520)
  💖 [Sophia 匹配] 7662182C-CD68-4128-8A21-F5A0105CD33C.jpeg (相似度: 0.638)
  💜 [Sharon 匹配] 7662182C-CD68-4128-8A21-F5A0105CD33C.jpeg (相似度: 0.679)
  💜 [Sharon 匹配] 6E6E9E2E-B0C7-4A74-A5E7-E9B6E8BEC58C.jpeg (相似度: 0.765)
  💜 [Sharon 匹配] B1E0F018-95D0-490D-96E1-FD176D9CC25C.jpeg (相似度: 0.827)
  💜 [Sharon 匹配] 90465D9C-D938-4B68-A2E2-2C2AD0F1264F.jpeg (相似度: 0.842)
  💜 [Sharon 匹配] 954AEF60-9B61-4345-B4A4-7B81AB6A77C0.jpeg (相似度: 0.726)
  💜 [Sharon 匹配] IMG_4135.JPG (相似度: 0.479)
  💜 [Sharon 匹配] 7464721C-6A4E-40C2-BA83-526E95002A47.jpeg (相似度: 0.688)
  💜 [Sharon 匹配] 6CB8B244-062C-447D-9DE4-C68410799192.jpeg (相似度: 0.648)
  💜 [Sharon 匹配] C2B6DA4D-1B6D-4E83-B60D-E142409E709F.jpeg (相似度: 0.661)
  💜 [Sharon 匹配] 878056D8-3065-4D0B-8F80-BBE6D258987F.jpeg (相似度: 0.727)
  💜 [Sharon 匹配] IMG_3176.jpeg (相似度: 0.557)
  💜 [Sharon 匹配] 9330C210-DBC3-46E5-A49F-573A47B139ED.jpeg (相似度: 0.875)
  💜 [Sharon 匹配] FB2641EE-8BFB-4F7B-9359-AE94DDD66E63.jpeg (相似度: 0.760)
  💜 [Sharon 匹配] 91838F18-FAE5-4BBF-9D2C-5665C4F7B1FF.jpeg (相似度: 0.862)
  💜 [Sharon 匹配] B1BB6214-AE9D-4B51-AB9E-450E399C099C.jpeg (相似度: 0.983)
  💜 [Sharon 匹配] CCC80448-DA7D-4737-B2B1-F78E8C0FC4C9.jpeg (相似度: 0.751)
  💜 [Sharon 匹配] IMG_3177.jpeg (相似度: 0.555)
  💜 [Sharon 匹配] 05BC60B5-132B-4688-A153-657B28880E6D.jpeg (相似度: 0.830)
  💜 [Sharon 匹配] C829C984-0BBF-4184-A48D-3FC5AD05AF58.jpeg (相似度: 0.901)
  💜 [Sharon 匹配] A55A04FB-6F81-4C45-B12A-26CA535A99FB.jpeg (相似度: 0.776)
  💜 [Sharon 匹配] E4D3B260-ADCE-4AA3-B9BC-3E2A135C694C.jpeg (相似度: 0.640)
  💜 [Sharon 匹配] DA75BAC6-3571-495E-86A1-8B2F0E32E0F6.jpeg (相似度: 0.639)
  💜 [Sharon 匹配] CF61824E-D390-442A-834C-468AC3E72210.jpeg (相似度: 0.718)
  💜 [Sharon 匹配] D8A64E40-527B-4CA4-9534-BB8AE4C8F984.jpeg (相似度: 0.635)
  💜 [Sharon 匹配] 0BBB7B48-F686-435E-9947-B5A91F682320.jpeg (相似度: 0.816)
  💜 [Sharon 匹配] 2C580019-9FE1-4A67-89DD-B33CF0CFDCD5.jpeg (相似度: 0.723)
  💜 [Sharon 匹配] F984CBB3-A56B-47D1-8F68-7347812AA2D0.jpeg (相似度: 0.793)
  💜 [Sharon 匹配] 3CF7E120-7ABE-494C-BAD6-DF6A684DA322.jpeg (相似度: 0.865)
  💜 [Sharon 匹配] IMG_3178.jpeg (相似度: 0.554)
  💜 [Sharon 匹配] AA1CAEC4-5000-4066-B68A-C49FA9B07643.jpeg (相似度: 0.729)
  💜 [Sharon 匹配] EA095721-B25D-4AA9-9F79-B7F406AE153C.jpeg (相似度: 0.840)
  💜 [Sharon 匹配] 775495BC-5386-4373-9183-C5F51379B323.jpeg (相似度: 0.743)
  💜 [Sharon 匹配] IMG_3181.jpeg (相似度: 0.587)
  💜 [Sharon 匹配] 6A133D8C-FD4C-4AE3-B2A6-9E01C13A5013.jpeg (相似度: 0.708)
  💜 [Sharon 匹配] 3F00A5F0-7314-439F-8A32-B2D3887D0111.jpeg (相似度: 0.859)
  💜 [Sharon 匹配] 510ECE9B-C4E3-48AB-9132-DBA7FEDC1BFA.jpeg (相似度: 0.730)
  💜 [Sharon 匹配] IMG_3180.jpeg (相似度: 0.596)
  💜 [Sharon 匹配] 40B8EFF3-AAE0-43B8-9DB1-3362FCF2DF17.jpeg (相似度: 0.900)
  💜 [Sharon 匹配] 91865555-7943-4AEC-A708-6DD62EC4F70F.jpeg (相似度: 0.745)
  💜 [Sharon 匹配] E3E7C847-5219-447C-805A-1B6BC814BE53.jpeg (相似度: 0.740)
  💜 [Sharon 匹配] IMG_3179.jpeg (相似度: 0.592)
  💜 [Sharon 匹配] FBD05B33-2A84-48BA-AB54-79D1CB04CE49.jpeg (相似度: 0.704)
  💜 [Sharon 匹配] 07E1414F-383E-4A0D-A698-0F9133ADEB2C.jpeg (相似度: 0.836)
  💜 [Sharon 匹配] 95A9E799-185B-457A-A7E6-009A8E9BF744.jpeg (相似度: 0.873)
  💜 [Sharon 匹配] 31416593-95E4-4B66-BB7F-B38D92E176FB.jpeg (相似度: 0.876)
  💜 [Sharon 匹配] D0759E16-0862-4521-8AFF-FFA9D1B51AD5.jpeg (相似度: 0.823)
  💜 [Sharon 匹配] 1D1E8B81-6252-4D89-B029-FE63BB023A92.jpeg (相似度: 0.649)
  💜 [Sharon 匹配] 785A2DF7-1CDB-45B4-BC5A-55454C90E790.jpeg (相似度: 0.688)
  💜 [Sharon 匹配] 8FEB4AC0-3606-408A-A29B-EE4025A2A350.jpeg (相似度: 0.713)
  💜 [Sharon 匹配] 62F166AF-5AFC-4FBC-B20E-5730D24727E7.jpeg (相似度: 0.854)
  💜 [Sharon 匹配] 4EBDD59B-4BC3-4A49-9DAA-C7AA9AE0BD2C.jpeg (相似度: 0.725)
  💜 [Sharon 匹配] A147BB87-1D15-4A17-AC74-8FF7BE864126.jpeg (相似度: 0.660)
  💜 [Sharon 匹配] 572F67F8-56D2-4A9E-92E8-7F942134F4BD.jpeg (相似度: 0.850)
  💖 [Sophia 匹配] 31C37275-2027-46A8-8B1F-539FF553F270.jpeg (相似度: 0.582)
  💜 [Sharon 匹配] 31C37275-2027-46A8-8B1F-539FF553F270.jpeg (相似度: 0.638)
  💜 [Sharon 匹配] 6F5BD965-C698-468C-9A5A-B9607790E6F3.jpeg (相似度: 0.747)
  💜 [Sharon 匹配] FE4E022C-D243-4A42-9F5F-925FCD61929D.jpeg (相似度: 0.630)
  💜 [Sharon 匹配] BAE13CEA-C532-428D-8BA7-F2ED6B659131.jpeg (相似度: 0.888)
  💜 [Sharon 匹配] D1A0092B-BCC4-452C-8FB2-2374FFD458CD.jpeg (相似度: 0.805)
  💜 [Sharon 匹配] A1D0E32A-FE86-4DE8-A089-39798A60AB7E.jpeg (相似度: 0.748)
  💜 [Sharon 匹配] F2E8CF93-8B24-47D3-8B47-1CB79AFCBE8B.jpeg (相似度: 0.887)
  💜 [Sharon 匹配] 99449B9B-A074-44BC-B8D3-31AE3FBE1B04.jpeg (相似度: 0.723)
  💜 [Sharon 匹配] BD9544C1-DE23-41DC-A384-CC32F8F473EB.jpeg (相似度: 0.835)
  💜 [Sharon 匹配] 37EB65DD-CDB6-4B69-B89B-F5B08A733194.jpeg (相似度: 0.710)
  💜 [Sharon 匹配] 1C3C4697-44D5-4F00-923B-A0E64B68DA56.jpeg (相似度: 0.710)
  💜 [Sharon 匹配] IMG_2939.jpeg (相似度: 0.580)
  💜 [Sharon 匹配] C02AB18D-0308-4381-8A7D-B25D0E268847.jpeg (相似度: 0.852)
  💜 [Sharon 匹配] D1298C51-7C35-4FF1-ACA6-211BEC486734.jpeg (相似度: 0.758)
  💜 [Sharon 匹配] F3B04AF6-6818-49B8-8BC9-8FA3B946ACF4.jpeg (相似度: 0.759)
  💜 [Sharon 匹配] 6CA48627-A2BF-42CC-BECF-3478E0970C29.jpeg (相似度: 0.764)
  💖 [Sophia 匹配] IMG_2962.jpeg (相似度: 0.486)
  💜 [Sharon 匹配] 195182FE-0BAC-4104-9D6A-20EB5DC66A53.jpeg (相似度: 0.730)
  💜 [Sharon 匹配] 62BF2DC4-18E0-4FDD-81A4-01EBD7506650.jpeg (相似度: 0.692)
  💜 [Sharon 匹配] 16FEF6F4-B761-4214-9B9E-5EB6D4738969.jpeg (相似度: 0.874)
  💜 [Sharon 匹配] 0A3D557D-B1DC-44D0-BA20-23D4EA34D0ED.jpeg (相似度: 0.542)
  💜 [Sharon 匹配] IMG_2938.jpeg (相似度: 0.544)
  💜 [Sharon 匹配] 90D391C0-2155-4D9B-985B-E158D608A7B3.jpeg (相似度: 0.712)
  💜 [Sharon 匹配] 9E36816C-901F-4801-8E93-95887B3C6107.jpeg (相似度: 0.748)
  💜 [Sharon 匹配] 16955D75-B887-4378-8CCF-438B41C6BE5C.jpeg (相似度: 0.512)
  💜 [Sharon 匹配] 9EB6F92C-841E-480F-8B58-62AC59871ABA.jpeg (相似度: 0.741)
  💜 [Sharon 匹配] CF3B3F8B-79F4-45A5-9F70-011222EC82A3.jpeg (相似度: 0.709)
  💜 [Sharon 匹配] A48E4F66-5D04-4D34-AA5A-974688A6FFE1.jpeg (相似度: 0.755)
  💜 [Sharon 匹配] 9BCF75EB-33C3-414E-B8A4-B191799108EB.jpeg (相似度: 0.822)
  💜 [Sharon 匹配] 331839FE-7B6E-41DE-A2D1-19578DE70C68.jpeg (相似度: 0.830)
  💜 [Sharon 匹配] CE6AFCF7-FAA7-4C98-8538-ED8C27DBECCD.jpeg (相似度: 0.673)
  💜 [Sharon 匹配] 4C1D8BD9-BADA-416C-BCAD-8ADD46B2E750.jpeg (相似度: 0.839)
  💜 [Sharon 匹配] 842C174C-A048-4E72-B833-F7B3152B7439.jpeg (相似度: 0.844)
  💜 [Sharon 匹配] D9F902C2-9B25-40BC-8B5E-E3DF95A3FC15.jpeg (相似度: 0.687)
  💜 [Sharon 匹配] 322B787F-3261-4D11-B0B0-8D20C416200D.jpeg (相似度: 0.785)
  💜 [Sharon 匹配] 29940402-4006-48EF-9D39-D17D89AF6B02.jpeg (相似度: 0.664)
  💜 [Sharon 匹配] 8ED8DA07-D9BB-4424-920E-A3A740278040.jpeg (相似度: 0.865)
  💜 [Sharon 匹配] DSC03104.JPG (相似度: 0.635)
  💜 [Sharon 匹配] C50C4A0F-71CF-416D-B31F-4AD4D4E84BFF.jpeg (相似度: 0.979)
  💜 [Sharon 匹配] DSC03105.JPG (相似度: 0.661)
  💜 [Sharon 匹配] AF0FFD83-3026-45AA-BEA2-26908F5ABB68.jpeg (相似度: 0.718)
  💜 [Sharon 匹配] 1B3EF6ED-AD53-4BDF-B6A5-74504BACE52D.jpeg (相似度: 0.832)
  💜 [Sharon 匹配] 9B594293-DF32-46FB-9518-357EB0001517.jpeg (相似度: 0.837)
  💜 [Sharon 匹配] DSC03106.JPG (相似度: 0.637)
  💜 [Sharon 匹配] 842F1AD2-EF80-4E7C-B3A5-73E37121C626.jpeg (相似度: 0.671)
  💜 [Sharon 匹配] E4279B43-8F28-4354-BEE1-370A37811888.jpeg (相似度: 0.874)
  💜 [Sharon 匹配] DCDA95A6-BE8F-4462-9446-2C678EC6A655.jpeg (相似度: 0.717)
  💜 [Sharon 匹配] 30A97823-12E6-4E1F-9286-2C5FFDA0509E.jpeg (相似度: 0.707)
  💜 [Sharon 匹配] CA95D845-9FEE-49D5-A8B9-12DA885CA918.jpeg (相似度: 0.519)
  💜 [Sharon 匹配] C0D36847-A214-47C3-97DE-C550B811AC1B.jpeg (相似度: 0.735)
  💜 [Sharon 匹配] 813F43EA-3D64-4AFE-B0D1-8F9737EE7A2E.jpeg (相似度: 0.706)
  💜 [Sharon 匹配] IMG_8556.jpeg (相似度: 0.581)
  💜 [Sharon 匹配] F8CCE2AC-ED8D-479F-BF51-85568C800154.jpeg (相似度: 0.699)
  💜 [Sharon 匹配] IMG_8560.jpeg (相似度: 0.570)
  💖 [Sophia 匹配] 33003577-E6AD-4775-8ACE-CD942E605B15.jpeg (相似度: 0.467)
  💜 [Sharon 匹配] IMG_8561.jpeg (相似度: 0.596)
  💜 [Sharon 匹配] IMG_8557.jpeg (相似度: 0.590)
  💜 [Sharon 匹配] IMG_3684.JPG (相似度: 0.627)
  💖 [Sophia 匹配] 5D080E66-38BC-4649-85BD-D99403D7864E.jpeg (相似度: 0.513)
  💜 [Sharon 匹配] IMG_8550.jpeg (相似度: 0.517)
  💖 [Sophia 匹配] DE0EAA0E-0BDD-4B1F-8AC1-9A505FA0FFC7.jpeg (相似度: 0.683)
  💜 [Sharon 匹配] IMG_8551.jpeg (相似度: 0.525)
  💜 [Sharon 匹配] IMG_8547.jpeg (相似度: 0.536)
  💜 [Sharon 匹配] IMG_8564.jpeg (相似度: 0.632)
  💜 [Sharon 匹配] IMG_8548.jpeg (相似度: 0.568)
  💜 [Sharon 匹配] IMG_8552.jpeg (相似度: 0.522)
  💖 [Sophia 匹配] A5D85697-3150-48ED-A6FB-D9F401E3501F.jpeg (相似度: 0.603)
  💜 [Sharon 匹配] IMG_8553.jpeg (相似度: 0.479)
  💖 [Sophia 匹配] 71DAE9A9-54B4-41B6-9D47-2A25E132CC51.jpeg (相似度: 0.648)
  💜 [Sharon 匹配] A975ADE5-3FFF-4DAB-9840-303291DD2CAC.jpeg (相似度: 0.651)
  💜 [Sharon 匹配] IMG_8549.jpeg (相似度: 0.503)
  💖 [Sophia 匹配] 7C8056A1-8B16-49FD-9CA6-074E672F96FF.jpeg (相似度: 0.641)
  💜 [Sharon 匹配] IMG_8565.jpeg (相似度: 0.611)
  💜 [Sharon 匹配] 3CE12C3D-D2E9-499D-9486-215DFBB43768.jpeg (相似度: 0.533)
  💜 [Sharon 匹配] IMG_8554.jpeg (相似度: 0.625)
  💜 [Sharon 匹配] E3CE74F1-D052-4267-B51C-D945D18B479D.jpeg (相似度: 0.680)
  💜 [Sharon 匹配] 626580A9-8943-4BAE-B1E9-30B072DBB6B8.jpeg (相似度: 0.604)
  💜 [Sharon 匹配] IMG_8562.jpeg (相似度: 0.572)
  💜 [Sharon 匹配] 65FE5555-6F37-4402-A905-3DDCC0881A2B_1_201_a.jpeg (相似度: 0.600)
  💖 [Sophia 匹配] 0E0211D7-F094-4348-9CD6-B0314706BB7B.jpeg (相似度: 0.574)
  💜 [Sharon 匹配] IMG_8558.jpeg (相似度: 0.583)
  💜 [Sharon 匹配] 624D317F-4AF4-4C20-AF40-5AB2812428AF.jpeg (相似度: 0.643)
  💖 [Sophia 匹配] 62E3E17B-1C36-4D96-B80D-E2B8CA05A568.jpeg (相似度: 0.565)
  💜 [Sharon 匹配] IMG_8559.jpeg (相似度: 0.574)
  💖 [Sophia 匹配] 07F1FF55-262A-4B6C-B646-B0F113CED75B.jpeg (相似度: 0.527)
  💜 [Sharon 匹配] 07F1FF55-262A-4B6C-B646-B0F113CED75B.jpeg (相似度: 0.669)
  💜 [Sharon 匹配] IMG_8563.jpeg (相似度: 0.593)
  💖 [Sophia 匹配] E3C43EAA-FA4C-47D2-A9FF-8E47BF0CC7C3.jpeg (相似度: 0.580)
  💜 [Sharon 匹配] E3C43EAA-FA4C-47D2-A9FF-8E47BF0CC7C3.jpeg (相似度: 0.703)
  💜 [Sharon 匹配] B5096BC2-B8B5-401D-A07E-E4374996009D.jpeg (相似度: 0.690)
  💖 [Sophia 匹配] B5096BC2-B8B5-401D-A07E-E4374996009D.jpeg (相似度: 0.556)
  💜 [Sharon 匹配] IMG_8555.jpeg (相似度: 0.582)
  💜 [Sharon 匹配] B3B8FCD2-B2C6-47F1-8154-B8679A6E40ED.jpeg (相似度: 0.687)
  💖 [Sophia 匹配] B3B8FCD2-B2C6-47F1-8154-B8679A6E40ED.jpeg (相似度: 0.591)
  💖 [Sophia 匹配] 907CCFBB-4A30-4DCF-B378-61BBFECAE0C5.jpeg (相似度: 0.538)
  💜 [Sharon 匹配] 907CCFBB-4A30-4DCF-B378-61BBFECAE0C5.jpeg (相似度: 0.599)
  💜 [Sharon 匹配] IMG_3415.JPG (相似度: 0.666)
  💜 [Sharon 匹配] IMG_3429.JPG (相似度: 0.696)
  💜 [Sharon 匹配] DA33CC4F-F54C-43EB-8520-0A683A41DF46.jpeg (相似度: 0.638)
  💖 [Sophia 匹配] DA33CC4F-F54C-43EB-8520-0A683A41DF46.jpeg (相似度: 0.611)
  💜 [Sharon 匹配] IMG_3405.JPG (相似度: 0.548)
  💖 [Sophia 匹配] 2574CB5F-1F26-4749-A82D-AC668AF4FE87_1_201_a.jpeg (相似度: 0.683)
  💜 [Sharon 匹配] IMG_3406.JPG (相似度: 0.593)
  💖 [Sophia 匹配] 77757EFD-C876-4BF0-9F53-0174FF71C755.jpeg (相似度: 0.576)
  💜 [Sharon 匹配] 77757EFD-C876-4BF0-9F53-0174FF71C755.jpeg (相似度: 0.561)
  💖 [Sophia 匹配] 132751A6-DDB3-4CFE-A3ED-64E40BE4548A.jpeg (相似度: 0.661)
  💜 [Sharon 匹配] 132751A6-DDB3-4CFE-A3ED-64E40BE4548A.jpeg (相似度: 0.616)
  💜 [Sharon 匹配] 0BE388FF-5499-4C51-9847-540108EE7256.jpeg (相似度: 0.656)
  💖 [Sophia 匹配] 0BE388FF-5499-4C51-9847-540108EE7256.jpeg (相似度: 0.630)
  💜 [Sharon 匹配] D5F19105-E06C-4A6D-8008-14CF8C828E12_1_201_a.jpeg (相似度: 0.692)
  💜 [Sharon 匹配] IMG_3755.JPG (相似度: 0.625)
  💖 [Sophia 匹配] IMG_3755.JPG (相似度: 0.486)
  💖 [Sophia 匹配] B2A2AEB2-9390-4412-BDFD-D5B061883111.jpeg (相似度: 0.655)
  💜 [Sharon 匹配] B2A2AEB2-9390-4412-BDFD-D5B061883111.jpeg (相似度: 0.647)
  💖 [Sophia 匹配] 01F167D9-A95C-499F-A2D2-2FD6E1F1CC39_1_201_a.jpeg (相似度: 0.618)
  💜 [Sharon 匹配] 6F127E14-3C8C-414A-BAF0-EFB4169D551E.jpeg (相似度: 0.570)
  💖 [Sophia 匹配] B565895E-36EA-42D8-98EA-AA64594E4FB6_1_201_a.jpeg (相似度: 0.658)
  💜 [Sharon 匹配] B0485DE7-5DD3-4BCE-81A8-C95F9C335304.jpeg (相似度: 0.679)
  💜 [Sharon 匹配] 2448593C-843F-48E1-BAD9-67CBD4C3E4C7.jpeg (相似度: 0.549)
  💜 [Sharon 匹配] 114844B6-1AA8-4E16-80DF-2A3A069BDE3E.jpeg (相似度: 0.723)
  💜 [Sharon 匹配] IMG_3013.jpeg (相似度: 0.558)
  💜 [Sharon 匹配] 7E2B2F13-89FA-4CC0-A2F6-B7BBE05B1A9F.jpeg (相似度: 0.552)
  💜 [Sharon 匹配] IMG_3012.jpeg (相似度: 0.585)
  💜 [Sharon 匹配] 319AE68D-75DF-4011-B68F-1C1EF213588E.jpeg (相似度: 0.502)
  💖 [Sophia 匹配] F1DB4E26-7E14-48D5-81A4-431821D9133C.jpeg (相似度: 0.627)
  💜 [Sharon 匹配] IMG_3273.jpeg (相似度: 0.552)
  💖 [Sophia 匹配] IMG_3273.jpeg (相似度: 0.527)
  💜 [Sharon 匹配] EC441D2D-0B52-447C-901F-8F0814BF8438.jpeg (相似度: 0.624)
  💜 [Sharon 匹配] IMG_3265.jpeg (相似度: 0.600)
  💜 [Sharon 匹配] IMG_3269.jpeg (相似度: 0.611)
  💜 [Sharon 匹配] AD6F2BF8-241B-4B2C-9B4F-725F43EAB5DF.jpeg (相似度: 0.699)
  💜 [Sharon 匹配] IMG_3268.jpeg (相似度: 0.549)
  💜 [Sharon 匹配] A51D92F5-8D97-4E28-B920-EE6781C3F71F.jpeg (相似度: 0.534)
  💜 [Sharon 匹配] 7C93553F-756F-4DE2-9425-3E865B587E15_1_201_a.jpeg (相似度: 0.680)
  💖 [Sophia 匹配] IMG_3272.jpeg (相似度: 0.479)
  💜 [Sharon 匹配] IMG_3272.jpeg (相似度: 0.571)
  💖 [Sophia 匹配] AD610B4B-119F-4EEF-B44A-C0FC85EEE4AF_1_201_a.jpeg (相似度: 0.675)
  💜 [Sharon 匹配] IMG_3279.jpeg (相似度: 0.661)
  💜 [Sharon 匹配] IMG_3280.jpeg (相似度: 0.647)
  💜 [Sharon 匹配] BB9EAF90-6C59-4FAE-801D-E1B6FFB457EB.jpeg (相似度: 0.680)
  💖 [Sophia 匹配] 7529F7EB-1DB0-4F71-9EBD-D9F3C0F67980.jpeg (相似度: 0.592)
  💜 [Sharon 匹配] IMG_3275.jpeg (相似度: 0.586)
  💖 [Sophia 匹配] D7D66A1F-B810-4061-82B8-07FF6C6A8562.jpeg (相似度: 0.651)
  💜 [Sharon 匹配] D7D66A1F-B810-4061-82B8-07FF6C6A8562.jpeg (相似度: 0.671)
  💜 [Sharon 匹配] IMG_3281.jpeg (相似度: 0.569)
  💜 [Sharon 匹配] 68EB8226-9C17-42B2-9A27-9168B51BF7B9.jpeg (相似度: 0.692)
  💜 [Sharon 匹配] IMG_3276.jpeg (相似度: 0.582)
  💜 [Sharon 匹配] 165E4019-A5BB-4AF8-910F-D94C768BFC40.jpeg (相似度: 0.687)
  💜 [Sharon 匹配] IMG_3267.jpeg (相似度: 0.587)
  💜 [Sharon 匹配] IMG_3271.jpeg (相似度: 0.532)
  💖 [Sophia 匹配] 2CA6266D-DB9F-4809-88C4-46809A1D002C.jpeg (相似度: 0.678)
  💜 [Sharon 匹配] 2CA6266D-DB9F-4809-88C4-46809A1D002C.jpeg (相似度: 0.666)
  💜 [Sharon 匹配] IMG_3270.jpeg (相似度: 0.571)
  💜 [Sharon 匹配] 35EB2CB8-407C-4AE4-A8E4-F39A38166F34.jpeg (相似度: 0.674)
  💜 [Sharon 匹配] IMG_3266.jpeg (相似度: 0.613)
  💜 [Sharon 匹配] 9A87FDAD-5044-4380-A36F-82857241AB4B.jpeg (相似度: 0.669)
  💜 [Sharon 匹配] 1B297CAB-E691-4A88-A40A-99E5E20C5F1A.jpeg (相似度: 0.723)
  💜 [Sharon 匹配] BCDE98B8-6DB9-4C66-885D-D13278F8BE5C.jpeg (相似度: 0.740)
  💜 [Sharon 匹配] IMG_3546.JPG (相似度: 0.592)
  💜 [Sharon 匹配] 0D57FD2B-CFF4-4B76-992D-1D1E351F5D17.jpeg (相似度: 0.650)
  💜 [Sharon 匹配] 0CDC78C2-CB42-4735-ACB5-D7B0FA60B73B.jpeg (相似度: 0.699)
  💜 [Sharon 匹配] 1CDD8A4D-976C-4234-8BB5-06C099BD0581.jpeg (相似度: 0.725)
  💜 [Sharon 匹配] IMG_3052.JPG (相似度: 0.551)
  💜 [Sharon 匹配] IMG_3047.JPG (相似度: 0.457)
  💜 [Sharon 匹配] 2F9B1A59-64E5-47BD-BBEE-427986F3AF4D.jpeg (相似度: 0.665)
  💜 [Sharon 匹配] IMG_3053.JPG (相似度: 0.533)
  💜 [Sharon 匹配] IMG_3048.JPG (相似度: 0.455)
  💜 [Sharon 匹配] D8A1B7DC-FD26-4B8D-95F0-1E316C29F6C3.jpeg (相似度: 0.530)
  💜 [Sharon 匹配] IMG_4580.jpeg (相似度: 0.552)
  💜 [Sharon 匹配] 6E398131-7688-4B8D-9E2D-9751F4658E9D.jpeg (相似度: 0.641)
  💜 [Sharon 匹配] 4ABB53C8-011D-47C4-BFB2-D0BD42091AF3.jpeg (相似度: 0.662)
  💜 [Sharon 匹配] 96D443F8-4AB1-43DB-B515-0ADD4234A787.jpeg (相似度: 0.689)
  💜 [Sharon 匹配] IMG_4587.jpeg (相似度: 0.535)
  💜 [Sharon 匹配] IMG_4615.jpeg (相似度: 0.532)
  💖 [Sophia 匹配] 68DB7998-23FC-41C2-9B49-B399EE5FA367.jpeg (相似度: 0.507)
  💜 [Sharon 匹配] 68DB7998-23FC-41C2-9B49-B399EE5FA367.jpeg (相似度: 0.673)
  💜 [Sharon 匹配] 175B8F30-6E18-4D6D-ADE4-D5FF636BFB8E.jpeg (相似度: 0.676)
  💜 [Sharon 匹配] E8DAAEDD-BCAD-4D24-851B-DCE798DA5A1B.jpeg (相似度: 0.609)
  💖 [Sophia 匹配] 7F721850-B1DE-4C70-A38F-7530EED33248.jpeg (相似度: 0.584)
  💜 [Sharon 匹配] IMG_3147.JPG (相似度: 0.569)
  💖 [Sophia 匹配] D1375AAF-F74C-4633-81A9-D9F688CE42C3.jpeg (相似度: 0.631)
  💜 [Sharon 匹配] 17B6E3F5-0D23-4EE9-961C-4B586272EBB1.jpeg (相似度: 0.684)
  💖 [Sophia 匹配] 17B6E3F5-0D23-4EE9-961C-4B586272EBB1.jpeg (相似度: 0.632)
  💜 [Sharon 匹配] IMG_3150.JPG (相似度: 0.558)
  💜 [Sharon 匹配] IMG_3166.JPG (相似度: 0.561)
  💜 [Sharon 匹配] 99555347-3B95-40BD-8721-445654CDEB9A.jpeg (相似度: 0.717)
  💜 [Sharon 匹配] IMG_3164.JPG (相似度: 0.630)
  💜 [Sharon 匹配] IMG_3170.JPG (相似度: 0.580)
  💜 [Sharon 匹配] F9A49511-C3D7-4D36-B59F-3D6DBBFDAE8A_1_201_a.jpeg (相似度: 0.623)
  💜 [Sharon 匹配] IMG_3161.JPG (相似度: 0.615)
  💜 [Sharon 匹配] IMG_3149.JPG (相似度: 0.599)
  💜 [Sharon 匹配] C1500D17-E22B-4172-ADEE-6901AEAB20A0.jpeg (相似度: 0.670)
  💜 [Sharon 匹配] 791C7FC1-9B23-4FF3-81A3-4A12A3272BD8.jpeg (相似度: 0.696)
  💜 [Sharon 匹配] IMG_3148.JPG (相似度: 0.567)
  💜 [Sharon 匹配] IMG_3160.JPG (相似度: 0.609)
  💜 [Sharon 匹配] E5848561-46BB-4CC5-B157-3F215ECF433D.jpeg (相似度: 0.717)
  💜 [Sharon 匹配] IMG_3162.JPG (相似度: 0.616)
  💜 [Sharon 匹配] IMG_3163.JPG (相似度: 0.607)
  💜 [Sharon 匹配] 877093CC-543B-41E5-80E8-94B492B2FD14.jpeg (相似度: 0.735)
  💖 [Sophia 匹配] 7BE32421-F7EC-431C-8953-DB23E82DD9A5.jpeg (相似度: 0.552)
  💜 [Sharon 匹配] 0C984BB5-472C-466E-B432-0965EC4CAFDA.jpeg (相似度: 0.769)
  💜 [Sharon 匹配] E3562C06-0CF5-4EBB-9550-E3CC9BF301DD.jpeg (相似度: 0.611)
  💖 [Sophia 匹配] 96B2B505-B9D5-4AC6-8847-EBB9C36B6456.jpeg (相似度: 0.641)
  💜 [Sharon 匹配] 96B2B505-B9D5-4AC6-8847-EBB9C36B6456.jpeg (相似度: 0.703)
  💜 [Sharon 匹配] 30261BAD-3FF5-4B4E-A182-595508DB33B5.jpeg (相似度: 0.683)
  💖 [Sophia 匹配] 30261BAD-3FF5-4B4E-A182-595508DB33B5.jpeg (相似度: 0.656)
  💜 [Sharon 匹配] A5223394-B627-44BE-A2BD-D54570B30C26.jpeg (相似度: 0.713)
  💜 [Sharon 匹配] 6E169731-0EF8-4C9A-9F44-E02406FADD3A.jpeg (相似度: 0.719)
  💜 [Sharon 匹配] E71E594B-2F0E-4D42-A49C-85F000C0A1CA.jpeg (相似度: 0.678)
  💜 [Sharon 匹配] IMG_3115.jpeg (相似度: 0.529)
  💜 [Sharon 匹配] 04E0BD32-C76C-4B93-9F7D-E140FA600EA2.jpeg (相似度: 0.701)
  💜 [Sharon 匹配] 58E7DDCB-583F-4AA7-A4F1-410D84CDD5CE.jpeg (相似度: 0.664)
  💜 [Sharon 匹配] IMG_3114.jpeg (相似度: 0.558)
  💜 [Sharon 匹配] 144D38F1-E4C9-46DC-A2EE-D40658CB9CE7.jpeg (相似度: 0.642)
  💖 [Sophia 匹配] 3748853F-77AE-4F05-9979-537E74340EFF.jpeg (相似度: 0.591)
  💜 [Sharon 匹配] 3748853F-77AE-4F05-9979-537E74340EFF.jpeg (相似度: 0.697)
  💜 [Sharon 匹配] IMG_4236.jpeg (相似度: 0.535)
  💜 [Sharon 匹配] 38AD8401-6B9E-4C9B-9FAA-308B77595D70.jpeg (相似度: 0.707)
  💜 [Sharon 匹配] IMG_4241.jpeg (相似度: 0.553)
  💖 [Sophia 匹配] F382570B-A29E-453E-8F56-532742D99245.jpeg (相似度: 0.566)
  💜 [Sharon 匹配] F382570B-A29E-453E-8F56-532742D99245.jpeg (相似度: 0.681)
  💜 [Sharon 匹配] IMG_4240.jpeg (相似度: 0.561)
  💜 [Sharon 匹配] IMG_4237.jpeg (相似度: 0.569)
  💜 [Sharon 匹配] 62281F5A-BA7C-4840-B405-AF395B80669A.jpeg (相似度: 0.645)
  💜 [Sharon 匹配] IMG_4245.jpeg (相似度: 0.545)
  💜 [Sharon 匹配] IMG_4225.jpeg (相似度: 0.554)
  💜 [Sharon 匹配] IMG_4244.jpeg (相似度: 0.492)
  💖 [Sophia 匹配] 8CECF3D1-CCE6-42D3-B67C-91212D74B69B.jpeg (相似度: 0.520)
  💜 [Sharon 匹配] IMG_4238.jpeg (相似度: 0.586)
  💖 [Sophia 匹配] 4A980A82-70EE-4538-A046-6BCEA7F85157.jpeg (相似度: 0.557)
  💜 [Sharon 匹配] 4A980A82-70EE-4538-A046-6BCEA7F85157.jpeg (相似度: 0.680)
  💜 [Sharon 匹配] IMG_4243.jpeg (相似度: 0.595)
  💜 [Sharon 匹配] D67AA847-BC24-4CF2-B23A-24EED6F8C1FB.jpeg (相似度: 0.658)
  💜 [Sharon 匹配] 60AF62E4-6E80-4503-BCD9-03A1269B19D6.jpeg (相似度: 0.682)
  💖 [Sophia 匹配] DCE316AB-3A24-471E-9505-08F72487CC83.jpeg (相似度: 0.485)
  💜 [Sharon 匹配] 769F9E7B-83A1-4CDC-A3CB-5AF9C9B9118C.jpeg (相似度: 0.662)
  💖 [Sophia 匹配] 0D5ACE4F-A3E9-4C97-B6CE-AEF41BE82378.jpeg (相似度: 0.584)
  💜 [Sharon 匹配] 36820297-17BF-410A-9440-61312FF98BA9.jpeg (相似度: 0.620)
  💖 [Sophia 匹配] 77597E22-ADE6-43FA-B060-1F774AFF2C91.jpeg (相似度: 0.622)
  💜 [Sharon 匹配] 77597E22-ADE6-43FA-B060-1F774AFF2C91.jpeg (相似度: 0.732)
  💖 [Sophia 匹配] EFAC3A76-5726-421A-9B82-A05C05223493.jpeg (相似度: 0.631)
  💖 [Sophia 匹配] FE3B682E-33CF-441D-9BA9-0B3EB95FD761.jpeg (相似度: 0.532)
  💖 [Sophia 匹配] 6038BA6B-EEC8-4027-ABBD-D9E5123121FF.jpeg (相似度: 0.617)
  💜 [Sharon 匹配] 6038BA6B-EEC8-4027-ABBD-D9E5123121FF.jpeg (相似度: 0.717)
  💜 [Sharon 匹配] 7EFD372A-BEF1-4662-9835-51F18EFDDE74.jpeg (相似度: 0.664)
  💖 [Sophia 匹配] C6EE3635-A674-429C-BC81-CEEDA485E218.jpeg (相似度: 0.661)
  💜 [Sharon 匹配] IMG_3398.jpeg (相似度: 0.471)
  💜 [Sharon 匹配] 89927CBF-6FB5-4537-AB31-A93227FAF0D4.jpeg (相似度: 0.684)
  💜 [Sharon 匹配] 4F18C83A-1D63-4F70-B389-858F5EF77E60.jpeg (相似度: 0.599)
  💖 [Sophia 匹配] BC7713BC-284C-4403-A9C8-C7CE068EF669.jpeg (相似度: 0.577)
  💖 [Sophia 匹配] C2807449-D213-4CE1-95C1-0DC9B4072529.jpeg (相似度: 0.508)
  💖 [Sophia 匹配] 25E940C5-6BD7-4103-B83D-42004FC807B4.jpeg (相似度: 0.603)
  💜 [Sharon 匹配] F006A3DD-258D-4C23-865B-63CA18C3992E.jpeg (相似度: 0.606)
  💖 [Sophia 匹配] F006A3DD-258D-4C23-865B-63CA18C3992E.jpeg (相似度: 0.611)
  💖 [Sophia 匹配] 249292D9-679C-4CE2-B2E9-B495724132C2.jpeg (相似度: 0.552)
  💜 [Sharon 匹配] IMG_3110.jpeg (相似度: 0.508)
  💜 [Sharon 匹配] 0C30CF17-3B7D-437E-B8B2-D6920CD03669.jpeg (相似度: 0.619)
  💜 [Sharon 匹配] IMG_3413.jpeg (相似度: 0.621)
  💜 [Sharon 匹配] C77B2C3E-9708-48E6-88EC-34EE1FAF5711.jpeg (相似度: 0.669)
  💜 [Sharon 匹配] 1BA6EE19-9DB5-483C-810E-1A1F3D7559DE.jpeg (相似度: 0.629)
  💖 [Sophia 匹配] 05943D9A-9116-4281-B43A-03418274F010.jpeg (相似度: 0.611)
  💜 [Sharon 匹配] IMG_3109.jpeg (相似度: 0.586)
  💖 [Sophia 匹配] 9B25B92A-8FD7-463A-A8D5-DA6CF1CE16CB.jpeg (相似度: 0.646)
  💜 [Sharon 匹配] IMG_3104.jpeg (相似度: 0.605)
  💖 [Sophia 匹配] 2B0AB1CB-5D1F-4BF7-AB44-53EC9A1A5F13.jpeg (相似度: 0.501)
  💜 [Sharon 匹配] A088438A-DB69-4B8C-990A-AE9152F026A4.jpeg (相似度: 0.645)
  💖 [Sophia 匹配] 4270A2AF-ADEC-4A83-8198-3660BB819A15.jpeg (相似度: 0.640)
  💜 [Sharon 匹配] IMG_3397.jpeg (相似度: 0.582)
  💖 [Sophia 匹配] 1335D9AD-E121-425A-BC42-C1D78475B325.jpeg (相似度: 0.591)
  💜 [Sharon 匹配] 0B75C304-F45E-4D32-BFD7-007EE048387D.jpeg (相似度: 0.680)
  💜 [Sharon 匹配] IMG_3740.jpeg (相似度: 0.642)
  💜 [Sharon 匹配] EE0EF0E3-31D6-403B-A47C-24CB8AEB1ECD_1_201_a.jpeg (相似度: 0.693)
  💜 [Sharon 匹配] A6987887-82D2-4F64-A709-A8840C932144.jpeg (相似度: 0.695)
  💜 [Sharon 匹配] IMG_3739.jpeg (相似度: 0.640)
  💖 [Sophia 匹配] F9DFF1F4-758B-470B-909F-3E3652E86C3F.jpeg (相似度: 0.646)
  💜 [Sharon 匹配] IMG_3743.jpeg (相似度: 0.543)
  💜 [Sharon 匹配] IMG_3811.jpeg (相似度: 0.460)
  💖 [Sophia 匹配] 57AA2E3F-0770-49E6-A82C-796527E3282F.jpeg (相似度: 0.469)
  💜 [Sharon 匹配] IMG_4021.jpeg (相似度: 0.591)
  💜 [Sharon 匹配] IMG_4020.jpeg (相似度: 0.575)
  💖 [Sophia 匹配] 303DF57F-B1A3-4952-A96B-8BE6A02FD9AE.jpeg (相似度: 0.653)
  💜 [Sharon 匹配] IMG_4027.jpeg (相似度: 0.631)
  💜 [Sharon 匹配] D0D37C07-FE50-4AD6-94DB-05E1126EC6FE.jpeg (相似度: 0.671)
  💜 [Sharon 匹配] IMG_4031.jpeg (相似度: 0.532)
  💖 [Sophia 匹配] FCBA8803-7269-4D7F-BBDD-44240F65026E.jpeg (相似度: 0.553)
  💜 [Sharon 匹配] IMG_4033.jpeg (相似度: 0.537)
  💜 [Sharon 匹配] FF5B5A74-BA99-43F8-BAF6-53073E00ED2B.jpeg (相似度: 0.603)
  💜 [Sharon 匹配] IMG_4032.jpeg (相似度: 0.539)
  💖 [Sophia 匹配] E1C785C0-7173-4EB7-8F6C-32359FBFB651.jpeg (相似度: 0.561)
  💜 [Sharon 匹配] A17997E8-2386-45CF-BFD9-37470EEC4B2F.jpeg (相似度: 0.680)
  💜 [Sharon 匹配] IMG_4022.jpeg (相似度: 0.465)
  💖 [Sophia 匹配] 6294C8EC-8877-4667-9F25-685845AB8016.jpeg (相似度: 0.679)
  💜 [Sharon 匹配] 6294C8EC-8877-4667-9F25-685845AB8016.jpeg (相似度: 0.733)
  💜 [Sharon 匹配] IMG_3286.jpeg (相似度: 0.589)
  💜 [Sharon 匹配] IMG_3287.jpeg (相似度: 0.555)
  💜 [Sharon 匹配] IMG_3259.jpeg (相似度: 0.650)
  💖 [Sophia 匹配] 435D3CD4-60D2-4964-8946-CC099C799716.jpeg (相似度: 0.650)
  💜 [Sharon 匹配] IMG_3258.jpeg (相似度: 0.607)
  💖 [Sophia 匹配] 4D231F66-CDFD-4DB6-9255-4E2D4F55BFC3.jpeg (相似度: 0.453)
  💜 [Sharon 匹配] IMG_3257.jpeg (相似度: 0.583)
  💜 [Sharon 匹配] A7CD46E9-EC4F-4825-BDF0-F86D7B31566E_1_201_a.jpeg (相似度: 0.723)
  💜 [Sharon 匹配] IMG_3288.jpeg (相似度: 0.576)
  💜 [Sharon 匹配] 86FDB8B4-22D8-48C2-A6DE-5DF09F34EE8D.jpeg (相似度: 0.572)
  💜 [Sharon 匹配] IMG_3289.jpeg (相似度: 0.594)
  💜 [Sharon 匹配] 1E222474-9F05-4670-BB33-F4B9A5B7F4C3.jpeg (相似度: 0.607)
  💜 [Sharon 匹配] FullSizeRender (1).JPG (相似度: 0.623)
  💜 [Sharon 匹配] BE232681-D6D6-42BD-A508-6458BA35DF56.jpeg (相似度: 0.455)
  💜 [Sharon 匹配] 00299D60-DE15-483F-8DA8-0CA7F2E68BEF.jpeg (相似度: 0.506)
  💜 [Sharon 匹配] BEDC19C3-83E6-4D31-B844-9BCDFE1E3B94_1_201_a.jpeg (相似度: 0.612)
  💜 [Sharon 匹配] 83BEA5F4-A485-46A3-9E15-9EEFF966EEF7.jpeg (相似度: 0.573)
  💜 [Sharon 匹配] FullSizeRender.JPG (相似度: 0.598)
  💜 [Sharon 匹配] 77BE045A-9DCB-4D44-8E6D-31EE1D9FD6A9.jpeg (相似度: 0.570)
  💜 [Sharon 匹配] 407052E7-C370-4EC1-8F55-F70D360A9226.jpeg (相似度: 0.579)
  💜 [Sharon 匹配] 1EB0C82D-E7A5-4429-86EE-96AF07A66CFF.jpeg (相似度: 0.603)
  💜 [Sharon 匹配] FullSizeRender (4).JPG (相似度: 0.653)
  💜 [Sharon 匹配] D7C34326-2632-4BE3-86BE-A467976742D8.jpeg (相似度: 0.575)
  💜 [Sharon 匹配] FullSizeRender (3).JPG (相似度: 0.674)
  💜 [Sharon 匹配] 948B0FE4-C8A4-4434-A5A3-4882517BDE9C.jpeg (相似度: 0.560)
  💜 [Sharon 匹配] FullSizeRender (2).JPG (相似度: 0.674)
  💜 [Sharon 匹配] F6456E10-9205-4016-88F1-B5845086594D.jpeg (相似度: 0.724)
  💜 [Sharon 匹配] 3E1149A9-8BE8-41C0-80E6-2167E5C5DAA2.jpeg (相似度: 0.586)
  💜 [Sharon 匹配] 4BC99232-C660-46E6-B7E0-77306662D759.jpeg (相似度: 0.625)
  💖 [Sophia 匹配] 4BC99232-C660-46E6-B7E0-77306662D759.jpeg (相似度: 0.726)
  💜 [Sharon 匹配] 110A354A-23A4-4B55-BD92-0AAE42BE1AF9.jpeg (相似度: 0.482)
  💖 [Sophia 匹配] D6C1C033-5232-4F2C-8776-1DDE57F9923A.jpeg (相似度: 0.594)
  💜 [Sharon 匹配] 7A696F8E-F404-403C-A959-4B4E2B813A7D.jpeg (相似度: 0.513)
  💜 [Sharon 匹配] B503B87A-2547-4FC7-B184-26934F6BE2B2.jpeg (相似度: 0.570)
  💖 [Sophia 匹配] D2DECB67-B0A0-4869-9FA8-11ABE72F57A1.jpeg (相似度: 0.562)
  💜 [Sharon 匹配] 052791DF-18B0-4598-BDF7-878571CA5896.jpeg (相似度: 0.585)
  💜 [Sharon 匹配] 90C068DB-F4F0-4EE1-AEBC-60C99B930AEC.jpeg (相似度: 0.539)
  💜 [Sharon 匹配] 9FE9D5A0-CB14-4D95-BC3D-5D7A5F509CED.jpeg (相似度: 0.590)
  💖 [Sophia 匹配] 006E115A-C855-411A-8EEC-0D007D0F2717.jpeg (相似度: 0.788)
  💜 [Sharon 匹配] 006E115A-C855-411A-8EEC-0D007D0F2717.jpeg (相似度: 0.595)
  💖 [Sophia 匹配] FF7ADD92-A314-45C7-A42B-A8DEA7C04E9B.jpeg (相似度: 0.761)
  💜 [Sharon 匹配] FF7ADD92-A314-45C7-A42B-A8DEA7C04E9B.jpeg (相似度: 0.648)
  💖 [Sophia 匹配] 3C233125-A208-415B-8317-360C055D24F2.jpeg (相似度: 0.612)
  💜 [Sharon 匹配] 11785BDB-B866-4376-9791-AA937BAF9023.jpeg (相似度: 0.502)
  💜 [Sharon 匹配] FB2F9E0A-E4CD-4BAE-A493-234A1B836F5F.jpeg (相似度: 0.607)
  💜 [Sharon 匹配] 3A98C178-58BF-4205-95F9-273BD7384E8B.jpeg (相似度: 0.590)
  💖 [Sophia 匹配] 9245F8C4-4FD1-4AD8-893D-8586BC1D7AC2.jpeg (相似度: 0.652)
  💜 [Sharon 匹配] 715B1A08-A465-49A4-98D4-2F38D2A7FE37.jpeg (相似度: 0.504)
  💜 [Sharon 匹配] 29138DA2-8F82-4817-9DA1-8B0D8EA41DD3.jpeg (相似度: 0.515)
  💖 [Sophia 匹配] BD8DDA44-546F-4C64-AD63-D0DD9B088736_1_201_a.jpeg (相似度: 0.598)
  💜 [Sharon 匹配] 526414E0-4148-4A54-850A-7D220DD7AEE3.jpeg (相似度: 0.523)
  💜 [Sharon 匹配] BC471A91-CE5E-40A7-B948-8BD60668667D.jpeg (相似度: 0.561)
  💖 [Sophia 匹配] 6C585FD7-A4F2-4E61-BAE0-EDD9FF42E05B.jpeg (相似度: 0.692)
  💜 [Sharon 匹配] 6C585FD7-A4F2-4E61-BAE0-EDD9FF42E05B.jpeg (相似度: 0.599)
  💜 [Sharon 匹配] A87FEB1B-8568-4DAE-888D-91E01E1012C4.jpeg (相似度: 0.589)
  💖 [Sophia 匹配] 7EFED771-82D1-4795-8015-7CF978FF9FD8.jpeg (相似度: 0.708)
  💜 [Sharon 匹配] B7891360-309D-4CA2-8E71-59D84AA57E05.jpeg (相似度: 0.621)
  💖 [Sophia 匹配] B7891360-309D-4CA2-8E71-59D84AA57E05.jpeg (相似度: 0.716)
  💖 [Sophia 匹配] 38AD07E3-0556-4266-A48F-593CFE3DB0ED.jpeg (相似度: 0.662)
  💜 [Sharon 匹配] 62EB5BF0-7395-4A30-B07C-C214421BAD59_1_201_a.jpeg (相似度: 0.663)
  💖 [Sophia 匹配] AF561D1F-CB1D-42A8-BD1B-E614268CE9AD.jpeg (相似度: 0.573)
  💜 [Sharon 匹配] D24ABDCB-ACC1-4D83-A0B3-72FAA2B5AFA4.jpeg (相似度: 0.494)
  💜 [Sharon 匹配] 31560909-CFAA-4EFF-838E-8E040138AE98.jpeg (相似度: 0.635)
  💖 [Sophia 匹配] 31560909-CFAA-4EFF-838E-8E040138AE98.jpeg (相似度: 0.671)
  💖 [Sophia 匹配] C50B6822-4611-4AEF-A00A-48E4BCE125AA.jpeg (相似度: 0.728)
  💜 [Sharon 匹配] C50B6822-4611-4AEF-A00A-48E4BCE125AA.jpeg (相似度: 0.594)
  💖 [Sophia 匹配] 5BD2136E-3E53-4604-952C-E620A529A638.jpeg (相似度: 0.741)
  💜 [Sharon 匹配] 5BD2136E-3E53-4604-952C-E620A529A638.jpeg (相似度: 0.704)
⏳ 已辨識 1500 / 5356 張相片 (774.8 秒)...
  💖 [Sophia 匹配] A88F2863-A75C-4060-88E9-2FEE16DE6EB7.jpeg (相似度: 0.750)
  💜 [Sharon 匹配] A88F2863-A75C-4060-88E9-2FEE16DE6EB7.jpeg (相似度: 0.601)
  💜 [Sharon 匹配] F89ADB89-F3C5-4B53-B7F5-E4CE23D3BA69.jpeg (相似度: 0.677)
  💜 [Sharon 匹配] 15A1F24F-7E20-456E-BFD4-08C83AAC76D5.jpeg (相似度: 0.651)
  💜 [Sharon 匹配] 79A0798B-C6EB-4FA9-BC8E-C4125CA1D36F.jpeg (相似度: 0.621)
  💜 [Sharon 匹配] BE6AA9FA-FC7F-4F6D-B1A6-5E2BC87B7532.jpeg (相似度: 0.463)
  💜 [Sharon 匹配] 0308230D-9FE4-4465-8BDD-87A08F2C0445_1_201_a.jpeg (相似度: 0.529)
  💜 [Sharon 匹配] 7817AA74-ABE3-478B-99A6-DD9813F99EEA.jpeg (相似度: 0.587)
  💖 [Sophia 匹配] 169EE0A7-9417-48C4-B633-9283537A6E59.jpeg (相似度: 0.607)
  💖 [Sophia 匹配] 31043538-DB30-4939-AC04-BBE4087676CE.jpeg (相似度: 0.683)
  💜 [Sharon 匹配] D0F2B428-474D-4DB1-9E38-8E67BC603287.jpeg (相似度: 0.557)
  💖 [Sophia 匹配] 7FB04777-84FD-4C9A-AFBC-CBAA2AEC212C.jpeg (相似度: 0.713)
  💖 [Sophia 匹配] 3F56340E-D035-4DB1-9C34-D3872B0A369B.jpeg (相似度: 0.598)
  💜 [Sharon 匹配] 415AEB0A-D69F-4EC9-867A-94861B9507A1.jpeg (相似度: 0.501)
  💖 [Sophia 匹配] F29DEB04-F737-4E28-982B-CBE6A81C48F2.jpeg (相似度: 0.672)
  💜 [Sharon 匹配] 31F8CC23-F5FB-40BE-A489-47A21FCD51D9.jpeg (相似度: 0.580)
  💖 [Sophia 匹配] 03A87965-E97A-49B2-8622-C9607C3B0079.jpeg (相似度: 0.611)
  💜 [Sharon 匹配] E752BFF4-D932-4D84-8D46-C878579EFD48.jpeg (相似度: 0.634)
  💖 [Sophia 匹配] 5253F893-B68C-45CA-B984-43AAB7B58B0E.jpeg (相似度: 0.553)
  💜 [Sharon 匹配] 6D821393-D612-4105-B42A-347A0EFE4F23.jpeg (相似度: 0.644)
  💖 [Sophia 匹配] 24B6AF57-DCAA-4651-8554-FAFA60C435E1.jpeg (相似度: 0.632)
  💜 [Sharon 匹配] 9A5F5057-782B-474A-BF09-38BBF3FA8632.jpeg (相似度: 0.667)
  💜 [Sharon 匹配] FC9510FA-0D6E-4E1F-9D55-BF91635E60C6.jpeg (相似度: 0.625)
  💖 [Sophia 匹配] D885C77F-A3B2-4A18-BDC1-821840F19BCD.jpeg (相似度: 0.709)
  💜 [Sharon 匹配] D885C77F-A3B2-4A18-BDC1-821840F19BCD.jpeg (相似度: 0.595)
  💖 [Sophia 匹配] A70EC851-C01A-4CFF-B914-E519B560D4FF.jpeg (相似度: 0.645)
  💖 [Sophia 匹配] A2E67A10-0166-4337-9B25-5428C41D69F1.jpeg (相似度: 0.632)
  💖 [Sophia 匹配] 1846EFC1-8520-427D-80E9-00E4995955A3.jpeg (相似度: 0.586)
  💜 [Sharon 匹配] 78BB38A6-17F0-4612-9157-5ED78BB2FFD6.jpeg (相似度: 0.685)
  💜 [Sharon 匹配] 4858F0BA-6A4C-47F4-A2BB-6BB958DFEC13.jpeg (相似度: 0.639)
  💖 [Sophia 匹配] B82E5E6B-ACC5-4AA7-9953-7824F0D5D2AE.jpeg (相似度: 0.592)
  💖 [Sophia 匹配] 602F64CF-7D36-4A9B-8811-574B08B6978E.jpeg (相似度: 0.557)
  💜 [Sharon 匹配] 13B0E010-D4B8-4C28-BFB3-1BF5726B6063.jpeg (相似度: 0.661)
  💖 [Sophia 匹配] 968A30B0-06A5-45E7-AF40-20FBE521F585.jpeg (相似度: 0.494)
  💖 [Sophia 匹配] 120F2000-1045-44C9-82D2-DFAD7A0E87FE.jpeg (相似度: 0.646)
  💖 [Sophia 匹配] B68ECE14-0EA5-4406-91E0-D6ADF3CA4F2B.jpeg (相似度: 0.689)
  💖 [Sophia 匹配] 65126F2E-5776-4A13-9775-36E73B79F001.jpeg (相似度: 0.547)
  💖 [Sophia 匹配] 9D041EA6-FC45-4F69-99B6-4223204688AE.jpeg (相似度: 0.637)
  💖 [Sophia 匹配] AA9485F6-59D7-4B0D-A8CE-7D7251B82E1B.jpeg (相似度: 0.764)
  💖 [Sophia 匹配] 6EC9EAFA-6C8C-4206-968D-897D84EDBEF8.jpeg (相似度: 0.495)
  💖 [Sophia 匹配] B2888741-60AB-4ED9-9B45-EDB83A306393.jpeg (相似度: 0.681)
  💖 [Sophia 匹配] 5A22A6B8-957B-4B23-8789-310CC1545455.jpeg (相似度: 0.673)
  💖 [Sophia 匹配] 28352D0D-C388-4746-B87A-E917BBE85B17.jpeg (相似度: 0.503)
  💖 [Sophia 匹配] 1A444D6E-20BB-437A-A6F8-632536A0C59A.jpeg (相似度: 0.634)
  💜 [Sharon 匹配] 50CF85A6-BB3D-44F2-911D-25A4D426DA70.jpeg (相似度: 0.597)
  💖 [Sophia 匹配] 50CF85A6-BB3D-44F2-911D-25A4D426DA70.jpeg (相似度: 0.702)
  💖 [Sophia 匹配] 2EBF7EBA-9563-4BBC-9090-334E8676FC89.jpeg (相似度: 0.696)
  💜 [Sharon 匹配] B5CA5E2F-977B-4746-AB09-56E02B535270.jpeg (相似度: 0.661)
  💜 [Sharon 匹配] 1A30119A-3A05-4B51-BE85-C5B3CA5986E7.jpeg (相似度: 0.635)
  💖 [Sophia 匹配] 1A30119A-3A05-4B51-BE85-C5B3CA5986E7.jpeg (相似度: 0.733)
  💖 [Sophia 匹配] F347B9F3-6075-4D64-AC0E-9233FF85FB22.jpeg (相似度: 0.545)
  💖 [Sophia 匹配] 76768F45-547D-4F79-9FA8-2A08579FCECF.jpeg (相似度: 0.716)
  💜 [Sharon 匹配] 76768F45-547D-4F79-9FA8-2A08579FCECF.jpeg (相似度: 0.543)
  💜 [Sharon 匹配] BF88FCEE-835E-4327-B7A1-1C21B0D95059.jpeg (相似度: 0.635)
  💖 [Sophia 匹配] 6553C893-2ED2-4310-BD06-3EB3CA4C3FF0.jpeg (相似度: 0.764)
  💖 [Sophia 匹配] 793EF672-148F-482B-AC21-56225B213BAF.jpeg (相似度: 0.724)
  💜 [Sharon 匹配] 1C1F1247-0643-4F18-9078-0F21808599F3.jpeg (相似度: 0.595)
  💜 [Sharon 匹配] B5A9DF72-24E0-4656-A188-7578158809BE.jpeg (相似度: 0.488)
  💖 [Sophia 匹配] 63EDE4C4-5848-429E-95AE-0F00B9C466B6.jpeg (相似度: 0.569)
  💖 [Sophia 匹配] 05F56789-4D87-43EC-83AF-10A2F3E382EF.jpeg (相似度: 0.684)
  💜 [Sharon 匹配] 05F56789-4D87-43EC-83AF-10A2F3E382EF.jpeg (相似度: 0.585)
  💖 [Sophia 匹配] BB800531-0EC3-414A-B59E-6DDD30E4ED5D.jpeg (相似度: 0.584)
  💖 [Sophia 匹配] 041CF916-BF68-45C6-A9E8-20A2F70AB16F.jpeg (相似度: 0.508)
  💖 [Sophia 匹配] AED6921A-D7D0-4519-AE13-F237D3842AD0.jpeg (相似度: 0.618)
  💖 [Sophia 匹配] A7DA67AB-DE47-426A-B2B0-1215FF242E63.jpeg (相似度: 0.517)
  💖 [Sophia 匹配] 9F87F53C-4F60-40A4-A2B8-13B0D54B708D.jpeg (相似度: 0.624)
  💖 [Sophia 匹配] 7A441615-5C03-4E61-B9CC-2E8E2A43CE7A.jpeg (相似度: 0.676)
  💖 [Sophia 匹配] 5BE71C2C-39B0-44A2-8831-F606C8FC39CC.jpeg (相似度: 0.573)
  💜 [Sharon 匹配] E36041EA-0E53-43D8-9F70-1FC7BFF3249E.jpeg (相似度: 0.654)
  💖 [Sophia 匹配] E36041EA-0E53-43D8-9F70-1FC7BFF3249E.jpeg (相似度: 0.766)
  💜 [Sharon 匹配] BD00B923-E717-482F-997B-2053D53BA63E.jpeg (相似度: 0.669)
  💖 [Sophia 匹配] 9036AB11-1482-45FE-B0EE-CEABBF1CE073.jpeg (相似度: 0.703)
  💜 [Sharon 匹配] 9036AB11-1482-45FE-B0EE-CEABBF1CE073.jpeg (相似度: 0.554)
  💖 [Sophia 匹配] C999837E-E5CC-49FE-911A-F2C1F7ED1817.jpeg (相似度: 0.507)
  💜 [Sharon 匹配] 83EC7FD6-87AC-4EAF-81F9-DABFAC73DD3D.jpeg (相似度: 0.640)
  💖 [Sophia 匹配] 125A731E-935A-4782-BE9C-A6A26D180B46.jpeg (相似度: 0.724)
  💖 [Sophia 匹配] 73113CB5-04C7-4D7A-9709-108EA793CF40.jpeg (相似度: 0.643)
  💖 [Sophia 匹配] 3E2D3EC4-8B33-44A3-B6F2-85E65F773DC0.jpeg (相似度: 0.562)
  💖 [Sophia 匹配] C0C3ED93-C13E-451D-ACFC-92D6E25C4B72.jpeg (相似度: 0.709)
  💜 [Sharon 匹配] 92B08E53-C557-4178-845C-4B808A479F28_1_201_a.jpeg (相似度: 0.684)
  💖 [Sophia 匹配] 8ED4369D-D4EB-4554-B844-7F1F136963ED.jpeg (相似度: 0.767)
  💜 [Sharon 匹配] 8ED4369D-D4EB-4554-B844-7F1F136963ED.jpeg (相似度: 0.636)
  💜 [Sharon 匹配] 05F908A3-BEBC-4075-B819-AECCFFFC7033.jpeg (相似度: 0.722)
  💜 [Sharon 匹配] 4874E6A4-3FA0-4FC3-8E2C-102B463AE81F.jpeg (相似度: 0.657)
  💜 [Sharon 匹配] E489B687-0A66-4228-B0C4-3FA15965C594.jpeg (相似度: 0.735)
  💜 [Sharon 匹配] 200ACD3B-223F-4BF9-9C7D-3C99AADEF099.jpeg (相似度: 0.716)
  💜 [Sharon 匹配] E68BBE9F-57F0-41E1-9299-262B6A7049B9.jpeg (相似度: 0.698)
  💜 [Sharon 匹配] 7ABFC89F-1703-41DA-BFE4-751F3D555CA3_1_201_a.jpeg (相似度: 0.640)
  💖 [Sophia 匹配] 87051BFF-7882-4F2A-B074-392EABE47D65.jpeg (相似度: 0.788)
  💜 [Sharon 匹配] 87051BFF-7882-4F2A-B074-392EABE47D65.jpeg (相似度: 0.603)
  💖 [Sophia 匹配] 4EAAB00F-9A52-4179-94EB-FC60F7521884.jpeg (相似度: 0.514)
  💜 [Sharon 匹配] D0FC5D1E-6EDC-42CA-9B99-CC24CF4049AE_1_201_a.jpeg (相似度: 0.617)
  💖 [Sophia 匹配] 52C4BD87-52E5-42D8-9145-C6E8B98DEF6D.jpeg (相似度: 0.734)
  💜 [Sharon 匹配] 5FD413BE-B894-4212-8E4B-4ABAFAD5985B_1_201_a.jpeg (相似度: 0.665)
  💖 [Sophia 匹配] EE0BB507-6D28-4219-AE5E-3D26E53CF654.jpeg (相似度: 0.507)
  💜 [Sharon 匹配] EE0BB507-6D28-4219-AE5E-3D26E53CF654.jpeg (相似度: 0.543)
  💖 [Sophia 匹配] 5D5BEEF1-289D-4F88-BD07-B2F3BF4D89B8.jpeg (相似度: 0.699)
  💖 [Sophia 匹配] AA63ED67-43F7-455E-BE7A-A989A66FAA4D.jpeg (相似度: 0.674)
  💜 [Sharon 匹配] AA63ED67-43F7-455E-BE7A-A989A66FAA4D.jpeg (相似度: 0.606)
  💖 [Sophia 匹配] 01BC9069-E847-44C8-9D92-80337D69FFB4.jpeg (相似度: 0.754)
  💜 [Sharon 匹配] FB24A7AF-846E-4973-A9E4-66540036EDA0.jpeg (相似度: 0.712)
  💖 [Sophia 匹配] 03A0F15E-A6AB-4CF5-98C4-2F1119C66533.jpeg (相似度: 0.623)
  💖 [Sophia 匹配] 89C320F9-DBDC-4D50-8B04-F3CB7D952EFA.jpeg (相似度: 0.742)
  💜 [Sharon 匹配] 543CA3DD-65C6-43C1-A32F-A0DEFF78F2B2_1_201_a.jpeg (相似度: 0.468)
  💖 [Sophia 匹配] D0AC7A2D-97FE-4FC6-AC5B-90C6F934A343.jpeg (相似度: 0.735)
  💜 [Sharon 匹配] D0AC7A2D-97FE-4FC6-AC5B-90C6F934A343.jpeg (相似度: 0.693)
  💜 [Sharon 匹配] 84AED7CE-E3E5-4BD0-B073-A3CBEDA10EC2.jpeg (相似度: 0.661)
  💜 [Sharon 匹配] 10F1AD3F-6806-43BD-A38E-9FB6D08A4BA6.jpeg (相似度: 0.692)
  💖 [Sophia 匹配] 24B233F9-7658-4CBC-BD10-74EEBF09556D.jpeg (相似度: 0.686)
  💜 [Sharon 匹配] 24B233F9-7658-4CBC-BD10-74EEBF09556D.jpeg (相似度: 0.591)
  💖 [Sophia 匹配] 195CA25D-6FB6-452E-B5CD-D7863F86DA00.jpeg (相似度: 0.740)
  💜 [Sharon 匹配] 195CA25D-6FB6-452E-B5CD-D7863F86DA00.jpeg (相似度: 0.584)
  💜 [Sharon 匹配] B6544348-1D86-4644-A9E6-3F2761746868.jpeg (相似度: 0.684)
  💖 [Sophia 匹配] 71050D5A-F172-41A6-B308-DB859221A7AF.jpeg (相似度: 0.636)
  💜 [Sharon 匹配] 14F471E2-862E-4930-AFF2-E664CA01A225.jpeg (相似度: 0.661)
  💖 [Sophia 匹配] B988DEA1-137F-4ED5-84E3-018EC4EAA4F3.jpeg (相似度: 0.653)
  💜 [Sharon 匹配] F228817E-92FF-41CB-939D-D7C13270AA83.jpeg (相似度: 0.660)
  💖 [Sophia 匹配] 6433E273-F206-4290-AF33-C350A6549F05.jpeg (相似度: 0.656)
  💖 [Sophia 匹配] D0734695-B294-46AE-A27F-16C385C8B6C5.jpeg (相似度: 0.623)
  💜 [Sharon 匹配] DB66C4C0-7CC0-4880-9C0B-3EA8CC7555D3.jpeg (相似度: 0.708)
  💖 [Sophia 匹配] C5189B3F-8540-45D1-BE41-DEDE282F0B7B.jpeg (相似度: 0.661)
  💜 [Sharon 匹配] 9A8084ED-4345-40DC-BD26-497DD4D288C3.jpeg (相似度: 0.691)
  💖 [Sophia 匹配] 2F2FF549-6678-49DD-8B72-14110FB7AE94.jpeg (相似度: 0.683)
  💖 [Sophia 匹配] 9702D3FF-7019-4ED5-9B41-A9528108BFEC.jpeg (相似度: 0.582)
  💖 [Sophia 匹配] EFC6A5D3-6ED5-4327-A450-392D169CE866.jpeg (相似度: 0.653)
  💜 [Sharon 匹配] 8142D06F-AA84-44E4-A447-50821B1FA770.jpeg (相似度: 0.674)
  💖 [Sophia 匹配] A3C0DDBF-1EE4-428C-94C0-9E81DEB65754.jpeg (相似度: 0.628)
  💖 [Sophia 匹配] CEF5C3A7-4E5D-454A-8B37-912F4E191FB1.jpeg (相似度: 0.560)
  💖 [Sophia 匹配] 94D8B1E0-4EB0-479B-A86C-DD2B83A642B9_1_201_a.jpeg (相似度: 0.562)
  💜 [Sharon 匹配] 3D065B2C-C2D5-4867-9091-8ED4AE0EB6EF.jpeg (相似度: 0.602)
  💖 [Sophia 匹配] 70D4D2A8-F245-4441-96C1-B777890C6E72.jpeg (相似度: 0.635)
  💜 [Sharon 匹配] 4E130E92-DCB3-4CAA-8599-0A0868506D8F.jpeg (相似度: 0.547)
  💜 [Sharon 匹配] 33476D24-AD79-4D17-B379-90DB2A9276FE.jpeg (相似度: 0.695)
  💜 [Sharon 匹配] 0DB781E6-AA0D-452B-ABBA-90BABE321358.jpeg (相似度: 0.467)
  💖 [Sophia 匹配] 2B8B18BD-1347-407A-9AF9-28BC5E075564.jpeg (相似度: 0.696)
  💖 [Sophia 匹配] 3F363394-EA0A-49F0-8F2E-27CCD1F2CE7A.jpeg (相似度: 0.671)
  💖 [Sophia 匹配] 60D833D9-921F-4493-AD3A-2C2A4CF97928.jpeg (相似度: 0.747)
  💜 [Sharon 匹配] 60D833D9-921F-4493-AD3A-2C2A4CF97928.jpeg (相似度: 0.559)
  💖 [Sophia 匹配] 07AE6B0D-532E-40D0-9F2E-2E13ECDBDB28.jpeg (相似度: 0.688)
  💖 [Sophia 匹配] C4B87766-8713-437C-887A-A855004A5C02_1_201_a.jpeg (相似度: 0.463)
  💜 [Sharon 匹配] C4B87766-8713-437C-887A-A855004A5C02_1_201_a.jpeg (相似度: 0.583)
  💖 [Sophia 匹配] 32029F66-0A27-4B50-B020-6974F483910C.jpeg (相似度: 0.747)
  💜 [Sharon 匹配] 32029F66-0A27-4B50-B020-6974F483910C.jpeg (相似度: 0.631)
  💖 [Sophia 匹配] 074E2525-0FF2-41F9-9891-F237C21FE9D1.jpeg (相似度: 0.668)
  💖 [Sophia 匹配] E417204D-EB61-4E01-9396-74E2E3BB4052.jpeg (相似度: 0.611)
  💖 [Sophia 匹配] A85B24C2-70DC-4251-9B8D-297BE6D47BE3.jpeg (相似度: 0.627)
  💖 [Sophia 匹配] 524F9171-CDC9-4EE9-ACB6-F394A5AB98FA.jpeg (相似度: 0.475)
  💜 [Sharon 匹配] 7010782D-6202-4AD7-842F-8C99985B7E07.jpeg (相似度: 0.627)
  💖 [Sophia 匹配] 3E8D461E-9E92-49B6-A805-41110ED8265C.jpeg (相似度: 0.679)
  💜 [Sharon 匹配] 2ADBB5D0-5BBC-44B3-A9C0-8329F01E8617.jpeg (相似度: 0.736)
  💖 [Sophia 匹配] 2ADBB5D0-5BBC-44B3-A9C0-8329F01E8617.jpeg (相似度: 0.698)
  💖 [Sophia 匹配] 7808F3E5-4D94-498B-82EC-46E3C3914EBC.jpeg (相似度: 0.696)
  💜 [Sharon 匹配] 7808F3E5-4D94-498B-82EC-46E3C3914EBC.jpeg (相似度: 0.618)
  💖 [Sophia 匹配] 734C2B33-5C90-489C-9978-E76E15691D97.jpeg (相似度: 0.726)
  💖 [Sophia 匹配] FDDE1CD2-96AC-45F8-9DDE-02B275CD3E53.jpeg (相似度: 0.498)
  💜 [Sharon 匹配] D24D6F63-42EF-405A-B049-16D3627E7E19.jpeg (相似度: 0.567)
  💖 [Sophia 匹配] 467BB902-DDBA-4A34-8854-8210FA5B0D46.jpeg (相似度: 0.676)
  💖 [Sophia 匹配] D5D55253-54D9-4954-B979-BCD070B11089.jpeg (相似度: 0.670)
  💖 [Sophia 匹配] 63B469FA-C06F-4EE4-B3F7-D62A1214486D.jpeg (相似度: 0.486)
  💖 [Sophia 匹配] 08C03DCB-189C-4F95-B42F-F8DB9EA1F599.jpeg (相似度: 0.640)
  💜 [Sharon 匹配] B48E4DC0-B2A4-4EAC-9DE6-E679B531AEAD.jpeg (相似度: 0.676)
  💖 [Sophia 匹配] 0638BAA3-853F-4774-BECC-D17788516F75.jpeg (相似度: 0.717)
  💖 [Sophia 匹配] 856C69EE-65D6-4495-B59F-451D28478F05.jpeg (相似度: 0.687)
  💖 [Sophia 匹配] 7F5709CE-7125-4E47-941C-E176B428F304.jpeg (相似度: 0.685)
  💜 [Sharon 匹配] D8F7FF97-BE67-408C-8BFD-D654F0EA75AE.jpeg (相似度: 0.677)
  💖 [Sophia 匹配] E5D56D22-419F-4170-9E42-9F0A0325C93F.jpeg (相似度: 0.668)
  💜 [Sharon 匹配] E5D56D22-419F-4170-9E42-9F0A0325C93F.jpeg (相似度: 0.597)
  💖 [Sophia 匹配] BA309E88-196E-4CD3-BDD2-648E72F11C89.jpeg (相似度: 0.584)
  💜 [Sharon 匹配] BA309E88-196E-4CD3-BDD2-648E72F11C89.jpeg (相似度: 0.521)
  💜 [Sharon 匹配] 5A651751-FF25-487B-ACE8-7EE6D9997EFB.jpeg (相似度: 0.640)
  💖 [Sophia 匹配] F35B261F-40E3-4EDD-BE07-D8AC3279879A.jpeg (相似度: 0.647)
  💖 [Sophia 匹配] F0EE4925-B76D-489F-97B9-A5B5EAEF2617.jpeg (相似度: 0.656)
  💖 [Sophia 匹配] F11FF671-A0F9-479C-91E2-352B951BCC20.jpeg (相似度: 0.511)
  💜 [Sharon 匹配] F11FF671-A0F9-479C-91E2-352B951BCC20.jpeg (相似度: 0.637)
  💖 [Sophia 匹配] 80141BBF-32FA-4757-902D-C9D691434869.jpeg (相似度: 0.695)
  💖 [Sophia 匹配] 93CB8D1A-3C77-4AAC-9622-2BABD0FD3346.jpeg (相似度: 0.578)
  💖 [Sophia 匹配] 5B962065-3630-4211-98A4-84FC53283CFB.jpeg (相似度: 0.747)
  💖 [Sophia 匹配] DAF8DB88-562D-439D-BE4A-8DCFDF7ED8FA.jpeg (相似度: 0.740)
  💜 [Sharon 匹配] 0FD90030-40E9-482E-B19C-3D9FB5FAB3EF.jpeg (相似度: 0.574)
  💖 [Sophia 匹配] E13055DE-3B3A-46AD-8B48-93947A2E0D34.jpeg (相似度: 0.762)
  💜 [Sharon 匹配] 6D5D287D-4CBB-4555-A2CD-45EBDACC71F2.jpeg (相似度: 0.693)
  💜 [Sharon 匹配] 12021603-9834-47B0-B2EB-ED3133D62996.jpeg (相似度: 0.711)
  💖 [Sophia 匹配] 12021603-9834-47B0-B2EB-ED3133D62996.jpeg (相似度: 0.716)
  💖 [Sophia 匹配] 6C3DED7B-DEDB-4475-8647-889FF7545F05.jpeg (相似度: 0.584)
  💖 [Sophia 匹配] 9A344A82-2B6B-4A5E-ACFD-1A4D4D937BC7.jpeg (相似度: 0.721)
  💖 [Sophia 匹配] CA6259C3-45EB-4353-B5E3-47DA751E68DD.jpeg (相似度: 0.700)
  💜 [Sharon 匹配] 7B7E5D2D-071C-41BA-823A-AC84DFD8FFDB.jpeg (相似度: 0.700)
  💜 [Sharon 匹配] 66030801-ABD4-4382-93A6-A6A0F63DC62E.jpeg (相似度: 0.677)
  💖 [Sophia 匹配] AB6F5959-072B-4CC0-8F92-364D6FF5126D.jpeg (相似度: 0.621)
  💜 [Sharon 匹配] F0D4A913-1CAF-43CE-8C94-FC23B9CF9615.jpeg (相似度: 0.486)
  💖 [Sophia 匹配] 4192561C-C096-4331-9700-0DB06E439913.jpeg (相似度: 0.546)
  💜 [Sharon 匹配] 4192561C-C096-4331-9700-0DB06E439913.jpeg (相似度: 0.472)
  💖 [Sophia 匹配] 5815F537-40F6-4C46-9001-8E811378E3A9.jpeg (相似度: 0.621)
  💜 [Sharon 匹配] 5815F537-40F6-4C46-9001-8E811378E3A9.jpeg (相似度: 0.700)
  💖 [Sophia 匹配] 88FFE24E-FABD-4851-B59F-FE46C48DE121.jpeg (相似度: 0.568)
  💖 [Sophia 匹配] BBAEB968-E438-42DA-8FD1-5892C651C1D1.jpeg (相似度: 0.615)
  💖 [Sophia 匹配] 7790F52E-CB38-4E0E-8698-371DFEEFD823.jpeg (相似度: 0.558)
  💖 [Sophia 匹配] CEE68055-0899-4DD3-A481-702F35DAF867.jpeg (相似度: 0.748)
  💖 [Sophia 匹配] BCC8D646-6CC2-4E8D-911D-C41D39D2758D.jpeg (相似度: 0.637)
  💖 [Sophia 匹配] 14060B23-022D-4054-B9FC-3DE96CFB6F9D.jpeg (相似度: 0.606)
  💜 [Sharon 匹配] 14060B23-022D-4054-B9FC-3DE96CFB6F9D.jpeg (相似度: 0.670)
  💖 [Sophia 匹配] 58E0CC38-DCAC-4BA5-BEA6-75E47144CD26.jpeg (相似度: 0.646)
  💜 [Sharon 匹配] 58E0CC38-DCAC-4BA5-BEA6-75E47144CD26.jpeg (相似度: 0.475)
  💖 [Sophia 匹配] 635F3641-B35F-43CF-BC77-652DB5E8B310.jpeg (相似度: 0.571)
  💖 [Sophia 匹配] 79BA1020-F5B4-416A-B015-9FEF3BC9DA35.jpeg (相似度: 0.575)
  💖 [Sophia 匹配] 986A6BAC-AACA-4585-8A79-E1BF0DAAA6DE.jpeg (相似度: 0.616)
  💖 [Sophia 匹配] 585D39B8-C5F1-453B-81F4-1E4091D29489.jpeg (相似度: 0.562)
  💜 [Sharon 匹配] 585D39B8-C5F1-453B-81F4-1E4091D29489.jpeg (相似度: 0.466)
  💖 [Sophia 匹配] 580ED779-13A5-41A5-81CE-33185AC46906_1_201_a.jpeg (相似度: 0.602)
  💖 [Sophia 匹配] 60907FC8-70C1-466D-B23A-C0E653C9A725.jpeg (相似度: 0.663)
  💜 [Sharon 匹配] F1FFA15D-9E84-4CD4-9065-EF55796BE750.jpeg (相似度: 0.716)
  💖 [Sophia 匹配] 7FBECAA0-F823-4633-A820-B82D111B6868.jpeg (相似度: 0.711)
  💜 [Sharon 匹配] CCB590E0-4FBA-43FA-BD3A-657834895338.jpeg (相似度: 0.767)
  💜 [Sharon 匹配] 9E18F4A6-D770-42A9-876D-FFBEC9F34B15.jpeg (相似度: 0.564)
  💖 [Sophia 匹配] 8BC5308E-87F6-4B5D-A918-2494B9F02F27.jpeg (相似度: 0.591)
  💜 [Sharon 匹配] 8BC5308E-87F6-4B5D-A918-2494B9F02F27.jpeg (相似度: 0.670)
  💜 [Sharon 匹配] D8E140A5-86F9-466C-9B59-3FDE2F464418.jpeg (相似度: 0.608)
  💜 [Sharon 匹配] 929C67C9-B4F1-46B3-9C95-8407ED2A68AD.jpeg (相似度: 0.690)
  💖 [Sophia 匹配] 5866BB52-5F11-4F4F-93D1-C9E28F2DBACA.jpeg (相似度: 0.535)
  💖 [Sophia 匹配] 74543AA7-81A5-4187-859D-7AB98466B79F.jpeg (相似度: 0.747)
  💖 [Sophia 匹配] 21AD468D-A574-4BD4-BB43-33526D2F9B0C.jpeg (相似度: 0.590)
  💜 [Sharon 匹配] FDE3CFC4-D2C7-4783-B508-E06987723427.jpeg (相似度: 0.702)
  💖 [Sophia 匹配] F2C5F265-13CA-4808-A6CB-61189818E95D.jpeg (相似度: 0.574)
  💖 [Sophia 匹配] ED9AA65B-E15E-47A7-AD0D-919993DE2019_1_201_a.jpeg (相似度: 0.674)
  💖 [Sophia 匹配] 3F315A5A-BFE6-4748-B9F4-2E0A7BF1E050_1_201_a.jpeg (相似度: 0.590)
  💖 [Sophia 匹配] 7BAB8345-96A8-4365-A9EB-32243CC109DD_1_201_a.jpeg (相似度: 0.609)
  💖 [Sophia 匹配] 6F87F6A5-4CBD-4FCE-8B18-866CCF6F7616.jpeg (相似度: 0.613)
  💖 [Sophia 匹配] 4CD9A7F7-1DA0-4B2A-B66A-1C5296C79045.jpeg (相似度: 0.494)
  💖 [Sophia 匹配] AB33FF80-D85A-467B-8435-5E8914774A94.jpeg (相似度: 0.523)
  💖 [Sophia 匹配] 9A122913-2F63-4A42-964C-EE6E8C85D663.jpeg (相似度: 0.593)
  💖 [Sophia 匹配] 99E55416-402E-4230-99D9-7C285EC2CFB8.jpeg (相似度: 0.488)
  💜 [Sharon 匹配] 4489140D-1B69-4A1B-80BB-4E4B61139514.jpeg (相似度: 0.719)
  💖 [Sophia 匹配] C1A2F689-E9BB-44A2-B20E-4FE308CA0EDE.jpeg (相似度: 0.618)
  💜 [Sharon 匹配] F42B61F8-899A-464E-A493-A0B98729E1C8.jpeg (相似度: 0.682)
  💖 [Sophia 匹配] 8B1D984F-E9BD-44E0-B1AB-2EFA4714676F.jpeg (相似度: 0.545)
  💖 [Sophia 匹配] 6D96A80B-0A84-4324-9A5C-C7955C47689D.jpeg (相似度: 0.484)
  💖 [Sophia 匹配] C927C3D7-B46E-4D86-ABA7-C99C62723ACC_1_201_a.jpeg (相似度: 0.653)
  💖 [Sophia 匹配] 992D244F-96C4-4754-ACBA-35F8D2C31B43.jpeg (相似度: 0.647)
  💜 [Sharon 匹配] DDD77C18-0FD9-4959-B941-BB65416CBE9A.jpeg (相似度: 0.463)
  💖 [Sophia 匹配] 5D846D6F-D1A9-4400-B84B-8EF4E4A7CFA0.jpeg (相似度: 0.620)
  💖 [Sophia 匹配] 6C6B306E-1CE7-4339-A697-545B6F086FD3.jpeg (相似度: 0.632)
  💜 [Sharon 匹配] 6C6B306E-1CE7-4339-A697-545B6F086FD3.jpeg (相似度: 0.672)
  💜 [Sharon 匹配] 2392AB1B-BA1F-49BA-B58E-53E527624CE3.jpeg (相似度: 0.720)
  💖 [Sophia 匹配] 2F2BD7C4-9041-464B-82C6-257AC06D25CF.jpeg (相似度: 0.726)
  💖 [Sophia 匹配] 3488B8F8-846A-4E89-85E8-7EEE470E96EA.jpeg (相似度: 0.630)
  💖 [Sophia 匹配] 7A73CD21-7B8D-45C4-8C29-FC50BD541975.jpeg (相似度: 0.508)
  💖 [Sophia 匹配] 23F6B819-F8F7-4BE3-9756-D698C3B7D5D6.jpeg (相似度: 0.575)
  💜 [Sharon 匹配] IMG_9746.jpeg (相似度: 0.588)
  💖 [Sophia 匹配] IMG_9746.jpeg (相似度: 0.521)
  💜 [Sharon 匹配] 10F1B58C-C8BE-43B1-A878-A413EC78F50A.jpeg (相似度: 0.582)
  💖 [Sophia 匹配] 10F1B58C-C8BE-43B1-A878-A413EC78F50A.jpeg (相似度: 0.528)
  💖 [Sophia 匹配] 8936C2E9-1B98-4DBE-B7BD-A6A0BA369CD4.jpeg (相似度: 0.631)
  💖 [Sophia 匹配] 3A22B635-379A-4D54-9ABD-928AFF5F248E.jpeg (相似度: 0.585)
  💖 [Sophia 匹配] 1936B3E3-A5B4-485F-8A96-464903F936B6.jpeg (相似度: 0.560)
  💜 [Sharon 匹配] IMG_0404.jpeg (相似度: 0.606)
  💜 [Sharon 匹配] IMG_0392.jpeg (相似度: 0.685)
  💜 [Sharon 匹配] IMG_0412.jpeg (相似度: 0.609)
  💖 [Sophia 匹配] 7F1F8CB3-9213-4135-A633-B2D2418CA1F8.jpeg (相似度: 0.656)
  💜 [Sharon 匹配] 7F1F8CB3-9213-4135-A633-B2D2418CA1F8.jpeg (相似度: 0.561)
  💖 [Sophia 匹配] D23D7A28-6A57-461A-8CFF-C9F553DBF0A5.jpeg (相似度: 0.545)
  💜 [Sharon 匹配] IMG_0393.jpeg (相似度: 0.528)
  💜 [Sharon 匹配] F5D0CC4E-E3E6-4A15-BD5E-86ACE95EC76D.jpeg (相似度: 0.570)
  💜 [Sharon 匹配] IMG_0405.jpeg (相似度: 0.635)
  💖 [Sophia 匹配] 3B8F3A00-AA32-4955-ABF5-D0857A8EEB32.jpeg (相似度: 0.655)
  💜 [Sharon 匹配] IMG_0402.jpeg (相似度: 0.626)
  💜 [Sharon 匹配] IMG_0394.jpeg (相似度: 0.665)
  💖 [Sophia 匹配] 0170FC65-4CD2-4F06-BB7C-13C894941CF6.jpeg (相似度: 0.502)
  💜 [Sharon 匹配] IMG_0422.jpeg (相似度: 0.685)
  💖 [Sophia 匹配] 5BEB4B75-2A52-42B3-BC46-BBB191808FD3.jpeg (相似度: 0.729)
  💜 [Sharon 匹配] IMG_0398.jpeg (相似度: 0.584)
  💜 [Sharon 匹配] IMG_0419.jpeg (相似度: 0.623)
  💜 [Sharon 匹配] IMG_0399.jpeg (相似度: 0.640)
  💜 [Sharon 匹配] IMG_0395.jpeg (相似度: 0.663)
  💜 [Sharon 匹配] IMG_0403.jpeg (相似度: 0.627)
  💖 [Sophia 匹配] ADEEA242-8350-4C3E-B6AF-7C3287276A09.jpeg (相似度: 0.468)
  💜 [Sharon 匹配] IMG_0416.jpeg (相似度: 0.628)
  💜 [Sharon 匹配] E4109D4F-AE58-4163-A28B-E7B633342992.jpeg (相似度: 0.537)
  💜 [Sharon 匹配] IMG_0396.jpeg (相似度: 0.481)
  💜 [Sharon 匹配] IMG_0400.jpeg (相似度: 0.629)
  💖 [Sophia 匹配] 5BDCDAE7-B550-485D-9416-0E214F90F9D7.jpeg (相似度: 0.579)
  💜 [Sharon 匹配] IMG_0421.jpeg (相似度: 0.675)
⏳ 已辨識 3500 / 5356 張相片 (1428.9 秒)...
  💜 [Sharon 匹配] IMG_0401.jpeg (相似度: 0.617)
  💖 [Sophia 匹配] 70380B23-3BFB-4408-9E98-D53CE7F30204.jpeg (相似度: 0.692)
  💜 [Sharon 匹配] IMG_0397.jpeg (相似度: 0.679)
  💜 [Sharon 匹配] IMG_0426.jpeg (相似度: 0.702)
  💖 [Sophia 匹配] 6352D9BF-2B4D-42DB-83DD-FBE4AABD16C6.jpeg (相似度: 0.556)
  💜 [Sharon 匹配] 6352D9BF-2B4D-42DB-83DD-FBE4AABD16C6.jpeg (相似度: 0.530)
  💜 [Sharon 匹配] IMG_0406.jpeg (相似度: 0.638)
  💜 [Sharon 匹配] IMG_0407.jpeg (相似度: 0.588)
  💜 [Sharon 匹配] IMG_0391.jpeg (相似度: 0.666)
  💜 [Sharon 匹配] E40A3E4F-2F12-4E11-ADD6-E694873E975E.jpeg (相似度: 0.550)
  💖 [Sophia 匹配] E40A3E4F-2F12-4E11-ADD6-E694873E975E.jpeg (相似度: 0.672)
  💜 [Sharon 匹配] 1E55B732-7073-4B50-86DB-7CC25DB35DC6.jpeg (相似度: 0.550)
  💖 [Sophia 匹配] 1E55B732-7073-4B50-86DB-7CC25DB35DC6.jpeg (相似度: 0.584)
  💖 [Sophia 匹配] 2FF7D451-78F9-413B-BAFB-C3213D572613.jpeg (相似度: 0.696)
  💖 [Sophia 匹配] CD9F4E3A-7958-4273-A373-6D8C10E8CF22.jpeg (相似度: 0.530)
  💖 [Sophia 匹配] DBB863E8-8A15-42E7-8B52-853C0CFF3AAF.jpeg (相似度: 0.594)
  💜 [Sharon 匹配] IMG_0633.jpeg (相似度: 0.461)
  💜 [Sharon 匹配] IMG_0652.jpeg (相似度: 0.561)
  💜 [Sharon 匹配] IMG_0629.jpeg (相似度: 0.459)
  💜 [Sharon 匹配] IMG_0628.jpeg (相似度: 0.459)
  💜 [Sharon 匹配] IMG_0645.jpeg (相似度: 0.506)
  💜 [Sharon 匹配] IMG_0632.jpeg (相似度: 0.505)
  💖 [Sophia 匹配] D3ACC584-61AC-4C7B-957B-AD0C563F9962.jpeg (相似度: 0.617)
  💜 [Sharon 匹配] IMG_0642.jpeg (相似度: 0.499)
  💖 [Sophia 匹配] CE0E3DFD-906F-4452-801D-71CA248F422E.jpeg (相似度: 0.677)
  💜 [Sharon 匹配] IMG_0639.jpeg (相似度: 0.520)
  💖 [Sophia 匹配] DA9CB962-EC79-4EA6-83A7-D98186758C63.jpeg (相似度: 0.634)
  💜 [Sharon 匹配] IMG_0634.jpeg (相似度: 0.485)
  💖 [Sophia 匹配] 0B210180-7DC5-4C4C-8C6D-300587BC4EAD.jpeg (相似度: 0.563)
  💜 [Sharon 匹配] IMG_0640.jpeg (相似度: 0.517)
  💜 [Sharon 匹配] IMG_0641.jpeg (相似度: 0.505)
  💜 [Sharon 匹配] 6A4F7D3A-DF8D-40EC-881C-BB5FC5E5FBED.jpeg (相似度: 0.595)
  💜 [Sharon 匹配] IMG_0631.jpeg (相似度: 0.473)
  💜 [Sharon 匹配] IMG_0646.jpeg (相似度: 0.522)
  💜 [Sharon 匹配] IMG_0650.jpeg (相似度: 0.521)
  💜 [Sharon 匹配] IMG_0651.jpeg (相似度: 0.551)
  💜 [Sharon 匹配] IMG_0630.jpeg (相似度: 0.460)
  💖 [Sophia 匹配] 7F82F525-C6FD-4ED8-8FAD-BB1093D0A3D3.jpeg (相似度: 0.745)
  💜 [Sharon 匹配] 7F82F525-C6FD-4ED8-8FAD-BB1093D0A3D3.jpeg (相似度: 0.602)
  💜 [Sharon 匹配] IMG_9957.jpeg (相似度: 0.701)
  💖 [Sophia 匹配] 348C8E61-5075-4708-B885-82306B3D2203.jpeg (相似度: 0.691)
  💜 [Sharon 匹配] IMG_9956.jpeg (相似度: 0.697)
  💖 [Sophia 匹配] 45249F62-DCC9-4AF2-A7AB-D0D9386DAAA6.jpeg (相似度: 0.568)
  💜 [Sharon 匹配] IMG_9951.jpeg (相似度: 0.627)
  💖 [Sophia 匹配] D70E32AE-BB65-4C50-80D9-7B76C03D75D6.jpeg (相似度: 0.683)
  💜 [Sharon 匹配] IMG_9949.jpeg (相似度: 0.642)
  💖 [Sophia 匹配] 42FB4545-02DA-4633-840D-21406D2DB34B.jpeg (相似度: 0.555)
  💖 [Sophia 匹配] 710BB200-55AC-41E6-883D-041D75C481D7.jpeg (相似度: 0.545)
  💜 [Sharon 匹配] IMG_9955.jpeg (相似度: 0.681)
  💖 [Sophia 匹配] 365AE3FD-B987-4F88-95D6-18E9B11EEAF9.jpeg (相似度: 0.683)
  💜 [Sharon 匹配] IMG_9954.jpeg (相似度: 0.728)
  💖 [Sophia 匹配] 60E25FC8-BF37-4D07-9DCE-085EB1628E11.jpeg (相似度: 0.634)
  💖 [Sophia 匹配] D2A015E9-EA2B-493D-9A58-067AEADC7866.jpeg (相似度: 0.578)
  💜 [Sharon 匹配] IMG_0672.jpeg (相似度: 0.550)
  💜 [Sharon 匹配] IMG_0701.jpeg (相似度: 0.609)
  💜 [Sharon 匹配] DD62E1FA-5A70-4ED1-8AF2-0FCCD51C973E.jpeg (相似度: 0.529)
  💖 [Sophia 匹配] 22491D39-ECFB-4769-90A2-78EEFBBB6DEF.jpeg (相似度: 0.509)
  💜 [Sharon 匹配] 22491D39-ECFB-4769-90A2-78EEFBBB6DEF.jpeg (相似度: 0.609)
  💖 [Sophia 匹配] 362F1969-EA6C-40FE-BCB8-F889A6671301.jpeg (相似度: 0.496)
  💖 [Sophia 匹配] 8394777C-EC35-47D2-8219-549404A1FF1C.jpeg (相似度: 0.545)
  💜 [Sharon 匹配] IMG_0678.jpeg (相似度: 0.540)
  💜 [Sharon 匹配] 7A3D1F00-591D-4190-913E-76CD182D8B98.jpeg (相似度: 0.622)
  💖 [Sophia 匹配] 6A555E64-F561-411E-B6AA-9BCDC140EC5E.jpeg (相似度: 0.683)
  💜 [Sharon 匹配] IMG_0675.jpeg (相似度: 0.536)
  💜 [Sharon 匹配] IMG_0679.jpeg (相似度: 0.535)
  💖 [Sophia 匹配] 6C47B513-E826-4CB8-8182-54CCA6BE89FD.jpeg (相似度: 0.547)
  💜 [Sharon 匹配] 6C47B513-E826-4CB8-8182-54CCA6BE89FD.jpeg (相似度: 0.473)
  💖 [Sophia 匹配] F4462571-684D-44AD-87F4-ABC967ECD8A6.jpeg (相似度: 0.719)
  💜 [Sharon 匹配] IMG_0768.jpeg (相似度: 0.469)
  💜 [Sharon 匹配] CDB9546C-D11D-4BC0-8FFE-7EB0C2B38DDA.jpeg (相似度: 0.650)
  💖 [Sophia 匹配] CDB9546C-D11D-4BC0-8FFE-7EB0C2B38DDA.jpeg (相似度: 0.730)
  💜 [Sharon 匹配] IMG_0699.jpeg (相似度: 0.451)
  💜 [Sharon 匹配] IMG_0733.jpeg (相似度: 0.543)
  💜 [Sharon 匹配] IMG_0676.jpeg (相似度: 0.479)
  💜 [Sharon 匹配] IMG_0764.jpeg (相似度: 0.479)
  💜 [Sharon 匹配] AC9D93E2-77B8-4778-B62C-CC3B8B374D0E.jpeg (相似度: 0.594)
  💖 [Sophia 匹配] 97A19314-EE02-49A8-8434-A8D5D939CD33.jpeg (相似度: 0.577)
  💜 [Sharon 匹配] IMG_0732.jpeg (相似度: 0.591)
  💜 [Sharon 匹配] IMG_0677.jpeg (相似度: 0.594)
  💜 [Sharon 匹配] IMG_0712.jpeg (相似度: 0.511)
  💜 [Sharon 匹配] IMG_0769.jpeg (相似度: 0.484)
  💜 [Sharon 匹配] IMG_0703.jpeg (相似度: 0.522)
  💖 [Sophia 匹配] B9FFAD38-049F-42B5-A499-B92BC9A3C523.jpeg (相似度: 0.500)
  💜 [Sharon 匹配] IMG_0714.jpeg (相似度: 0.479)
  💖 [Sophia 匹配] 55DE01D4-AB91-4E1B-9F71-A78C451FA9CC.jpeg (相似度: 0.747)
  💜 [Sharon 匹配] IMG_0702.jpeg (相似度: 0.565)
  💖 [Sophia 匹配] 92F18E92-7E06-4152-B1DF-FA8F906974AD.jpeg (相似度: 0.697)
  💖 [Sophia 匹配] 9C483A21-1FBE-4917-B107-A18361A7AF1A.jpeg (相似度: 0.778)
  💜 [Sharon 匹配] 9C483A21-1FBE-4917-B107-A18361A7AF1A.jpeg (相似度: 0.695)
  💜 [Sharon 匹配] IMG_0734.jpeg (相似度: 0.553)
  💜 [Sharon 匹配] IMG_0671.jpeg (相似度: 0.505)
  💖 [Sophia 匹配] 5B7E092D-E0BE-4600-A4BF-66C43A989418.jpeg (相似度: 0.694)
  💜 [Sharon 匹配] 5B7E092D-E0BE-4600-A4BF-66C43A989418.jpeg (相似度: 0.625)
  💖 [Sophia 匹配] 67C61B76-8CA1-4592-A1E5-D289674C0D98.jpeg (相似度: 0.769)
  💖 [Sophia 匹配] F492535D-E555-4E7D-8C93-69F9D0E133CD.jpeg (相似度: 0.658)
  💜 [Sharon 匹配] IMG_0146.jpeg (相似度: 0.618)
  💖 [Sophia 匹配] 8A99D2AD-22EF-452A-B0DB-1280D3C1A88A.jpeg (相似度: 0.706)
  💖 [Sophia 匹配] CF99EA7C-16F9-4786-81DF-27FF3F46A2E2.jpeg (相似度: 0.750)
  💜 [Sharon 匹配] CF99EA7C-16F9-4786-81DF-27FF3F46A2E2.jpeg (相似度: 0.675)
  💖 [Sophia 匹配] FDA7DE67-7AB6-47EE-BB6D-2A12727CD7CC.jpeg (相似度: 0.706)
  💜 [Sharon 匹配] IMG_0143.jpeg (相似度: 0.588)
  💜 [Sharon 匹配] IMG_0144.jpeg (相似度: 0.601)
  💖 [Sophia 匹配] CC106756-7B9B-40A1-82E6-40F1C08E1062.jpeg (相似度: 0.730)
  💜 [Sharon 匹配] CC106756-7B9B-40A1-82E6-40F1C08E1062.jpeg (相似度: 0.664)
  💖 [Sophia 匹配] IMG_9828.jpeg (相似度: 0.543)
  💖 [Sophia 匹配] 78169B94-F400-4B5F-902A-81A5CDA9E836.jpeg (相似度: 0.666)
  💖 [Sophia 匹配] IMG_9853.jpeg (相似度: 0.481)
  💖 [Sophia 匹配] 7C510D9A-4362-42B8-A1A0-4A367BD762C1.jpeg (相似度: 0.696)
  💜 [Sharon 匹配] AC1132BD-5518-4443-B558-72836EC2E5ED.jpeg (相似度: 0.720)
  💖 [Sophia 匹配] AC1132BD-5518-4443-B558-72836EC2E5ED.jpeg (相似度: 0.747)
  💖 [Sophia 匹配] 942EECF8-47FB-4537-83AE-DA8C26560C84.jpeg (相似度: 0.736)
  💖 [Sophia 匹配] CF79CD77-E1F8-415D-B505-BA14FEC4D18D.jpeg (相似度: 0.740)
  💜 [Sharon 匹配] CF79CD77-E1F8-415D-B505-BA14FEC4D18D.jpeg (相似度: 0.703)
  💖 [Sophia 匹配] IMG_9845.jpeg (相似度: 0.478)
  💖 [Sophia 匹配] 21164C26-65A7-4702-96F9-67222211F31D.jpeg (相似度: 0.709)
  💖 [Sophia 匹配] IMG_9832.jpeg (相似度: 0.486)
  💖 [Sophia 匹配] IMG_9824.jpeg (相似度: 0.590)
  💜 [Sharon 匹配] 9A0B2DDA-EB2A-4628-818D-2211233A7AAB.jpeg (相似度: 0.483)
  💖 [Sophia 匹配] 3EBDFF0E-0F24-4725-8605-BBCF5415A7E5.jpeg (相似度: 0.759)
  💜 [Sharon 匹配] 3EBDFF0E-0F24-4725-8605-BBCF5415A7E5.jpeg (相似度: 0.724)
  💖 [Sophia 匹配] IMG_9849.jpeg (相似度: 0.484)
  💖 [Sophia 匹配] 3D476CA5-4945-46B4-A0F4-E3F794E142C2.jpeg (相似度: 0.743)
  💖 [Sophia 匹配] IMG_9825.jpeg (相似度: 0.557)
  💜 [Sharon 匹配] IMG_9825.jpeg (相似度: 0.488)
  💖 [Sophia 匹配] 715C44A9-653A-40C5-BD66-D67591C3EEF0.jpeg (相似度: 0.774)
  💜 [Sharon 匹配] 715C44A9-653A-40C5-BD66-D67591C3EEF0.jpeg (相似度: 0.653)
  💖 [Sophia 匹配] IMG_9833.jpeg (相似度: 0.490)
  💖 [Sophia 匹配] IMG_9813.jpeg (相似度: 0.482)
  💖 [Sophia 匹配] 3F5A6B9C-851F-4993-BC5F-0F94D91FD48C.jpeg (相似度: 0.722)
  💖 [Sophia 匹配] 6F722A5C-BA26-44BF-86B2-55DFB15C4757.jpeg (相似度: 0.513)
  💖 [Sophia 匹配] IMG_9829.jpeg (相似度: 0.536)
  💖 [Sophia 匹配] IMG_9834.jpeg (相似度: 0.489)
  💖 [Sophia 匹配] E573EDCD-F75D-4A8B-A0FD-8F1319B38D2D.jpeg (相似度: 0.736)
  💜 [Sharon 匹配] E573EDCD-F75D-4A8B-A0FD-8F1319B38D2D.jpeg (相似度: 0.703)
  💖 [Sophia 匹配] IMG_9822.jpeg (相似度: 0.519)
  💜 [Sharon 匹配] IMG_9789.jpeg (相似度: 0.620)
  💜 [Sharon 匹配] 6F8438F6-60E9-4CA6-8C5A-DEE5DC645F7A.jpeg (相似度: 0.464)
  💖 [Sophia 匹配] IMG_9818.jpeg (相似度: 0.533)
  💜 [Sharon 匹配] IMG_9785.jpeg (相似度: 0.620)
  💖 [Sophia 匹配] IMG_9814.jpeg (相似度: 0.489)
  💖 [Sophia 匹配] 73143875-809A-46A1-98DE-2A327ED18AF3.jpeg (相似度: 0.686)
  💜 [Sharon 匹配] IMG_9792.jpeg (相似度: 0.671)
  💖 [Sophia 匹配] IMG_9815.jpeg (相似度: 0.543)
  💖 [Sophia 匹配] 8F683E0C-0D43-4267-869C-4D5BB54035DC.jpeg (相似度: 0.748)
  💖 [Sophia 匹配] FDD57855-2C22-45AC-A316-188E977507F7_1_201_a.jpeg (相似度: 0.705)
  💜 [Sharon 匹配] FDD57855-2C22-45AC-A316-188E977507F7_1_201_a.jpeg (相似度: 0.561)
  💖 [Sophia 匹配] IMG_9819.jpeg (相似度: 0.546)
  💖 [Sophia 匹配] AD7B8B95-2F07-4165-97CB-012E8FA13DA4.jpeg (相似度: 0.700)
  💜 [Sharon 匹配] AD7B8B95-2F07-4165-97CB-012E8FA13DA4.jpeg (相似度: 0.625)
  💖 [Sophia 匹配] IMG_9788.jpeg (相似度: 0.562)
  💜 [Sharon 匹配] IMG_9788.jpeg (相似度: 0.670)
  💖 [Sophia 匹配] 5344E08C-8C3C-443E-A5E2-FB377B800C41.jpeg (相似度: 0.620)
  💜 [Sharon 匹配] 5344E08C-8C3C-443E-A5E2-FB377B800C41.jpeg (相似度: 0.557)
  💖 [Sophia 匹配] IMG_9823.jpeg (相似度: 0.596)
  💖 [Sophia 匹配] 61A2029F-C221-437B-AF02-06AD6FE1CC12.jpeg (相似度: 0.738)
  💖 [Sophia 匹配] IMG_9835.jpeg (相似度: 0.488)
  💖 [Sophia 匹配] B3BBB049-A6CB-455D-8758-5E360AD06964.jpeg (相似度: 0.664)
  💜 [Sharon 匹配] B3BBB049-A6CB-455D-8758-5E360AD06964.jpeg (相似度: 0.627)
  💖 [Sophia 匹配] IMG_9820.jpeg (相似度: 0.532)
  💖 [Sophia 匹配] 56BFC6A1-D45E-44DE-8F1E-BBB67FEA603D.jpeg (相似度: 0.725)
  💜 [Sharon 匹配] IMG_9791.jpeg (相似度: 0.688)
  💖 [Sophia 匹配] IMG_9816.jpeg (相似度: 0.531)
  💖 [Sophia 匹配] IMG_9787.jpeg (相似度: 0.532)
  💖 [Sophia 匹配] 5ACF20D5-D4BC-4DB9-B095-6F61B4E7E95F.jpeg (相似度: 0.730)
  💜 [Sharon 匹配] 5ACF20D5-D4BC-4DB9-B095-6F61B4E7E95F.jpeg (相似度: 0.578)
  💜 [Sharon 匹配] IMG_9786.jpeg (相似度: 0.683)
  💖 [Sophia 匹配] 4987EC21-6E59-4EB4-952D-425825343F1B.jpeg (相似度: 0.644)
  💖 [Sophia 匹配] IMG_9817.jpeg (相似度: 0.537)
  💜 [Sharon 匹配] IMG_9790.jpeg (相似度: 0.691)
  💖 [Sophia 匹配] 3024B12D-1641-4D09-8485-A06668981F5D.jpeg (相似度: 0.779)
  💜 [Sharon 匹配] 3024B12D-1641-4D09-8485-A06668981F5D.jpeg (相似度: 0.696)
  💖 [Sophia 匹配] IMG_9821.jpeg (相似度: 0.575)
  💜 [Sharon 匹配] FDAB77C6-DA2D-4217-8715-35641F525CEE.jpeg (相似度: 0.695)
  💜 [Sharon 匹配] 059B2E3F-E746-453E-A460-DC1924F058D3.jpeg (相似度: 0.646)
  💜 [Sharon 匹配] 060E1731-7324-40FF-9737-1734F1393B44.jpeg (相似度: 0.599)
  💖 [Sophia 匹配] IMG_9851.jpeg (相似度: 0.512)
  💜 [Sharon 匹配] IMG_9826.jpeg (相似度: 0.481)
  💖 [Sophia 匹配] IMG_9826.jpeg (相似度: 0.528)
  💖 [Sophia 匹配] IMG_9830.jpeg (相似度: 0.555)
  💜 [Sharon 匹配] IMG_9830.jpeg (相似度: 0.466)
  💜 [Sharon 匹配] 58653C89-CD40-48E4-A429-EE9F0687C8FA.jpeg (相似度: 0.595)
  💖 [Sophia 匹配] IMG_9831.jpeg (相似度: 0.524)
  💜 [Sharon 匹配] C2680284-5AC9-44E4-8075-9582D384FB15.jpeg (相似度: 0.667)
  💖 [Sophia 匹配] IMG_9827.jpeg (相似度: 0.506)
  💜 [Sharon 匹配] 3159621E-9508-45A4-AFB1-CC947B98FA34.jpeg (相似度: 0.663)
  💜 [Sharon 匹配] D7DF960A-277E-4A31-8556-E2F02C8CCD4C.jpeg (相似度: 0.565)
  💖 [Sophia 匹配] D7DF960A-277E-4A31-8556-E2F02C8CCD4C.jpeg (相似度: 0.660)
  💖 [Sophia 匹配] IMG_9850.jpeg (相似度: 0.505)
  💖 [Sophia 匹配] 6049812F-B6C8-4C99-869E-F56AFCE01FDB.jpeg (相似度: 0.729)
  💜 [Sharon 匹配] 6049812F-B6C8-4C99-869E-F56AFCE01FDB.jpeg (相似度: 0.605)
  💖 [Sophia 匹配] IMG_9846.jpeg (相似度: 0.451)
  💜 [Sharon 匹配] 1821161F-02A2-45C8-AB20-291DFCF0F29F.jpeg (相似度: 0.590)
  💖 [Sophia 匹配] 1821161F-02A2-45C8-AB20-291DFCF0F29F.jpeg (相似度: 0.746)
  💖 [Sophia 匹配] 6237C1E2-AFDE-48E2-BE1B-3FEFC7D608FC.jpeg (相似度: 0.713)
  💜 [Sharon 匹配] 6237C1E2-AFDE-48E2-BE1B-3FEFC7D608FC.jpeg (相似度: 0.688)
  💜 [Sharon 匹配] B2A906AA-5C8F-48E5-B770-D6B48268F322.jpeg (相似度: 0.495)
  💜 [Sharon 匹配] D40BBA00-5B98-47B8-82D3-893CA7F5C352.jpeg (相似度: 0.513)
  💜 [Sharon 匹配] IMG_9862.jpeg (相似度: 0.556)
  💖 [Sophia 匹配] IMG_9862.jpeg (相似度: 0.595)
  💖 [Sophia 匹配] D359FF00-1A5A-4C7F-843B-8BA82906BA4A.jpeg (相似度: 0.746)
  💜 [Sharon 匹配] D359FF00-1A5A-4C7F-843B-8BA82906BA4A.jpeg (相似度: 0.634)
  💜 [Sharon 匹配] 4B035BA0-1F70-49C6-8960-E66252EFD478.jpeg (相似度: 0.653)
  💜 [Sharon 匹配] IMG_9861.jpeg (相似度: 0.509)
  💖 [Sophia 匹配] IMG_9861.jpeg (相似度: 0.529)
  💜 [Sharon 匹配] 5CB928D4-B284-40CD-84E1-01AF042C5FE3.jpeg (相似度: 0.655)
  💖 [Sophia 匹配] IMG_9860.jpeg (相似度: 0.546)
  💜 [Sharon 匹配] 90E1141B-E431-49CD-9554-5F3FCE40968E.jpeg (相似度: 0.663)
  💖 [Sophia 匹配] 90E1141B-E431-49CD-9554-5F3FCE40968E.jpeg (相似度: 0.784)
  💜 [Sharon 匹配] 0C061C9D-795C-4FAD-9E8F-A5684628B960.jpeg (相似度: 0.657)
  💜 [Sharon 匹配] IMG_0222.jpeg (相似度: 0.611)
  💜 [Sharon 匹配] IMG_0223.jpeg (相似度: 0.606)
  💜 [Sharon 匹配] FE9ED042-278F-4A64-9B69-7C214CFA1445.jpeg (相似度: 0.605)
  💖 [Sophia 匹配] FE9ED042-278F-4A64-9B69-7C214CFA1445.jpeg (相似度: 0.712)
  💜 [Sharon 匹配] C92627C5-DEF5-4F2D-8084-DF299F495B7F.jpeg (相似度: 0.570)
  💜 [Sharon 匹配] 6BAAFC39-FBCD-473E-8FB8-B399AA86D949.jpeg (相似度: 0.553)
  💜 [Sharon 匹配] IMG_0224.jpeg (相似度: 0.614)
  💜 [Sharon 匹配] IMG_0225.jpeg (相似度: 0.627)
  💜 [Sharon 匹配] E5E294C7-36E9-42AE-9AD2-A936D54780EA.jpeg (相似度: 0.620)
  💖 [Sophia 匹配] E5E294C7-36E9-42AE-9AD2-A936D54780EA.jpeg (相似度: 0.691)
  💜 [Sharon 匹配] IMG_0226.jpeg (相似度: 0.658)
  💜 [Sharon 匹配] IMG_0230.jpeg (相似度: 0.653)
  💖 [Sophia 匹配] 76FEADAB-3E44-4913-ABA4-09B33AB15801.jpeg (相似度: 0.688)
  💜 [Sharon 匹配] 76FEADAB-3E44-4913-ABA4-09B33AB15801.jpeg (相似度: 0.546)
  💜 [Sharon 匹配] 0619CA25-FEE2-41BA-BD77-F0946544F90B.jpeg (相似度: 0.615)
  💖 [Sophia 匹配] 0619CA25-FEE2-41BA-BD77-F0946544F90B.jpeg (相似度: 0.741)
  💜 [Sharon 匹配] IMG_0231.jpeg (相似度: 0.595)
  💜 [Sharon 匹配] 15B3701D-E5A7-4B50-B98F-ABF796F62C9A.jpeg (相似度: 0.637)
  💜 [Sharon 匹配] IMG_0227.jpeg (相似度: 0.639)
  💜 [Sharon 匹配] IMG_0221.jpeg (相似度: 0.655)
  💖 [Sophia 匹配] 68C9FCF5-0D2D-4E9B-BB0A-721A2B6286A0.jpeg (相似度: 0.727)
  💜 [Sharon 匹配] 68C9FCF5-0D2D-4E9B-BB0A-721A2B6286A0.jpeg (相似度: 0.568)
  💜 [Sharon 匹配] IMG_0202.jpeg (相似度: 0.658)
  💜 [Sharon 匹配] E0C1185B-D9F3-4498-9AB1-C2A9F84DCBAD.jpeg (相似度: 0.601)
  💖 [Sophia 匹配] E0C1185B-D9F3-4498-9AB1-C2A9F84DCBAD.jpeg (相似度: 0.684)
  💜 [Sharon 匹配] 9499EB74-D13F-4B8A-B620-1B57560326C9.jpeg (相似度: 0.534)
  💖 [Sophia 匹配] 9499EB74-D13F-4B8A-B620-1B57560326C9.jpeg (相似度: 0.705)
  💜 [Sharon 匹配] IMG_0184.jpeg (相似度: 0.656)
  💖 [Sophia 匹配] 2FE75354-3A49-44C2-906A-CD2A1763D701.jpeg (相似度: 0.758)
  💜 [Sharon 匹配] 2FE75354-3A49-44C2-906A-CD2A1763D701.jpeg (相似度: 0.640)
  💜 [Sharon 匹配] 951A4509-247A-47CA-914B-102B7121F576.jpeg (相似度: 0.582)
  💖 [Sophia 匹配] 951A4509-247A-47CA-914B-102B7121F576.jpeg (相似度: 0.723)
  💖 [Sophia 匹配] 4FF18453-4F43-4B60-A170-CBD2B4ACC390.jpeg (相似度: 0.722)
  💜 [Sharon 匹配] 4FF18453-4F43-4B60-A170-CBD2B4ACC390.jpeg (相似度: 0.513)
  💜 [Sharon 匹配] IMG_0203.jpeg (相似度: 0.618)
  💜 [Sharon 匹配] 728BF67A-D99F-47DA-8BBD-8B866AF242D7.jpeg (相似度: 0.606)
  💜 [Sharon 匹配] IMG_0188.jpeg (相似度: 0.681)
  💜 [Sharon 匹配] 5C35EE22-7CFA-4040-AD66-2E59C97221D4.jpeg (相似度: 0.544)
  💖 [Sophia 匹配] 5C35EE22-7CFA-4040-AD66-2E59C97221D4.jpeg (相似度: 0.729)
  💜 [Sharon 匹配] 0C61CB63-685E-4C08-8958-F00270B2A24B.jpeg (相似度: 0.501)
  💜 [Sharon 匹配] IMG_0195.jpeg (相似度: 0.572)
  💜 [Sharon 匹配] IMG_0204.jpeg (相似度: 0.624)
  💜 [Sharon 匹配] 749C6B39-1FD1-4A78-B79F-FF104561F9A8.jpeg (相似度: 0.485)
  💜 [Sharon 匹配] IMG_0176.jpeg (相似度: 0.608)
  💖 [Sophia 匹配] 341B3548-4419-4F68-B92A-26245D9456B2.jpeg (相似度: 0.460)
  💜 [Sharon 匹配] IMG_0199.jpeg (相似度: 0.550)
  💜 [Sharon 匹配] A6EFCA78-5339-4F27-A4FD-84DBCF5B7E68.jpeg (相似度: 0.557)
⏳ 已辨識 2000 / 5356 張相片 (1008.4 秒)...
  💜 [Sharon 匹配] IMG_0208.jpeg (相似度: 0.667)
  💜 [Sharon 匹配] IMG_0209.jpeg (相似度: 0.638)
  💜 [Sharon 匹配] IMG_0177.jpeg (相似度: 0.540)
  💜 [Sharon 匹配] BC88175E-7CA6-4855-97F0-79C8DC394B20.jpeg (相似度: 0.622)
  💜 [Sharon 匹配] IMG_0198.jpeg (相似度: 0.605)
  💖 [Sophia 匹配] F77883F7-B319-4117-A02E-DB7D64DA26FE.jpeg (相似度: 0.603)
  💜 [Sharon 匹配] IMG_0182.jpeg (相似度: 0.615)
  💜 [Sharon 匹配] 1457823F-A13B-4817-98EC-97174A875CA8.jpeg (相似度: 0.565)
  💖 [Sophia 匹配] F655E0DF-1FAF-4918-8025-0A08BB2F903B.jpeg (相似度: 0.664)
  💜 [Sharon 匹配] IMG_0205.jpeg (相似度: 0.632)
  💜 [Sharon 匹配] E8FFCC74-48C7-46F2-B6D8-836790264217.jpeg (相似度: 0.485)
  💜 [Sharon 匹配] IMG_0194.jpeg (相似度: 0.575)
  💜 [Sharon 匹配] IMG_0181.jpeg (相似度: 0.586)
  💜 [Sharon 匹配] IMG_0206.jpeg (相似度: 0.628)
  💜 [Sharon 匹配] 2DDC2795-08D8-4B8F-8567-7617EA196457_1_201_a.jpeg (相似度: 0.470)
  💜 [Sharon 匹配] IMG_0178.jpeg (相似度: 0.587)
  💖 [Sophia 匹配] 5C6186EB-D4B3-4FE6-A46C-1EF1691B55A6.jpeg (相似度: 0.629)
  💜 [Sharon 匹配] IMG_0174.jpeg (相似度: 0.625)
  💖 [Sophia 匹配] 05618AE1-F662-4792-95AE-6FF22EA24E59.jpeg (相似度: 0.592)
  💜 [Sharon 匹配] IMG_0175.jpeg (相似度: 0.562)
  💜 [Sharon 匹配] IMG_0196.jpeg (相似度: 0.615)
  💖 [Sophia 匹配] 806AE9D8-1B16-4110-B06A-5217BFC8B756.jpeg (相似度: 0.773)
  💜 [Sharon 匹配] 806AE9D8-1B16-4110-B06A-5217BFC8B756.jpeg (相似度: 0.562)
  💜 [Sharon 匹配] IMG_0179.jpeg (相似度: 0.540)
  💜 [Sharon 匹配] IMG_0207.jpeg (相似度: 0.634)
  💖 [Sophia 匹配] B11B854D-DB09-42F9-828E-CB98C4575A2E.jpeg (相似度: 0.729)
  💜 [Sharon 匹配] B11B854D-DB09-42F9-828E-CB98C4575A2E.jpeg (相似度: 0.662)
  💜 [Sharon 匹配] IMG_0180.jpeg (相似度: 0.601)
  💖 [Sophia 匹配] 6EF4FCBE-6BE2-4806-B050-0CAA71932B9D.jpeg (相似度: 0.753)
  💜 [Sharon 匹配] 6EF4FCBE-6BE2-4806-B050-0CAA71932B9D.jpeg (相似度: 0.631)
  💜 [Sharon 匹配] E922771C-53F4-4C8D-A06A-8B87EE27FA13.jpeg (相似度: 0.648)
  💖 [Sophia 匹配] E922771C-53F4-4C8D-A06A-8B87EE27FA13.jpeg (相似度: 0.721)
  💜 [Sharon 匹配] IMG_0172.jpeg (相似度: 0.617)
  💖 [Sophia 匹配] E754D98D-1E10-4964-B085-20D5477103CA.jpeg (相似度: 0.760)
  💖 [Sophia 匹配] 81427123-CB63-4EC6-A5C7-28DCCEF4A25D_1_201_a.jpeg (相似度: 0.639)
  💖 [Sophia 匹配] 048B04A6-6D31-4075-A2AC-6031BE27A88A.jpeg (相似度: 0.731)
  💜 [Sharon 匹配] 048B04A6-6D31-4075-A2AC-6031BE27A88A.jpeg (相似度: 0.628)
  💜 [Sharon 匹配] IMG_0187.jpeg (相似度: 0.687)
  💖 [Sophia 匹配] 92A851FA-C581-471A-A0F9-1FB5944386AF.jpeg (相似度: 0.673)
  💜 [Sharon 匹配] 27803205-619B-44D4-B25E-0E89123F2CF0.jpeg (相似度: 0.557)
  💜 [Sharon 匹配] IMG_0200.jpeg (相似度: 0.644)
  💜 [Sharon 匹配] IMG_0201.jpeg (相似度: 0.650)
  💖 [Sophia 匹配] 8ED0193A-B750-4969-B9F7-A2E153FA26C5.jpeg (相似度: 0.585)
  💜 [Sharon 匹配] B419F494-FBE5-4C07-8218-55494C3B17E9.jpeg (相似度: 0.575)
  💖 [Sophia 匹配] 296B8FFB-3075-458E-A802-CE974B040BD1.jpeg (相似度: 0.585)
  💜 [Sharon 匹配] IMG_0186.jpeg (相似度: 0.660)
  💜 [Sharon 匹配] IMG_0173.jpeg (相似度: 0.616)
  💜 [Sharon 匹配] IMG_0465.jpeg (相似度: 0.525)
  💜 [Sharon 匹配] IMG_0473.jpeg (相似度: 0.616)
  💜 [Sharon 匹配] 85704F67-B728-4142-92D7-A8AF7DB66318.jpeg (相似度: 0.487)
  💜 [Sharon 匹配] IMG_0541.jpeg (相似度: 0.538)
  💜 [Sharon 匹配] 0C82ADE6-9273-4333-8F40-9D291BC2BE27.jpeg (相似度: 0.624)
  💖 [Sophia 匹配] 0C82ADE6-9273-4333-8F40-9D291BC2BE27.jpeg (相似度: 0.687)
  💜 [Sharon 匹配] IMG_0474.jpeg (相似度: 0.492)
  💜 [Sharon 匹配] BF4B94AE-0494-4329-A0F8-65E53D9B75D3.jpeg (相似度: 0.546)
  💖 [Sophia 匹配] BF4B94AE-0494-4329-A0F8-65E53D9B75D3.jpeg (相似度: 0.682)
  💜 [Sharon 匹配] IMG_0546.jpeg (相似度: 0.534)
  💜 [Sharon 匹配] 49CEB0AF-2C7F-4E03-B65C-BD89DB9CD7AF.jpeg (相似度: 0.580)
  💖 [Sophia 匹配] 49CEB0AF-2C7F-4E03-B65C-BD89DB9CD7AF.jpeg (相似度: 0.696)
  💜 [Sharon 匹配] IMG_0545.jpeg (相似度: 0.494)
  💜 [Sharon 匹配] 54C12BF8-AB67-4579-94E9-2EE4E4547109.jpeg (相似度: 0.627)
  💜 [Sharon 匹配] IMG_0544.jpeg (相似度: 0.533)
  💜 [Sharon 匹配] EA5B0679-EE2A-4282-946B-0E7D23707DC7.jpeg (相似度: 0.579)
  💜 [Sharon 匹配] IMG_0471.jpeg (相似度: 0.583)
  💜 [Sharon 匹配] F0342F35-1709-4EAF-8716-120030FACA29.jpeg (相似度: 0.614)
  💜 [Sharon 匹配] 47D8352A-7D3E-4D0D-9116-97B255E9549A.jpeg (相似度: 0.571)
  💜 [Sharon 匹配] IMG_0543.jpeg (相似度: 0.533)
  💜 [Sharon 匹配] IMG_0542.jpeg (相似度: 0.520)
  💖 [Sophia 匹配] 9693F67B-5BEE-4537-8256-B2DBE5ABD92C.jpeg (相似度: 0.793)
  💜 [Sharon 匹配] IMG_0466.jpeg (相似度: 0.555)
  💜 [Sharon 匹配] 0FFD55B3-04DD-4DCD-9CAD-4EB8B4157281.jpeg (相似度: 0.592)
  💜 [Sharon 匹配] IMG_0470.jpeg (相似度: 0.621)
  💜 [Sharon 匹配] 60A6BCD9-649B-48B4-A70B-4E14FEBF4332.jpeg (相似度: 0.502)
  💜 [Sharon 匹配] IMG_0582.jpeg (相似度: 0.473)
  💜 [Sharon 匹配] IMG_0516.jpeg (相似度: 0.458)
  💜 [Sharon 匹配] IMG_0500.jpeg (相似度: 0.465)
  💜 [Sharon 匹配] IMG_0501.jpeg (相似度: 0.466)
  💜 [Sharon 匹配] IMG_0491.jpeg (相似度: 0.452)
  💜 [Sharon 匹配] B06893B1-16FA-49B9-986E-4A30A7F562B2.jpeg (相似度: 0.631)
  💜 [Sharon 匹配] IMG_0537.jpeg (相似度: 0.472)
  💜 [Sharon 匹配] IMG_0521.jpeg (相似度: 0.492)
  💖 [Sophia 匹配] B8644ECC-A8BA-4320-983C-3CE1A8CE850E.jpeg (相似度: 0.612)
  💜 [Sharon 匹配] B8644ECC-A8BA-4320-983C-3CE1A8CE850E.jpeg (相似度: 0.518)
  💜 [Sharon 匹配] IMG_0526.jpeg (相似度: 0.451)
  💜 [Sharon 匹配] IMG_0530.jpeg (相似度: 0.484)
  💖 [Sophia 匹配] 3F19E853-11CA-45B2-876A-BA76686CFA2C.jpeg (相似度: 0.651)
  💜 [Sharon 匹配] IMG_0531.jpeg (相似度: 0.494)
  💖 [Sophia 匹配] A3999B25-66CC-405A-BEE2-31FDA5C4A5A7.jpeg (相似度: 0.695)
  💜 [Sharon 匹配] IMG_0527.jpeg (相似度: 0.456)
  💖 [Sophia 匹配] 6A6C6377-5F3C-414A-BFD5-1416C3F8F0A5.jpeg (相似度: 0.780)
  💜 [Sharon 匹配] IMG_0507.jpeg (相似度: 0.476)
  💜 [Sharon 匹配] IMG_0494.jpeg (相似度: 0.456)
  💜 [Sharon 匹配] IMG_0508.jpeg (相似度: 0.506)
  💜 [Sharon 匹配] IMG_0498.jpeg (相似度: 0.463)
  💜 [Sharon 匹配] IMG_0509.jpeg (相似度: 0.482)
  💖 [Sophia 匹配] 88310459-A558-434D-9756-3A8EA2D840AB.jpeg (相似度: 0.597)
  💜 [Sharon 匹配] IMG_0513.jpeg (相似度: 0.489)
  💖 [Sophia 匹配] DCD3E002-ADD4-4103-94AD-2E83867407EE.jpeg (相似度: 0.736)
  💜 [Sharon 匹配] IMG_0505.jpeg (相似度: 0.459)
  💜 [Sharon 匹配] IMG_0522.jpeg (相似度: 0.498)
  💜 [Sharon 匹配] IMG_0502.jpeg (相似度: 0.454)
  💖 [Sophia 匹配] 2490D32A-AB52-49A7-8604-29FDF43F708A.jpeg (相似度: 0.588)
  💜 [Sharon 匹配] IMG_0514.jpeg (相似度: 0.478)
  💖 [Sophia 匹配] 1E3F1724-D5D8-4421-885F-E87820E5FB08.jpeg (相似度: 0.779)
  💜 [Sharon 匹配] IMG_0581.jpeg (相似度: 0.468)
  💜 [Sharon 匹配] IMG_0515.jpeg (相似度: 0.473)
  💜 [Sharon 匹配] IMG_0503.jpeg (相似度: 0.477)
  💖 [Sophia 匹配] FEABE1DB-2FB2-4B10-8B12-5AEC933F84E8.jpeg (相似度: 0.613)
  💜 [Sharon 匹配] FEABE1DB-2FB2-4B10-8B12-5AEC933F84E8.jpeg (相似度: 0.591)
  💜 [Sharon 匹配] IMG_0609.jpeg (相似度: 0.652)
  💖 [Sophia 匹配] 632E109A-EF58-47E3-BAED-F87F8DE6FE05.jpeg (相似度: 0.723)
  💜 [Sharon 匹配] IMG_0613.jpeg (相似度: 0.679)
  💜 [Sharon 匹配] IMG_0612.jpeg (相似度: 0.685)
  💜 [Sharon 匹配] IMG_0624.jpeg (相似度: 0.538)
  💜 [Sharon 匹配] 9CAD056E-CC95-40D4-8C79-480EDA49CC2D.jpeg (相似度: 0.479)
  💖 [Sophia 匹配] 9CAD056E-CC95-40D4-8C79-480EDA49CC2D.jpeg (相似度: 0.741)
  💖 [Sophia 匹配] 74BE9520-2F33-4977-9A02-6B46D9CEB700.jpeg (相似度: 0.701)
  💜 [Sharon 匹配] IMG_0615.jpeg (相似度: 0.570)
  💖 [Sophia 匹配] 9C5B5CD0-547C-4701-A970-F993F686F420.jpeg (相似度: 0.697)
  💜 [Sharon 匹配] IMG_0619.jpeg (相似度: 0.524)
  💖 [Sophia 匹配] A6DDBA2E-385F-4AC3-AAA5-AC56783A5071.jpeg (相似度: 0.728)
  💜 [Sharon 匹配] A6DDBA2E-385F-4AC3-AAA5-AC56783A5071.jpeg (相似度: 0.472)
  💜 [Sharon 匹配] IMG_0623.jpeg (相似度: 0.479)
  💖 [Sophia 匹配] 702D11FC-CF6D-414D-88CE-3F99588628F4.jpeg (相似度: 0.710)
  💖 [Sophia 匹配] 7ED9086D-3EF3-4DA1-B918-72A00874FCF2.jpeg (相似度: 0.642)
  💜 [Sharon 匹配] IMG_0622.jpeg (相似度: 0.533)
  💜 [Sharon 匹配] A1BD4251-91DE-40A2-A606-4412F56F042E.jpeg (相似度: 0.507)
  💖 [Sophia 匹配] 8DE89F15-BE20-4D5A-9591-C971077C81CE.jpeg (相似度: 0.734)
  💖 [Sophia 匹配] E7B7A907-76F6-4821-9382-8745C2DDC3CF.jpeg (相似度: 0.695)
  💜 [Sharon 匹配] IMG_0618.jpeg (相似度: 0.484)
  💜 [Sharon 匹配] 6B1F9902-AEBF-44F8-883E-72A66E8E12F3.jpeg (相似度: 0.600)
  💖 [Sophia 匹配] 6B1F9902-AEBF-44F8-883E-72A66E8E12F3.jpeg (相似度: 0.640)
  💜 [Sharon 匹配] IMG_0617.jpeg (相似度: 0.522)
  💜 [Sharon 匹配] DBBF1484-2F16-4859-B844-AC4554AC593E.jpeg (相似度: 0.480)
  💜 [Sharon 匹配] IMG_0621.jpeg (相似度: 0.585)
  💜 [Sharon 匹配] IMG_0620.jpeg (相似度: 0.638)
  💖 [Sophia 匹配] CDF6B59A-2045-4FEA-8A35-DAB2CAE2427F.jpeg (相似度: 0.639)
  💜 [Sharon 匹配] CDF6B59A-2045-4FEA-8A35-DAB2CAE2427F.jpeg (相似度: 0.541)
  💜 [Sharon 匹配] IMG_0616.jpeg (相似度: 0.509)
  💖 [Sophia 匹配] 9CC7596B-2115-49EB-A915-31835C8C653A.jpeg (相似度: 0.712)
  💜 [Sharon 匹配] 9CC7596B-2115-49EB-A915-31835C8C653A.jpeg (相似度: 0.579)
  💖 [Sophia 匹配] AA154035-4091-4998-B4FD-EBAC7BE68C87.jpeg (相似度: 0.648)
  💜 [Sharon 匹配] IMG_0611.jpeg (相似度: 0.672)
  💖 [Sophia 匹配] 9D8EE421-6E3F-4F4F-934B-BF7E7D528B77.jpeg (相似度: 0.705)
  💜 [Sharon 匹配] 6F270409-285D-46B6-B0C0-A4FFA0383B72_1_201_a.jpeg (相似度: 0.522)
  💖 [Sophia 匹配] 6F270409-285D-46B6-B0C0-A4FFA0383B72_1_201_a.jpeg (相似度: 0.691)
  💜 [Sharon 匹配] IMG_0607.jpeg (相似度: 0.556)
  💖 [Sophia 匹配] B79C3862-C521-47D9-872C-FE4194D38FF5.jpeg (相似度: 0.708)
  💜 [Sharon 匹配] IMG_0606.jpeg (相似度: 0.613)
  💖 [Sophia 匹配] 87895665-109E-4496-B27F-D5A0EBBC4FD8.jpeg (相似度: 0.634)
  💜 [Sharon 匹配] 87895665-109E-4496-B27F-D5A0EBBC4FD8.jpeg (相似度: 0.580)
  💜 [Sharon 匹配] IMG_0610.jpeg (相似度: 0.619)
  💜 [Sharon 匹配] FB393C7C-CC63-41D9-BE38-A6912D8FC674_1_201_a.jpeg (相似度: 0.602)
  💜 [Sharon 匹配] IMG_0626.jpeg (相似度: 0.523)
  💖 [Sophia 匹配] 1FD66000-D65B-4947-AAD1-B14239D54735.jpeg (相似度: 0.798)
  💖 [Sophia 匹配] 2B4F0D35-B22F-425B-A8B9-FE3882324C52_1_201_a.jpeg (相似度: 0.702)
  💜 [Sharon 匹配] 2B4F0D35-B22F-425B-A8B9-FE3882324C52_1_201_a.jpeg (相似度: 0.488)
  💖 [Sophia 匹配] FA71263C-282C-4F73-A449-76AC863EA155.jpeg (相似度: 0.642)
  💜 [Sharon 匹配] FA71263C-282C-4F73-A449-76AC863EA155.jpeg (相似度: 0.607)
  💖 [Sophia 匹配] FBD45FB9-8243-44AE-87DE-50E7E5CAA695.jpeg (相似度: 0.705)
  💜 [Sharon 匹配] FBD45FB9-8243-44AE-87DE-50E7E5CAA695.jpeg (相似度: 0.637)
  💜 [Sharon 匹配] 265771DF-6EB6-455D-B64F-E5E27C58BB30_1_201_a.jpeg (相似度: 0.606)
  💖 [Sophia 匹配] 9964969A-A354-4A0D-85C1-43990BD400C5.jpeg (相似度: 0.729)
  💜 [Sharon 匹配] IMG_0595.jpeg (相似度: 0.469)
  💖 [Sophia 匹配] A7BECFD8-B578-4F86-8AEE-A32E557EC819.jpeg (相似度: 0.728)
  💖 [Sophia 匹配] 6D2244C3-0F39-41D2-9DFB-9855F211B7CB.jpeg (相似度: 0.684)
  💜 [Sharon 匹配] 6D2244C3-0F39-41D2-9DFB-9855F211B7CB.jpeg (相似度: 0.552)
  💜 [Sharon 匹配] IMG_0601.jpeg (相似度: 0.502)
  💖 [Sophia 匹配] E6EBAC0F-18EE-4782-866E-C13CF8B2BB72.jpeg (相似度: 0.757)
  💖 [Sophia 匹配] 61233F62-D3AB-4E80-BB27-0294C3CD7BF6.jpeg (相似度: 0.749)
  💖 [Sophia 匹配] 167531A4-BC68-445B-B53A-B8D84AFBFEB5.jpeg (相似度: 0.682)
  💖 [Sophia 匹配] A00D441D-FDF0-4109-A18E-B335F879504B.jpeg (相似度: 0.580)
  💜 [Sharon 匹配] A00D441D-FDF0-4109-A18E-B335F879504B.jpeg (相似度: 0.500)
  💖 [Sophia 匹配] 6E96E1CA-0B80-4AC3-A106-57B6580B9249.jpeg (相似度: 0.518)
  💖 [Sophia 匹配] C356FFFA-346C-46BE-9693-3CADD9B283AB.jpeg (相似度: 0.782)
  💖 [Sophia 匹配] F385748D-DCD2-4C33-ADD8-5593E0B589C4.jpeg (相似度: 0.624)
  💖 [Sophia 匹配] 6A087F0E-0F09-4968-AC92-CAEBDFCE8CEE.jpeg (相似度: 0.658)
  💜 [Sharon 匹配] 6A087F0E-0F09-4968-AC92-CAEBDFCE8CEE.jpeg (相似度: 0.591)
  💜 [Sharon 匹配] IMG_0259.jpeg (相似度: 0.564)
  💖 [Sophia 匹配] C3B5AC39-CFD2-4D7E-A7D3-3F141D5C27CD.jpeg (相似度: 0.581)
  💜 [Sharon 匹配] C3B5AC39-CFD2-4D7E-A7D3-3F141D5C27CD.jpeg (相似度: 0.527)
  💜 [Sharon 匹配] IMG_0275.jpeg (相似度: 0.581)
  💖 [Sophia 匹配] 8E0C92A8-A1AD-45CE-807D-D090BACDC5A2.jpeg (相似度: 0.654)
  💜 [Sharon 匹配] IMG_0255.jpeg (相似度: 0.544)
  💜 [Sharon 匹配] IMG_0280.jpeg (相似度: 0.515)
  💖 [Sophia 匹配] 806BC1DD-8316-4478-9BAB-C8A1FEE39D9A.jpeg (相似度: 0.568)
  💜 [Sharon 匹配] IMG_0279.jpeg (相似度: 0.574)
  💖 [Sophia 匹配] C77DEF79-938E-466A-9413-146BB14216C9.jpeg (相似度: 0.762)
  💜 [Sharon 匹配] IMG_0278.jpeg (相似度: 0.600)
  💜 [Sharon 匹配] IMG_0254.jpeg (相似度: 0.564)
  💜 [Sharon 匹配] IMG_0262.jpeg (相似度: 0.463)
  💖 [Sophia 匹配] 03E8EE1D-3FA3-4FB4-AF62-046B423430A6.jpeg (相似度: 0.683)
  💜 [Sharon 匹配] 03E8EE1D-3FA3-4FB4-AF62-046B423430A6.jpeg (相似度: 0.590)
  💜 [Sharon 匹配] IMG_0253.jpeg (相似度: 0.555)
  💖 [Sophia 匹配] 7C7FBF48-9689-497A-8111-C300A08B362D.jpeg (相似度: 0.747)
  💜 [Sharon 匹配] 7C7FBF48-9689-497A-8111-C300A08B362D.jpeg (相似度: 0.604)
  💖 [Sophia 匹配] A537164B-5DE1-427F-94BC-84DFC4D4396E_1_201_a.jpeg (相似度: 0.676)
  💜 [Sharon 匹配] A537164B-5DE1-427F-94BC-84DFC4D4396E_1_201_a.jpeg (相似度: 0.573)
  💖 [Sophia 匹配] B2A42012-E254-4BF4-9507-33CBD5FEB8BF.jpeg (相似度: 0.706)
  💜 [Sharon 匹配] B2A42012-E254-4BF4-9507-33CBD5FEB8BF.jpeg (相似度: 0.459)
  💜 [Sharon 匹配] 5C3C070A-2DE5-4617-A07B-74C9BA65F70E.jpeg (相似度: 0.595)
  💖 [Sophia 匹配] 5C3C070A-2DE5-4617-A07B-74C9BA65F70E.jpeg (相似度: 0.731)
  💜 [Sharon 匹配] B633ACBF-4C6E-4400-AD95-AAE045C60894.jpeg (相似度: 0.577)
  💜 [Sharon 匹配] IMG_0252.jpeg (相似度: 0.606)
  💖 [Sophia 匹配] 18A8D385-1E6F-4485-B9C7-824C0D8086A5.jpeg (相似度: 0.583)
  💖 [Sophia 匹配] CDFCC8D9-A439-4900-852F-6B953BC318DB.jpeg (相似度: 0.689)
  💜 [Sharon 匹配] CDFCC8D9-A439-4900-852F-6B953BC318DB.jpeg (相似度: 0.538)
  💖 [Sophia 匹配] C526A6F1-4F69-4E00-B66E-A7A9466F1A32.jpeg (相似度: 0.719)
  💜 [Sharon 匹配] C526A6F1-4F69-4E00-B66E-A7A9466F1A32.jpeg (相似度: 0.609)
  💖 [Sophia 匹配] 4524AFEA-6762-46C9-BE70-DFE81BE4EF89.jpeg (相似度: 0.717)
  💖 [Sophia 匹配] 0A894D17-0A10-4DDD-A774-F1DC2F658FB6.jpeg (相似度: 0.503)
  💖 [Sophia 匹配] 0D1C929E-E132-4B37-BC41-9A92F116D29B.jpeg (相似度: 0.685)
⏳ 已辨識 4000 / 5356 張相片 (1712.1 秒)...
  💖 [Sophia 匹配] F6005524-6E7F-406B-8148-C67B13D2C3DE.jpeg (相似度: 0.783)
  💜 [Sharon 匹配] IMG_0257.jpeg (相似度: 0.524)
  💖 [Sophia 匹配] A5383F93-2019-4917-AD58-36EFCFEE6F3D.jpeg (相似度: 0.679)
  💜 [Sharon 匹配] A5383F93-2019-4917-AD58-36EFCFEE6F3D.jpeg (相似度: 0.615)
  💜 [Sharon 匹配] IMG_0256.jpeg (相似度: 0.574)
  💜 [Sharon 匹配] FA11E3B6-E0CC-4C70-BB22-527A2E3A01AF.jpeg (相似度: 0.581)
  💖 [Sophia 匹配] A23F724C-4480-49B4-A6C5-68596FAE904A.jpeg (相似度: 0.749)
  💜 [Sharon 匹配] IMG_0276.jpeg (相似度: 0.567)
  💜 [Sharon 匹配] IMG_0788.JPG (相似度: 0.560)
  💜 [Sharon 匹配] E2636A07-3F55-41B4-94E2-CEDB00980F88.jpeg (相似度: 0.543)
  💖 [Sophia 匹配] E2636A07-3F55-41B4-94E2-CEDB00980F88.jpeg (相似度: 0.575)
  💜 [Sharon 匹配] IMG_0789.JPG (相似度: 0.583)
  💜 [Sharon 匹配] IMG_0670.JPG (相似度: 0.644)
  💖 [Sophia 匹配] 71ECFC09-01F5-4C39-B680-568A251BEE2B.jpeg (相似度: 0.755)
  💜 [Sharon 匹配] IMG_0476.JPG (相似度: 0.550)
  💖 [Sophia 匹配] E12C5D3C-45D9-4296-B642-6417A240D9DE.jpeg (相似度: 0.585)
  💜 [Sharon 匹配] IMG_0784.JPG (相似度: 0.541)
  💜 [Sharon 匹配] IMG_0785.JPG (相似度: 0.546)
  💜 [Sharon 匹配] IMG_0791.JPG (相似度: 0.622)
  💜 [Sharon 匹配] IMG_0787.JPG (相似度: 0.542)
  💜 [Sharon 匹配] IMG_0786.JPG (相似度: 0.532)
  💖 [Sophia 匹配] 2A82913A-4B25-4EBA-A51A-CF3EF9F5C4DB.jpeg (相似度: 0.751)
  💜 [Sharon 匹配] IMG_0783.JPG (相似度: 0.542)
  💖 [Sophia 匹配] IMG_9721.JPG (相似度: 0.556)
  💖 [Sophia 匹配] 4B433CDA-FACC-4F6D-AC92-27F737D33EEF.jpeg (相似度: 0.484)
  💖 [Sophia 匹配] IMG_9720.JPG (相似度: 0.483)
  💖 [Sophia 匹配] IMG_9722.JPG (相似度: 0.486)
  💖 [Sophia 匹配] IMG_9723.JPG (相似度: 0.625)
  💜 [Sharon 匹配] IMG_9718.JPG (相似度: 0.537)
  💖 [Sophia 匹配] IMG_9718.JPG (相似度: 0.525)
  💜 [Sharon 匹配] IMG_9719.JPG (相似度: 0.517)
  💖 [Sophia 匹配] 7087840C-F704-445B-B8DA-EE5FE72850D1.jpeg (相似度: 0.686)
  💜 [Sharon 匹配] IMG_9714.JPG (相似度: 0.452)
  💜 [Sharon 匹配] IMG_9700.JPG (相似度: 0.604)
  💜 [Sharon 匹配] IMG_9701.JPG (相似度: 0.585)
  💜 [Sharon 匹配] IMG_9715.JPG (相似度: 0.524)
  💖 [Sophia 匹配] FA13EA80-80B3-430D-A23E-498D397E036E.jpeg (相似度: 0.751)
  💜 [Sharon 匹配] IMG_9703.JPG (相似度: 0.595)
  💖 [Sophia 匹配] CA3A60BC-E315-4087-853B-47BE0765B6EF.jpeg (相似度: 0.728)
  💜 [Sharon 匹配] IMG_9717.JPG (相似度: 0.588)
  💖 [Sophia 匹配] IMG_9717.JPG (相似度: 0.565)
  💖 [Sophia 匹配] C7791B2F-52AF-4FA5-B45A-2FB623CC0DAB.jpeg (相似度: 0.707)
  💜 [Sharon 匹配] C7791B2F-52AF-4FA5-B45A-2FB623CC0DAB.jpeg (相似度: 0.577)
  💜 [Sharon 匹配] IMG_9716.JPG (相似度: 0.580)
  💖 [Sophia 匹配] IMG_9716.JPG (相似度: 0.569)
  💖 [Sophia 匹配] 4EDA847C-54A7-47A2-BDFC-DB5B59DBD78E.jpeg (相似度: 0.773)
  💜 [Sharon 匹配] 4EDA847C-54A7-47A2-BDFC-DB5B59DBD78E.jpeg (相似度: 0.644)
  💜 [Sharon 匹配] IMG_9702.JPG (相似度: 0.579)
  💖 [Sophia 匹配] D706AAE5-28EB-4EB8-9AD3-550CB3BE0846.jpeg (相似度: 0.770)
  💜 [Sharon 匹配] D706AAE5-28EB-4EB8-9AD3-550CB3BE0846.jpeg (相似度: 0.658)
  💜 [Sharon 匹配] IMG_9699.JPG (相似度: 0.574)
  💜 [Sharon 匹配] IMG_9713.JPG (相似度: 0.450)
  💜 [Sharon 匹配] IMG_9705.JPG (相似度: 0.579)
  💜 [Sharon 匹配] IMG_9704.JPG (相似度: 0.575)
  💜 [Sharon 匹配] 505C6C4A-681A-478C-B58F-4ECFBD2E9248.jpeg (相似度: 0.644)
  💖 [Sophia 匹配] 505C6C4A-681A-478C-B58F-4ECFBD2E9248.jpeg (相似度: 0.741)
  💜 [Sharon 匹配] IMG_0334.jpeg (相似度: 0.488)
  💜 [Sharon 匹配] 954B5BB9-97DD-4675-8A6D-645B7E232A32.jpeg (相似度: 0.564)
  💖 [Sophia 匹配] IMG_0824.jpeg (相似度: 0.581)
  💜 [Sharon 匹配] 541BDF92-089C-451C-A376-49D290E40A7B.jpeg (相似度: 0.563)
  💜 [Sharon 匹配] IMG_0814.jpeg (相似度: 0.575)
  💜 [Sharon 匹配] IMG_0822.jpeg (相似度: 0.544)
  💜 [Sharon 匹配] F04892F0-E2FC-43A9-8B68-F2F932AED693.jpeg (相似度: 0.595)
  💖 [Sophia 匹配] IMG_0834.jpeg (相似度: 0.523)
  💖 [Sophia 匹配] IMG_1008.JPG (相似度: 0.574)
  💜 [Sharon 匹配] 018E4323-2500-412F-9BAA-3F40CA5ABFDF.jpeg (相似度: 0.648)
  💜 [Sharon 匹配] E5284BDC-53EB-438E-BE92-46A5F0DCF587.jpeg (相似度: 0.621)
  💜 [Sharon 匹配] IMG_1020.JPG (相似度: 0.639)
  💜 [Sharon 匹配] IMG_0818.jpeg (相似度: 0.603)
  💜 [Sharon 匹配] 10946A62-2C9F-4F5F-8DD8-A2710C21DECF.jpeg (相似度: 0.616)
  💜 [Sharon 匹配] IMG_1021.JPG (相似度: 0.583)
  💜 [Sharon 匹配] 649F4CD8-2366-48CB-9B99-FF5D2A99D8B7.jpeg (相似度: 0.643)
  💜 [Sharon 匹配] AF6C3786-700E-4B32-AFC3-324EE3377D04.jpeg (相似度: 0.700)
  💜 [Sharon 匹配] IMG_1018.JPG (相似度: 0.593)
  💜 [Sharon 匹配] IMG_0823.jpeg (相似度: 0.550)
  💜 [Sharon 匹配] IMG_0854.jpeg (相似度: 0.462)
  💜 [Sharon 匹配] IMG_0815.jpeg (相似度: 0.616)
  💖 [Sophia 匹配] IMG_1027.JPG (相似度: 0.521)
  💖 [Sophia 匹配] IMG_1017.JPG (相似度: 0.570)
  💖 [Sophia 匹配] IMG_1015.JPG (相似度: 0.551)
  💜 [Sharon 匹配] IMG_1015.JPG (相似度: 0.654)
  💖 [Sophia 匹配] IMG_1014.JPG (相似度: 0.535)
  💜 [Sharon 匹配] IMG_1014.JPG (相似度: 0.670)
  💜 [Sharon 匹配] IMG_0821.jpeg (相似度: 0.484)
  💜 [Sharon 匹配] IMG_9632.jpeg (相似度: 0.464)
  💜 [Sharon 匹配] IMG_9966.jpeg (相似度: 0.696)
  💜 [Sharon 匹配] IMG_9965.jpeg (相似度: 0.645)
  💖 [Sophia 匹配] IMG_8686.jpeg (相似度: 0.537)
  💜 [Sharon 匹配] IMG_8686.jpeg (相似度: 0.574)
  💜 [Sharon 匹配] 11FBEABA-B1E6-4D0E-A6B9-0577A81FD0D4.jpeg (相似度: 0.553)
  💖 [Sophia 匹配] IMG_8690.jpeg (相似度: 0.485)
  💜 [Sharon 匹配] IMG_8690.jpeg (相似度: 0.526)
  💖 [Sophia 匹配] 1C3214B7-AC4D-4F39-AB5E-AEA41E460808.jpeg (相似度: 0.634)
  💖 [Sophia 匹配] IMG_8700.jpeg (相似度: 0.567)
  💜 [Sharon 匹配] IMG_8700.jpeg (相似度: 0.596)
  💜 [Sharon 匹配] IMG_8648.jpeg (相似度: 0.580)
  💜 [Sharon 匹配] C22AE996-5FED-42B6-856A-B4ECF45EE748.jpeg (相似度: 0.548)
  💖 [Sophia 匹配] C22AE996-5FED-42B6-856A-B4ECF45EE748.jpeg (相似度: 0.461)
  💜 [Sharon 匹配] 95C3A708-0FEC-4990-9F35-C0F939AFBF46.jpeg (相似度: 0.599)
  💜 [Sharon 匹配] IMG_8687.jpeg (相似度: 0.543)
  💖 [Sophia 匹配] IMG_8687.jpeg (相似度: 0.540)
  💖 [Sophia 匹配] A6DCE7A0-BC85-4D00-A5E5-28A781C930F1.jpeg (相似度: 0.535)
  💜 [Sharon 匹配] A6DCE7A0-BC85-4D00-A5E5-28A781C930F1.jpeg (相似度: 0.627)
  💜 [Sharon 匹配] IMG_8696.jpeg (相似度: 0.563)
  💖 [Sophia 匹配] IMG_8696.jpeg (相似度: 0.569)
  💖 [Sophia 匹配] IMG_8697.jpeg (相似度: 0.530)
  💖 [Sophia 匹配] IMG_8698.jpeg (相似度: 0.595)
  💖 [Sophia 匹配] IMG_8694.jpeg (相似度: 0.545)
  💜 [Sharon 匹配] IMG_8694.jpeg (相似度: 0.589)
  💖 [Sophia 匹配] IMG_8695.jpeg (相似度: 0.568)
  💜 [Sharon 匹配] IMG_8695.jpeg (相似度: 0.567)
  💜 [Sharon 匹配] IMG_8699.jpeg (相似度: 0.592)
  💖 [Sophia 匹配] IMG_8699.jpeg (相似度: 0.560)
  💜 [Sharon 匹配] IMG_8647.jpeg (相似度: 0.545)
  💜 [Sharon 匹配] 2584B234-0BE6-4B9B-A79B-218771B4CCB8.jpeg (相似度: 0.702)
  💖 [Sophia 匹配] IMG_8684.jpeg (相似度: 0.496)
  💜 [Sharon 匹配] IMG_8684.jpeg (相似度: 0.552)
  💜 [Sharon 匹配] IMG_8688.jpeg (相似度: 0.547)
  💖 [Sophia 匹配] IMG_8688.jpeg (相似度: 0.521)
  💖 [Sophia 匹配] IMG_8685.jpeg (相似度: 0.509)
  💜 [Sharon 匹配] IMG_8685.jpeg (相似度: 0.577)
  💖 [Sophia 匹配] IMG_8693.jpeg (相似度: 0.510)
  💜 [Sharon 匹配] IMG_8693.jpeg (相似度: 0.556)
  💜 [Sharon 匹配] IMG_9712.jpeg (相似度: 0.475)
  💜 [Sharon 匹配] 06CF8206-2281-4E2E-BC4E-99952784DE39.jpeg (相似度: 0.591)
  💖 [Sophia 匹配] 5D3FA37A-E86E-4018-A610-72B8C8AA2DD4.jpeg (相似度: 0.569)
  💖 [Sophia 匹配] 61B214C1-F2FB-48D6-8E96-515735FF31D8.jpeg (相似度: 0.579)
  💜 [Sharon 匹配] CCFD8D66-5C12-4127-9310-68BD0A30D7A6.jpeg (相似度: 0.586)
  💖 [Sophia 匹配] FAD2B850-13E6-42D7-9130-2386E1E2E928.jpeg (相似度: 0.595)
  💖 [Sophia 匹配] 7832FB5C-7F9C-470F-8E68-2EEF6308BF74.jpeg (相似度: 0.613)
  💜 [Sharon 匹配] IMG_9764.jpeg (相似度: 0.542)
  💖 [Sophia 匹配] IMG_9764.jpeg (相似度: 0.473)
  💖 [Sophia 匹配] 99F7B97D-DB70-4CC5-B8CD-C3DD2A560CB7.jpeg (相似度: 0.505)
  💜 [Sharon 匹配] IMG_9769.jpeg (相似度: 0.457)
  💖 [Sophia 匹配] 853CBA80-58EA-497E-A9F8-C69C64E79CE9.jpeg (相似度: 0.609)
  💜 [Sharon 匹配] 07DB6C6D-E53D-4BD2-9B7F-6F7A40BACC84.jpeg (相似度: 0.563)
  💖 [Sophia 匹配] 835B147E-8B2C-4AF3-A0A2-2E2CC1BB5B40.jpeg (相似度: 0.600)
  💖 [Sophia 匹配] 9C71E8E7-2BF0-41ED-89D0-2BEB1AEEE519.jpeg (相似度: 0.535)
  💖 [Sophia 匹配] F705AE30-9A2A-4E66-97C0-795FC253FBDF.jpeg (相似度: 0.681)
  💜 [Sharon 匹配] 8789768D-0278-4B5C-85D9-A28E2B7C79CF.jpeg (相似度: 0.699)
  💖 [Sophia 匹配] 8789768D-0278-4B5C-85D9-A28E2B7C79CF.jpeg (相似度: 0.699)
  💖 [Sophia 匹配] BD644F7F-3B7A-450E-AED0-46C4BBEC6C87.jpeg (相似度: 0.723)
  💜 [Sharon 匹配] BD644F7F-3B7A-450E-AED0-46C4BBEC6C87.jpeg (相似度: 0.694)
  💜 [Sharon 匹配] 3EF617E3-76B3-483F-932E-86E5BE6A35B1.jpeg (相似度: 0.677)
  💜 [Sharon 匹配] E65E8A91-D463-4B84-824E-0B226DFEFA0A.jpeg (相似度: 0.597)
  💜 [Sharon 匹配] 3F09A5E1-C40F-44A6-9DF0-040A568531E9.jpeg (相似度: 0.619)
  💖 [Sophia 匹配] 6DFD4500-A18B-4B4F-B49B-BBA53E7015C4.jpeg (相似度: 0.709)
  💜 [Sharon 匹配] 6DFD4500-A18B-4B4F-B49B-BBA53E7015C4.jpeg (相似度: 0.679)
  💜 [Sharon 匹配] IMG_9946.jpeg (相似度: 0.565)
  💜 [Sharon 匹配] 43F8A53B-83D0-4730-A77C-FFEDD1DA414B.jpeg (相似度: 0.475)
  💜 [Sharon 匹配] 4D402F92-DE95-4294-B097-9A508D515D67.jpeg (相似度: 0.475)
  💜 [Sharon 匹配] 8F652B62-68FB-4627-A0D7-9AD278F9E423.jpeg (相似度: 0.586)
  💜 [Sharon 匹配] 82F52049-1E13-485A-A246-FA879BFCD9B1.jpeg (相似度: 0.462)
  💖 [Sophia 匹配] 86934B0F-317C-4C78-8E37-FA622F456C4C.jpeg (相似度: 0.685)
  💜 [Sharon 匹配] 86934B0F-317C-4C78-8E37-FA622F456C4C.jpeg (相似度: 0.676)
  💜 [Sharon 匹配] 670D9535-7CBD-4F27-BE85-51DCD45386B9.jpeg (相似度: 0.607)
  💖 [Sophia 匹配] 26FF3FBF-7FBF-4F78-BA34-465A743CB175.jpeg (相似度: 0.590)
  💜 [Sharon 匹配] 26FF3FBF-7FBF-4F78-BA34-465A743CB175.jpeg (相似度: 0.710)
  💖 [Sophia 匹配] 4D17F09A-226F-4DF8-8113-031D2BAFF4DB.jpeg (相似度: 0.686)
  💜 [Sharon 匹配] 4D17F09A-226F-4DF8-8113-031D2BAFF4DB.jpeg (相似度: 0.648)
  💖 [Sophia 匹配] IMG_0035.jpeg (相似度: 0.552)
  💜 [Sharon 匹配] IMG_0039.jpeg (相似度: 0.621)
  💖 [Sophia 匹配] IMG_0039.jpeg (相似度: 0.513)
  💜 [Sharon 匹配] C7231791-184B-4FA8-BEAD-E19277F63EB9.jpeg (相似度: 0.699)
  💖 [Sophia 匹配] 76D8B1EB-F736-415D-8B20-72BBE1DDADC2.jpeg (相似度: 0.691)
  💜 [Sharon 匹配] 76D8B1EB-F736-415D-8B20-72BBE1DDADC2.jpeg (相似度: 0.693)
  💖 [Sophia 匹配] IMG_0038.jpeg (相似度: 0.516)
  💜 [Sharon 匹配] IMG_0038.jpeg (相似度: 0.641)
  💖 [Sophia 匹配] IMG_0034.jpeg (相似度: 0.575)
  💜 [Sharon 匹配] 2BBD82D5-A080-4CA5-880E-B28044E7925D.jpeg (相似度: 0.646)
  💜 [Sharon 匹配] 1640E50B-3038-43B2-A552-CCD127A9CBA2.jpeg (相似度: 0.626)
  💖 [Sophia 匹配] IMG_0033.jpeg (相似度: 0.609)
  💜 [Sharon 匹配] IMG_0033.jpeg (相似度: 0.529)
  💜 [Sharon 匹配] FFFDEF46-C7CD-49C9-A7F9-E30B27F8E743.jpeg (相似度: 0.628)
  💖 [Sophia 匹配] E4BF0C11-6F79-4AB2-80D3-BA608270EAB1.jpeg (相似度: 0.700)
  💜 [Sharon 匹配] E4BF0C11-6F79-4AB2-80D3-BA608270EAB1.jpeg (相似度: 0.701)
  💜 [Sharon 匹配] 20E0CB6A-3162-4C26-8E8B-DA8906B52498.jpeg (相似度: 0.563)
  💖 [Sophia 匹配] 25CCEB46-F1B5-44A3-B6F7-9C66683322E0.jpeg (相似度: 0.621)
  💜 [Sharon 匹配] 25CCEB46-F1B5-44A3-B6F7-9C66683322E0.jpeg (相似度: 0.623)
  💜 [Sharon 匹配] C8B717E1-5A52-4587-8429-D29F1D119B48.jpeg (相似度: 0.553)
  💜 [Sharon 匹配] 2D43E6BB-193E-4A55-93CA-D03EA30BAB6C.jpeg (相似度: 0.630)
  💜 [Sharon 匹配] 696C3EA1-052B-466B-84B9-636AC8DAFE3E.jpeg (相似度: 0.611)
  💖 [Sophia 匹配] IMG_0037.jpeg (相似度: 0.550)
  💜 [Sharon 匹配] 43971EBC-2421-4FF6-BE13-BBC05F3F5B6D.jpeg (相似度: 0.630)
  💜 [Sharon 匹配] 3A73E32E-B3A1-4462-8A2F-F2897756CB21.jpeg (相似度: 0.628)
  💜 [Sharon 匹配] 947F2E66-02AD-4E51-8E45-D453B56010A5.jpeg (相似度: 0.673)
  💖 [Sophia 匹配] 6FC2650C-9F7E-4027-AA3D-DD332C84CEA9.jpeg (相似度: 0.693)
  💜 [Sharon 匹配] 6FC2650C-9F7E-4027-AA3D-DD332C84CEA9.jpeg (相似度: 0.712)
  💜 [Sharon 匹配] 718046FD-E65A-4515-91AD-3EF055C6A937.jpeg (相似度: 0.514)
  💖 [Sophia 匹配] IMG_0036.jpeg (相似度: 0.607)
  💖 [Sophia 匹配] C5A9BD21-4AB7-4A3C-B0A0-9EFBA178DD14.jpeg (相似度: 0.698)
  💜 [Sharon 匹配] C5A9BD21-4AB7-4A3C-B0A0-9EFBA178DD14.jpeg (相似度: 0.709)
  💖 [Sophia 匹配] IMG_0166.jpeg (相似度: 0.564)
  💜 [Sharon 匹配] IMG_0166.jpeg (相似度: 0.623)
  💜 [Sharon 匹配] IMG_0111.jpeg (相似度: 0.592)
  💜 [Sharon 匹配] D311D7AF-7842-4EF6-BDAC-3AB2FEE26CC8.jpeg (相似度: 0.646)
  💜 [Sharon 匹配] 19785782-1CF3-4B2C-9C0C-8209AE4F6F96.jpeg (相似度: 0.509)
  💜 [Sharon 匹配] IMG_0110.jpeg (相似度: 0.589)
  💜 [Sharon 匹配] 6E27F397-3951-4534-89E7-3D0D97F8EA04.jpeg (相似度: 0.579)
  💜 [Sharon 匹配] ED6F2B82-A30E-4897-9C6D-B52E044A291C.jpeg (相似度: 0.598)
  💖 [Sophia 匹配] IMG_0167.jpeg (相似度: 0.564)
  💜 [Sharon 匹配] 99CEE83E-FB88-4E03-BE86-E583111C9F2E.jpeg (相似度: 0.466)
  💖 [Sophia 匹配] IMG_0160.jpeg (相似度: 0.511)
  💜 [Sharon 匹配] 33EF1E01-EF5D-4EAA-99B3-26AC2B5FB632.jpeg (相似度: 0.467)
  💖 [Sophia 匹配] IMG_0161.jpeg (相似度: 0.519)
  💜 [Sharon 匹配] IMG_0115.jpeg (相似度: 0.575)
  💖 [Sophia 匹配] IMG_0162.jpeg (相似度: 0.562)
  💜 [Sharon 匹配] IMG_0162.jpeg (相似度: 0.601)
  💜 [Sharon 匹配] 1A900AB5-8E03-4021-9001-4CF3FB879044.jpeg (相似度: 0.569)
  💖 [Sophia 匹配] 1A900AB5-8E03-4021-9001-4CF3FB879044.jpeg (相似度: 0.633)
  💜 [Sharon 匹配] 89C85C85-4744-4F10-B5F5-6F438D026234.jpeg (相似度: 0.490)
  💜 [Sharon 匹配] 275AF46E-F1BA-4BBF-8013-3E7ADCE76A5B.jpeg (相似度: 0.576)
  💖 [Sophia 匹配] IMG_0163.jpeg (相似度: 0.522)
  💜 [Sharon 匹配] IMG_0163.jpeg (相似度: 0.625)
  💜 [Sharon 匹配] EF5CF0BC-44AF-4B8A-9279-8E6706BA30D7.jpeg (相似度: 0.458)
  💜 [Sharon 匹配] IMG_0114.jpeg (相似度: 0.572)
  💖 [Sophia 匹配] DD63CDD3-DA10-4FB3-82DB-26DCEE1010E4.jpeg (相似度: 0.672)
  💜 [Sharon 匹配] DD63CDD3-DA10-4FB3-82DB-26DCEE1010E4.jpeg (相似度: 0.707)
  💜 [Sharon 匹配] IMG_0164.jpeg (相似度: 0.608)
  💖 [Sophia 匹配] IMG_0164.jpeg (相似度: 0.566)
  💜 [Sharon 匹配] 7E446EA8-1B90-4377-80A9-849007EC03A9.jpeg (相似度: 0.475)
  💖 [Sophia 匹配] 83AA10B9-4A77-4931-BC4C-99717D208452.jpeg (相似度: 0.721)
  💜 [Sharon 匹配] 83AA10B9-4A77-4931-BC4C-99717D208452.jpeg (相似度: 0.680)
  💜 [Sharon 匹配] IMG_0113.jpeg (相似度: 0.605)
  💜 [Sharon 匹配] 8C0EC61C-2095-407F-8033-26FEB7BE241B_1_201_a.jpeg (相似度: 0.610)
  💖 [Sophia 匹配] 8C0EC61C-2095-407F-8033-26FEB7BE241B_1_201_a.jpeg (相似度: 0.635)
  💖 [Sophia 匹配] IMG_0168.jpeg (相似度: 0.560)
  💖 [Sophia 匹配] 01ADCDD6-C4C1-4BB2-8DEC-7EE7D5509398_1_201_a.jpeg (相似度: 0.648)
  💜 [Sharon 匹配] 01ADCDD6-C4C1-4BB2-8DEC-7EE7D5509398_1_201_a.jpeg (相似度: 0.627)
  💖 [Sophia 匹配] C149BA2D-E3DC-4566-9D13-8B4259339D81.jpeg (相似度: 0.589)
  💖 [Sophia 匹配] IMG_0169.jpeg (相似度: 0.540)
  💖 [Sophia 匹配] C083CC9C-B8DF-4F80-81C2-6CE2D3FB18DA_1_201_a.jpeg (相似度: 0.635)
  💜 [Sharon 匹配] C083CC9C-B8DF-4F80-81C2-6CE2D3FB18DA_1_201_a.jpeg (相似度: 0.694)
  💖 [Sophia 匹配] E948EAFC-9B64-4AFC-A52A-C6F8BBDEE05B_1_201_a.jpeg (相似度: 0.654)
  💜 [Sharon 匹配] E948EAFC-9B64-4AFC-A52A-C6F8BBDEE05B_1_201_a.jpeg (相似度: 0.637)
  💖 [Sophia 匹配] 988B30E7-D673-48AB-9F6D-B99933060E23.jpeg (相似度: 0.630)
  💜 [Sharon 匹配] 988B30E7-D673-48AB-9F6D-B99933060E23.jpeg (相似度: 0.632)
  💜 [Sharon 匹配] IMG_0165.jpeg (相似度: 0.601)
  💖 [Sophia 匹配] IMG_0165.jpeg (相似度: 0.558)
  💖 [Sophia 匹配] 8A5A429C-220E-4446-B71F-8FEB586A7291.jpeg (相似度: 0.594)
  💜 [Sharon 匹配] 8A5A429C-220E-4446-B71F-8FEB586A7291.jpeg (相似度: 0.620)
  💖 [Sophia 匹配] 60861DC2-C8FC-4A51-9F6B-9A9D578D8CE9.jpeg (相似度: 0.621)
  💖 [Sophia 匹配] E56D2320-2FD9-423D-9B4A-A8F565265EBE.jpeg (相似度: 0.667)
  💖 [Sophia 匹配] F3593EDB-011C-45DE-B414-74B58A9714B6.jpeg (相似度: 0.452)
  💜 [Sharon 匹配] F3593EDB-011C-45DE-B414-74B58A9714B6.jpeg (相似度: 0.574)
  💖 [Sophia 匹配] BB325778-98BA-4F9A-9192-44E72216F6C2.jpeg (相似度: 0.586)
  💖 [Sophia 匹配] D910089B-93FD-414E-A473-FDFF3C47775D_1_201_a.jpeg (相似度: 0.665)
  💜 [Sharon 匹配] C2E8B1E1-BC41-405A-8EBF-332C0CCEFEFD_1_105_c.jpeg (相似度: 0.614)
  💖 [Sophia 匹配] F3F87080-B2DB-4CD1-86CE-1428E36E0CEC.jpeg (相似度: 0.625)
  💜 [Sharon 匹配] F3F87080-B2DB-4CD1-86CE-1428E36E0CEC.jpeg (相似度: 0.546)
  💜 [Sharon 匹配] AFEE410F-9DFB-4A43-A1A8-95C0F7878284_1_105_c.jpeg (相似度: 0.606)
  💜 [Sharon 匹配] 7E23A5D2-612C-41C5-95EC-8001CB1E2278_1_105_c.jpeg (相似度: 0.642)
  💜 [Sharon 匹配] CDC126E7-7AA0-4CFB-951F-E8776068E55A_1_105_c.jpeg (相似度: 0.660)
  💖 [Sophia 匹配] 300D5E2E-8C04-4F09-BC16-39A36255B974_1_201_a.jpeg (相似度: 0.627)
  💜 [Sharon 匹配] 300D5E2E-8C04-4F09-BC16-39A36255B974_1_201_a.jpeg (相似度: 0.649)
  💜 [Sharon 匹配] F60FC993-8ECA-40F8-A3B2-C5DF601CBCD6_1_105_c.jpeg (相似度: 0.624)
  💜 [Sharon 匹配] 190FC734-9E14-4505-87F4-B23EA64B749F_1_201_a.jpeg (相似度: 0.720)
  💖 [Sophia 匹配] 190FC734-9E14-4505-87F4-B23EA64B749F_1_201_a.jpeg (相似度: 0.630)
  💜 [Sharon 匹配] D8DAD5D8-BFF6-4993-BE17-495B16DEC4E9_1_105_c.jpeg (相似度: 0.624)
  💜 [Sharon 匹配] 87A033A8-A790-4B16-BB44-A75470AD0276_1_105_c.jpeg (相似度: 0.621)
  💖 [Sophia 匹配] 750C2118-CAE8-43B5-9187-66C499B856BF_1_201_a.jpeg (相似度: 0.603)
  💜 [Sharon 匹配] 750C2118-CAE8-43B5-9187-66C499B856BF_1_201_a.jpeg (相似度: 0.619)
  💜 [Sharon 匹配] C9589C0B-6841-4033-9E88-56282AD90979_1_105_c.jpeg (相似度: 0.634)
  💜 [Sharon 匹配] FB94F3E8-BB00-451E-B630-A2300C23F8C3_1_201_a.jpeg (相似度: 0.623)
  💖 [Sophia 匹配] FB94F3E8-BB00-451E-B630-A2300C23F8C3_1_201_a.jpeg (相似度: 0.584)
  💖 [Sophia 匹配] 1AD03844-9F78-421B-8CA2-756D75F01F30_1_201_a.jpeg (相似度: 0.679)
  💖 [Sophia 匹配] 93505D4A-9947-4EDE-9A67-84C58E734B6D.jpeg (相似度: 0.713)
  💖 [Sophia 匹配] D3D7079C-C2EB-422D-9FEA-408E941A1044_1_201_a.jpeg (相似度: 0.597)
  💜 [Sharon 匹配] D3D7079C-C2EB-422D-9FEA-408E941A1044_1_201_a.jpeg (相似度: 0.651)
  💖 [Sophia 匹配] 8480F92D-CB06-4D6D-9952-A40F458340EB_1_201_a.jpeg (相似度: 0.603)
  💜 [Sharon 匹配] 8480F92D-CB06-4D6D-9952-A40F458340EB_1_201_a.jpeg (相似度: 0.612)
  💖 [Sophia 匹配] 1DA9CF6D-6BA8-4B6D-8274-5C995E441D14.jpeg (相似度: 0.495)
  💖 [Sophia 匹配] CA8F1BD8-CE06-4B8E-A63B-08203839BAAE.jpeg (相似度: 0.655)
  💖 [Sophia 匹配] 6F69A506-468A-4020-AD2E-3A3011161497.jpeg (相似度: 0.631)
  💜 [Sharon 匹配] 7BD98997-2343-4901-89F0-DF6539AD135A.jpeg (相似度: 0.511)
  💖 [Sophia 匹配] 2946EBCC-CB43-46BE-8037-714147BFC4EA.jpeg (相似度: 0.544)
  💖 [Sophia 匹配] 7C120F24-D15D-4828-A827-2543BA2A3FEF.jpeg (相似度: 0.566)
  💜 [Sharon 匹配] 7C120F24-D15D-4828-A827-2543BA2A3FEF.jpeg (相似度: 0.591)
  💖 [Sophia 匹配] 8BF7DDDF-2494-4CF9-A661-538ACEDD3ED2.jpeg (相似度: 0.566)
  💖 [Sophia 匹配] B8051EA0-5BF1-4B73-8B1E-556C21D1BC9D.jpeg (相似度: 0.537)
  💜 [Sharon 匹配] 6B369281-4C88-4E19-9E2F-985D7A8E3F86.jpeg (相似度: 0.559)
  💖 [Sophia 匹配] 7418BA34-4600-42CD-A164-DCF56E234A61.jpeg (相似度: 0.605)
  💜 [Sharon 匹配] 7418BA34-4600-42CD-A164-DCF56E234A61.jpeg (相似度: 0.601)
⏳ 已辨識 2500 / 5356 張相片 (1456.3 秒)...
  💜 [Sharon 匹配] 464A9266-833F-46FC-AF2C-F249671D368C.jpeg (相似度: 0.621)
  💖 [Sophia 匹配] 464A9266-833F-46FC-AF2C-F249671D368C.jpeg (相似度: 0.609)
  💖 [Sophia 匹配] 195B9FFD-A7AA-4F17-8C17-574BC8CD9025.jpeg (相似度: 0.628)
  💜 [Sharon 匹配] 195B9FFD-A7AA-4F17-8C17-574BC8CD9025.jpeg (相似度: 0.601)
  💖 [Sophia 匹配] 4038D62A-A7B6-424C-B49D-588A67AC30DE.jpeg (相似度: 0.513)
  💖 [Sophia 匹配] A51CB6D4-2ABB-4F41-940B-1973CC84CFC5.jpeg (相似度: 0.602)
  💜 [Sharon 匹配] A51CB6D4-2ABB-4F41-940B-1973CC84CFC5.jpeg (相似度: 0.550)
  💜 [Sharon 匹配] 474A4B87-2E33-4B4E-8CCF-94B9E22BA43B.jpeg (相似度: 0.630)
  💖 [Sophia 匹配] 474A4B87-2E33-4B4E-8CCF-94B9E22BA43B.jpeg (相似度: 0.608)
  💖 [Sophia 匹配] 3A7DD028-9975-4677-9B58-7A55F981AA85.jpeg (相似度: 0.552)
  💜 [Sharon 匹配] 3A7DD028-9975-4677-9B58-7A55F981AA85.jpeg (相似度: 0.496)
  💜 [Sharon 匹配] 9C87D730-EC10-4767-A392-0A29F570D27E.jpeg (相似度: 0.625)
  💖 [Sophia 匹配] 4B49A852-8C23-46D4-8D01-8A1AAC841EBF.jpeg (相似度: 0.665)
  💜 [Sharon 匹配] 4B49A852-8C23-46D4-8D01-8A1AAC841EBF.jpeg (相似度: 0.687)
  💖 [Sophia 匹配] C5EC07B2-BCBA-4174-9332-75636E7BD1E2.jpeg (相似度: 0.660)
  💜 [Sharon 匹配] C5EC07B2-BCBA-4174-9332-75636E7BD1E2.jpeg (相似度: 0.664)
  💜 [Sharon 匹配] F959245F-9E97-4771-AB0C-A82CBF29016F.jpeg (相似度: 0.463)
  💜 [Sharon 匹配] 2EF27755-1DE3-443B-9D29-4E1E4A3AB683.jpeg (相似度: 0.464)
  💖 [Sophia 匹配] 0466BC9B-D477-4B58-AD03-0CCE513CFCFC.jpeg (相似度: 0.596)
  💖 [Sophia 匹配] 9937E330-E891-4413-A425-B2AC88DD8DBB.jpeg (相似度: 0.723)
  💖 [Sophia 匹配] 2DE2A7C2-6E10-4540-AC48-A74C7242E286.jpeg (相似度: 0.523)
  💖 [Sophia 匹配] 4C09C952-AFDC-466E-9445-76941A366984.jpeg (相似度: 0.508)
  💖 [Sophia 匹配] 7835DD69-07E0-4744-BE15-9375A260E8CE.jpeg (相似度: 0.578)
  💜 [Sharon 匹配] 7835DD69-07E0-4744-BE15-9375A260E8CE.jpeg (相似度: 0.690)
  💜 [Sharon 匹配] 6367A7C3-9025-4D37-B11C-EB2729C5AD99.jpeg (相似度: 0.666)
  💖 [Sophia 匹配] 6367A7C3-9025-4D37-B11C-EB2729C5AD99.jpeg (相似度: 0.672)
  💖 [Sophia 匹配] 09032B9A-7385-4B1F-8FAF-092CFE1E8AA4.jpeg (相似度: 0.619)
  💜 [Sharon 匹配] 09032B9A-7385-4B1F-8FAF-092CFE1E8AA4.jpeg (相似度: 0.620)
  💖 [Sophia 匹配] 45752BA3-6844-4369-8FA8-8732DD0F32CA_1_201_a.jpeg (相似度: 0.626)
  💜 [Sharon 匹配] BEB4199E-6E22-45D0-988D-AD9F8100F9D0.jpeg (相似度: 0.577)
  💜 [Sharon 匹配] B1BA94FF-8374-4505-92FA-0817205A0899.jpeg (相似度: 0.592)
  💜 [Sharon 匹配] 48E9C488-C5E7-44FB-B374-5DC1A6B498AC.jpeg (相似度: 0.651)
  💜 [Sharon 匹配] 26520940-A010-48FF-935F-5855E5949085.jpeg (相似度: 0.671)
  💖 [Sophia 匹配] 26520940-A010-48FF-935F-5855E5949085.jpeg (相似度: 0.674)
  💖 [Sophia 匹配] 7E663BE3-CC48-4716-8AA9-A7F6C3F517A5.jpeg (相似度: 0.620)
  💜 [Sharon 匹配] 85928917-E6F9-4BBC-AF91-9E0E38F01223.jpeg (相似度: 0.613)
  💜 [Sharon 匹配] B6AC1EE4-577E-4BC2-BA41-DAAD472279F5.jpeg (相似度: 0.615)
  💖 [Sophia 匹配] A7172B1C-8975-451C-8406-33C14281F4B0_1_201_a.jpeg (相似度: 0.621)
  💖 [Sophia 匹配] 1C4AC542-7762-4195-A39F-CCA18E1DD796.jpeg (相似度: 0.611)
  💖 [Sophia 匹配] 18C30D87-83F0-4B8A-8DD4-4A4DA1F0A5F1.jpeg (相似度: 0.533)
  💖 [Sophia 匹配] 7C5BF432-6474-47E6-8BAD-6463CA7C9F3A.jpeg (相似度: 0.501)
  💖 [Sophia 匹配] 5B37F9AF-1099-4E0F-A45F-CD0B4AB69E7B.jpeg (相似度: 0.543)
  💖 [Sophia 匹配] DE9A9D7F-BCC3-479D-97E1-582F5E9427EF.jpeg (相似度: 0.557)
  💖 [Sophia 匹配] FC4C5547-3925-4B62-BF29-A76836143CED.jpeg (相似度: 0.471)
  💖 [Sophia 匹配] FF31D66C-DC1D-4ABB-8FDE-BAD7DFCF00AF.jpeg (相似度: 0.556)
  💜 [Sharon 匹配] 508623D2-5A94-453B-8D84-B55F3D0BF626.jpeg (相似度: 0.612)
  💖 [Sophia 匹配] 72B3E462-A9B1-478A-8D8D-A34043E8B5C3.jpeg (相似度: 0.493)
  💖 [Sophia 匹配] C01F0444-7B07-4F96-A3C4-9C8C585A1A13.jpeg (相似度: 0.659)
  💖 [Sophia 匹配] 71DBB1DD-5076-475E-8FC9-4C9731148CAA_1_201_a.jpeg (相似度: 0.627)
  💜 [Sharon 匹配] 71DBB1DD-5076-475E-8FC9-4C9731148CAA_1_201_a.jpeg (相似度: 0.559)
  💖 [Sophia 匹配] 10421A3A-C98B-4BCE-9BA3-D5115D5E01C3.jpeg (相似度: 0.511)
  💖 [Sophia 匹配] 1A24A72F-8C62-4BC2-A85B-7F90C0514ED5.jpeg (相似度: 0.511)
  💜 [Sharon 匹配] 8660B704-8E3E-450A-A440-5174D281A084.jpeg (相似度: 0.612)
  💖 [Sophia 匹配] CEA8598A-FC0F-4146-86C1-C248977F3166.jpeg (相似度: 0.592)
  💖 [Sophia 匹配] 9674F0F5-CC90-4E18-B4AF-5ADE5E7A19D8.jpeg (相似度: 0.693)
  💜 [Sharon 匹配] 9674F0F5-CC90-4E18-B4AF-5ADE5E7A19D8.jpeg (相似度: 0.643)
  💖 [Sophia 匹配] 4269CD63-E9F9-46EA-92EB-8C898D488415.jpeg (相似度: 0.590)
  💖 [Sophia 匹配] 6C71897E-2204-4A1A-AE61-DDD51A823018.jpeg (相似度: 0.570)
  💖 [Sophia 匹配] 01B591A2-0809-43F2-8329-858E07C095C8.jpeg (相似度: 0.556)
  💖 [Sophia 匹配] B9282106-DE34-42D7-8788-704481A8F6BA.jpeg (相似度: 0.536)
  💜 [Sharon 匹配] 07495DFF-2591-4BD9-AD9D-3C5E8A9D6AAC.jpeg (相似度: 0.594)
  💖 [Sophia 匹配] 07495DFF-2591-4BD9-AD9D-3C5E8A9D6AAC.jpeg (相似度: 0.602)
  💖 [Sophia 匹配] DB83C476-141E-45B5-9881-0100293BC8F9.jpeg (相似度: 0.596)
  💖 [Sophia 匹配] B2F72CE3-89C8-490B-8608-57A4456AF910.jpeg (相似度: 0.595)
  💜 [Sharon 匹配] 9D8BB487-67F6-40AE-9CB8-E7433DCEA174.jpeg (相似度: 0.666)
  💖 [Sophia 匹配] 9D8BB487-67F6-40AE-9CB8-E7433DCEA174.jpeg (相似度: 0.672)
  💖 [Sophia 匹配] 4AEF8B3C-07F2-4931-9789-56BADCF45519.jpeg (相似度: 0.589)
  💜 [Sharon 匹配] 08278434-7CA3-44F2-8AA9-CB5C071AB414.jpeg (相似度: 0.655)
  💜 [Sharon 匹配] 01D2F8E5-0206-4483-85FA-EDF9CB85D081.jpeg (相似度: 0.645)
  💖 [Sophia 匹配] EEDD20DD-32C8-4EC9-8A12-3D94A5C56F96.jpeg (相似度: 0.628)
  💜 [Sharon 匹配] A4C7D703-B9DF-4B80-A9DB-6C50B44F02F5.jpeg (相似度: 0.648)
  💖 [Sophia 匹配] 6FADDF6B-3997-4EB5-B558-75299996644D.jpeg (相似度: 0.578)
  💖 [Sophia 匹配] 76DB1B60-756A-4EE2-8D4E-F77503D0D7DD.jpeg (相似度: 0.572)
  💜 [Sharon 匹配] 8092EEE7-0247-4B3E-A152-8214A13422FF.jpeg (相似度: 0.642)
  💖 [Sophia 匹配] C498FEBE-BD5D-4ACD-B5E0-5E0D969AB471.jpeg (相似度: 0.526)
  💖 [Sophia 匹配] 57E39FFE-6E46-4808-8E1F-DEB88B132421.jpeg (相似度: 0.581)
  💖 [Sophia 匹配] A9558760-260D-4458-ABA1-68BAC4FF84B8.jpeg (相似度: 0.668)
  💜 [Sharon 匹配] A9558760-260D-4458-ABA1-68BAC4FF84B8.jpeg (相似度: 0.608)
  💖 [Sophia 匹配] 9A90D4BD-0099-44E4-931C-C3EF1E140B09.jpeg (相似度: 0.626)
  💖 [Sophia 匹配] 77DB2B4C-79D1-4331-A225-9309D65785CB.jpeg (相似度: 0.622)
  💖 [Sophia 匹配] 203E6822-F25C-4D52-A43B-6CE06D113F1C.jpeg (相似度: 0.612)
  💜 [Sharon 匹配] FA943632-30E7-4989-9F4A-FACBE4B8F7D6.jpeg (相似度: 0.614)
  💖 [Sophia 匹配] FA943632-30E7-4989-9F4A-FACBE4B8F7D6.jpeg (相似度: 0.639)
  💖 [Sophia 匹配] 660D77C3-4430-4A4E-83EE-7BBED6BEF11E.jpeg (相似度: 0.609)
  💜 [Sharon 匹配] BEB05A68-8182-4B58-91FA-F4E81692A462.jpeg (相似度: 0.514)
  💖 [Sophia 匹配] 38058D52-F434-4BF1-B54B-36011100D9C7.jpeg (相似度: 0.589)
  💖 [Sophia 匹配] 79D38552-C0F8-4F3F-83B0-484709D72C79.jpeg (相似度: 0.532)
  💜 [Sharon 匹配] 2A46C310-306E-483F-8B9A-BDC344178A65.jpeg (相似度: 0.569)
  💖 [Sophia 匹配] D116192C-0120-4BFC-B083-A657357FEC9C.jpeg (相似度: 0.522)
  💜 [Sharon 匹配] E5A45545-595C-4912-947B-C9CD6F75D2B7.jpeg (相似度: 0.516)
  💖 [Sophia 匹配] 29D6315F-7226-44BF-88C0-B89196E37510.jpeg (相似度: 0.592)
  💜 [Sharon 匹配] 2AEA22E2-A30C-42E3-8224-D02C0D77E5AD.jpeg (相似度: 0.601)
  💖 [Sophia 匹配] 0EAFCABC-443B-43DE-9090-7F6325615B22.jpeg (相似度: 0.575)
  💜 [Sharon 匹配] 55F1B6FE-3BD7-4232-9A25-4F6DA186B4A0.jpeg (相似度: 0.632)
  💖 [Sophia 匹配] F19E3E2D-2E7A-4018-8B09-58744005584E.jpeg (相似度: 0.567)
  💖 [Sophia 匹配] F3F7A274-2398-4563-B046-234201D6DB25.jpeg (相似度: 0.531)
  💜 [Sharon 匹配] 9AB26CA1-B3B8-4DBF-A69D-30E23AC24637.jpeg (相似度: 0.670)
  💖 [Sophia 匹配] 9AB26CA1-B3B8-4DBF-A69D-30E23AC24637.jpeg (相似度: 0.638)
  💖 [Sophia 匹配] 00BFB7A2-3A42-4BA9-B5D5-08CCFE808BFE.jpeg (相似度: 0.518)
  💖 [Sophia 匹配] 87393E9B-3FA6-47E6-A8E7-0D0D00527255.jpeg (相似度: 0.549)
  💖 [Sophia 匹配] A6D9A222-DA91-4E41-8AEC-A6572C42DF12_1_201_a.jpeg (相似度: 0.614)
  💜 [Sharon 匹配] A6D9A222-DA91-4E41-8AEC-A6572C42DF12_1_201_a.jpeg (相似度: 0.643)
  💖 [Sophia 匹配] EB29105D-FFF0-4DF6-A68E-CA9E6BC8C484.jpeg (相似度: 0.518)
  💖 [Sophia 匹配] CAD4EAE4-320B-47FB-8669-E951C953A043.jpeg (相似度: 0.525)
  💜 [Sharon 匹配] ED8D2CB9-4643-4EA6-94BF-FE0529A0A17C.jpeg (相似度: 0.694)
  💖 [Sophia 匹配] 245D0C2B-EA37-4F88-92CA-107E12F8AFF8.jpeg (相似度: 0.533)
  💜 [Sharon 匹配] 4204A11F-3278-4370-A466-E91BF9418956.jpeg (相似度: 0.712)
  💖 [Sophia 匹配] 6FD5C03A-FC58-4F79-8CA0-E1ACA8165315.jpeg (相似度: 0.547)
  💜 [Sharon 匹配] 28D0BEEB-BBC2-4BF3-B060-1713C43E8455.jpeg (相似度: 0.654)
  💖 [Sophia 匹配] 4A3265E3-C1F3-451F-9C05-F5A8EF575998.jpeg (相似度: 0.623)
  💖 [Sophia 匹配] 5609E27B-2560-4E9B-845A-3A4C136EE321.jpeg (相似度: 0.581)
  💜 [Sharon 匹配] C36A5808-4B2A-4875-A80D-5489AED42318.jpeg (相似度: 0.690)
  💜 [Sharon 匹配] 06C9B22F-F333-4033-8E58-C05632DE0230.jpeg (相似度: 0.562)
  💜 [Sharon 匹配] C1B20E81-3DB2-4487-ACD6-125E09CCC7AA.jpeg (相似度: 0.518)
  💜 [Sharon 匹配] 42322957-46A2-4B48-8059-8B7AB43341F8.jpeg (相似度: 0.628)
  💖 [Sophia 匹配] BFB1B31B-2C95-4289-AAEC-C9C769005972.jpeg (相似度: 0.569)
  💜 [Sharon 匹配] BFB1B31B-2C95-4289-AAEC-C9C769005972.jpeg (相似度: 0.611)
  💜 [Sharon 匹配] 5DB316E7-1A28-4E7A-B939-4DE3DCF0D637.jpeg (相似度: 0.657)
  💖 [Sophia 匹配] 478AFF67-BEA8-434A-B4D1-10A544D9C148_1_201_a.jpeg (相似度: 0.610)
  💖 [Sophia 匹配] 5E60610A-4806-4EF2-8A21-00E328ACB764.jpeg (相似度: 0.542)
  💜 [Sharon 匹配] 994DB468-2FE9-4F3A-8662-ED81AD0DF5B8.jpeg (相似度: 0.631)
  💜 [Sharon 匹配] 533EA289-1FE4-48F2-870E-1E173E99F30F.jpeg (相似度: 0.608)
  💜 [Sharon 匹配] D41D6387-5FD4-4EB1-A5BE-76DD409E8FB0.jpeg (相似度: 0.629)
  💜 [Sharon 匹配] 5CB6A450-CB48-42DF-869F-5A2DE221D09C.jpeg (相似度: 0.626)
  💜 [Sharon 匹配] 26C6E966-E446-4579-B63E-C0E2963FE98C.jpeg (相似度: 0.635)
  💖 [Sophia 匹配] 19E35FE6-2782-48AC-B915-D19E389AB241.jpeg (相似度: 0.646)
  💜 [Sharon 匹配] 19E35FE6-2782-48AC-B915-D19E389AB241.jpeg (相似度: 0.603)
  💜 [Sharon 匹配] D1782B81-A780-4C58-92B6-F3E4C01EB106.jpeg (相似度: 0.634)
  💜 [Sharon 匹配] DB56A732-5B07-4DE4-AEC9-D40DAFC05251.jpeg (相似度: 0.581)
  💜 [Sharon 匹配] 140D1F25-7070-49D3-9954-B926BD09E2C8.jpeg (相似度: 0.598)
  💜 [Sharon 匹配] FA4428AD-30A4-45A3-BD9C-6E6C010E4C03_1_201_a.jpeg (相似度: 0.670)
  💖 [Sophia 匹配] FA4428AD-30A4-45A3-BD9C-6E6C010E4C03_1_201_a.jpeg (相似度: 0.675)
  💖 [Sophia 匹配] 1E4DF294-5BEB-41B3-AE82-2401450A6B0D_1_201_a.jpeg (相似度: 0.615)
  💖 [Sophia 匹配] 8BDECCB6-B7AD-475E-A6F1-2CB73068AF2B_1_201_a.jpeg (相似度: 0.574)
  💖 [Sophia 匹配] D863F0A8-0AC9-4357-8ADD-350A750F7F77_1_201_a.jpeg (相似度: 0.591)
  💜 [Sharon 匹配] C802B34C-8604-4B48-8F77-8BA49B77C101.jpeg (相似度: 0.637)
  💜 [Sharon 匹配] 593281F8-95FF-4DBD-B2E7-AF7C88E7BCAB.jpeg (相似度: 0.549)
  💜 [Sharon 匹配] DCC52D6F-4046-4EE1-8471-33440FABD65D.jpeg (相似度: 0.630)
  💜 [Sharon 匹配] 46C1298C-8D3F-4D5D-AC16-B2049FB6C693_1_201_a.jpeg (相似度: 0.631)
  💖 [Sophia 匹配] BD4B7236-3596-4903-BEF5-3BF466C51676_1_201_a.jpeg (相似度: 0.618)
  💖 [Sophia 匹配] E74EBE92-B135-4AAD-AA43-6822975F8894.jpeg (相似度: 0.650)
  💜 [Sharon 匹配] E74EBE92-B135-4AAD-AA43-6822975F8894.jpeg (相似度: 0.649)
  💖 [Sophia 匹配] 2317C0C1-E359-4E98-81B5-C2834262AB03_1_201_a.jpeg (相似度: 0.669)
  💜 [Sharon 匹配] 5B10436F-663F-417E-98B0-87864138A8D8.jpeg (相似度: 0.689)
⏳ 已辨識 4500 / 5356 張相片 (2052.5 秒)...
  💜 [Sharon 匹配] CBD41BE0-03F5-4AA9-BF79-5FA36254BC09.jpeg (相似度: 0.600)
  💜 [Sharon 匹配] 306E103F-400F-448A-B42E-820E66175F1A.jpeg (相似度: 0.695)
  💖 [Sophia 匹配] 14510079-8865-4A7F-855B-BAFC14C036D0_1_201_a.jpeg (相似度: 0.605)
  💖 [Sophia 匹配] F311310A-FF93-44AD-A84F-6749D4E08B64.jpeg (相似度: 0.655)
  💜 [Sharon 匹配] F311310A-FF93-44AD-A84F-6749D4E08B64.jpeg (相似度: 0.656)
  💖 [Sophia 匹配] A1531A6E-AB93-4992-B71B-C73CCE41B8C4_1_201_a.jpeg (相似度: 0.590)
  💖 [Sophia 匹配] AA451908-EFB5-40ED-931A-00166482B9BE_1_201_a.jpeg (相似度: 0.648)
  💜 [Sharon 匹配] 0D1F8B68-406F-4C54-BDEB-D3983F323495_1_201_a.jpeg (相似度: 0.594)
  💖 [Sophia 匹配] 095C0A84-769A-4D16-B575-871B38075313.jpeg (相似度: 0.619)
  💜 [Sharon 匹配] 3E6065BA-C443-43B7-8D8A-73031B301808.jpeg (相似度: 0.690)
  💖 [Sophia 匹配] 2875B7C5-218B-4F04-8B67-8359335274FA_1_201_a.jpeg (相似度: 0.593)
  💜 [Sharon 匹配] DF5B6676-2148-48E9-8230-ADC7379C4965_1_201_a.jpeg (相似度: 0.450)
  💖 [Sophia 匹配] 279169CF-6CA1-4762-BD0D-2B1B488C8B9C_1_201_a.jpeg (相似度: 0.537)
  💜 [Sharon 匹配] EE063372-17F6-4F34-8E81-1B5B2F730266.jpeg (相似度: 0.647)
  💖 [Sophia 匹配] 528AAD8A-A591-4A4D-9E8E-5D68D09FD1E4_1_201_a.jpeg (相似度: 0.587)
  💜 [Sharon 匹配] 9811BBA1-5E10-4E1A-8B10-E220867DEDFC.jpeg (相似度: 0.629)
  💖 [Sophia 匹配] 15A43537-305E-439F-A4B1-F014970BACAC_1_201_a.jpeg (相似度: 0.685)
  💖 [Sophia 匹配] 322C09D1-130C-4755-8556-313BDA9BCD4A.jpeg (相似度: 0.623)
  💖 [Sophia 匹配] 0D8DE2D6-F66F-4DE5-914A-6E6AB11C2116_1_201_a.jpeg (相似度: 0.608)
  💜 [Sharon 匹配] 613E0E7F-BD79-4E52-9E04-73F8C82D2EF8_1_201_a.jpeg (相似度: 0.616)
  💖 [Sophia 匹配] 89CB5B10-69B9-402A-A5BD-17641A0C52B1_1_201_a.jpeg (相似度: 0.684)
  💖 [Sophia 匹配] 5F328C60-D608-4EA6-A8CF-1F8DB93F7744_1_201_a.jpeg (相似度: 0.633)
  💖 [Sophia 匹配] EF3E90A1-3C60-4F39-9BDB-05C037790552.jpeg (相似度: 0.643)
  💜 [Sharon 匹配] EF3E90A1-3C60-4F39-9BDB-05C037790552.jpeg (相似度: 0.658)
  💖 [Sophia 匹配] 07C4F1C2-A27F-4CC1-84B5-DF3D9AC3D505_1_201_a.jpeg (相似度: 0.540)
  💖 [Sophia 匹配] 8B915AD4-36EE-40A7-A610-40151C1F1D08.jpeg (相似度: 0.654)
  💖 [Sophia 匹配] 7CEA39FB-4D6E-47A4-A718-8401F4637545.jpeg (相似度: 0.613)
  💜 [Sharon 匹配] CBB35903-5D14-4135-9AC0-C444CF300772.jpeg (相似度: 0.633)
  💜 [Sharon 匹配] A636F616-748B-4634-A659-CBE8042B3145.jpeg (相似度: 0.662)
  💜 [Sharon 匹配] E67841B4-20BA-4FE1-AF4E-C7718D09C77C.jpeg (相似度: 0.612)
  💜 [Sharon 匹配] 61D99976-D3BC-48E5-89E1-B909806087C8_1_201_a.jpeg (相似度: 0.656)
  💜 [Sharon 匹配] 1C87D965-02B8-4D1F-A90A-E32C17EB3C66.jpeg (相似度: 0.549)
  💜 [Sharon 匹配] DB0A8E37-3A49-47F4-B07D-41631D6FF405.jpeg (相似度: 0.545)
  💖 [Sophia 匹配] 2B5DA7EC-7544-4F7C-BB2F-D7B5EFC319AD.jpeg (相似度: 0.648)
  💖 [Sophia 匹配] 7993A057-0C3A-4FC6-82D5-CCF51D0B0823.jpeg (相似度: 0.521)
  💜 [Sharon 匹配] 7993A057-0C3A-4FC6-82D5-CCF51D0B0823.jpeg (相似度: 0.523)
  💖 [Sophia 匹配] 3B8D8E10-A86B-4807-8A54-0FEA79701C01.jpeg (相似度: 0.691)
  💜 [Sharon 匹配] 3B8D8E10-A86B-4807-8A54-0FEA79701C01.jpeg (相似度: 0.679)
  💜 [Sharon 匹配] 49FC7A5E-2D54-409A-B482-D982D587502A.jpeg (相似度: 0.600)
  💜 [Sharon 匹配] 9C7E0851-1004-46D2-8817-4F74ECCE8DAA.jpeg (相似度: 0.686)
  💜 [Sharon 匹配] AFF617C4-73E9-49AB-AA77-37DB04EE7DC4.jpeg (相似度: 0.549)
  💖 [Sophia 匹配] 8631D0B3-19E4-45B2-8E89-D2B2BD88EECC.jpeg (相似度: 0.612)
  💜 [Sharon 匹配] 562EBD00-7D48-4C58-B5D3-64B2A201C1F2.jpeg (相似度: 0.507)
  💖 [Sophia 匹配] 9AD9ACF0-B387-4024-A20B-7A143450D80C.jpeg (相似度: 0.568)
  💜 [Sharon 匹配] 5CDCFCAD-8202-4B74-900E-460A9E4F7237.jpeg (相似度: 0.627)
  💜 [Sharon 匹配] 3012AF0F-347B-4E9E-88D2-B65EAA2F8B2C.jpeg (相似度: 0.570)
  💜 [Sharon 匹配] 244F4913-F177-4B6F-97DE-DDD5D4ACD5C4.jpeg (相似度: 0.630)
  💖 [Sophia 匹配] CABE304E-EED7-448C-B8A9-2B9DB2811D39.jpeg (相似度: 0.588)
  💖 [Sophia 匹配] ED8262A8-D2B5-4495-8147-4EF2AF27EB16.jpeg (相似度: 0.571)
  💖 [Sophia 匹配] 9DBEEAEB-C574-441F-A2C2-14CE053187A4_1_201_a.jpeg (相似度: 0.607)
  💜 [Sharon 匹配] 1D24E9C2-964C-4694-A34F-CDDDDB01EDCA.jpeg (相似度: 0.681)
  💜 [Sharon 匹配] 8BDFEE6D-CF23-4588-9755-6401ADEE1A0A.jpeg (相似度: 0.518)
  💖 [Sophia 匹配] 69CEA4E6-0CF1-4185-9DE6-96619752D7DD_1_201_a.jpeg (相似度: 0.655)
  💜 [Sharon 匹配] 69CEA4E6-0CF1-4185-9DE6-96619752D7DD_1_201_a.jpeg (相似度: 0.632)
  💖 [Sophia 匹配] EF9FFBCC-0235-4C06-A323-24995636CC23_1_201_a.jpeg (相似度: 0.705)
  💜 [Sharon 匹配] EF9FFBCC-0235-4C06-A323-24995636CC23_1_201_a.jpeg (相似度: 0.653)
  💖 [Sophia 匹配] 4B5B2587-B0BA-4617-9D71-A786B08A1150.jpeg (相似度: 0.618)
  💜 [Sharon 匹配] 8876FC29-7231-4B59-B400-1FAC161B2F41.jpeg (相似度: 0.624)
  💖 [Sophia 匹配] 8876FC29-7231-4B59-B400-1FAC161B2F41.jpeg (相似度: 0.688)
  💜 [Sharon 匹配] 4316B80E-B215-4986-A95D-FD38AE9036A8.jpeg (相似度: 0.639)
  💖 [Sophia 匹配] 4316B80E-B215-4986-A95D-FD38AE9036A8.jpeg (相似度: 0.579)
  💖 [Sophia 匹配] C41C3CAB-01B9-48F7-B0F0-16F3C7C01898.jpeg (相似度: 0.534)
  💜 [Sharon 匹配] 55A183D5-8A9F-4233-A5E0-883E01C76E86.jpeg (相似度: 0.640)
  💖 [Sophia 匹配] D5EE4F7B-CC8D-45FF-B425-FBDECB902321.jpeg (相似度: 0.614)
  💜 [Sharon 匹配] D5EE4F7B-CC8D-45FF-B425-FBDECB902321.jpeg (相似度: 0.630)
  💖 [Sophia 匹配] C7D8840B-DF04-428A-BE17-4D1ED35C3554.jpeg (相似度: 0.543)
  💜 [Sharon 匹配] C7D8840B-DF04-428A-BE17-4D1ED35C3554.jpeg (相似度: 0.624)
  💜 [Sharon 匹配] 2724F2E9-A820-4B6E-AB3C-9D33CC4E8A88.jpeg (相似度: 0.696)
  💖 [Sophia 匹配] 3AE1EA79-DE49-44C3-ABA3-4F0F21F970DC.jpeg (相似度: 0.585)
  💜 [Sharon 匹配] 10C1C13A-7FE6-4AC1-9798-3D8D450A7381.jpeg (相似度: 0.599)
  💖 [Sophia 匹配] 10C1C13A-7FE6-4AC1-9798-3D8D450A7381.jpeg (相似度: 0.631)
  💜 [Sharon 匹配] FC9BAB9A-C283-4D6C-B114-D440CF13945C.jpeg (相似度: 0.671)
  💜 [Sharon 匹配] 1FE99BD6-7788-4E58-9A3C-5A6C813869C0_1_201_a.jpeg (相似度: 0.627)
  💖 [Sophia 匹配] 6E58AD65-71F1-408D-A643-08310766D90F.jpeg (相似度: 0.590)
  💜 [Sharon 匹配] 6E58AD65-71F1-408D-A643-08310766D90F.jpeg (相似度: 0.578)
  💜 [Sharon 匹配] 5B698F13-6562-4C90-BE28-1C8E7BC1FBFC.jpeg (相似度: 0.602)
  💜 [Sharon 匹配] FF84B4D0-0083-4C7A-9E3E-3DAB919B1E06.jpeg (相似度: 0.605)
  💜 [Sharon 匹配] 5BC5A5F9-DFCA-401B-94D1-03D2A880626A.jpeg (相似度: 0.628)
  💖 [Sophia 匹配] 5BC5A5F9-DFCA-401B-94D1-03D2A880626A.jpeg (相似度: 0.568)
  💜 [Sharon 匹配] 1DD34D31-2547-481A-97C6-99C90ED0FAC9.jpeg (相似度: 0.626)
  💜 [Sharon 匹配] 94454B0F-A7C2-4132-8031-33D92E4439AF.jpeg (相似度: 0.680)
  💖 [Sophia 匹配] DAE893E2-1F73-4496-94E8-3FB97560FC19.jpeg (相似度: 0.506)
  💜 [Sharon 匹配] 36F418B5-10D7-4F1D-ADAC-1F999E8D0E2C.jpeg (相似度: 0.609)
  💜 [Sharon 匹配] DECAB988-8320-436F-967D-92DDDFE73C5F.jpeg (相似度: 0.635)
  💜 [Sharon 匹配] F76BAF8D-6845-423B-879E-D114ACBB033C_1_201_a.jpeg (相似度: 0.609)
  💜 [Sharon 匹配] 5B8DBC14-7538-40F6-8247-9164175C4FCE_1_201_a.jpeg (相似度: 0.643)
  💖 [Sophia 匹配] 6949DAF5-C1A2-41C6-9A22-6D1A95168422_1_201_a.jpeg (相似度: 0.554)
  💜 [Sharon 匹配] 6949DAF5-C1A2-41C6-9A22-6D1A95168422_1_201_a.jpeg (相似度: 0.643)
  💜 [Sharon 匹配] 2A33E5BC-3D9B-4CF7-84D9-6444E45159DA.jpeg (相似度: 0.599)
  💜 [Sharon 匹配] 1BDF87C8-6402-411A-A4EB-5431473DC029.jpeg (相似度: 0.611)
  💜 [Sharon 匹配] F72E5E29-42A6-4CDB-AD51-BAE8635B1DA0.jpeg (相似度: 0.456)
  💜 [Sharon 匹配] 6A06863D-76AD-48DA-9E1B-2B3CDD689085_1_201_a.jpeg (相似度: 0.628)
  💜 [Sharon 匹配] B1C2292F-EED8-488A-8BA7-9B443838D39B_1_201_a.jpeg (相似度: 0.640)
  💖 [Sophia 匹配] B1C2292F-EED8-488A-8BA7-9B443838D39B_1_201_a.jpeg (相似度: 0.468)
  💜 [Sharon 匹配] CAAAF776-4CB0-42A9-87D5-5A249EA4FB02.jpeg (相似度: 0.645)
  💖 [Sophia 匹配] D90E99F8-FAF0-4036-A858-C0EBD7CD1B82.jpeg (相似度: 0.657)
  💜 [Sharon 匹配] D90E99F8-FAF0-4036-A858-C0EBD7CD1B82.jpeg (相似度: 0.683)
  💜 [Sharon 匹配] 1B1D5E83-C4D6-4A41-AD42-CB736EEAA27B_1_201_a.jpeg (相似度: 0.604)
  💜 [Sharon 匹配] 8FD16D50-79DC-40CB-8FF0-43999194BC87.jpeg (相似度: 0.628)
  💖 [Sophia 匹配] 4C8F6A75-30B6-4A58-9004-09E801EE16DF.jpeg (相似度: 0.683)
  💜 [Sharon 匹配] 25BC0337-6CB9-4042-B0A3-DD63647E4AE9.jpeg (相似度: 0.614)
  💖 [Sophia 匹配] 96E8DAC7-6330-4A77-976B-43A8C1B63721_1_201_a.jpeg (相似度: 0.683)
  💜 [Sharon 匹配] 96E8DAC7-6330-4A77-976B-43A8C1B63721_1_201_a.jpeg (相似度: 0.668)
  💖 [Sophia 匹配] 261D8E11-17BA-45A0-AF5D-AEF584135C57.jpeg (相似度: 0.698)
  💜 [Sharon 匹配] 748ADA9F-C8F6-464C-B341-7BFCFE635E73.jpeg (相似度: 0.533)
  💖 [Sophia 匹配] E310D4E9-945A-4DFD-A4EC-384EF7A42CB3.jpeg (相似度: 0.728)
  💜 [Sharon 匹配] E310D4E9-945A-4DFD-A4EC-384EF7A42CB3.jpeg (相似度: 0.682)
  💜 [Sharon 匹配] 4F290A24-14E6-4A4F-BF5B-284F36CD1841.jpeg (相似度: 0.641)
  💖 [Sophia 匹配] 8DC6CBCC-E302-443A-8AF7-E9EBF559C1EA.jpeg (相似度: 0.555)
  💖 [Sophia 匹配] 7A0C414F-9037-46FE-86DA-F3E8E3BA1AFF.jpeg (相似度: 0.719)
  💜 [Sharon 匹配] 7A0C414F-9037-46FE-86DA-F3E8E3BA1AFF.jpeg (相似度: 0.707)
  💖 [Sophia 匹配] 61EA6B4A-B544-4B83-B144-37D5B219B928.jpeg (相似度: 0.555)
  💖 [Sophia 匹配] 0CF0374E-7B3D-4F83-9C38-61CD3C94490B.jpeg (相似度: 0.636)
  💜 [Sharon 匹配] 0CF0374E-7B3D-4F83-9C38-61CD3C94490B.jpeg (相似度: 0.479)
  💜 [Sharon 匹配] 927CBA8B-FB86-4F68-8963-133B9C3374D0.jpeg (相似度: 0.522)
  💖 [Sophia 匹配] 927CBA8B-FB86-4F68-8963-133B9C3374D0.jpeg (相似度: 0.583)
  💖 [Sophia 匹配] 25F76AC4-429F-4CF8-A7BF-C98397F07954.jpeg (相似度: 0.728)
  💜 [Sharon 匹配] 25F76AC4-429F-4CF8-A7BF-C98397F07954.jpeg (相似度: 0.698)
  💜 [Sharon 匹配] 5D6CDB93-178E-44F7-B42D-0EF01227BDA8.jpeg (相似度: 0.588)
  💖 [Sophia 匹配] 416569E2-A555-4C4F-A490-0FE10F9040EE.jpeg (相似度: 0.668)
  💜 [Sharon 匹配] 416569E2-A555-4C4F-A490-0FE10F9040EE.jpeg (相似度: 0.648)
  💜 [Sharon 匹配] 0533E87C-5668-4F11-83A9-8DC23820F34E_1_201_a.jpeg (相似度: 0.555)
  💖 [Sophia 匹配] 3929E5AB-26C6-45EE-B3A6-F1F78DFE984C_1_201_a.jpeg (相似度: 0.701)
  💜 [Sharon 匹配] 3929E5AB-26C6-45EE-B3A6-F1F78DFE984C_1_201_a.jpeg (相似度: 0.688)
  💖 [Sophia 匹配] 28A4AFAC-787B-4BB0-A646-EAD27A0D7AA7_1_201_a.jpeg (相似度: 0.675)
  💜 [Sharon 匹配] 28A4AFAC-787B-4BB0-A646-EAD27A0D7AA7_1_201_a.jpeg (相似度: 0.679)
  💜 [Sharon 匹配] F7D22B28-B578-4876-A754-47AE95F1457A.jpeg (相似度: 0.607)
  💖 [Sophia 匹配] AEEE1BD6-1D35-40BA-9FE0-9F5DA9886DEE.jpeg (相似度: 0.698)
  💜 [Sharon 匹配] 80075ED8-D0A1-4775-97B3-00E3B1C3700A.jpeg (相似度: 0.619)
  💖 [Sophia 匹配] 7CDE0FB1-2130-4D0E-BD90-BE8354B85239.jpeg (相似度: 0.719)
  💜 [Sharon 匹配] 7CDE0FB1-2130-4D0E-BD90-BE8354B85239.jpeg (相似度: 0.657)
  💜 [Sharon 匹配] 2F7C4742-AF7F-4796-B815-8E566EF8DD94.jpeg (相似度: 0.635)
  💖 [Sophia 匹配] 5480AB29-4E85-41C5-A4B0-BEAA8D8B36B9.jpeg (相似度: 0.685)
  💜 [Sharon 匹配] 5480AB29-4E85-41C5-A4B0-BEAA8D8B36B9.jpeg (相似度: 0.667)
  💖 [Sophia 匹配] 69065668-6518-4EA6-A345-D90B26E0EB0A.jpeg (相似度: 0.529)
  💖 [Sophia 匹配] DFF75813-CAC7-48B1-AA7B-7F6A2AC48594.jpeg (相似度: 0.477)
  💜 [Sharon 匹配] DFF75813-CAC7-48B1-AA7B-7F6A2AC48594.jpeg (相似度: 0.637)
  💖 [Sophia 匹配] 89D27A7B-4881-436C-8DC2-9284E97F114D.jpeg (相似度: 0.669)
  💜 [Sharon 匹配] 89D27A7B-4881-436C-8DC2-9284E97F114D.jpeg (相似度: 0.623)
  💖 [Sophia 匹配] DE3DD104-8CB6-47A2-9B94-288E50D61082_1_201_a.jpeg (相似度: 0.474)
  💜 [Sharon 匹配] DE3DD104-8CB6-47A2-9B94-288E50D61082_1_201_a.jpeg (相似度: 0.611)
  💖 [Sophia 匹配] 06ED4209-4D09-4C32-87D8-4C82AAE0409D.jpeg (相似度: 0.646)
  💖 [Sophia 匹配] 7DD979A9-4851-433C-BC88-48DB5FAE0265.jpeg (相似度: 0.503)
  💖 [Sophia 匹配] D4826F32-9611-4823-B4DA-12248D5580EF.jpeg (相似度: 0.717)
  💜 [Sharon 匹配] 3322E5BA-A53F-4209-BF41-BD947FF80CD0.jpeg (相似度: 0.519)
  💖 [Sophia 匹配] 6EF6F82B-2A6E-4BCD-B6B1-1AFF7FADAF1B.jpeg (相似度: 0.713)
  💜 [Sharon 匹配] 6EF6F82B-2A6E-4BCD-B6B1-1AFF7FADAF1B.jpeg (相似度: 0.636)
  💜 [Sharon 匹配] 86AB737F-C0F7-4AF4-BDF7-0333AE9ECA1F.jpeg (相似度: 0.715)
  💜 [Sharon 匹配] 18EC63AC-4A5B-4E2D-9C33-AB287A5D1D84.jpeg (相似度: 0.670)
  💖 [Sophia 匹配] 18EC63AC-4A5B-4E2D-9C33-AB287A5D1D84.jpeg (相似度: 0.674)
  💖 [Sophia 匹配] A69CA8E5-1BD9-4F9D-A19A-A735344476C1.jpeg (相似度: 0.690)
  💜 [Sharon 匹配] A69CA8E5-1BD9-4F9D-A19A-A735344476C1.jpeg (相似度: 0.686)
  💜 [Sharon 匹配] 1E2062BB-EE2E-4DFE-B663-6ADC4DF7FAC2.jpeg (相似度: 0.640)
  💜 [Sharon 匹配] 8C27A35E-A2D0-4C85-AAE1-43B735A16EB1.jpeg (相似度: 0.615)
  💖 [Sophia 匹配] 8C27A35E-A2D0-4C85-AAE1-43B735A16EB1.jpeg (相似度: 0.470)
  💖 [Sophia 匹配] 179A43B8-EAD1-42CC-A61B-70C5B49A7726.jpeg (相似度: 0.518)
  💜 [Sharon 匹配] E268698B-5A7B-4FC0-B867-97B3A840CD58.jpeg (相似度: 0.629)
  💖 [Sophia 匹配] E268698B-5A7B-4FC0-B867-97B3A840CD58.jpeg (相似度: 0.481)
  💖 [Sophia 匹配] 29672A06-5641-47A2-83EF-BA40BFD0D46A.jpeg (相似度: 0.723)
  💖 [Sophia 匹配] 30921F4E-A51E-4A2E-B843-AD9B1379C914.jpeg (相似度: 0.514)
  💜 [Sharon 匹配] 30921F4E-A51E-4A2E-B843-AD9B1379C914.jpeg (相似度: 0.545)
  💖 [Sophia 匹配] F788E87D-1118-44DA-8F2F-4D1715CB981C.jpeg (相似度: 0.697)
  💜 [Sharon 匹配] 47EC84BC-7BAB-413C-A8A6-61A5787B186D.jpeg (相似度: 0.674)
  💜 [Sharon 匹配] 57C0FB18-B4DE-405E-94F8-139AFDDA90C8.jpeg (相似度: 0.583)
  💖 [Sophia 匹配] 57C0FB18-B4DE-405E-94F8-139AFDDA90C8.jpeg (相似度: 0.465)
  💖 [Sophia 匹配] D18F01AD-54A0-420E-A9F5-90AFE5231AD1.jpeg (相似度: 0.710)
  💜 [Sharon 匹配] 36EBE63A-F27D-459E-900E-338EF6CEAE8F.jpeg (相似度: 0.561)
  💖 [Sophia 匹配] 6055F7AE-9BA2-4449-B163-E666BEBAF294.jpeg (相似度: 0.586)
  💜 [Sharon 匹配] BDF16A5F-079B-4C6B-92D7-1D0AD19CF64F.jpeg (相似度: 0.612)
  💖 [Sophia 匹配] 2F65E7F4-879E-495E-A09E-F9E97042CB0D.jpeg (相似度: 0.728)
  💜 [Sharon 匹配] 2F65E7F4-879E-495E-A09E-F9E97042CB0D.jpeg (相似度: 0.663)
  💜 [Sharon 匹配] FDD23DF0-851E-4160-A0C3-B6DAF48C154B.jpeg (相似度: 0.613)
  💜 [Sharon 匹配] CF61DB63-CB92-45DC-9A58-0082A7D07B7B.jpeg (相似度: 0.670)
  💖 [Sophia 匹配] 031F5EC1-B6FA-499F-8AC2-EF034A12541A.jpeg (相似度: 0.582)
  💜 [Sharon 匹配] E00DE700-80A6-43AA-91D4-BE1A79535175.jpeg (相似度: 0.641)
  💜 [Sharon 匹配] CF72A771-8ECF-4034-93F9-D6E7C0138B04.jpeg (相似度: 0.675)
  💜 [Sharon 匹配] DE3B82F6-DF5D-4223-9A77-12E48062075D.jpeg (相似度: 0.659)
  💖 [Sophia 匹配] A7B52707-825C-435A-A30C-B16ADC5CE6B0.jpeg (相似度: 0.464)
  💖 [Sophia 匹配] 8412CC82-ACA2-482F-8B0B-036B98AB795F.jpeg (相似度: 0.536)
  💜 [Sharon 匹配] 68F7C677-1007-4C27-A355-97AA17693CE4.jpeg (相似度: 0.709)
  💜 [Sharon 匹配] 1E0DAF33-46CE-42C5-8E33-F1E2C6868595.jpeg (相似度: 0.625)
  💜 [Sharon 匹配] 7D88554E-F2C5-4DAA-B1D9-2D4C8DA58B7B.jpeg (相似度: 0.681)
  💖 [Sophia 匹配] 5DF85779-C37E-41E0-8297-5B323E1EC4F0.jpeg (相似度: 0.547)
  💜 [Sharon 匹配] 86565E06-47E1-4AFC-B35D-94290FDD1AE2.jpeg (相似度: 0.606)
  💖 [Sophia 匹配] D2029CA8-64B8-4C73-B233-AEE97A9D5FD5.jpeg (相似度: 0.649)
  💜 [Sharon 匹配] 6AA11BFB-FB3D-4DB6-89DD-FF3D615285FA.jpeg (相似度: 0.713)
  💖 [Sophia 匹配] 5A90B226-5182-4680-9ACB-F7F78E4F17A6.jpeg (相似度: 0.579)
  💜 [Sharon 匹配] D7C2E553-87CF-4552-BF8A-3721E55C5DC4.jpeg (相似度: 0.672)
  💖 [Sophia 匹配] 7C09B45E-17DE-4269-8BFC-A26855FE2494.jpeg (相似度: 0.582)
  💜 [Sharon 匹配] AE442763-8054-41D9-B12A-15E4D4E0B88D.jpeg (相似度: 0.643)
  💖 [Sophia 匹配] 9E5221C3-EF34-4941-A13D-6391C0305B35.jpeg (相似度: 0.624)
  💜 [Sharon 匹配] BF30D0A8-C15C-4030-8030-F96CF674D607.jpeg (相似度: 0.640)
  💖 [Sophia 匹配] BF30D0A8-C15C-4030-8030-F96CF674D607.jpeg (相似度: 0.661)
  💜 [Sharon 匹配] 27701D02-CEFE-4F72-B893-F3BC541D8BA3.jpeg (相似度: 0.612)
  💖 [Sophia 匹配] 22039A42-2F51-4513-97CE-57B6C6DDF799.jpeg (相似度: 0.524)
  💖 [Sophia 匹配] 835138F4-673A-4DB3-925F-3D900F5B02F9.jpeg (相似度: 0.663)
  💖 [Sophia 匹配] 54F83FEC-7492-4726-8DBE-97CD12D4AE28.jpeg (相似度: 0.618)
  💖 [Sophia 匹配] 39FB653D-3342-4A12-B676-576790740CFA.jpeg (相似度: 0.633)
  💖 [Sophia 匹配] AB6F42A9-CD87-4A86-8E8F-2783F160A143.jpeg (相似度: 0.635)
  💖 [Sophia 匹配] 41EFDBA2-4A1B-4F3D-86CC-13CF2D6440A2.jpeg (相似度: 0.643)
  💖 [Sophia 匹配] 76C00002-453F-400C-B57B-EAB5BB554A6A.jpeg (相似度: 0.635)
  💜 [Sharon 匹配] 8D32E631-5FA9-42E1-A8BB-FFFBA6518D69.jpeg (相似度: 0.604)
  💖 [Sophia 匹配] 3B9712A1-A88F-4F78-8D52-9F2DE02BC061.jpeg (相似度: 0.546)
  💖 [Sophia 匹配] 744F1A29-6C43-4853-AD9C-A545FC7F2C94.jpeg (相似度: 0.597)
  💖 [Sophia 匹配] A52348B3-C67E-4E9C-89FB-F151F4B43762.jpeg (相似度: 0.616)
  💖 [Sophia 匹配] 2E02B2B4-56F2-48CF-A80D-7CF45917F574.jpeg (相似度: 0.634)
  💜 [Sharon 匹配] 2E02B2B4-56F2-48CF-A80D-7CF45917F574.jpeg (相似度: 0.635)
  💜 [Sharon 匹配] FB81E17B-867E-4EDD-897D-BBC7AF268795.jpeg (相似度: 0.619)
  💖 [Sophia 匹配] E4058F32-FA87-4137-ABC6-3E334644F3BF.jpeg (相似度: 0.654)
  💖 [Sophia 匹配] 54F09243-3E3A-4C09-A380-7AED04528086.jpeg (相似度: 0.540)
  💜 [Sharon 匹配] 54F09243-3E3A-4C09-A380-7AED04528086.jpeg (相似度: 0.657)
  💖 [Sophia 匹配] 0A12A4DF-3717-403B-9606-6FA6DCD9AB1E.jpeg (相似度: 0.559)
  💜 [Sharon 匹配] 7589F231-32EF-4B65-951F-98280D0A9474_1_201_a.jpeg (相似度: 0.624)
  💖 [Sophia 匹配] 060256E7-F340-49F6-A660-7E38A8F42B4E.jpeg (相似度: 0.601)
  💜 [Sharon 匹配] 32D89D31-D506-4701-957F-E01DF24EEF1F.jpeg (相似度: 0.676)
  💜 [Sharon 匹配] 43F6DC76-D27D-488C-9229-6BAF1CEDEA03.jpeg (相似度: 0.599)
  💖 [Sophia 匹配] 519137BE-53C8-4DFA-9433-803B10587AC4.jpeg (相似度: 0.485)
  💜 [Sharon 匹配] 2CAB84C1-32B1-4280-AA25-B80FB1394536.jpeg (相似度: 0.630)
  💜 [Sharon 匹配] 9CD1A24D-6108-4C2A-A525-0C337B2E0787.jpeg (相似度: 0.668)
  💖 [Sophia 匹配] 2A80EFAE-3F5C-480E-971C-B245E93A07F0_1_201_a.jpeg (相似度: 0.564)
  💖 [Sophia 匹配] E52DF5F0-02A6-44D7-B63A-D1922CD0E674.jpeg (相似度: 0.596)
  💜 [Sharon 匹配] E52DF5F0-02A6-44D7-B63A-D1922CD0E674.jpeg (相似度: 0.634)
  💜 [Sharon 匹配] CCB47490-B330-48EC-AC28-5738CC6B4869.jpeg (相似度: 0.615)
  💖 [Sophia 匹配] CCB47490-B330-48EC-AC28-5738CC6B4869.jpeg (相似度: 0.562)
  💖 [Sophia 匹配] 12B499FA-F0AA-4FBF-9D4A-699F593883C6.jpeg (相似度: 0.568)
  💜 [Sharon 匹配] 3A64C39E-E084-4B90-AEB1-E603C8F92550.jpeg (相似度: 0.624)
  💖 [Sophia 匹配] 1AF18944-22D4-4AA5-A2BF-891D282F869B.jpeg (相似度: 0.587)
  💜 [Sharon 匹配] 1AF18944-22D4-4AA5-A2BF-891D282F869B.jpeg (相似度: 0.674)
  💖 [Sophia 匹配] A72982E0-68C8-413E-82D5-997B8D5C1287.jpeg (相似度: 0.489)
  💖 [Sophia 匹配] A83BC596-615B-448C-8176-E034118E2621.jpeg (相似度: 0.555)
  💜 [Sharon 匹配] A83BC596-615B-448C-8176-E034118E2621.jpeg (相似度: 0.695)
  💖 [Sophia 匹配] 27C534EC-E0EE-4823-BE76-1A6A13CE9F3C.jpeg (相似度: 0.577)
  💜 [Sharon 匹配] 27C534EC-E0EE-4823-BE76-1A6A13CE9F3C.jpeg (相似度: 0.677)
  💖 [Sophia 匹配] 65CCBCD6-C9A8-4B74-A88E-ABC953955F5E.jpeg (相似度: 0.540)
  💖 [Sophia 匹配] 2D84E56B-4395-4D1C-AAC0-826B027C8388.jpeg (相似度: 0.509)
  💜 [Sharon 匹配] 13230774-EB58-47A1-BA90-2A04CD4C402A_1_201_a.jpeg (相似度: 0.670)
  💖 [Sophia 匹配] 09881A87-F607-47D4-A4F9-D80A6B28E376.jpeg (相似度: 0.595)
  💜 [Sharon 匹配] 09881A87-F607-47D4-A4F9-D80A6B28E376.jpeg (相似度: 0.621)
  💖 [Sophia 匹配] 59DE52A2-84A1-446E-B7A6-1E391B2A2B61.jpeg (相似度: 0.488)
  💖 [Sophia 匹配] 8631AD9A-B67E-4216-A4D1-0DA541E04F44.jpeg (相似度: 0.601)
  💜 [Sharon 匹配] 07D3AAAD-C84A-4CDE-A7A5-CF1768497F79.jpeg (相似度: 0.596)
  💖 [Sophia 匹配] 07D3AAAD-C84A-4CDE-A7A5-CF1768497F79.jpeg (相似度: 0.501)
  💖 [Sophia 匹配] B5102349-41AE-4B7F-882F-220FE1B8B66E.jpeg (相似度: 0.452)
  💖 [Sophia 匹配] D83BE002-C81F-4928-A0C6-B4580A2346EE.jpeg (相似度: 0.601)
  💖 [Sophia 匹配] EA8CFBBE-EB42-4E27-A258-0BE2A85F70F4.jpeg (相似度: 0.599)
  💜 [Sharon 匹配] 5B62EE34-2B8F-4499-992D-FD203AC3C766.jpeg (相似度: 0.681)
  💖 [Sophia 匹配] 5B62EE34-2B8F-4499-992D-FD203AC3C766.jpeg (相似度: 0.597)
  💖 [Sophia 匹配] D5FC6F52-AD36-4BE1-BFF3-E9DDCD939B17.jpeg (相似度: 0.526)
  💖 [Sophia 匹配] 78DCEF5E-A668-40FD-AE60-59F9457405A6.jpeg (相似度: 0.584)
  💜 [Sharon 匹配] 78DCEF5E-A668-40FD-AE60-59F9457405A6.jpeg (相似度: 0.712)
  💖 [Sophia 匹配] 8B179819-F746-4E31-BDD6-BFCCA9C14348.jpeg (相似度: 0.614)
  💜 [Sharon 匹配] 8B179819-F746-4E31-BDD6-BFCCA9C14348.jpeg (相似度: 0.583)
  💜 [Sharon 匹配] 94262743-7B59-4C78-B4E4-25838A5585ED.jpeg (相似度: 0.626)
  💖 [Sophia 匹配] 6A026F76-2C6D-4D7A-944B-2E8FD2C4AA68.jpeg (相似度: 0.618)
  💖 [Sophia 匹配] 7662182C-CD68-4128-8A21-F5A0105CD33C.jpeg (相似度: 0.638)
  💜 [Sharon 匹配] 7662182C-CD68-4128-8A21-F5A0105CD33C.jpeg (相似度: 0.679)
  💜 [Sharon 匹配] 6E6E9E2E-B0C7-4A74-A5E7-E9B6E8BEC58C.jpeg (相似度: 0.765)
  💜 [Sharon 匹配] B1E0F018-95D0-490D-96E1-FD176D9CC25C.jpeg (相似度: 0.827)
  💖 [Sophia 匹配] CCC8D8D6-D3B8-477E-AB62-7B4DD772EE45.jpeg (相似度: 0.596)
  💜 [Sharon 匹配] 90465D9C-D938-4B68-A2E2-2C2AD0F1264F.jpeg (相似度: 0.842)
  💜 [Sharon 匹配] 954AEF60-9B61-4345-B4A4-7B81AB6A77C0.jpeg (相似度: 0.726)
  💖 [Sophia 匹配] AF22010A-259F-43B1-8829-AA159B0C5EEC.jpeg (相似度: 0.526)
  💜 [Sharon 匹配] 7464721C-6A4E-40C2-BA83-526E95002A47.jpeg (相似度: 0.688)
  💖 [Sophia 匹配] A60F8F6C-AB6F-4716-994D-BA65EF15631E.jpeg (相似度: 0.583)
  💜 [Sharon 匹配] 6CB8B244-062C-447D-9DE4-C68410799192.jpeg (相似度: 0.648)
  💖 [Sophia 匹配] D3BFA290-6EB7-4B7C-9E42-FA929D5C0627.jpeg (相似度: 0.603)
  💜 [Sharon 匹配] C2B6DA4D-1B6D-4E83-B60D-E142409E709F.jpeg (相似度: 0.661)
  💜 [Sharon 匹配] 878056D8-3065-4D0B-8F80-BBE6D258987F.jpeg (相似度: 0.727)
  💜 [Sharon 匹配] 9330C210-DBC3-46E5-A49F-573A47B139ED.jpeg (相似度: 0.875)
  💜 [Sharon 匹配] FB2641EE-8BFB-4F7B-9359-AE94DDD66E63.jpeg (相似度: 0.760)
  💖 [Sophia 匹配] 286E9B4E-7DA2-45DC-92B7-F86EDB1DD449.jpeg (相似度: 0.539)
  💜 [Sharon 匹配] 286E9B4E-7DA2-45DC-92B7-F86EDB1DD449.jpeg (相似度: 0.594)
  💜 [Sharon 匹配] 91838F18-FAE5-4BBF-9D2C-5665C4F7B1FF.jpeg (相似度: 0.862)
  💖 [Sophia 匹配] 8982D8AB-B18B-4869-9725-81079A95E6BE.jpeg (相似度: 0.483)
  💜 [Sharon 匹配] B1BB6214-AE9D-4B51-AB9E-450E399C099C.jpeg (相似度: 0.983)
  💖 [Sophia 匹配] 297691F5-FA5D-43F9-8579-BE448AA66DB8.jpeg (相似度: 0.601)
  💜 [Sharon 匹配] CCC80448-DA7D-4737-B2B1-F78E8C0FC4C9.jpeg (相似度: 0.751)
  💜 [Sharon 匹配] 05BC60B5-132B-4688-A153-657B28880E6D.jpeg (相似度: 0.830)
  💖 [Sophia 匹配] 7D3E4F22-CECD-4D06-8BF7-C3E89E390678.jpeg (相似度: 0.537)
  💜 [Sharon 匹配] C829C984-0BBF-4184-A48D-3FC5AD05AF58.jpeg (相似度: 0.901)
  💜 [Sharon 匹配] A55A04FB-6F81-4C45-B12A-26CA535A99FB.jpeg (相似度: 0.776)
  💜 [Sharon 匹配] E4D3B260-ADCE-4AA3-B9BC-3E2A135C694C.jpeg (相似度: 0.640)
  💜 [Sharon 匹配] DA75BAC6-3571-495E-86A1-8B2F0E32E0F6.jpeg (相似度: 0.639)
  💜 [Sharon 匹配] CF61824E-D390-442A-834C-468AC3E72210.jpeg (相似度: 0.718)
  💜 [Sharon 匹配] D8A64E40-527B-4CA4-9534-BB8AE4C8F984.jpeg (相似度: 0.635)
  💜 [Sharon 匹配] 0BBB7B48-F686-435E-9947-B5A91F682320.jpeg (相似度: 0.816)
  💜 [Sharon 匹配] B97DBB9B-1FAF-4DF7-B7BB-EAAE5AF4A2E2.jpeg (相似度: 0.613)
  💜 [Sharon 匹配] 2C580019-9FE1-4A67-89DD-B33CF0CFDCD5.jpeg (相似度: 0.723)
  💜 [Sharon 匹配] F984CBB3-A56B-47D1-8F68-7347812AA2D0.jpeg (相似度: 0.793)
  💜 [Sharon 匹配] 3CF7E120-7ABE-494C-BAD6-DF6A684DA322.jpeg (相似度: 0.865)
  💜 [Sharon 匹配] AA1CAEC4-5000-4066-B68A-C49FA9B07643.jpeg (相似度: 0.729)
  💜 [Sharon 匹配] EA095721-B25D-4AA9-9F79-B7F406AE153C.jpeg (相似度: 0.840)
  💜 [Sharon 匹配] 775495BC-5386-4373-9183-C5F51379B323.jpeg (相似度: 0.743)
  💜 [Sharon 匹配] 0DCDE12F-6AD5-401E-8BC3-0DC4499B0D85.jpeg (相似度: 0.583)
  💜 [Sharon 匹配] 6A133D8C-FD4C-4AE3-B2A6-9E01C13A5013.jpeg (相似度: 0.708)
  💜 [Sharon 匹配] 3F00A5F0-7314-439F-8A32-B2D3887D0111.jpeg (相似度: 0.859)
  💜 [Sharon 匹配] 510ECE9B-C4E3-48AB-9132-DBA7FEDC1BFA.jpeg (相似度: 0.730)
  💜 [Sharon 匹配] 40B8EFF3-AAE0-43B8-9DB1-3362FCF2DF17.jpeg (相似度: 0.900)
  💜 [Sharon 匹配] 788628BB-C979-4112-98C5-CA7CFA00D36D.jpeg (相似度: 0.633)
  💜 [Sharon 匹配] 91865555-7943-4AEC-A708-6DD62EC4F70F.jpeg (相似度: 0.745)
  💜 [Sharon 匹配] 830B7731-E6DF-44CB-A1BD-A66D0CBB0611.jpeg (相似度: 0.607)
  💜 [Sharon 匹配] E3E7C847-5219-447C-805A-1B6BC814BE53.jpeg (相似度: 0.740)
  💜 [Sharon 匹配] FBD05B33-2A84-48BA-AB54-79D1CB04CE49.jpeg (相似度: 0.704)
  💜 [Sharon 匹配] 07E1414F-383E-4A0D-A698-0F9133ADEB2C.jpeg (相似度: 0.836)
  💜 [Sharon 匹配] 95A9E799-185B-457A-A7E6-009A8E9BF744.jpeg (相似度: 0.873)
  💜 [Sharon 匹配] E046FB4F-CCEC-42B4-8F1E-3F4E88DD366B.jpeg (相似度: 0.608)
  💜 [Sharon 匹配] 31416593-95E4-4B66-BB7F-B38D92E176FB.jpeg (相似度: 0.876)
  💜 [Sharon 匹配] C74AF6AA-B2D7-4DC1-8865-527D9BDC5A66.jpeg (相似度: 0.522)
  💜 [Sharon 匹配] D0759E16-0862-4521-8AFF-FFA9D1B51AD5.jpeg (相似度: 0.823)
  💜 [Sharon 匹配] 1D1E8B81-6252-4D89-B029-FE63BB023A92.jpeg (相似度: 0.649)
  💜 [Sharon 匹配] 5260F05E-9434-4925-8895-7B720AA07468.jpeg (相似度: 0.639)
  💜 [Sharon 匹配] 785A2DF7-1CDB-45B4-BC5A-55454C90E790.jpeg (相似度: 0.688)
  💜 [Sharon 匹配] 8FEB4AC0-3606-408A-A29B-EE4025A2A350.jpeg (相似度: 0.713)
  💜 [Sharon 匹配] 62F166AF-5AFC-4FBC-B20E-5730D24727E7.jpeg (相似度: 0.854)
  💜 [Sharon 匹配] 4EBDD59B-4BC3-4A49-9DAA-C7AA9AE0BD2C.jpeg (相似度: 0.725)
  💜 [Sharon 匹配] AC42DB5F-B538-4CE4-8AC5-DA1240FFB0FC.jpeg (相似度: 0.534)
  💜 [Sharon 匹配] A147BB87-1D15-4A17-AC74-8FF7BE864126.jpeg (相似度: 0.660)
  💜 [Sharon 匹配] 572F67F8-56D2-4A9E-92E8-7F942134F4BD.jpeg (相似度: 0.850)
  💖 [Sophia 匹配] 31C37275-2027-46A8-8B1F-539FF553F270.jpeg (相似度: 0.582)
  💜 [Sharon 匹配] 31C37275-2027-46A8-8B1F-539FF553F270.jpeg (相似度: 0.638)
  💜 [Sharon 匹配] 6F5BD965-C698-468C-9A5A-B9607790E6F3.jpeg (相似度: 0.747)
  💜 [Sharon 匹配] 4D67685F-5344-4E07-A143-CA75B9C514FF.jpeg (相似度: 0.598)
  💜 [Sharon 匹配] FE4E022C-D243-4A42-9F5F-925FCD61929D.jpeg (相似度: 0.630)
  💜 [Sharon 匹配] BAE13CEA-C532-428D-8BA7-F2ED6B659131.jpeg (相似度: 0.888)
  💜 [Sharon 匹配] D1A0092B-BCC4-452C-8FB2-2374FFD458CD.jpeg (相似度: 0.805)
  💜 [Sharon 匹配] A1D0E32A-FE86-4DE8-A089-39798A60AB7E.jpeg (相似度: 0.748)
  💜 [Sharon 匹配] F2E8CF93-8B24-47D3-8B47-1CB79AFCBE8B.jpeg (相似度: 0.887)
  💜 [Sharon 匹配] 99449B9B-A074-44BC-B8D3-31AE3FBE1B04.jpeg (相似度: 0.723)
  💜 [Sharon 匹配] BD9544C1-DE23-41DC-A384-CC32F8F473EB.jpeg (相似度: 0.835)
  💜 [Sharon 匹配] 37EB65DD-CDB6-4B69-B89B-F5B08A733194.jpeg (相似度: 0.710)
  💜 [Sharon 匹配] 1C3C4697-44D5-4F00-923B-A0E64B68DA56.jpeg (相似度: 0.710)
  💜 [Sharon 匹配] C02AB18D-0308-4381-8A7D-B25D0E268847.jpeg (相似度: 0.852)
  💜 [Sharon 匹配] D1298C51-7C35-4FF1-ACA6-211BEC486734.jpeg (相似度: 0.758)
  💜 [Sharon 匹配] F3B04AF6-6818-49B8-8BC9-8FA3B946ACF4.jpeg (相似度: 0.759)
  💜 [Sharon 匹配] 6CA48627-A2BF-42CC-BECF-3478E0970C29.jpeg (相似度: 0.764)
  💜 [Sharon 匹配] 60CFCFAD-E716-4415-9B23-7D98FB286746.jpeg (相似度: 0.695)
  💖 [Sophia 匹配] 60CFCFAD-E716-4415-9B23-7D98FB286746.jpeg (相似度: 0.627)
  💜 [Sharon 匹配] 195182FE-0BAC-4104-9D6A-20EB5DC66A53.jpeg (相似度: 0.730)
  💜 [Sharon 匹配] 62BF2DC4-18E0-4FDD-81A4-01EBD7506650.jpeg (相似度: 0.692)
  💖 [Sophia 匹配] 2DC77E15-5C56-49FC-9B5B-8C31F65ECF3A.jpeg (相似度: 0.573)
  💜 [Sharon 匹配] 2DC77E15-5C56-49FC-9B5B-8C31F65ECF3A.jpeg (相似度: 0.725)
  💜 [Sharon 匹配] 16FEF6F4-B761-4214-9B9E-5EB6D4738969.jpeg (相似度: 0.874)
  💖 [Sophia 匹配] F20BC289-B59D-4070-9A09-440F4E4E7E8E.jpeg (相似度: 0.652)
  💜 [Sharon 匹配] F20BC289-B59D-4070-9A09-440F4E4E7E8E.jpeg (相似度: 0.702)
  💖 [Sophia 匹配] 5C50806C-2DDE-4570-B279-1750635A34AE.jpeg (相似度: 0.579)
  💜 [Sharon 匹配] 0A3D557D-B1DC-44D0-BA20-23D4EA34D0ED.jpeg (相似度: 0.542)
  💜 [Sharon 匹配] 061CAF0E-7BE3-4441-AE52-41D14E2626C4.jpeg (相似度: 0.654)
  💜 [Sharon 匹配] 90D391C0-2155-4D9B-985B-E158D608A7B3.jpeg (相似度: 0.712)
  💖 [Sophia 匹配] B796E42B-10F5-4A7F-9AA2-639C7754545C.jpeg (相似度: 0.559)
  💜 [Sharon 匹配] 9E36816C-901F-4801-8E93-95887B3C6107.jpeg (相似度: 0.748)
  💖 [Sophia 匹配] 00A966A8-59E9-4366-8CA2-47CD676C3409.jpeg (相似度: 0.466)
  💜 [Sharon 匹配] 16955D75-B887-4378-8CCF-438B41C6BE5C.jpeg (相似度: 0.512)
  💖 [Sophia 匹配] 07F2B0C3-D94F-4F73-ADC0-780D8D2B0BBF.jpeg (相似度: 0.591)
  💜 [Sharon 匹配] 9EB6F92C-841E-480F-8B58-62AC59871ABA.jpeg (相似度: 0.741)
  💖 [Sophia 匹配] E89ED6BC-D5B5-4CDF-988C-AA37ECAEBD0E.jpeg (相似度: 0.561)
  💖 [Sophia 匹配] 80BFE792-8F85-4646-96B9-33A879C8841F.jpeg (相似度: 0.534)
  💜 [Sharon 匹配] CF3B3F8B-79F4-45A5-9F70-011222EC82A3.jpeg (相似度: 0.709)
  💖 [Sophia 匹配] 5FE2E7D2-9073-4DA3-B88C-9E11E56992F8_1_201_a.jpeg (相似度: 0.579)
  💜 [Sharon 匹配] A48E4F66-5D04-4D34-AA5A-974688A6FFE1.jpeg (相似度: 0.755)
  💜 [Sharon 匹配] 9BCF75EB-33C3-414E-B8A4-B191799108EB.jpeg (相似度: 0.822)
  💖 [Sophia 匹配] C9BF9EAF-42A1-42B9-B9CE-F4F366B206EE.jpeg (相似度: 0.563)
  💖 [Sophia 匹配] FCEAAAE4-AF83-4197-BB7F-AA32D11DED12.jpeg (相似度: 0.527)
  💜 [Sharon 匹配] FCEAAAE4-AF83-4197-BB7F-AA32D11DED12.jpeg (相似度: 0.639)
  💜 [Sharon 匹配] 331839FE-7B6E-41DE-A2D1-19578DE70C68.jpeg (相似度: 0.830)
  💖 [Sophia 匹配] 4A7828CF-2E80-4D57-872F-A8A972DDF474.jpeg (相似度: 0.608)
  💜 [Sharon 匹配] CE6AFCF7-FAA7-4C98-8538-ED8C27DBECCD.jpeg (相似度: 0.673)
  💜 [Sharon 匹配] 4C1D8BD9-BADA-416C-BCAD-8ADD46B2E750.jpeg (相似度: 0.839)
  💖 [Sophia 匹配] 53433AC1-DBFE-4716-BFD5-5B9356C10680.jpeg (相似度: 0.549)
  💜 [Sharon 匹配] 53433AC1-DBFE-4716-BFD5-5B9356C10680.jpeg (相似度: 0.611)
  💜 [Sharon 匹配] 842C174C-A048-4E72-B833-F7B3152B7439.jpeg (相似度: 0.844)
  💖 [Sophia 匹配] D2FE51E1-C8FF-4D02-939C-53BB888CD2CA.jpeg (相似度: 0.591)
  💜 [Sharon 匹配] D9F902C2-9B25-40BC-8B5E-E3DF95A3FC15.jpeg (相似度: 0.687)
  💖 [Sophia 匹配] 6A513749-6D41-4412-B456-494816B301BB.jpeg (相似度: 0.471)
  💜 [Sharon 匹配] 322B787F-3261-4D11-B0B0-8D20C416200D.jpeg (相似度: 0.785)
  💖 [Sophia 匹配] 31D97DC1-CAA7-45FE-8D3C-43859ACF9191.jpeg (相似度: 0.554)
  💜 [Sharon 匹配] 31D97DC1-CAA7-45FE-8D3C-43859ACF9191.jpeg (相似度: 0.580)
  💜 [Sharon 匹配] 29940402-4006-48EF-9D39-D17D89AF6B02.jpeg (相似度: 0.664)
  💖 [Sophia 匹配] 3B10C2B1-BC46-472B-8996-DCB6F1E01252.jpeg (相似度: 0.553)
  💜 [Sharon 匹配] 88AC73B2-F00E-43FD-8EE2-39E110C791F1.jpeg (相似度: 0.645)
  💜 [Sharon 匹配] 8ED8DA07-D9BB-4424-920E-A3A740278040.jpeg (相似度: 0.865)
  💖 [Sophia 匹配] E9B8480C-3A00-4523-806D-BE38623CB1F7.jpeg (相似度: 0.493)
  💖 [Sophia 匹配] 5D3972F5-BB26-4799-8AB2-EB7562627A70.jpeg (相似度: 0.575)
  💜 [Sharon 匹配] C50C4A0F-71CF-416D-B31F-4AD4D4E84BFF.jpeg (相似度: 0.979)
  💖 [Sophia 匹配] 11FE5B19-5526-45B7-9C48-38D98E759D25.jpeg (相似度: 0.488)
  💖 [Sophia 匹配] C5E54C23-38AD-4A26-A963-33CECB0897EA.jpeg (相似度: 0.529)
  💜 [Sharon 匹配] AF0FFD83-3026-45AA-BEA2-26908F5ABB68.jpeg (相似度: 0.718)
  💖 [Sophia 匹配] 56BC5313-08BB-4A9E-A7F0-06653B6514BF.jpeg (相似度: 0.496)
  💜 [Sharon 匹配] 1B3EF6ED-AD53-4BDF-B6A5-74504BACE52D.jpeg (相似度: 0.832)
  💖 [Sophia 匹配] CB6937F1-6570-422B-99A4-A5B654F1FA09.jpeg (相似度: 0.622)
  💜 [Sharon 匹配] 9B594293-DF32-46FB-9518-357EB0001517.jpeg (相似度: 0.837)
  💖 [Sophia 匹配] 03BE6C75-0D20-4E97-B688-1841099EBC17.jpeg (相似度: 0.593)
  💜 [Sharon 匹配] 842F1AD2-EF80-4E7C-B3A5-73E37121C626.jpeg (相似度: 0.671)
  💜 [Sharon 匹配] E4279B43-8F28-4354-BEE1-370A37811888.jpeg (相似度: 0.874)
  💖 [Sophia 匹配] 148AF2D1-5009-4022-B1A2-A7E4E8D3F891.jpeg (相似度: 0.569)
  💜 [Sharon 匹配] 148AF2D1-5009-4022-B1A2-A7E4E8D3F891.jpeg (相似度: 0.578)
  💜 [Sharon 匹配] DCDA95A6-BE8F-4462-9446-2C678EC6A655.jpeg (相似度: 0.717)
  💜 [Sharon 匹配] 30A97823-12E6-4E1F-9286-2C5FFDA0509E.jpeg (相似度: 0.707)
  💖 [Sophia 匹配] 919137AA-DEB6-472B-8994-A15894CB5306.jpeg (相似度: 0.604)
  💜 [Sharon 匹配] CA95D845-9FEE-49D5-A8B9-12DA885CA918.jpeg (相似度: 0.519)
  💜 [Sharon 匹配] C0D36847-A214-47C3-97DE-C550B811AC1B.jpeg (相似度: 0.735)
  💜 [Sharon 匹配] 813F43EA-3D64-4AFE-B0D1-8F9737EE7A2E.jpeg (相似度: 0.706)
  💖 [Sophia 匹配] E35A3EEC-EFC6-40C2-B73B-2FDF9FF840B9.jpeg (相似度: 0.645)
  💜 [Sharon 匹配] E35A3EEC-EFC6-40C2-B73B-2FDF9FF840B9.jpeg (相似度: 0.584)
  💜 [Sharon 匹配] F8CCE2AC-ED8D-479F-BF51-85568C800154.jpeg (相似度: 0.699)
  💖 [Sophia 匹配] 1D21817C-FB2A-4280-AF6E-7CAAAE1C2173.jpeg (相似度: 0.578)
  💜 [Sharon 匹配] 1D21817C-FB2A-4280-AF6E-7CAAAE1C2173.jpeg (相似度: 0.629)
  💖 [Sophia 匹配] FD01EB6D-D6FB-4336-8ECC-D2BEA40DB0DE.jpeg (相似度: 0.498)
  💖 [Sophia 匹配] BF71CB44-ABDC-4FFF-A1D0-77525BC6A066.jpeg (相似度: 0.658)
  💜 [Sharon 匹配] BF71CB44-ABDC-4FFF-A1D0-77525BC6A066.jpeg (相似度: 0.506)
  💖 [Sophia 匹配] 661D31FD-9600-44C2-B6C7-1F4C25B82539.jpeg (相似度: 0.668)
  💖 [Sophia 匹配] 33003577-E6AD-4775-8ACE-CD942E605B15.jpeg (相似度: 0.467)
  💖 [Sophia 匹配] 658162B5-4086-4586-8B56-B3B523B5D5E7.jpeg (相似度: 0.636)
  💜 [Sharon 匹配] 658162B5-4086-4586-8B56-B3B523B5D5E7.jpeg (相似度: 0.543)
  💖 [Sophia 匹配] 27DEFBE5-477D-44BB-B75D-F5044ABDDC5D.jpeg (相似度: 0.665)
  💜 [Sharon 匹配] 27DEFBE5-477D-44BB-B75D-F5044ABDDC5D.jpeg (相似度: 0.512)
  💖 [Sophia 匹配] 319E06EC-4569-46DB-B7CA-0E9BF54F377C.jpeg (相似度: 0.630)
  💜 [Sharon 匹配] 319E06EC-4569-46DB-B7CA-0E9BF54F377C.jpeg (相似度: 0.536)
  💖 [Sophia 匹配] C2580E5A-CDD3-492E-9AD8-0E2A734D8C17.jpeg (相似度: 0.575)
  💜 [Sharon 匹配] C2580E5A-CDD3-492E-9AD8-0E2A734D8C17.jpeg (相似度: 0.553)
  💖 [Sophia 匹配] 8B2649C4-B381-4337-8A99-83C113DEA0A8.jpeg (相似度: 0.571)
  💜 [Sharon 匹配] 8B2649C4-B381-4337-8A99-83C113DEA0A8.jpeg (相似度: 0.584)
  💖 [Sophia 匹配] 7196D3E7-AF8F-4AD2-9AB5-FE7948B9BE14_1_201_a.jpeg (相似度: 0.586)
  💖 [Sophia 匹配] C085FDB2-6EFD-4F42-834A-82F809EBFFB3.jpeg (相似度: 0.605)
  💜 [Sharon 匹配] C085FDB2-6EFD-4F42-834A-82F809EBFFB3.jpeg (相似度: 0.466)
  💖 [Sophia 匹配] 743D4AFB-244B-4753-B434-AFBDEB4D30DD.jpeg (相似度: 0.662)
  💜 [Sharon 匹配] 743D4AFB-244B-4753-B434-AFBDEB4D30DD.jpeg (相似度: 0.539)
  💖 [Sophia 匹配] 5D080E66-38BC-4649-85BD-D99403D7864E.jpeg (相似度: 0.513)
  💖 [Sophia 匹配] B38CC820-3DF4-48FF-92A0-4D1A431E71F2.jpeg (相似度: 0.654)
  💜 [Sharon 匹配] B38CC820-3DF4-48FF-92A0-4D1A431E71F2.jpeg (相似度: 0.528)
  💖 [Sophia 匹配] DE0EAA0E-0BDD-4B1F-8AC1-9A505FA0FFC7.jpeg (相似度: 0.683)
  💖 [Sophia 匹配] C2146B76-8252-40F7-8CD8-9B595124FD9E.jpeg (相似度: 0.589)
  💜 [Sharon 匹配] C2146B76-8252-40F7-8CD8-9B595124FD9E.jpeg (相似度: 0.581)
  💖 [Sophia 匹配] 05266200-7F47-43CA-BC2D-72A14F61E945.jpeg (相似度: 0.667)
  💖 [Sophia 匹配] C933A4B6-97C8-4372-8CB7-2CDD44073A9D.jpeg (相似度: 0.506)
  💜 [Sharon 匹配] C933A4B6-97C8-4372-8CB7-2CDD44073A9D.jpeg (相似度: 0.568)
  💖 [Sophia 匹配] 9B9F8786-8FDD-4ED6-AA1D-0164D355C1F4.jpeg (相似度: 0.577)
  💜 [Sharon 匹配] 9B9F8786-8FDD-4ED6-AA1D-0164D355C1F4.jpeg (相似度: 0.610)
  💖 [Sophia 匹配] CC04B9D9-9C9D-4EAB-824D-354B367F2C00_1_201_a.jpeg (相似度: 0.583)
  💜 [Sharon 匹配] CC04B9D9-9C9D-4EAB-824D-354B367F2C00_1_201_a.jpeg (相似度: 0.658)
  💖 [Sophia 匹配] A5D85697-3150-48ED-A6FB-D9F401E3501F.jpeg (相似度: 0.603)
  💖 [Sophia 匹配] 72505A55-5090-4BF3-A601-11ED938EDF76_1_201_a.jpeg (相似度: 0.616)
  💜 [Sharon 匹配] 72505A55-5090-4BF3-A601-11ED938EDF76_1_201_a.jpeg (相似度: 0.623)
  💖 [Sophia 匹配] 71DAE9A9-54B4-41B6-9D47-2A25E132CC51.jpeg (相似度: 0.648)
  💖 [Sophia 匹配] 92E2B9F4-8850-437D-A3B7-B13C999D0E37.jpeg (相似度: 0.648)
  💜 [Sharon 匹配] 92E2B9F4-8850-437D-A3B7-B13C999D0E37.jpeg (相似度: 0.576)
  💜 [Sharon 匹配] A975ADE5-3FFF-4DAB-9840-303291DD2CAC.jpeg (相似度: 0.651)
  💜 [Sharon 匹配] 9C429D85-B80C-4D20-A800-47B42AA3B27A.jpeg (相似度: 0.593)
  💖 [Sophia 匹配] 9C429D85-B80C-4D20-A800-47B42AA3B27A.jpeg (相似度: 0.627)
  💖 [Sophia 匹配] 7C8056A1-8B16-49FD-9CA6-074E672F96FF.jpeg (相似度: 0.641)
  💜 [Sharon 匹配] 2DB3BCD6-84B0-4255-BED2-4BCE67C91AE0.jpeg (相似度: 0.501)
  💜 [Sharon 匹配] 3CE12C3D-D2E9-499D-9486-215DFBB43768.jpeg (相似度: 0.533)
  💜 [Sharon 匹配] D56DBC28-C8BE-4B7E-9E67-5630CFA82EC1.jpeg (相似度: 0.564)
  💖 [Sophia 匹配] D56DBC28-C8BE-4B7E-9E67-5630CFA82EC1.jpeg (相似度: 0.612)
  💜 [Sharon 匹配] E3CE74F1-D052-4267-B51C-D945D18B479D.jpeg (相似度: 0.680)
  💖 [Sophia 匹配] 01C4F065-7B98-4E87-A236-5DDC86140141.jpeg (相似度: 0.660)
  💜 [Sharon 匹配] 01C4F065-7B98-4E87-A236-5DDC86140141.jpeg (相似度: 0.633)
  💜 [Sharon 匹配] 626580A9-8943-4BAE-B1E9-30B072DBB6B8.jpeg (相似度: 0.604)
  💜 [Sharon 匹配] 044A08F5-E83A-4005-BDD9-42B9710FBD0F.jpeg (相似度: 0.544)
  💜 [Sharon 匹配] CC1CA217-90D1-4505-A4C0-46E563D41CAA.jpeg (相似度: 0.526)
  💜 [Sharon 匹配] 65FE5555-6F37-4402-A905-3DDCC0881A2B_1_201_a.jpeg (相似度: 0.600)
  💖 [Sophia 匹配] 0E0211D7-F094-4348-9CD6-B0314706BB7B.jpeg (相似度: 0.574)
  💖 [Sophia 匹配] 56F6D652-445F-46F6-B0F5-72182E5E4010.jpeg (相似度: 0.664)
  💜 [Sharon 匹配] 505A8BAA-018A-4267-8CFF-DE116B2B011E.jpeg (相似度: 0.624)
  💜 [Sharon 匹配] 624D317F-4AF4-4C20-AF40-5AB2812428AF.jpeg (相似度: 0.643)
  💖 [Sophia 匹配] 62E3E17B-1C36-4D96-B80D-E2B8CA05A568.jpeg (相似度: 0.565)
  💜 [Sharon 匹配] AFEA8DE5-2C43-47C2-8BD7-2FCDBBB991A3.jpeg (相似度: 0.524)
  💜 [Sharon 匹配] 5AE4724B-C1E3-430C-8650-BA5A88371E37.jpeg (相似度: 0.626)
  💖 [Sophia 匹配] 07F1FF55-262A-4B6C-B646-B0F113CED75B.jpeg (相似度: 0.527)
  💜 [Sharon 匹配] 07F1FF55-262A-4B6C-B646-B0F113CED75B.jpeg (相似度: 0.669)
  💜 [Sharon 匹配] C71FA187-6A78-4BA0-BA87-1DCF60B93FC4.jpeg (相似度: 0.632)
  💖 [Sophia 匹配] E3C43EAA-FA4C-47D2-A9FF-8E47BF0CC7C3.jpeg (相似度: 0.580)
  💜 [Sharon 匹配] E3C43EAA-FA4C-47D2-A9FF-8E47BF0CC7C3.jpeg (相似度: 0.703)
  💜 [Sharon 匹配] ED93D554-DC7A-4C16-99C3-29F05A14DCC5.jpeg (相似度: 0.624)
  💜 [Sharon 匹配] 6F820529-87EA-49F6-887B-D754893FD5E9.jpeg (相似度: 0.610)
  💜 [Sharon 匹配] B5096BC2-B8B5-401D-A07E-E4374996009D.jpeg (相似度: 0.690)
  💖 [Sophia 匹配] B5096BC2-B8B5-401D-A07E-E4374996009D.jpeg (相似度: 0.556)
  💜 [Sharon 匹配] 47C41C97-9778-4AE0-8A39-94E27363A192.jpeg (相似度: 0.542)
  💜 [Sharon 匹配] 255687EB-45B9-4371-951A-310EC96085F4.jpeg (相似度: 0.576)
  💜 [Sharon 匹配] B3B8FCD2-B2C6-47F1-8154-B8679A6E40ED.jpeg (相似度: 0.687)
  💖 [Sophia 匹配] B3B8FCD2-B2C6-47F1-8154-B8679A6E40ED.jpeg (相似度: 0.591)
  💜 [Sharon 匹配] E3D27305-DC79-45D3-AD9B-27DF8BCFAF05.jpeg (相似度: 0.608)
  💜 [Sharon 匹配] 102ABFAF-697F-4F84-AFB1-3393D866FC17.jpeg (相似度: 0.567)
  💜 [Sharon 匹配] 0CEF21FC-5D13-48A4-9EA6-0F8B2E52B23D.jpeg (相似度: 0.587)
  💖 [Sophia 匹配] 907CCFBB-4A30-4DCF-B378-61BBFECAE0C5.jpeg (相似度: 0.538)
  💜 [Sharon 匹配] 907CCFBB-4A30-4DCF-B378-61BBFECAE0C5.jpeg (相似度: 0.599)
  💜 [Sharon 匹配] 7787EFCF-956E-4079-9659-E87CCDEEE366.jpeg (相似度: 0.477)
  💜 [Sharon 匹配] DA33CC4F-F54C-43EB-8520-0A683A41DF46.jpeg (相似度: 0.638)
  💖 [Sophia 匹配] DA33CC4F-F54C-43EB-8520-0A683A41DF46.jpeg (相似度: 0.611)
  💖 [Sophia 匹配] 2574CB5F-1F26-4749-A82D-AC668AF4FE87_1_201_a.jpeg (相似度: 0.683)
  💜 [Sharon 匹配] 52092D82-583D-42FA-88FF-EBB7B85D14F2.jpeg (相似度: 0.563)
  💖 [Sophia 匹配] 77757EFD-C876-4BF0-9F53-0174FF71C755.jpeg (相似度: 0.576)
  💜 [Sharon 匹配] 77757EFD-C876-4BF0-9F53-0174FF71C755.jpeg (相似度: 0.561)
  💜 [Sharon 匹配] C991EE52-F0D5-45EC-8665-7D8FDB4AF445.jpeg (相似度: 0.579)
  💖 [Sophia 匹配] 132751A6-DDB3-4CFE-A3ED-64E40BE4548A.jpeg (相似度: 0.661)
  💜 [Sharon 匹配] 132751A6-DDB3-4CFE-A3ED-64E40BE4548A.jpeg (相似度: 0.616)
  💜 [Sharon 匹配] FD4D41EF-8AD5-424F-BD32-A56444909F7D.jpeg (相似度: 0.636)
  💜 [Sharon 匹配] F037C0BD-FB65-499A-ACB0-2F08DEDED51C.jpeg (相似度: 0.504)
  💜 [Sharon 匹配] 0BE388FF-5499-4C51-9847-540108EE7256.jpeg (相似度: 0.656)
  💖 [Sophia 匹配] 0BE388FF-5499-4C51-9847-540108EE7256.jpeg (相似度: 0.630)
  💜 [Sharon 匹配] D32D86F4-6958-47A5-85A9-4DB7C9A064F3.jpeg (相似度: 0.597)
  💜 [Sharon 匹配] D5F19105-E06C-4A6D-8008-14CF8C828E12_1_201_a.jpeg (相似度: 0.692)
  💖 [Sophia 匹配] B2A2AEB2-9390-4412-BDFD-D5B061883111.jpeg (相似度: 0.655)
  💜 [Sharon 匹配] B2A2AEB2-9390-4412-BDFD-D5B061883111.jpeg (相似度: 0.647)
  💖 [Sophia 匹配] 01F167D9-A95C-499F-A2D2-2FD6E1F1CC39_1_201_a.jpeg (相似度: 0.618)
  💜 [Sharon 匹配] 3943FA66-4FAC-4B82-824E-5CDC99EED3AB.jpeg (相似度: 0.519)
  💜 [Sharon 匹配] 68059B55-57D7-4CCE-9EFA-6AAB35611EF9.jpeg (相似度: 0.586)
  💜 [Sharon 匹配] 6F127E14-3C8C-414A-BAF0-EFB4169D551E.jpeg (相似度: 0.570)
  💜 [Sharon 匹配] 6140D34A-E90C-43FC-9530-02ED62DEA896.jpeg (相似度: 0.586)
  💖 [Sophia 匹配] B565895E-36EA-42D8-98EA-AA64594E4FB6_1_201_a.jpeg (相似度: 0.658)
  💜 [Sharon 匹配] 8D6986F6-3EFF-4887-B533-68CC2EBCEAE4.jpeg (相似度: 0.680)
  💜 [Sharon 匹配] 4B162F79-A4BB-4D8B-B6D8-D0211CD030F3.jpeg (相似度: 0.583)
  💜 [Sharon 匹配] B0485DE7-5DD3-4BCE-81A8-C95F9C335304.jpeg (相似度: 0.679)
  💜 [Sharon 匹配] 04C6E3FD-57E2-4DE3-97BF-362034542516.jpeg (相似度: 0.576)
  💜 [Sharon 匹配] 2448593C-843F-48E1-BAD9-67CBD4C3E4C7.jpeg (相似度: 0.549)
  💜 [Sharon 匹配] E34A9578-E1B6-4633-86C4-F1D950E4CC43.jpeg (相似度: 0.549)
  💜 [Sharon 匹配] 491E4BE8-6E64-41E5-94A1-65745050EC39.jpeg (相似度: 0.597)
  💜 [Sharon 匹配] 114844B6-1AA8-4E16-80DF-2A3A069BDE3E.jpeg (相似度: 0.723)
  💜 [Sharon 匹配] D056444A-4296-4164-95C4-D9D70DB1D100.jpeg (相似度: 0.614)
  💖 [Sophia 匹配] D056444A-4296-4164-95C4-D9D70DB1D100.jpeg (相似度: 0.570)
  💜 [Sharon 匹配] 7E2B2F13-89FA-4CC0-A2F6-B7BBE05B1A9F.jpeg (相似度: 0.552)
  💖 [Sophia 匹配] FC9EC787-7F2E-42D2-AB16-419D088148FC.jpeg (相似度: 0.470)
  💜 [Sharon 匹配] 319AE68D-75DF-4011-B68F-1C1EF213588E.jpeg (相似度: 0.502)
  💜 [Sharon 匹配] 6B973780-C9F8-4F9B-B77F-F128C58B9AB0_1_201_a.jpeg (相似度: 0.708)
  💖 [Sophia 匹配] 6B973780-C9F8-4F9B-B77F-F128C58B9AB0_1_201_a.jpeg (相似度: 0.678)
  💖 [Sophia 匹配] F1DB4E26-7E14-48D5-81A4-431821D9133C.jpeg (相似度: 0.627)
  💜 [Sharon 匹配] 50F77831-C84F-4A4D-98EB-A981F03F47FE_1_201_a.jpeg (相似度: 0.694)
  💜 [Sharon 匹配] EC441D2D-0B52-447C-901F-8F0814BF8438.jpeg (相似度: 0.624)
  💜 [Sharon 匹配] 6AC3C196-75CE-42E3-8C06-08CCD2316B68.jpeg (相似度: 0.700)
  💜 [Sharon 匹配] 92488BAF-C346-416A-BFC5-D5748F6A38A8.jpeg (相似度: 0.630)
  💜 [Sharon 匹配] AD6F2BF8-241B-4B2C-9B4F-725F43EAB5DF.jpeg (相似度: 0.699)
  💜 [Sharon 匹配] A51D92F5-8D97-4E28-B920-EE6781C3F71F.jpeg (相似度: 0.534)
  💜 [Sharon 匹配] 2BB5F010-F3B9-4A80-9B12-7B4EB8C6B07F.jpeg (相似度: 0.627)
  💜 [Sharon 匹配] 7C93553F-756F-4DE2-9425-3E865B587E15_1_201_a.jpeg (相似度: 0.680)
  💖 [Sophia 匹配] AD610B4B-119F-4EEF-B44A-C0FC85EEE4AF_1_201_a.jpeg (相似度: 0.675)
  💖 [Sophia 匹配] D089054C-068B-471E-BEA4-C2AB97C2E6C5.jpeg (相似度: 0.586)
  💜 [Sharon 匹配] D089054C-068B-471E-BEA4-C2AB97C2E6C5.jpeg (相似度: 0.628)
  💜 [Sharon 匹配] BB9EAF90-6C59-4FAE-801D-E1B6FFB457EB.jpeg (相似度: 0.680)
  💜 [Sharon 匹配] FB5A2B4F-927B-4291-B6D0-6B3424A13179.jpeg (相似度: 0.608)
  💖 [Sophia 匹配] FB5A2B4F-927B-4291-B6D0-6B3424A13179.jpeg (相似度: 0.548)
  💖 [Sophia 匹配] 7529F7EB-1DB0-4F71-9EBD-D9F3C0F67980.jpeg (相似度: 0.592)
  💖 [Sophia 匹配] 3F6CD6C7-C30E-459B-A620-940834283DCF.jpeg (相似度: 0.551)
  💖 [Sophia 匹配] D7D66A1F-B810-4061-82B8-07FF6C6A8562.jpeg (相似度: 0.651)
  💜 [Sharon 匹配] D7D66A1F-B810-4061-82B8-07FF6C6A8562.jpeg (相似度: 0.671)
  💜 [Sharon 匹配] 55844B81-7BBE-4BFD-B9D5-53F8955A9CF6.jpeg (相似度: 0.593)
  💖 [Sophia 匹配] 55844B81-7BBE-4BFD-B9D5-53F8955A9CF6.jpeg (相似度: 0.571)
  💜 [Sharon 匹配] 68EB8226-9C17-42B2-9A27-9168B51BF7B9.jpeg (相似度: 0.692)
  💖 [Sophia 匹配] 93DDB902-21D5-4F6D-B894-553D83C0A74D.jpeg (相似度: 0.587)
  💜 [Sharon 匹配] 165E4019-A5BB-4AF8-910F-D94C768BFC40.jpeg (相似度: 0.687)
  💖 [Sophia 匹配] 2CA6266D-DB9F-4809-88C4-46809A1D002C.jpeg (相似度: 0.678)
  💜 [Sharon 匹配] 2CA6266D-DB9F-4809-88C4-46809A1D002C.jpeg (相似度: 0.666)
  💜 [Sharon 匹配] 24687380-6D07-4048-A2CE-7C5F2D3BA35B.jpeg (相似度: 0.568)
  💜 [Sharon 匹配] 35EB2CB8-407C-4AE4-A8E4-F39A38166F34.jpeg (相似度: 0.674)
  💜 [Sharon 匹配] C2C9FD2B-D474-4C74-8196-0EE53273C300.jpeg (相似度: 0.583)
  💖 [Sophia 匹配] 39BAE66E-0770-4E2B-8A40-02CA57D2A18C.jpeg (相似度: 0.500)
  💜 [Sharon 匹配] 9A87FDAD-5044-4380-A36F-82857241AB4B.jpeg (相似度: 0.669)
  💜 [Sharon 匹配] 1B297CAB-E691-4A88-A40A-99E5E20C5F1A.jpeg (相似度: 0.723)
  💜 [Sharon 匹配] BCDE98B8-6DB9-4C66-885D-D13278F8BE5C.jpeg (相似度: 0.740)
  💜 [Sharon 匹配] 4C4FA2C5-9D43-4A1E-A4F6-12142973DE02.jpeg (相似度: 0.631)
  💜 [Sharon 匹配] 0D57FD2B-CFF4-4B76-992D-1D1E351F5D17.jpeg (相似度: 0.650)
  💜 [Sharon 匹配] 0B0DBECC-7DF4-4E22-9FAC-EAE18851BFDE.jpeg (相似度: 0.483)
  💜 [Sharon 匹配] 0CDC78C2-CB42-4735-ACB5-D7B0FA60B73B.jpeg (相似度: 0.699)
  💜 [Sharon 匹配] 1CDD8A4D-976C-4234-8BB5-06C099BD0581.jpeg (相似度: 0.725)
  💜 [Sharon 匹配] 2F9B1A59-64E5-47BD-BBEE-427986F3AF4D.jpeg (相似度: 0.665)
  💜 [Sharon 匹配] D8B08A1B-5361-491C-BEB6-2176A2EA3744.jpeg (相似度: 0.695)
  💜 [Sharon 匹配] CF3AA63D-4D3D-4054-A5B6-412349A99F74_1_201_a.jpeg (相似度: 0.561)
  💜 [Sharon 匹配] D8A1B7DC-FD26-4B8D-95F0-1E316C29F6C3.jpeg (相似度: 0.530)
  💜 [Sharon 匹配] 91EC008C-D0C8-420B-BE2A-2B630735E235.jpeg (相似度: 0.583)
  💜 [Sharon 匹配] 6E398131-7688-4B8D-9E2D-9751F4658E9D.jpeg (相似度: 0.641)
  💜 [Sharon 匹配] 4ABB53C8-011D-47C4-BFB2-D0BD42091AF3.jpeg (相似度: 0.662)
  💜 [Sharon 匹配] 96D443F8-4AB1-43DB-B515-0ADD4234A787.jpeg (相似度: 0.689)
  💖 [Sophia 匹配] 68DB7998-23FC-41C2-9B49-B399EE5FA367.jpeg (相似度: 0.507)
  💜 [Sharon 匹配] 68DB7998-23FC-41C2-9B49-B399EE5FA367.jpeg (相似度: 0.673)
  💜 [Sharon 匹配] 175B8F30-6E18-4D6D-ADE4-D5FF636BFB8E.jpeg (相似度: 0.676)
  💜 [Sharon 匹配] E8DAAEDD-BCAD-4D24-851B-DCE798DA5A1B.jpeg (相似度: 0.609)
  💖 [Sophia 匹配] 70A1E43A-C5BD-4A62-B753-C457B74E9970_1_201_a.jpeg (相似度: 0.648)
  💜 [Sharon 匹配] 70A1E43A-C5BD-4A62-B753-C457B74E9970_1_201_a.jpeg (相似度: 0.678)
  💖 [Sophia 匹配] 7F721850-B1DE-4C70-A38F-7530EED33248.jpeg (相似度: 0.584)
  💜 [Sharon 匹配] 94988045-C346-47BB-BB4E-8779B475F27B.jpeg (相似度: 0.574)
  💖 [Sophia 匹配] 795AF6A5-3692-4613-8FF9-5139D56DD9E3.jpeg (相似度: 0.572)
  💜 [Sharon 匹配] 795AF6A5-3692-4613-8FF9-5139D56DD9E3.jpeg (相似度: 0.583)
  💖 [Sophia 匹配] D1375AAF-F74C-4633-81A9-D9F688CE42C3.jpeg (相似度: 0.631)
  💜 [Sharon 匹配] 8DF2C285-2AA9-45BF-96E2-16FC4FE98102.jpeg (相似度: 0.611)
  💜 [Sharon 匹配] 17B6E3F5-0D23-4EE9-961C-4B586272EBB1.jpeg (相似度: 0.684)
  💖 [Sophia 匹配] 17B6E3F5-0D23-4EE9-961C-4B586272EBB1.jpeg (相似度: 0.632)
  💜 [Sharon 匹配] F01E531A-8E79-49F6-AD13-F1EE9AA43D2F.jpeg (相似度: 0.559)
  💜 [Sharon 匹配] 99555347-3B95-40BD-8721-445654CDEB9A.jpeg (相似度: 0.717)
  💜 [Sharon 匹配] 47A675EB-BB48-4BD1-8A9B-EDD543FE4E53.jpeg (相似度: 0.635)
  💜 [Sharon 匹配] 0FB1573C-9683-4EB4-AB4B-151B591F8DE7_1_201_a.jpeg (相似度: 0.680)
  💜 [Sharon 匹配] F9A49511-C3D7-4D36-B59F-3D6DBBFDAE8A_1_201_a.jpeg (相似度: 0.623)
  💜 [Sharon 匹配] 799418CD-9088-421A-8609-322E230BB003.jpeg (相似度: 0.560)
  💜 [Sharon 匹配] 62B16C96-45B4-412F-B286-C5141C228B1E.jpeg (相似度: 0.596)
  💜 [Sharon 匹配] C1500D17-E22B-4172-ADEE-6901AEAB20A0.jpeg (相似度: 0.670)
  💜 [Sharon 匹配] 791C7FC1-9B23-4FF3-81A3-4A12A3272BD8.jpeg (相似度: 0.696)
  💜 [Sharon 匹配] A867DA4B-7CF3-4385-8E6C-540E1338D14A.jpeg (相似度: 0.526)
  💜 [Sharon 匹配] 12AB9149-F4FE-4BB1-B436-619F625162D2_1_201_a.jpeg (相似度: 0.674)
  💖 [Sophia 匹配] 12AB9149-F4FE-4BB1-B436-619F625162D2_1_201_a.jpeg (相似度: 0.675)
  💜 [Sharon 匹配] E5848561-46BB-4CC5-B157-3F215ECF433D.jpeg (相似度: 0.717)
  💜 [Sharon 匹配] 7BCC7B3D-A9E3-49A4-9C18-9D8ACB369E48.jpeg (相似度: 0.571)
  💜 [Sharon 匹配] 877093CC-543B-41E5-80E8-94B492B2FD14.jpeg (相似度: 0.735)
  💜 [Sharon 匹配] C2BE5730-D014-4976-A756-458BEE012435.jpeg (相似度: 0.561)
  💖 [Sophia 匹配] 7BE32421-F7EC-431C-8953-DB23E82DD9A5.jpeg (相似度: 0.552)
  💜 [Sharon 匹配] 8D38D4B2-4EAC-4D0F-BDFC-0196D8A0FBD2.jpeg (相似度: 0.535)
  💜 [Sharon 匹配] 0C984BB5-472C-466E-B432-0965EC4CAFDA.jpeg (相似度: 0.769)
  💖 [Sophia 匹配] 9CBEE742-EE9F-4794-B35B-E7FEA425652B.jpeg (相似度: 0.604)
  💜 [Sharon 匹配] 9CBEE742-EE9F-4794-B35B-E7FEA425652B.jpeg (相似度: 0.744)
  💜 [Sharon 匹配] E3562C06-0CF5-4EBB-9550-E3CC9BF301DD.jpeg (相似度: 0.611)
  💜 [Sharon 匹配] 2D4BA39B-E97B-49CD-B314-7C0C824386B0.jpeg (相似度: 0.681)
  💜 [Sharon 匹配] B087C96F-53A2-4B09-A565-5F8E85E830B3_1_201_a.jpeg (相似度: 0.641)
  💜 [Sharon 匹配] A4109C42-5B67-4E15-8F80-BFBAE815BD53.jpeg (相似度: 0.530)
  💖 [Sophia 匹配] 96B2B505-B9D5-4AC6-8847-EBB9C36B6456.jpeg (相似度: 0.641)
  💜 [Sharon 匹配] 96B2B505-B9D5-4AC6-8847-EBB9C36B6456.jpeg (相似度: 0.703)
  💜 [Sharon 匹配] 30261BAD-3FF5-4B4E-A182-595508DB33B5.jpeg (相似度: 0.683)
  💖 [Sophia 匹配] 30261BAD-3FF5-4B4E-A182-595508DB33B5.jpeg (相似度: 0.656)
  💖 [Sophia 匹配] 132F98F7-64B0-428B-B900-7C6DDCC953B8.jpeg (相似度: 0.562)
  💜 [Sharon 匹配] 132F98F7-64B0-428B-B900-7C6DDCC953B8.jpeg (相似度: 0.614)
  💜 [Sharon 匹配] A5223394-B627-44BE-A2BD-D54570B30C26.jpeg (相似度: 0.713)
  💜 [Sharon 匹配] 6E169731-0EF8-4C9A-9F44-E02406FADD3A.jpeg (相似度: 0.719)
  💜 [Sharon 匹配] F8E107FD-05A6-483E-B6E3-5FC474E6A88B.jpeg (相似度: 0.660)
  💜 [Sharon 匹配] E71E594B-2F0E-4D42-A49C-85F000C0A1CA.jpeg (相似度: 0.678)
  💖 [Sophia 匹配] CDE09356-1BE8-4DEC-9617-E3A748B8764C.jpeg (相似度: 0.700)
  💜 [Sharon 匹配] CDE09356-1BE8-4DEC-9617-E3A748B8764C.jpeg (相似度: 0.652)
  💜 [Sharon 匹配] C70C216D-8ACC-4AC3-8D11-FF2AE03F873C.jpeg (相似度: 0.555)
  💜 [Sharon 匹配] 46210EF5-BBA8-4075-9E5F-42B9165351B2.jpeg (相似度: 0.579)
  💜 [Sharon 匹配] 04E0BD32-C76C-4B93-9F7D-E140FA600EA2.jpeg (相似度: 0.701)
  💜 [Sharon 匹配] 58E7DDCB-583F-4AA7-A4F1-410D84CDD5CE.jpeg (相似度: 0.664)
  💜 [Sharon 匹配] 4780E3A6-7DE5-4459-889D-1C4D21808D24.jpeg (相似度: 0.712)
  💜 [Sharon 匹配] 144D38F1-E4C9-46DC-A2EE-D40658CB9CE7.jpeg (相似度: 0.642)
  💜 [Sharon 匹配] 7F454946-ED0F-4B43-883F-A54A56C2D5EF.jpeg (相似度: 0.577)
  💖 [Sophia 匹配] 3748853F-77AE-4F05-9979-537E74340EFF.jpeg (相似度: 0.591)
  💜 [Sharon 匹配] 3748853F-77AE-4F05-9979-537E74340EFF.jpeg (相似度: 0.697)
  💜 [Sharon 匹配] 911D0573-D124-42A2-BA52-DEC340CD8A8E.jpeg (相似度: 0.510)
  💜 [Sharon 匹配] 38AD8401-6B9E-4C9B-9FAA-308B77595D70.jpeg (相似度: 0.707)
  💜 [Sharon 匹配] 050C0630-21F9-4DC1-BF34-1362BBB311D7.jpeg (相似度: 0.555)
  💖 [Sophia 匹配] F382570B-A29E-453E-8F56-532742D99245.jpeg (相似度: 0.566)
  💜 [Sharon 匹配] F382570B-A29E-453E-8F56-532742D99245.jpeg (相似度: 0.681)
  💜 [Sharon 匹配] 62281F5A-BA7C-4840-B405-AF395B80669A.jpeg (相似度: 0.645)
  💜 [Sharon 匹配] 3E10B34F-14A0-4BAD-A6C5-B92A9AE5C8B6.jpeg (相似度: 0.609)
  💖 [Sophia 匹配] 8CECF3D1-CCE6-42D3-B67C-91212D74B69B.jpeg (相似度: 0.520)
  💖 [Sophia 匹配] 4A980A82-70EE-4538-A046-6BCEA7F85157.jpeg (相似度: 0.557)
  💜 [Sharon 匹配] 4A980A82-70EE-4538-A046-6BCEA7F85157.jpeg (相似度: 0.680)
  💜 [Sharon 匹配] 2BF3E9F7-8452-4734-8586-DF7902EDFF4B.jpeg (相似度: 0.571)
  💜 [Sharon 匹配] D67AA847-BC24-4CF2-B23A-24EED6F8C1FB.jpeg (相似度: 0.658)
  💜 [Sharon 匹配] 60AF62E4-6E80-4503-BCD9-03A1269B19D6.jpeg (相似度: 0.682)
  💜 [Sharon 匹配] 9C1844AB-3C30-4B34-B35C-ABF3B8912D3D.jpeg (相似度: 0.526)
  💖 [Sophia 匹配] DCE316AB-3A24-471E-9505-08F72487CC83.jpeg (相似度: 0.485)
  💜 [Sharon 匹配] 99442EC3-6F09-46AB-A915-DBF55CB3349A.jpeg (相似度: 0.688)
  💜 [Sharon 匹配] 769F9E7B-83A1-4CDC-A3CB-5AF9C9B9118C.jpeg (相似度: 0.662)
  💜 [Sharon 匹配] AD2BA1B4-AF01-4F82-B323-602605B192D0.jpeg (相似度: 0.534)
  💖 [Sophia 匹配] 0D5ACE4F-A3E9-4C97-B6CE-AEF41BE82378.jpeg (相似度: 0.584)
  💜 [Sharon 匹配] 36820297-17BF-410A-9440-61312FF98BA9.jpeg (相似度: 0.620)
  💜 [Sharon 匹配] 229AB0FE-802A-4A72-AE06-4F531D024895.jpeg (相似度: 0.556)
  💜 [Sharon 匹配] 1CCFC568-984A-4BC4-8D98-1D45B2B06F88.jpeg (相似度: 0.589)
  💖 [Sophia 匹配] 77597E22-ADE6-43FA-B060-1F774AFF2C91.jpeg (相似度: 0.622)
  💜 [Sharon 匹配] 77597E22-ADE6-43FA-B060-1F774AFF2C91.jpeg (相似度: 0.732)
  💖 [Sophia 匹配] EFAC3A76-5726-421A-9B82-A05C05223493.jpeg (相似度: 0.631)
  💖 [Sophia 匹配] B7257717-F748-4039-93D1-A2524F79EE78_1_201_a.jpeg (相似度: 0.699)
  💜 [Sharon 匹配] B7257717-F748-4039-93D1-A2524F79EE78_1_201_a.jpeg (相似度: 0.698)
  💜 [Sharon 匹配] A705963E-81B2-4387-9262-6F1139341EA5_1_201_a.jpeg (相似度: 0.640)
⏳ 已辨識 5000 / 5356 張相片 (2308.8 秒)...
  💖 [Sophia 匹配] FE3B682E-33CF-441D-9BA9-0B3EB95FD761.jpeg (相似度: 0.532)
  💜 [Sharon 匹配] 158E2313-0349-416E-A370-B4C7B78C1E51.jpeg (相似度: 0.710)
  💖 [Sophia 匹配] 6038BA6B-EEC8-4027-ABBD-D9E5123121FF.jpeg (相似度: 0.617)
  💜 [Sharon 匹配] 6038BA6B-EEC8-4027-ABBD-D9E5123121FF.jpeg (相似度: 0.717)
  💖 [Sophia 匹配] AE75DEE3-571B-4916-883B-7C9EEB40465D.jpeg (相似度: 0.491)
  💜 [Sharon 匹配] 7EFD372A-BEF1-4662-9835-51F18EFDDE74.jpeg (相似度: 0.664)
  💖 [Sophia 匹配] 6DAAECA2-EE8F-4181-AA63-240BE6320887.jpeg (相似度: 0.650)
  💜 [Sharon 匹配] 6DAAECA2-EE8F-4181-AA63-240BE6320887.jpeg (相似度: 0.663)
  💖 [Sophia 匹配] C6EE3635-A674-429C-BC81-CEEDA485E218.jpeg (相似度: 0.661)
  💜 [Sharon 匹配] 4276098A-AA25-4C00-8252-898F6C0D94FB.jpeg (相似度: 0.621)
  💖 [Sophia 匹配] 4276098A-AA25-4C00-8252-898F6C0D94FB.jpeg (相似度: 0.636)
  💖 [Sophia 匹配] 4D5760CF-B121-4F98-B7C6-1CC9EDF69741.jpeg (相似度: 0.576)
  💖 [Sophia 匹配] B5ADAF27-09C3-4D40-84F2-5DD964F47D42.jpeg (相似度: 0.565)
  💜 [Sharon 匹配] 89927CBF-6FB5-4537-AB31-A93227FAF0D4.jpeg (相似度: 0.684)
  💖 [Sophia 匹配] 945375CF-C971-4663-99C9-05292A0E68F2.jpeg (相似度: 0.593)
  💜 [Sharon 匹配] 4F18C83A-1D63-4F70-B389-858F5EF77E60.jpeg (相似度: 0.599)
  💖 [Sophia 匹配] 217BCE43-D1F5-43BA-B03F-2724644C99BF.jpeg (相似度: 0.528)
  💖 [Sophia 匹配] BC7713BC-284C-4403-A9C8-C7CE068EF669.jpeg (相似度: 0.577)
  💖 [Sophia 匹配] B52D234E-D410-4E5F-860E-A87133EFEA71.jpeg (相似度: 0.566)
  💖 [Sophia 匹配] C2807449-D213-4CE1-95C1-0DC9B4072529.jpeg (相似度: 0.508)
  💖 [Sophia 匹配] 3AA0AFA2-15EB-4E95-9C52-25147D7EE84D.jpeg (相似度: 0.579)
  💖 [Sophia 匹配] 25E940C5-6BD7-4103-B83D-42004FC807B4.jpeg (相似度: 0.603)
  💜 [Sharon 匹配] F006A3DD-258D-4C23-865B-63CA18C3992E.jpeg (相似度: 0.606)
  💖 [Sophia 匹配] F006A3DD-258D-4C23-865B-63CA18C3992E.jpeg (相似度: 0.611)
  💖 [Sophia 匹配] 249292D9-679C-4CE2-B2E9-B495724132C2.jpeg (相似度: 0.552)
  💖 [Sophia 匹配] 2628DB57-B880-414C-B8E8-A9F29687DE93.jpeg (相似度: 0.550)
  💜 [Sharon 匹配] 2628DB57-B880-414C-B8E8-A9F29687DE93.jpeg (相似度: 0.636)
  💖 [Sophia 匹配] 90A54CB4-4BBA-445E-BE5F-888C378FE531.jpeg (相似度: 0.604)
  💜 [Sharon 匹配] 0C30CF17-3B7D-437E-B8B2-D6920CD03669.jpeg (相似度: 0.619)
  💜 [Sharon 匹配] C77B2C3E-9708-48E6-88EC-34EE1FAF5711.jpeg (相似度: 0.669)
  💖 [Sophia 匹配] A14562EB-0845-4E17-B7E2-7579F58CA8B6.jpeg (相似度: 0.649)
  💖 [Sophia 匹配] 4F6E3D74-980E-4294-8493-B04F04913B19.jpeg (相似度: 0.648)
  💜 [Sharon 匹配] 1BA6EE19-9DB5-483C-810E-1A1F3D7559DE.jpeg (相似度: 0.629)
  💖 [Sophia 匹配] 0F70C2D8-20FF-45E8-8EC6-26AF51F4BA00.jpeg (相似度: 0.593)
  💖 [Sophia 匹配] 05943D9A-9116-4281-B43A-03418274F010.jpeg (相似度: 0.611)
  💖 [Sophia 匹配] 982C0E21-652A-40A9-B00E-E9F715AD358A.jpeg (相似度: 0.668)
  💖 [Sophia 匹配] 9B25B92A-8FD7-463A-A8D5-DA6CF1CE16CB.jpeg (相似度: 0.646)
  💖 [Sophia 匹配] 83BE93AC-C86A-4C29-AC67-DE63A3981B21_1_201_a.jpeg (相似度: 0.639)
  💖 [Sophia 匹配] 2D7CD42F-FD89-46FA-8DFF-D72EFEF5D032.jpeg (相似度: 0.673)
  💖 [Sophia 匹配] 2B0AB1CB-5D1F-4BF7-AB44-53EC9A1A5F13.jpeg (相似度: 0.501)
  💖 [Sophia 匹配] D5FB7C07-61D7-42B6-9153-E486BB713AC7.jpeg (相似度: 0.627)
  💜 [Sharon 匹配] A088438A-DB69-4B8C-990A-AE9152F026A4.jpeg (相似度: 0.645)
  💖 [Sophia 匹配] 9B4D6A84-7582-45C1-BE02-750807D226D2.jpeg (相似度: 0.634)
  💖 [Sophia 匹配] 4270A2AF-ADEC-4A83-8198-3660BB819A15.jpeg (相似度: 0.640)
  💖 [Sophia 匹配] C53D776B-135E-47D5-B1FA-F388B2D0DBEC.jpeg (相似度: 0.615)
  💖 [Sophia 匹配] 3C57DBA6-FE10-4322-95D9-76CE995539AC.jpeg (相似度: 0.642)
  💜 [Sharon 匹配] 3C57DBA6-FE10-4322-95D9-76CE995539AC.jpeg (相似度: 0.691)
  💖 [Sophia 匹配] 1335D9AD-E121-425A-BC42-C1D78475B325.jpeg (相似度: 0.591)
  💖 [Sophia 匹配] 55DF4AA4-9906-424F-95AD-09762DD160D9.jpeg (相似度: 0.646)
  💜 [Sharon 匹配] 55DF4AA4-9906-424F-95AD-09762DD160D9.jpeg (相似度: 0.623)
  💜 [Sharon 匹配] 0B75C304-F45E-4D32-BFD7-007EE048387D.jpeg (相似度: 0.680)
  💖 [Sophia 匹配] 0004A490-AB75-4DE6-828A-C63F92310997.jpeg (相似度: 0.587)
  💜 [Sharon 匹配] 0004A490-AB75-4DE6-828A-C63F92310997.jpeg (相似度: 0.635)
  💜 [Sharon 匹配] EE0EF0E3-31D6-403B-A47C-24CB8AEB1ECD_1_201_a.jpeg (相似度: 0.693)
  💖 [Sophia 匹配] 90B20AE6-5C03-4D3A-9D35-7A524949C5EC.jpeg (相似度: 0.618)
  💖 [Sophia 匹配] 4473EADE-DA33-4D0F-B3FD-5182594D63BB.jpeg (相似度: 0.573)
  💜 [Sharon 匹配] A6987887-82D2-4F64-A709-A8840C932144.jpeg (相似度: 0.695)
  💖 [Sophia 匹配] 7D15D0C5-268A-4FC6-917A-AC81A8094B25.jpeg (相似度: 0.574)
  💖 [Sophia 匹配] F9DFF1F4-758B-470B-909F-3E3652E86C3F.jpeg (相似度: 0.646)
  💖 [Sophia 匹配] 0AA288D1-7404-4B80-8311-5FDF793A0958.jpeg (相似度: 0.568)
  💖 [Sophia 匹配] 57AA2E3F-0770-49E6-A82C-796527E3282F.jpeg (相似度: 0.469)
  💖 [Sophia 匹配] F0E27672-733E-4F72-9B9D-B9FE78C35862.jpeg (相似度: 0.588)
  💖 [Sophia 匹配] 303DF57F-B1A3-4952-A96B-8BE6A02FD9AE.jpeg (相似度: 0.653)
  💖 [Sophia 匹配] 4B59AE09-17E4-4223-A70A-5166E3B4AE33.jpeg (相似度: 0.580)
  💜 [Sharon 匹配] D0D37C07-FE50-4AD6-94DB-05E1126EC6FE.jpeg (相似度: 0.671)
  💖 [Sophia 匹配] 0CB0EFA5-B4DD-4487-9FB0-EF9524FEB65E.jpeg (相似度: 0.613)
  💜 [Sharon 匹配] 0CB0EFA5-B4DD-4487-9FB0-EF9524FEB65E.jpeg (相似度: 0.629)
  💖 [Sophia 匹配] FCBA8803-7269-4D7F-BBDD-44240F65026E.jpeg (相似度: 0.553)
  💖 [Sophia 匹配] 8E69A22A-AC46-4C9C-9A3F-B6BCA77852D5.jpeg (相似度: 0.658)
  💖 [Sophia 匹配] 60636074-1255-42BC-967D-8122C0D783B7.jpeg (相似度: 0.659)
  💖 [Sophia 匹配] 9C63EEA9-CB36-4997-9A5A-97D0DC35488D.jpeg (相似度: 0.591)
  💖 [Sophia 匹配] 0DE0DEE2-7A62-4FDF-8FB1-6891EEB3B452.jpeg (相似度: 0.524)
  💜 [Sharon 匹配] FF5B5A74-BA99-43F8-BAF6-53073E00ED2B.jpeg (相似度: 0.603)
  💖 [Sophia 匹配] F5ECCFF9-BE5D-4020-85C8-496538AF1D16.jpeg (相似度: 0.630)
  💖 [Sophia 匹配] E1C785C0-7173-4EB7-8F6C-32359FBFB651.jpeg (相似度: 0.561)
  💖 [Sophia 匹配] 41B25601-9E3F-4112-AC72-C9B3984720B5.jpeg (相似度: 0.612)
  💜 [Sharon 匹配] 41B25601-9E3F-4112-AC72-C9B3984720B5.jpeg (相似度: 0.643)
  💖 [Sophia 匹配] 02AB0C0B-12EE-492C-88CC-647646BE89C0.jpeg (相似度: 0.611)
  💜 [Sharon 匹配] A17997E8-2386-45CF-BFD9-37470EEC4B2F.jpeg (相似度: 0.680)
  💖 [Sophia 匹配] 95976799-3E8E-4008-A2DB-95457E4E3377.jpeg (相似度: 0.563)
  💖 [Sophia 匹配] 6294C8EC-8877-4667-9F25-685845AB8016.jpeg (相似度: 0.679)
  💜 [Sharon 匹配] 6294C8EC-8877-4667-9F25-685845AB8016.jpeg (相似度: 0.733)
  💜 [Sharon 匹配] C8C98A84-9B62-441F-BFCB-755911486837.jpeg (相似度: 0.638)
  💖 [Sophia 匹配] C8C98A84-9B62-441F-BFCB-755911486837.jpeg (相似度: 0.525)
  💖 [Sophia 匹配] FC3AFE97-8968-4FB6-B32B-722AB4D5A4F5.jpeg (相似度: 0.525)
  💖 [Sophia 匹配] 08913478-68EA-4303-9897-F2CE0BE18F52.jpeg (相似度: 0.590)
  💖 [Sophia 匹配] 435D3CD4-60D2-4964-8946-CC099C799716.jpeg (相似度: 0.650)
  💖 [Sophia 匹配] FB4906EC-25F7-4211-AF62-BE13F4D42DAA_1_201_a.jpeg (相似度: 0.603)
  💖 [Sophia 匹配] 4D231F66-CDFD-4DB6-9255-4E2D4F55BFC3.jpeg (相似度: 0.453)
  💖 [Sophia 匹配] F59A5238-6FD7-4085-912C-1658EC3C75CC.jpeg (相似度: 0.589)
  💜 [Sharon 匹配] F59A5238-6FD7-4085-912C-1658EC3C75CC.jpeg (相似度: 0.634)
  💜 [Sharon 匹配] A7CD46E9-EC4F-4825-BDF0-F86D7B31566E_1_201_a.jpeg (相似度: 0.723)
  💖 [Sophia 匹配] 5A5C7A86-58D5-46A1-99F9-6362339D508C.jpeg (相似度: 0.578)
  💜 [Sharon 匹配] 86FDB8B4-22D8-48C2-A6DE-5DF09F34EE8D.jpeg (相似度: 0.572)
  💖 [Sophia 匹配] ABA4F2F3-D2D9-40E5-BA6D-E0925CFB40CA.jpeg (相似度: 0.656)
  💜 [Sharon 匹配] 1E222474-9F05-4670-BB33-F4B9A5B7F4C3.jpeg (相似度: 0.607)
  💖 [Sophia 匹配] 7F630F0C-0C9F-4F7C-8C3D-80B58561244C.jpeg (相似度: 0.674)
  💖 [Sophia 匹配] 52989957-C3B7-4341-B373-EFB9B3C907F4.jpeg (相似度: 0.615)
  💖 [Sophia 匹配] 49BBF2B1-100C-4620-B584-7E41AF539514.jpeg (相似度: 0.613)
  💜 [Sharon 匹配] BE232681-D6D6-42BD-A508-6458BA35DF56.jpeg (相似度: 0.455)
  💖 [Sophia 匹配] 8D5E2EDC-FC79-48FA-B59D-F808D12205F3.jpeg (相似度: 0.621)
  💜 [Sharon 匹配] 00299D60-DE15-483F-8DA8-0CA7F2E68BEF.jpeg (相似度: 0.506)
  💖 [Sophia 匹配] 9515FA4F-9698-4F26-A1AB-E50DE7CD5730.jpeg (相似度: 0.557)
  💖 [Sophia 匹配] 90E6595A-699D-4B4F-B87E-4B7184B869B8.jpeg (相似度: 0.505)
  💜 [Sharon 匹配] BEDC19C3-83E6-4D31-B844-9BCDFE1E3B94_1_201_a.jpeg (相似度: 0.612)
  💜 [Sharon 匹配] 83BEA5F4-A485-46A3-9E15-9EEFF966EEF7.jpeg (相似度: 0.573)
  💜 [Sharon 匹配] 77BE045A-9DCB-4D44-8E6D-31EE1D9FD6A9.jpeg (相似度: 0.570)
  💖 [Sophia 匹配] 906A86B7-B390-48AD-A50D-E83E4DAAF35A_1_201_a.jpeg (相似度: 0.622)
  💜 [Sharon 匹配] 407052E7-C370-4EC1-8F55-F70D360A9226.jpeg (相似度: 0.579)
  💜 [Sharon 匹配] 1EB0C82D-E7A5-4429-86EE-96AF07A66CFF.jpeg (相似度: 0.603)
  💖 [Sophia 匹配] 83C16AC5-8321-4FA9-AC94-6EC211ABB141.jpeg (相似度: 0.529)
  💜 [Sharon 匹配] 5824DBDD-3780-4F71-BF97-0D479E4DD692.jpeg (相似度: 0.627)
  💜 [Sharon 匹配] D7C34326-2632-4BE3-86BE-A467976742D8.jpeg (相似度: 0.575)
  💖 [Sophia 匹配] 92EAB760-9141-4960-BB37-9F5DB17AEFE2.jpeg (相似度: 0.626)
  💖 [Sophia 匹配] A2A5C26D-0267-4F1E-B706-28EC72F1CCD0.jpeg (相似度: 0.546)
  💜 [Sharon 匹配] 937249F0-A793-49A5-9332-EFF561779481.jpeg (相似度: 0.612)
  💜 [Sharon 匹配] 948B0FE4-C8A4-4434-A5A3-4882517BDE9C.jpeg (相似度: 0.560)
  💜 [Sharon 匹配] F6456E10-9205-4016-88F1-B5845086594D.jpeg (相似度: 0.724)
  💖 [Sophia 匹配] C87350A6-C632-474A-8128-E1AB71B22CE9.jpeg (相似度: 0.536)
  💜 [Sharon 匹配] 3E1149A9-8BE8-41C0-80E6-2167E5C5DAA2.jpeg (相似度: 0.586)
  💜 [Sharon 匹配] 110A354A-23A4-4B55-BD92-0AAE42BE1AF9.jpeg (相似度: 0.482)
  💜 [Sharon 匹配] 7A696F8E-F404-403C-A959-4B4E2B813A7D.jpeg (相似度: 0.513)
  💖 [Sophia 匹配] 38EE3BD9-018E-4C76-95DC-71A8391320F4.jpeg (相似度: 0.681)
  💜 [Sharon 匹配] 38EE3BD9-018E-4C76-95DC-71A8391320F4.jpeg (相似度: 0.650)
  💜 [Sharon 匹配] B503B87A-2547-4FC7-B184-26934F6BE2B2.jpeg (相似度: 0.570)
  💜 [Sharon 匹配] 052791DF-18B0-4598-BDF7-878571CA5896.jpeg (相似度: 0.585)
  💜 [Sharon 匹配] 65386FE7-A0D2-4534-BAC5-2CF008E267C0.jpeg (相似度: 0.626)
  💜 [Sharon 匹配] 90C068DB-F4F0-4EE1-AEBC-60C99B930AEC.jpeg (相似度: 0.539)
  💜 [Sharon 匹配] 9FE9D5A0-CB14-4D95-BC3D-5D7A5F509CED.jpeg (相似度: 0.590)
  💖 [Sophia 匹配] EDE598DC-B170-44C8-8F49-B0DE5B61D0FB.jpeg (相似度: 0.456)
  💖 [Sophia 匹配] 4ED49504-5C8A-4851-81C8-8B7741F7D203.jpeg (相似度: 0.507)
  💜 [Sharon 匹配] 11785BDB-B866-4376-9791-AA937BAF9023.jpeg (相似度: 0.502)
  💜 [Sharon 匹配] FB2F9E0A-E4CD-4BAE-A493-234A1B836F5F.jpeg (相似度: 0.607)
  💜 [Sharon 匹配] 3A98C178-58BF-4205-95F9-273BD7384E8B.jpeg (相似度: 0.590)
  💜 [Sharon 匹配] 29138DA2-8F82-4817-9DA1-8B0D8EA41DD3.jpeg (相似度: 0.515)
  💜 [Sharon 匹配] 526414E0-4148-4A54-850A-7D220DD7AEE3.jpeg (相似度: 0.523)
  💜 [Sharon 匹配] BC471A91-CE5E-40A7-B948-8BD60668667D.jpeg (相似度: 0.561)
  💖 [Sophia 匹配] 6D7F8276-9286-4E5D-85B7-6F7951BA80F1.jpeg (相似度: 0.497)
  💖 [Sophia 匹配] 48AAF5B6-7E3B-4658-86BD-2F56B37EDB2E.jpeg (相似度: 0.586)
  💖 [Sophia 匹配] 4DBD144C-E8BE-4AFA-873A-22944B2FD3E0.jpeg (相似度: 0.500)
  💜 [Sharon 匹配] A87FEB1B-8568-4DAE-888D-91E01E1012C4.jpeg (相似度: 0.589)
  💖 [Sophia 匹配] 47529C6F-F95B-4EA2-9C4B-208989440D4D.jpeg (相似度: 0.604)
  💜 [Sharon 匹配] 9DF62CDD-69A6-416A-9496-05C552FEE402.jpeg (相似度: 0.684)
  💖 [Sophia 匹配] 9DF62CDD-69A6-416A-9496-05C552FEE402.jpeg (相似度: 0.601)
  💜 [Sharon 匹配] 62EB5BF0-7395-4A30-B07C-C214421BAD59_1_201_a.jpeg (相似度: 0.663)
  💜 [Sharon 匹配] D24ABDCB-ACC1-4D83-A0B3-72FAA2B5AFA4.jpeg (相似度: 0.494)
  💖 [Sophia 匹配] 5B427B6D-2975-4E86-B95C-A1B0C3BE5E41.jpeg (相似度: 0.659)
  💖 [Sophia 匹配] AE1F5FF9-217A-4060-BB96-A96659A30882.jpeg (相似度: 0.631)
  💖 [Sophia 匹配] 69AF671E-D9F3-474D-88D1-631AD020FB65.jpeg (相似度: 0.649)
  💜 [Sharon 匹配] 69AF671E-D9F3-474D-88D1-631AD020FB65.jpeg (相似度: 0.677)
  💜 [Sharon 匹配] FACBF496-51A6-4404-AC45-BCB2F47C2961.jpeg (相似度: 0.679)
  💖 [Sophia 匹配] FACBF496-51A6-4404-AC45-BCB2F47C2961.jpeg (相似度: 0.624)
  💖 [Sophia 匹配] 0A2F81EF-CF4E-4BDD-A2A7-BF4CB2E9254E.jpeg (相似度: 0.662)
  💖 [Sophia 匹配] ED477961-45B1-47D8-BFF7-55327493F9F2.jpeg (相似度: 0.616)
  💜 [Sharon 匹配] F89ADB89-F3C5-4B53-B7F5-E4CE23D3BA69.jpeg (相似度: 0.677)
  💜 [Sharon 匹配] C3E2C07C-AC54-451A-A2B3-EAC6D80F6322.jpeg (相似度: 0.680)
  💜 [Sharon 匹配] 15A1F24F-7E20-456E-BFD4-08C83AAC76D5.jpeg (相似度: 0.651)
  💖 [Sophia 匹配] 744E8B69-FB7B-40B9-BFFA-F8A69CD7D648.jpeg (相似度: 0.712)
  💜 [Sharon 匹配] 744E8B69-FB7B-40B9-BFFA-F8A69CD7D648.jpeg (相似度: 0.689)
  💜 [Sharon 匹配] 0308230D-9FE4-4465-8BDD-87A08F2C0445_1_201_a.jpeg (相似度: 0.529)
  💜 [Sharon 匹配] BAE1D721-6DE6-4691-B732-1C4CAF444C57.jpeg (相似度: 0.728)
  💖 [Sophia 匹配] BAE1D721-6DE6-4691-B732-1C4CAF444C57.jpeg (相似度: 0.533)
  💜 [Sharon 匹配] 7817AA74-ABE3-478B-99A6-DD9813F99EEA.jpeg (相似度: 0.587)
  💜 [Sharon 匹配] 95811C91-E9BA-48E3-ABC4-8CC872A1FB0D.jpeg (相似度: 0.682)
  💖 [Sophia 匹配] 31043538-DB30-4939-AC04-BBE4087676CE.jpeg (相似度: 0.683)
  💜 [Sharon 匹配] 72B21010-E70E-42BC-8058-934CF44CB5F9_1_201_a.jpeg (相似度: 0.663)
  💖 [Sophia 匹配] 72B21010-E70E-42BC-8058-934CF44CB5F9_1_201_a.jpeg (相似度: 0.779)
  💜 [Sharon 匹配] 2D03FE0C-D5CD-42DC-A066-D26414166293.jpeg (相似度: 0.668)
  💖 [Sophia 匹配] 3F56340E-D035-4DB1-9C34-D3872B0A369B.jpeg (相似度: 0.598)
  💖 [Sophia 匹配] 748B32FC-607C-4A26-A411-653794E7A928.jpeg (相似度: 0.682)
  💜 [Sharon 匹配] A7FB5C90-7982-467E-A036-652FB61EE11F.jpeg (相似度: 0.681)
  💜 [Sharon 匹配] 31F8CC23-F5FB-40BE-A489-47A21FCD51D9.jpeg (相似度: 0.580)
  💖 [Sophia 匹配] 3ECAC658-C593-4D64-A47D-26AB67A2A6B2.jpeg (相似度: 0.757)
  💜 [Sharon 匹配] 3ECAC658-C593-4D64-A47D-26AB67A2A6B2.jpeg (相似度: 0.670)
  💜 [Sharon 匹配] E752BFF4-D932-4D84-8D46-C878579EFD48.jpeg (相似度: 0.634)
  💜 [Sharon 匹配] 6D821393-D612-4105-B42A-347A0EFE4F23.jpeg (相似度: 0.644)
  💜 [Sharon 匹配] 186F4F93-6C43-4457-89AA-225507017457.jpeg (相似度: 0.662)
  💖 [Sophia 匹配] 94D5A4C2-1F11-48B5-A348-D279074AC974.jpeg (相似度: 0.777)
  💜 [Sharon 匹配] 9A5F5057-782B-474A-BF09-38BBF3FA8632.jpeg (相似度: 0.667)
  💜 [Sharon 匹配] 52624DFC-FDBD-44D1-96C5-AE5DA5FFC961.jpeg (相似度: 0.644)
  💜 [Sharon 匹配] FC9510FA-0D6E-4E1F-9D55-BF91635E60C6.jpeg (相似度: 0.625)
  💖 [Sophia 匹配] A70EC851-C01A-4CFF-B914-E519B560D4FF.jpeg (相似度: 0.645)
  💖 [Sophia 匹配] 6DD16C3C-EE6D-4877-96FA-8C31FDD1BA18.jpeg (相似度: 0.749)
  💜 [Sharon 匹配] 6DD16C3C-EE6D-4877-96FA-8C31FDD1BA18.jpeg (相似度: 0.680)
  💜 [Sharon 匹配] 3D146860-C303-4E5E-8526-86AAA733EC47.jpeg (相似度: 0.651)
  💜 [Sharon 匹配] 78BB38A6-17F0-4612-9157-5ED78BB2FFD6.jpeg (相似度: 0.685)
  💜 [Sharon 匹配] 4858F0BA-6A4C-47F4-A2BB-6BB958DFEC13.jpeg (相似度: 0.639)
  💖 [Sophia 匹配] FEF3F450-C5E2-4F6F-ABFF-91C405CC485E.jpeg (相似度: 0.742)
  💜 [Sharon 匹配] FEF3F450-C5E2-4F6F-ABFF-91C405CC485E.jpeg (相似度: 0.687)
  💖 [Sophia 匹配] 7191BD89-963B-426B-9FE7-94F70C34FC36.jpeg (相似度: 0.662)
  💖 [Sophia 匹配] B82E5E6B-ACC5-4AA7-9953-7824F0D5D2AE.jpeg (相似度: 0.592)
  💖 [Sophia 匹配] 18B1B435-B2C3-4847-8476-F163883D6B44_1_201_a.jpeg (相似度: 0.624)
  💜 [Sharon 匹配] 13B0E010-D4B8-4C28-BFB3-1BF5726B6063.jpeg (相似度: 0.661)
  💖 [Sophia 匹配] 968A30B0-06A5-45E7-AF40-20FBE521F585.jpeg (相似度: 0.494)
  💜 [Sharon 匹配] D84E0DC2-039B-4C2F-B4F5-2C10CC81FC9F.jpeg (相似度: 0.681)
  💖 [Sophia 匹配] 65126F2E-5776-4A13-9775-36E73B79F001.jpeg (相似度: 0.547)
  💖 [Sophia 匹配] 6EC9EAFA-6C8C-4206-968D-897D84EDBEF8.jpeg (相似度: 0.495)
  💖 [Sophia 匹配] 96B0DA7D-B885-4A7F-9FDB-25C3E4E36710.jpeg (相似度: 0.729)
  💜 [Sharon 匹配] 96B0DA7D-B885-4A7F-9FDB-25C3E4E36710.jpeg (相似度: 0.673)
  💖 [Sophia 匹配] 713FEE86-87FD-4AE8-93BF-D9DDED0B5320.jpeg (相似度: 0.772)
  💜 [Sharon 匹配] B7032C25-3B88-4230-BB91-E63A4C8AB73C.jpeg (相似度: 0.709)
  💖 [Sophia 匹配] 28352D0D-C388-4746-B87A-E917BBE85B17.jpeg (相似度: 0.503)
  💖 [Sophia 匹配] EE3EF9AA-958C-4747-9F17-343FABF35323_1_201_a.jpeg (相似度: 0.662)
  💜 [Sharon 匹配] B82A518F-6EAD-4CE2-80BA-051EC937B2D7.jpeg (相似度: 0.663)
  💜 [Sharon 匹配] B5CA5E2F-977B-4746-AB09-56E02B535270.jpeg (相似度: 0.661)
  💜 [Sharon 匹配] DD34A3ED-3469-440C-B21F-43A08FA09DBA.jpeg (相似度: 0.637)
  💜 [Sharon 匹配] 88A85CA9-2A08-43BE-B411-5D80FEE4CC9D.jpeg (相似度: 0.525)
  💖 [Sophia 匹配] F347B9F3-6075-4D64-AC0E-9233FF85FB22.jpeg (相似度: 0.545)
  💜 [Sharon 匹配] BB9D587E-4C06-4BB0-BEF5-D98160A9E6DE.jpeg (相似度: 0.679)
  💖 [Sophia 匹配] 399F7FCB-FD96-46DA-BE55-B7F1CF61673D.jpeg (相似度: 0.729)
  💜 [Sharon 匹配] 399F7FCB-FD96-46DA-BE55-B7F1CF61673D.jpeg (相似度: 0.686)
  💜 [Sharon 匹配] BF88FCEE-835E-4327-B7A1-1C21B0D95059.jpeg (相似度: 0.635)
  💜 [Sharon 匹配] 149C4688-B7D8-4F36-AF88-F4B6675E7C8F.jpeg (相似度: 0.663)
  💜 [Sharon 匹配] 1C1F1247-0643-4F18-9078-0F21808599F3.jpeg (相似度: 0.595)
  💜 [Sharon 匹配] 6BD6C694-241F-4BBB-A795-30649B404909.jpeg (相似度: 0.666)
  💖 [Sophia 匹配] 63EDE4C4-5848-429E-95AE-0F00B9C466B6.jpeg (相似度: 0.569)
  💖 [Sophia 匹配] BB800531-0EC3-414A-B59E-6DDD30E4ED5D.jpeg (相似度: 0.584)
  💖 [Sophia 匹配] 21EC8CDD-EDC5-4802-9C34-0072D7E97A08.jpeg (相似度: 0.671)
  💖 [Sophia 匹配] 041CF916-BF68-45C6-A9E8-20A2F70AB16F.jpeg (相似度: 0.508)
  💜 [Sharon 匹配] 22C4A1C6-0BD6-4573-8A8F-2A86AE878112.jpeg (相似度: 0.718)
  💖 [Sophia 匹配] A7DA67AB-DE47-426A-B2B0-1215FF242E63.jpeg (相似度: 0.517)
  💖 [Sophia 匹配] EBA04493-F3BC-4646-AA49-AE31CB7A0472.jpeg (相似度: 0.768)
  💜 [Sharon 匹配] EBA04493-F3BC-4646-AA49-AE31CB7A0472.jpeg (相似度: 0.694)
  💜 [Sharon 匹配] BD00B923-E717-482F-997B-2053D53BA63E.jpeg (相似度: 0.669)
  💜 [Sharon 匹配] E9EE0EB5-3822-4C89-8CB3-6E40FB49D49C.jpeg (相似度: 0.681)
  💖 [Sophia 匹配] 4EF778F6-B5E2-4E98-90D5-E660260220AC_1_201_a.jpeg (相似度: 0.696)
  💜 [Sharon 匹配] 83EC7FD6-87AC-4EAF-81F9-DABFAC73DD3D.jpeg (相似度: 0.640)
  💖 [Sophia 匹配] 3E2D3EC4-8B33-44A3-B6F2-85E65F773DC0.jpeg (相似度: 0.562)
  💜 [Sharon 匹配] 548FDB82-BFEB-4398-B514-DF4E3907FF67.jpeg (相似度: 0.703)
  💜 [Sharon 匹配] FFC67319-0F98-405E-9D83-8788EB3DFE5E.jpeg (相似度: 0.634)
  💜 [Sharon 匹配] DB23685C-60A7-480F-AC04-708E543BA8B4.jpeg (相似度: 0.702)
  💜 [Sharon 匹配] 92B08E53-C557-4178-845C-4B808A479F28_1_201_a.jpeg (相似度: 0.684)
  💜 [Sharon 匹配] D9B61043-7FBB-4E03-BF5C-F4CBC9375333.jpeg (相似度: 0.678)
  💖 [Sophia 匹配] D9B61043-7FBB-4E03-BF5C-F4CBC9375333.jpeg (相似度: 0.774)
  💜 [Sharon 匹配] 05F908A3-BEBC-4075-B819-AECCFFFC7033.jpeg (相似度: 0.722)
  💖 [Sophia 匹配] 40ACA6AB-FE82-436F-8A04-2280A0822CA4.jpeg (相似度: 0.652)
  💜 [Sharon 匹配] 4874E6A4-3FA0-4FC3-8E2C-102B463AE81F.jpeg (相似度: 0.657)
  💖 [Sophia 匹配] FFF48D27-C448-465E-B08E-AC6757337637.jpeg (相似度: 0.754)
  💜 [Sharon 匹配] E489B687-0A66-4228-B0C4-3FA15965C594.jpeg (相似度: 0.735)
  💜 [Sharon 匹配] A3F5B0DA-8868-424B-8051-065D4BA06D6E.jpeg (相似度: 0.607)
  💖 [Sophia 匹配] A3F5B0DA-8868-424B-8051-065D4BA06D6E.jpeg (相似度: 0.744)
  💜 [Sharon 匹配] 200ACD3B-223F-4BF9-9C7D-3C99AADEF099.jpeg (相似度: 0.716)
  💖 [Sophia 匹配] 89799121-EDD7-41EF-9EDF-41580BEACB44.jpeg (相似度: 0.483)
  💜 [Sharon 匹配] 8D605F83-93AF-492C-85E7-23D6D119CD79.jpeg (相似度: 0.653)
  💖 [Sophia 匹配] 3CB9FF20-40C8-471B-9952-0139C78F4CF5.jpeg (相似度: 0.738)
  💜 [Sharon 匹配] E68BBE9F-57F0-41E1-9299-262B6A7049B9.jpeg (相似度: 0.698)
  💖 [Sophia 匹配] 932C9D74-E217-4B0D-8CBC-06F2824B4B6B.jpeg (相似度: 0.725)
  💜 [Sharon 匹配] 932C9D74-E217-4B0D-8CBC-06F2824B4B6B.jpeg (相似度: 0.557)
  💜 [Sharon 匹配] 12ACF7F4-5AE0-48B0-A8D5-A23B7174DE69.jpeg (相似度: 0.497)
  💜 [Sharon 匹配] 7ABFC89F-1703-41DA-BFE4-751F3D555CA3_1_201_a.jpeg (相似度: 0.640)
  💖 [Sophia 匹配] 052A60D1-6D76-4192-96BE-C801AAA6B0D3.jpeg (相似度: 0.521)
  💜 [Sharon 匹配] D0FC5D1E-6EDC-42CA-9B99-CC24CF4049AE_1_201_a.jpeg (相似度: 0.617)
  💖 [Sophia 匹配] 136CA677-EDF0-4D3C-872F-C0C01F94A36E.jpeg (相似度: 0.617)
  💜 [Sharon 匹配] 5FD413BE-B894-4212-8E4B-4ABAFAD5985B_1_201_a.jpeg (相似度: 0.665)
  💖 [Sophia 匹配] 56D9D557-52BF-4011-AD4B-32508429D061.jpeg (相似度: 0.519)
  💖 [Sophia 匹配] B85B93D6-C71A-4522-AAE1-977D7E575A1E.jpeg (相似度: 0.489)
  💜 [Sharon 匹配] FB24A7AF-846E-4973-A9E4-66540036EDA0.jpeg (相似度: 0.712)
  💖 [Sophia 匹配] 3C796EFA-4EDD-466C-8853-1682D13A673A.jpeg (相似度: 0.541)
  💖 [Sophia 匹配] 17C21232-B0F7-491C-8C7F-6FDE40961073.jpeg (相似度: 0.604)
  💜 [Sharon 匹配] 543CA3DD-65C6-43C1-A32F-A0DEFF78F2B2_1_201_a.jpeg (相似度: 0.468)
  💖 [Sophia 匹配] 2B8B7180-37D5-4902-B146-418EC1263DD8.jpeg (相似度: 0.652)
  💜 [Sharon 匹配] D724F5D0-8E99-4FD9-9907-1205896352D5.jpeg (相似度: 0.673)
  💜 [Sharon 匹配] 8F10AE11-CB29-4E4E-815B-7C2130514A3D.jpeg (相似度: 0.649)
  💜 [Sharon 匹配] 10F1AD3F-6806-43BD-A38E-9FB6D08A4BA6.jpeg (相似度: 0.692)
  💜 [Sharon 匹配] 7247237D-B2F1-46A4-A23F-3241E1132100.jpeg (相似度: 0.653)
  💜 [Sharon 匹配] B6544348-1D86-4644-A9E6-3F2761746868.jpeg (相似度: 0.684)
  💜 [Sharon 匹配] 7ABB2137-F4DA-4461-BB98-6E08A959F7D2.jpeg (相似度: 0.674)
  💜 [Sharon 匹配] 964E015F-1A1D-48D0-9F72-C24EB59A706A.jpeg (相似度: 0.656)
  💜 [Sharon 匹配] 14F471E2-862E-4930-AFF2-E664CA01A225.jpeg (相似度: 0.661)
  💜 [Sharon 匹配] 51CA55E7-F898-43EB-8CFB-2CF2DBE84243.jpeg (相似度: 0.696)
  💜 [Sharon 匹配] F228817E-92FF-41CB-939D-D7C13270AA83.jpeg (相似度: 0.660)
  💜 [Sharon 匹配] 594149DC-FDA1-4082-AD28-92DAF7DC0CE0.jpeg (相似度: 0.685)
  💜 [Sharon 匹配] DB66C4C0-7CC0-4880-9C0B-3EA8CC7555D3.jpeg (相似度: 0.708)
  💜 [Sharon 匹配] 9DB73FB7-3540-4FF5-A673-1BFDCB15D3DA.jpeg (相似度: 0.645)
  💜 [Sharon 匹配] 390E1893-411B-4114-9125-3ADE91D6F2EC.jpeg (相似度: 0.681)
  💜 [Sharon 匹配] 9A8084ED-4345-40DC-BD26-497DD4D288C3.jpeg (相似度: 0.691)
  💜 [Sharon 匹配] 964ED5AA-9505-4600-B389-B8DB14291160.jpeg (相似度: 0.675)
  💜 [Sharon 匹配] 8142D06F-AA84-44E4-A447-50821B1FA770.jpeg (相似度: 0.674)
  💜 [Sharon 匹配] 959FA0DE-463B-436F-B16B-5DEDD1EEF306.jpeg (相似度: 0.642)
  💜 [Sharon 匹配] 85CD17C5-29F4-4335-99B5-4007D1E48C5D.jpeg (相似度: 0.640)
  💜 [Sharon 匹配] 3508D3C5-C4FC-4201-AA1D-3EF2D9A14218.jpeg (相似度: 0.728)
  💖 [Sophia 匹配] 3508D3C5-C4FC-4201-AA1D-3EF2D9A14218.jpeg (相似度: 0.686)
  💜 [Sharon 匹配] 33476D24-AD79-4D17-B379-90DB2A9276FE.jpeg (相似度: 0.695)
  💖 [Sophia 匹配] 93607AC1-C8F7-4E42-BFE6-2434EE554576.jpeg (相似度: 0.464)
  💖 [Sophia 匹配] F8B2D5BF-8407-4E9F-8A10-9764ACC0CC95.jpeg (相似度: 0.567)
  💖 [Sophia 匹配] 6F3E8563-1B6B-490F-B317-469AD3D7DFA0.jpeg (相似度: 0.665)
  💜 [Sharon 匹配] 6F3E8563-1B6B-490F-B317-469AD3D7DFA0.jpeg (相似度: 0.671)
  💖 [Sophia 匹配] C4B87766-8713-437C-887A-A855004A5C02_1_201_a.jpeg (相似度: 0.463)
  💜 [Sharon 匹配] C4B87766-8713-437C-887A-A855004A5C02_1_201_a.jpeg (相似度: 0.583)
  💜 [Sharon 匹配] 31A4C6A1-DB4E-4D22-93FE-8B96F68F884A.jpeg (相似度: 0.702)
  💖 [Sophia 匹配] 31A4C6A1-DB4E-4D22-93FE-8B96F68F884A.jpeg (相似度: 0.673)
  💜 [Sharon 匹配] ED68D6AE-F753-407A-AF55-0778D7C0A162.jpeg (相似度: 0.686)
  💖 [Sophia 匹配] ED68D6AE-F753-407A-AF55-0778D7C0A162.jpeg (相似度: 0.629)
  💖 [Sophia 匹配] 6CE6AC7A-8280-40B7-B6C0-20E7D6383BA4.jpeg (相似度: 0.659)
  💜 [Sharon 匹配] 7010782D-6202-4AD7-842F-8C99985B7E07.jpeg (相似度: 0.627)
  💖 [Sophia 匹配] E03A0BDB-EFA8-4355-B9AB-3A6606F9F8DD.jpeg (相似度: 0.721)
  💜 [Sharon 匹配] 2ADBB5D0-5BBC-44B3-A9C0-8329F01E8617.jpeg (相似度: 0.736)
  💖 [Sophia 匹配] 2ADBB5D0-5BBC-44B3-A9C0-8329F01E8617.jpeg (相似度: 0.698)
  💖 [Sophia 匹配] 7716F8B2-A407-48C4-87AE-701C3DBE0C6A.jpeg (相似度: 0.659)
  💜 [Sharon 匹配] B718E700-D81B-44C2-9AAD-0BEEE0FF31EC.jpeg (相似度: 0.703)
  💖 [Sophia 匹配] B718E700-D81B-44C2-9AAD-0BEEE0FF31EC.jpeg (相似度: 0.664)
  💖 [Sophia 匹配] FDDE1CD2-96AC-45F8-9DDE-02B275CD3E53.jpeg (相似度: 0.498)
  💜 [Sharon 匹配] B48E4DC0-B2A4-4EAC-9DE6-E679B531AEAD.jpeg (相似度: 0.676)
  💖 [Sophia 匹配] 54A137B3-C0C2-4312-AC4A-CAB11F2ECB9C.jpeg (相似度: 0.490)
  💜 [Sharon 匹配] D8F7FF97-BE67-408C-8BFD-D654F0EA75AE.jpeg (相似度: 0.677)
  💖 [Sophia 匹配] 740F7609-5C87-4725-8ABC-2682959FD48E.jpeg (相似度: 0.559)
  💖 [Sophia 匹配] 91AF34D5-D813-4B41-B0FF-A9C36CA6325E.jpeg (相似度: 0.698)
  💜 [Sharon 匹配] 91AF34D5-D813-4B41-B0FF-A9C36CA6325E.jpeg (相似度: 0.618)
  💖 [Sophia 匹配] A2A20BBC-811B-4B8D-83DF-6BD85263F929.jpeg (相似度: 0.585)
  💜 [Sharon 匹配] A2A20BBC-811B-4B8D-83DF-6BD85263F929.jpeg (相似度: 0.474)
  💜 [Sharon 匹配] 5A651751-FF25-487B-ACE8-7EE6D9997EFB.jpeg (相似度: 0.640)
  💖 [Sophia 匹配] 0667CFF0-8298-41E9-8B2D-BFBA463ABB30.jpeg (相似度: 0.670)
  💜 [Sharon 匹配] 0667CFF0-8298-41E9-8B2D-BFBA463ABB30.jpeg (相似度: 0.607)
  💖 [Sophia 匹配] F11FF671-A0F9-479C-91E2-352B951BCC20.jpeg (相似度: 0.511)
  💜 [Sharon 匹配] F11FF671-A0F9-479C-91E2-352B951BCC20.jpeg (相似度: 0.637)
  💜 [Sharon 匹配] 6714DA81-45C1-482F-97CF-05468D6472F8.jpeg (相似度: 0.597)
  💖 [Sophia 匹配] 6714DA81-45C1-482F-97CF-05468D6472F8.jpeg (相似度: 0.659)
  💖 [Sophia 匹配] 93CB8D1A-3C77-4AAC-9622-2BABD0FD3346.jpeg (相似度: 0.578)
  💜 [Sharon 匹配] 6D5D287D-4CBB-4555-A2CD-45EBDACC71F2.jpeg (相似度: 0.693)
  💖 [Sophia 匹配] 153B59C5-C85F-4ADF-87D2-3E7A4DEB9C15.jpeg (相似度: 0.728)
  💜 [Sharon 匹配] 153B59C5-C85F-4ADF-87D2-3E7A4DEB9C15.jpeg (相似度: 0.663)
  💜 [Sharon 匹配] 12021603-9834-47B0-B2EB-ED3133D62996.jpeg (相似度: 0.711)
  💖 [Sophia 匹配] 12021603-9834-47B0-B2EB-ED3133D62996.jpeg (相似度: 0.716)
  💖 [Sophia 匹配] 05135CDC-2DD1-4066-813C-26006297B7BE.jpeg (相似度: 0.603)
  💖 [Sophia 匹配] 469E8F6F-5B69-40FE-A6F5-A4EEB8759EEE.jpeg (相似度: 0.583)
  💜 [Sharon 匹配] 8A7FD33E-A7EE-487A-A518-43179FF1649C.jpeg (相似度: 0.658)
  💜 [Sharon 匹配] 7B7E5D2D-071C-41BA-823A-AC84DFD8FFDB.jpeg (相似度: 0.700)
  💖 [Sophia 匹配] 589D6440-CCCE-42BC-840C-8E8826B242BA.jpeg (相似度: 0.658)
  💖 [Sophia 匹配] 5889E706-EDC6-4B70-979C-16CA7991F427.jpeg (相似度: 0.655)
  💜 [Sharon 匹配] 5889E706-EDC6-4B70-979C-16CA7991F427.jpeg (相似度: 0.639)
  💜 [Sharon 匹配] 66030801-ABD4-4382-93A6-A6A0F63DC62E.jpeg (相似度: 0.677)
  💖 [Sophia 匹配] 10CF8AD8-3DC2-471D-8D61-9A5D6F49AD8A.jpeg (相似度: 0.727)
  💜 [Sharon 匹配] 10CF8AD8-3DC2-471D-8D61-9A5D6F49AD8A.jpeg (相似度: 0.704)
  💖 [Sophia 匹配] AB6F5959-072B-4CC0-8F92-364D6FF5126D.jpeg (相似度: 0.621)
  💖 [Sophia 匹配] 5815F537-40F6-4C46-9001-8E811378E3A9.jpeg (相似度: 0.621)
  💜 [Sharon 匹配] 5815F537-40F6-4C46-9001-8E811378E3A9.jpeg (相似度: 0.700)
  💖 [Sophia 匹配] 88FFE24E-FABD-4851-B59F-FE46C48DE121.jpeg (相似度: 0.568)
  💖 [Sophia 匹配] DDA0B8B8-2328-4C82-95E3-7EC923C653FB.jpeg (相似度: 0.696)
  💜 [Sharon 匹配] DDA0B8B8-2328-4C82-95E3-7EC923C653FB.jpeg (相似度: 0.688)
  💖 [Sophia 匹配] 7790F52E-CB38-4E0E-8698-371DFEEFD823.jpeg (相似度: 0.558)
  💖 [Sophia 匹配] BCC8D646-6CC2-4E8D-911D-C41D39D2758D.jpeg (相似度: 0.637)
  💜 [Sharon 匹配] D35BCEBA-0731-483C-BA71-C141070F97F8.jpeg (相似度: 0.585)
  💖 [Sophia 匹配] D35BCEBA-0731-483C-BA71-C141070F97F8.jpeg (相似度: 0.721)
  💖 [Sophia 匹配] 14060B23-022D-4054-B9FC-3DE96CFB6F9D.jpeg (相似度: 0.606)
  💜 [Sharon 匹配] 14060B23-022D-4054-B9FC-3DE96CFB6F9D.jpeg (相似度: 0.670)
  💖 [Sophia 匹配] 635F3641-B35F-43CF-BC77-652DB5E8B310.jpeg (相似度: 0.571)
  💖 [Sophia 匹配] 2603D08E-0C74-41B5-AB81-A8D26BFE0224.jpeg (相似度: 0.621)
  💖 [Sophia 匹配] 986A6BAC-AACA-4585-8A79-E1BF0DAAA6DE.jpeg (相似度: 0.616)
  💖 [Sophia 匹配] 580ED779-13A5-41A5-81CE-33185AC46906_1_201_a.jpeg (相似度: 0.602)
  💜 [Sharon 匹配] 29BD0BEB-C133-4A9D-B6EC-790B00E9A921.jpeg (相似度: 0.643)
  💖 [Sophia 匹配] 29BD0BEB-C133-4A9D-B6EC-790B00E9A921.jpeg (相似度: 0.731)
  💜 [Sharon 匹配] F1FFA15D-9E84-4CD4-9065-EF55796BE750.jpeg (相似度: 0.716)
  💜 [Sharon 匹配] CCB590E0-4FBA-43FA-BD3A-657834895338.jpeg (相似度: 0.767)
  💜 [Sharon 匹配] 9E18F4A6-D770-42A9-876D-FFBEC9F34B15.jpeg (相似度: 0.564)
  💖 [Sophia 匹配] 6F425B12-0BD8-4C25-80AE-CF07FEC7DC01.jpeg (相似度: 0.714)
  💜 [Sharon 匹配] 6F425B12-0BD8-4C25-80AE-CF07FEC7DC01.jpeg (相似度: 0.665)
  💖 [Sophia 匹配] 8BC5308E-87F6-4B5D-A918-2494B9F02F27.jpeg (相似度: 0.591)
  💜 [Sharon 匹配] 8BC5308E-87F6-4B5D-A918-2494B9F02F27.jpeg (相似度: 0.670)
  💜 [Sharon 匹配] D8E140A5-86F9-466C-9B59-3FDE2F464418.jpeg (相似度: 0.608)
  💖 [Sophia 匹配] F1A16DCB-465E-432C-908C-3F4945BAE12D.jpeg (相似度: 0.673)
  💜 [Sharon 匹配] F1A16DCB-465E-432C-908C-3F4945BAE12D.jpeg (相似度: 0.706)
  💜 [Sharon 匹配] 929C67C9-B4F1-46B3-9C95-8407ED2A68AD.jpeg (相似度: 0.690)
  💖 [Sophia 匹配] 21AD468D-A574-4BD4-BB43-33526D2F9B0C.jpeg (相似度: 0.590)
  💜 [Sharon 匹配] FDE3CFC4-D2C7-4783-B508-E06987723427.jpeg (相似度: 0.702)
  💖 [Sophia 匹配] CF687D12-1284-4E8A-ADF8-B541001FDAC6.jpeg (相似度: 0.601)
  💖 [Sophia 匹配] ED9AA65B-E15E-47A7-AD0D-919993DE2019_1_201_a.jpeg (相似度: 0.674)
  💖 [Sophia 匹配] 3F315A5A-BFE6-4748-B9F4-2E0A7BF1E050_1_201_a.jpeg (相似度: 0.590)
  💖 [Sophia 匹配] 32BE1A20-4D00-4B30-B8F2-298A64749958.jpeg (相似度: 0.544)
  💖 [Sophia 匹配] 7BAB8345-96A8-4365-A9EB-32243CC109DD_1_201_a.jpeg (相似度: 0.609)
  💖 [Sophia 匹配] 6F87F6A5-4CBD-4FCE-8B18-866CCF6F7616.jpeg (相似度: 0.613)
  💖 [Sophia 匹配] AB33FF80-D85A-467B-8435-5E8914774A94.jpeg (相似度: 0.523)
  💖 [Sophia 匹配] 9A122913-2F63-4A42-964C-EE6E8C85D663.jpeg (相似度: 0.593)
  💖 [Sophia 匹配] 7174F57F-5EAB-48E0-9625-3661703AAADA.jpeg (相似度: 0.729)
  💜 [Sharon 匹配] 7174F57F-5EAB-48E0-9625-3661703AAADA.jpeg (相似度: 0.682)
  💜 [Sharon 匹配] 4489140D-1B69-4A1B-80BB-4E4B61139514.jpeg (相似度: 0.719)
  💖 [Sophia 匹配] CECCE62C-3957-492B-8AE8-098F27CBDF70.jpeg (相似度: 0.654)
  💜 [Sharon 匹配] CECCE62C-3957-492B-8AE8-098F27CBDF70.jpeg (相似度: 0.644)
  💜 [Sharon 匹配] F42B61F8-899A-464E-A493-A0B98729E1C8.jpeg (相似度: 0.682)
  💖 [Sophia 匹配] 6D96A80B-0A84-4324-9A5C-C7955C47689D.jpeg (相似度: 0.484)
  💜 [Sharon 匹配] CB07B1DD-173A-486D-83FD-4AE9E98027DF.jpeg (相似度: 0.656)
  💖 [Sophia 匹配] CB07B1DD-173A-486D-83FD-4AE9E98027DF.jpeg (相似度: 0.707)
  💖 [Sophia 匹配] C927C3D7-B46E-4D86-ABA7-C99C62723ACC_1_201_a.jpeg (相似度: 0.653)
  💜 [Sharon 匹配] 095CB9B6-1947-4D21-93C6-ADAD2A32AFE4.jpeg (相似度: 0.639)
  💖 [Sophia 匹配] 095CB9B6-1947-4D21-93C6-ADAD2A32AFE4.jpeg (相似度: 0.679)
  💖 [Sophia 匹配] 992D244F-96C4-4754-ACBA-35F8D2C31B43.jpeg (相似度: 0.647)
  💖 [Sophia 匹配] 6C6B306E-1CE7-4339-A697-545B6F086FD3.jpeg (相似度: 0.632)
  💜 [Sharon 匹配] 6C6B306E-1CE7-4339-A697-545B6F086FD3.jpeg (相似度: 0.672)
  💜 [Sharon 匹配] 2392AB1B-BA1F-49BA-B58E-53E527624CE3.jpeg (相似度: 0.720)
  💜 [Sharon 匹配] 2EBC45C2-884D-4A8D-AA39-EE040E91FFA1.jpeg (相似度: 0.618)
  💖 [Sophia 匹配] 2EBC45C2-884D-4A8D-AA39-EE040E91FFA1.jpeg (相似度: 0.703)
  💖 [Sophia 匹配] D6B1F2C9-3636-4B79-A592-AA69197E74DA.jpeg (相似度: 0.639)
  💜 [Sharon 匹配] 6DADE101-D017-4BEB-97F8-2E4C6ABDDBB8.jpeg (相似度: 0.600)
  💖 [Sophia 匹配] 6DADE101-D017-4BEB-97F8-2E4C6ABDDBB8.jpeg (相似度: 0.518)
  💜 [Sharon 匹配] D9D3D2F6-11B5-41D2-A6FE-D2E41B401BF5.jpeg (相似度: 0.642)
  💖 [Sophia 匹配] D9D3D2F6-11B5-41D2-A6FE-D2E41B401BF5.jpeg (相似度: 0.622)
  💜 [Sharon 匹配] IMG_9746.jpeg (相似度: 0.588)
  💖 [Sophia 匹配] IMG_9746.jpeg (相似度: 0.521)
  💖 [Sophia 匹配] DBD1AA12-784A-451C-9F25-3C7F9B51C082.jpeg (相似度: 0.578)
  💖 [Sophia 匹配] 1EAF86A2-7683-4D9A-8737-AECDDDAF5398.jpeg (相似度: 0.528)
  💜 [Sharon 匹配] IMG_0404.jpeg (相似度: 0.606)
  💖 [Sophia 匹配] 57FBC8C9-F6F8-439F-A830-5065BF897B91.jpeg (相似度: 0.555)
  💜 [Sharon 匹配] IMG_0392.jpeg (相似度: 0.685)
  💜 [Sharon 匹配] IMG_0412.jpeg (相似度: 0.609)
  💖 [Sophia 匹配] 3896D7F5-14B0-4FED-9023-EFF990782E39.jpeg (相似度: 0.546)
  💜 [Sharon 匹配] IMG_0393.jpeg (相似度: 0.528)
  💜 [Sharon 匹配] IMG_0405.jpeg (相似度: 0.635)
  💖 [Sophia 匹配] 695C3C16-2049-4FD2-85A1-653773A97FEC.jpeg (相似度: 0.582)
  💜 [Sharon 匹配] IMG_0402.jpeg (相似度: 0.626)
  💜 [Sharon 匹配] IMG_0394.jpeg (相似度: 0.665)
  💖 [Sophia 匹配] B5AE7FCD-EFD8-4836-AAE3-C7AD057F893A.jpeg (相似度: 0.575)
  💜 [Sharon 匹配] IMG_0422.jpeg (相似度: 0.685)
  💖 [Sophia 匹配] DCD6E710-061B-4AAA-8249-9FA08128012A.jpeg (相似度: 0.640)
  💜 [Sharon 匹配] IMG_0398.jpeg (相似度: 0.584)
  💖 [Sophia 匹配] 3B7416BB-FA58-4F63-93EF-EC0310450EAD.jpeg (相似度: 0.530)
  💜 [Sharon 匹配] IMG_0419.jpeg (相似度: 0.623)
  💜 [Sharon 匹配] IMG_0399.jpeg (相似度: 0.640)
  💖 [Sophia 匹配] 040C7568-A566-4D00-8934-095B2BF4962C.jpeg (相似度: 0.715)
  💜 [Sharon 匹配] IMG_0395.jpeg (相似度: 0.663)
  💜 [Sharon 匹配] IMG_0403.jpeg (相似度: 0.627)
  💖 [Sophia 匹配] C47F5E30-D704-48FF-9433-F17CC28B6649.jpeg (相似度: 0.676)
  💜 [Sharon 匹配] IMG_0416.jpeg (相似度: 0.628)
  💖 [Sophia 匹配] 678D4215-8622-499D-B251-FEC8053CAF50.jpeg (相似度: 0.604)
  💜 [Sharon 匹配] IMG_0396.jpeg (相似度: 0.481)
  💖 [Sophia 匹配] E00503A1-D8DB-433C-A322-95EEFE464C06.jpeg (相似度: 0.549)
  💜 [Sharon 匹配] IMG_0400.jpeg (相似度: 0.629)
  💖 [Sophia 匹配] 09BA1FFF-4851-4C09-8FF8-B2E300AD6C94.jpeg (相似度: 0.523)
  💜 [Sharon 匹配] IMG_0421.jpeg (相似度: 0.675)
⏳ 已辨識 3500 / 5356 張相片 (1934.7 秒)...
  💜 [Sharon 匹配] IMG_0401.jpeg (相似度: 0.617)
  💖 [Sophia 匹配] AAA93A93-442E-416B-8B2D-B972A77A5CA4.jpeg (相似度: 0.494)

🎉 ArcFace 512維極致辨識完畢！耗時 2471.6 秒
  ├─ 💙 John (您本人) 確鑿照片: 0 張
  ├─ 💜 Sharon (太太) 確鑿照片: 1595 張
  └─ 💖 郭泊彤Sophia (女兒) 確鑿照片: 1202 張
💾 標籤資料庫 photos_db.json 已成功同步！(0 個檔案與檔名被修改)
🎉 【全套自動化匯入與 AI 人臉辨識分類完畢！】

  💜 [Sharon 匹配] IMG_0397.jpeg (相似度: 0.679)
  💜 [Sharon 匹配] IMG_0426.jpeg (相似度: 0.702)
  💜 [Sharon 匹配] IMG_0406.jpeg (相似度: 0.638)
  💜 [Sharon 匹配] IMG_0407.jpeg (相似度: 0.588)
  💜 [Sharon 匹配] IMG_0391.jpeg (相似度: 0.666)
  💜 [Sharon 匹配] IMG_0633.jpeg (相似度: 0.461)
  💜 [Sharon 匹配] IMG_0652.jpeg (相似度: 0.561)
  💜 [Sharon 匹配] IMG_0629.jpeg (相似度: 0.459)
  💜 [Sharon 匹配] IMG_0628.jpeg (相似度: 0.459)
  💜 [Sharon 匹配] IMG_0645.jpeg (相似度: 0.506)
  💜 [Sharon 匹配] IMG_0632.jpeg (相似度: 0.505)
  💜 [Sharon 匹配] IMG_0642.jpeg (相似度: 0.499)
  💜 [Sharon 匹配] IMG_0639.jpeg (相似度: 0.520)
  💜 [Sharon 匹配] IMG_0634.jpeg (相似度: 0.485)
  💜 [Sharon 匹配] IMG_0640.jpeg (相似度: 0.517)
  💜 [Sharon 匹配] IMG_0641.jpeg (相似度: 0.505)
  💜 [Sharon 匹配] IMG_0631.jpeg (相似度: 0.473)
  💜 [Sharon 匹配] IMG_0646.jpeg (相似度: 0.522)
  💜 [Sharon 匹配] IMG_0650.jpeg (相似度: 0.521)
  💜 [Sharon 匹配] IMG_0651.jpeg (相似度: 0.551)
  💜 [Sharon 匹配] IMG_0630.jpeg (相似度: 0.460)
  💜 [Sharon 匹配] IMG_9957.jpeg (相似度: 0.701)
  💜 [Sharon 匹配] IMG_9956.jpeg (相似度: 0.697)
  💜 [Sharon 匹配] IMG_9951.jpeg (相似度: 0.627)
  💜 [Sharon 匹配] IMG_9949.jpeg (相似度: 0.642)
  💜 [Sharon 匹配] IMG_9955.jpeg (相似度: 0.681)
  💜 [Sharon 匹配] IMG_9954.jpeg (相似度: 0.728)
  💜 [Sharon 匹配] IMG_0672.jpeg (相似度: 0.550)
  💜 [Sharon 匹配] IMG_0701.jpeg (相似度: 0.609)
  💜 [Sharon 匹配] IMG_0678.jpeg (相似度: 0.540)
  💜 [Sharon 匹配] IMG_0675.jpeg (相似度: 0.536)
  💜 [Sharon 匹配] IMG_0679.jpeg (相似度: 0.535)
  💜 [Sharon 匹配] IMG_0768.jpeg (相似度: 0.469)
  💜 [Sharon 匹配] IMG_0699.jpeg (相似度: 0.451)
  💜 [Sharon 匹配] IMG_0733.jpeg (相似度: 0.543)
  💜 [Sharon 匹配] IMG_0676.jpeg (相似度: 0.479)
  💜 [Sharon 匹配] IMG_0764.jpeg (相似度: 0.479)
  💜 [Sharon 匹配] IMG_0732.jpeg (相似度: 0.591)
  💜 [Sharon 匹配] IMG_0677.jpeg (相似度: 0.594)
  💜 [Sharon 匹配] IMG_0712.jpeg (相似度: 0.511)
  💜 [Sharon 匹配] IMG_0769.jpeg (相似度: 0.484)
  💜 [Sharon 匹配] IMG_0703.jpeg (相似度: 0.522)
  💜 [Sharon 匹配] IMG_0714.jpeg (相似度: 0.479)
  💜 [Sharon 匹配] IMG_0702.jpeg (相似度: 0.565)
  💜 [Sharon 匹配] IMG_0734.jpeg (相似度: 0.553)
  💜 [Sharon 匹配] IMG_0671.jpeg (相似度: 0.505)
  💜 [Sharon 匹配] IMG_0146.jpeg (相似度: 0.618)
  💜 [Sharon 匹配] IMG_0143.jpeg (相似度: 0.588)
  💜 [Sharon 匹配] IMG_0144.jpeg (相似度: 0.601)
  💖 [Sophia 匹配] IMG_9828.jpeg (相似度: 0.543)
  💖 [Sophia 匹配] IMG_9853.jpeg (相似度: 0.481)
  💖 [Sophia 匹配] IMG_9845.jpeg (相似度: 0.478)
  💖 [Sophia 匹配] IMG_9832.jpeg (相似度: 0.486)
  💖 [Sophia 匹配] IMG_9824.jpeg (相似度: 0.590)
  💖 [Sophia 匹配] IMG_9849.jpeg (相似度: 0.484)
  💖 [Sophia 匹配] IMG_9825.jpeg (相似度: 0.557)
  💜 [Sharon 匹配] IMG_9825.jpeg (相似度: 0.488)
  💖 [Sophia 匹配] IMG_9833.jpeg (相似度: 0.490)
  💖 [Sophia 匹配] IMG_9813.jpeg (相似度: 0.482)
  💖 [Sophia 匹配] IMG_9829.jpeg (相似度: 0.536)
  💖 [Sophia 匹配] IMG_9834.jpeg (相似度: 0.489)
  💖 [Sophia 匹配] IMG_9822.jpeg (相似度: 0.519)
  💜 [Sharon 匹配] IMG_9789.jpeg (相似度: 0.620)
  💖 [Sophia 匹配] IMG_9818.jpeg (相似度: 0.533)
  💜 [Sharon 匹配] IMG_9785.jpeg (相似度: 0.620)
  💖 [Sophia 匹配] IMG_9814.jpeg (相似度: 0.489)
  💜 [Sharon 匹配] IMG_9792.jpeg (相似度: 0.671)
  💖 [Sophia 匹配] IMG_9815.jpeg (相似度: 0.543)
  💖 [Sophia 匹配] IMG_9819.jpeg (相似度: 0.546)
  💖 [Sophia 匹配] IMG_9788.jpeg (相似度: 0.562)
  💜 [Sharon 匹配] IMG_9788.jpeg (相似度: 0.670)
  💖 [Sophia 匹配] IMG_9823.jpeg (相似度: 0.596)
  💖 [Sophia 匹配] IMG_9835.jpeg (相似度: 0.488)
  💖 [Sophia 匹配] IMG_9820.jpeg (相似度: 0.532)
  💜 [Sharon 匹配] IMG_9791.jpeg (相似度: 0.688)
  💖 [Sophia 匹配] IMG_9816.jpeg (相似度: 0.531)
  💖 [Sophia 匹配] IMG_9787.jpeg (相似度: 0.532)
  💜 [Sharon 匹配] IMG_9786.jpeg (相似度: 0.683)
  💖 [Sophia 匹配] IMG_9817.jpeg (相似度: 0.537)
  💜 [Sharon 匹配] IMG_9790.jpeg (相似度: 0.691)
  💖 [Sophia 匹配] IMG_9821.jpeg (相似度: 0.575)
  💖 [Sophia 匹配] IMG_9851.jpeg (相似度: 0.512)
  💜 [Sharon 匹配] IMG_9826.jpeg (相似度: 0.481)
  💖 [Sophia 匹配] IMG_9826.jpeg (相似度: 0.528)
  💖 [Sophia 匹配] IMG_9830.jpeg (相似度: 0.555)
  💜 [Sharon 匹配] IMG_9830.jpeg (相似度: 0.466)
  💖 [Sophia 匹配] IMG_9831.jpeg (相似度: 0.524)
  💖 [Sophia 匹配] IMG_9827.jpeg (相似度: 0.506)
  💖 [Sophia 匹配] IMG_9850.jpeg (相似度: 0.505)
  💖 [Sophia 匹配] IMG_9846.jpeg (相似度: 0.451)
  💜 [Sharon 匹配] IMG_9862.jpeg (相似度: 0.556)
  💖 [Sophia 匹配] IMG_9862.jpeg (相似度: 0.595)
  💜 [Sharon 匹配] IMG_9861.jpeg (相似度: 0.509)
  💖 [Sophia 匹配] IMG_9861.jpeg (相似度: 0.529)
  💖 [Sophia 匹配] IMG_9860.jpeg (相似度: 0.546)
  💜 [Sharon 匹配] IMG_0222.jpeg (相似度: 0.611)
  💜 [Sharon 匹配] IMG_0223.jpeg (相似度: 0.606)
  💜 [Sharon 匹配] IMG_0224.jpeg (相似度: 0.614)
  💜 [Sharon 匹配] IMG_0225.jpeg (相似度: 0.627)
  💜 [Sharon 匹配] IMG_0226.jpeg (相似度: 0.658)
  💜 [Sharon 匹配] IMG_0230.jpeg (相似度: 0.653)
  💜 [Sharon 匹配] IMG_0231.jpeg (相似度: 0.595)
  💜 [Sharon 匹配] IMG_0227.jpeg (相似度: 0.639)
  💜 [Sharon 匹配] IMG_0221.jpeg (相似度: 0.655)
  💜 [Sharon 匹配] IMG_0202.jpeg (相似度: 0.658)
  💜 [Sharon 匹配] IMG_0184.jpeg (相似度: 0.656)
  💜 [Sharon 匹配] IMG_0203.jpeg (相似度: 0.618)
  💜 [Sharon 匹配] IMG_0188.jpeg (相似度: 0.681)
  💜 [Sharon 匹配] IMG_0195.jpeg (相似度: 0.572)
  💜 [Sharon 匹配] IMG_0204.jpeg (相似度: 0.624)
  💜 [Sharon 匹配] IMG_0176.jpeg (相似度: 0.608)
  💜 [Sharon 匹配] IMG_0199.jpeg (相似度: 0.550)
  💜 [Sharon 匹配] IMG_0208.jpeg (相似度: 0.667)
  💜 [Sharon 匹配] IMG_0209.jpeg (相似度: 0.638)
  💜 [Sharon 匹配] IMG_0177.jpeg (相似度: 0.540)
  💜 [Sharon 匹配] IMG_0198.jpeg (相似度: 0.605)
  💜 [Sharon 匹配] IMG_0182.jpeg (相似度: 0.615)
  💜 [Sharon 匹配] IMG_0205.jpeg (相似度: 0.632)
  💜 [Sharon 匹配] IMG_0194.jpeg (相似度: 0.575)
  💜 [Sharon 匹配] IMG_0181.jpeg (相似度: 0.586)
  💜 [Sharon 匹配] IMG_0206.jpeg (相似度: 0.628)
  💜 [Sharon 匹配] IMG_0178.jpeg (相似度: 0.587)
  💜 [Sharon 匹配] IMG_0174.jpeg (相似度: 0.625)
  💜 [Sharon 匹配] IMG_0175.jpeg (相似度: 0.562)
  💜 [Sharon 匹配] IMG_0196.jpeg (相似度: 0.615)
  💜 [Sharon 匹配] IMG_0179.jpeg (相似度: 0.540)
  💜 [Sharon 匹配] IMG_0207.jpeg (相似度: 0.634)
  💜 [Sharon 匹配] IMG_0180.jpeg (相似度: 0.601)
  💜 [Sharon 匹配] IMG_0172.jpeg (相似度: 0.617)
  💜 [Sharon 匹配] IMG_0187.jpeg (相似度: 0.687)
  💜 [Sharon 匹配] IMG_0200.jpeg (相似度: 0.644)
  💜 [Sharon 匹配] IMG_0201.jpeg (相似度: 0.650)
  💜 [Sharon 匹配] IMG_0186.jpeg (相似度: 0.660)
  💜 [Sharon 匹配] IMG_0173.jpeg (相似度: 0.616)
  💜 [Sharon 匹配] IMG_0465.jpeg (相似度: 0.525)
  💜 [Sharon 匹配] IMG_0473.jpeg (相似度: 0.616)
  💜 [Sharon 匹配] IMG_0541.jpeg (相似度: 0.538)
  💜 [Sharon 匹配] IMG_0474.jpeg (相似度: 0.492)
  💜 [Sharon 匹配] IMG_0546.jpeg (相似度: 0.534)
  💜 [Sharon 匹配] IMG_0545.jpeg (相似度: 0.494)
  💜 [Sharon 匹配] IMG_0544.jpeg (相似度: 0.533)
  💜 [Sharon 匹配] IMG_0471.jpeg (相似度: 0.583)
  💜 [Sharon 匹配] IMG_0543.jpeg (相似度: 0.533)
  💜 [Sharon 匹配] IMG_0542.jpeg (相似度: 0.520)
  💜 [Sharon 匹配] IMG_0466.jpeg (相似度: 0.555)
  💜 [Sharon 匹配] IMG_0470.jpeg (相似度: 0.621)
  💜 [Sharon 匹配] IMG_0582.jpeg (相似度: 0.473)
  💜 [Sharon 匹配] IMG_0516.jpeg (相似度: 0.458)
  💜 [Sharon 匹配] IMG_0500.jpeg (相似度: 0.465)
  💜 [Sharon 匹配] IMG_0501.jpeg (相似度: 0.466)
  💜 [Sharon 匹配] IMG_0491.jpeg (相似度: 0.452)
  💜 [Sharon 匹配] IMG_0537.jpeg (相似度: 0.472)
  💜 [Sharon 匹配] IMG_0521.jpeg (相似度: 0.492)
  💜 [Sharon 匹配] IMG_0526.jpeg (相似度: 0.451)
  💜 [Sharon 匹配] IMG_0530.jpeg (相似度: 0.484)
  💜 [Sharon 匹配] IMG_0531.jpeg (相似度: 0.494)
  💜 [Sharon 匹配] IMG_0527.jpeg (相似度: 0.456)
  💜 [Sharon 匹配] IMG_0507.jpeg (相似度: 0.476)
  💜 [Sharon 匹配] IMG_0494.jpeg (相似度: 0.456)
  💜 [Sharon 匹配] IMG_0508.jpeg (相似度: 0.506)
  💜 [Sharon 匹配] IMG_0498.jpeg (相似度: 0.463)
  💜 [Sharon 匹配] IMG_0509.jpeg (相似度: 0.482)
  💜 [Sharon 匹配] IMG_0513.jpeg (相似度: 0.489)
  💜 [Sharon 匹配] IMG_0505.jpeg (相似度: 0.459)
  💜 [Sharon 匹配] IMG_0522.jpeg (相似度: 0.498)
  💜 [Sharon 匹配] IMG_0502.jpeg (相似度: 0.454)
  💜 [Sharon 匹配] IMG_0514.jpeg (相似度: 0.478)
  💜 [Sharon 匹配] IMG_0581.jpeg (相似度: 0.468)
  💜 [Sharon 匹配] IMG_0515.jpeg (相似度: 0.473)
  💜 [Sharon 匹配] IMG_0503.jpeg (相似度: 0.477)
  💜 [Sharon 匹配] IMG_0609.jpeg (相似度: 0.652)
  💜 [Sharon 匹配] IMG_0613.jpeg (相似度: 0.679)
  💜 [Sharon 匹配] IMG_0612.jpeg (相似度: 0.685)
  💜 [Sharon 匹配] IMG_0624.jpeg (相似度: 0.538)
  💜 [Sharon 匹配] IMG_0615.jpeg (相似度: 0.570)
  💜 [Sharon 匹配] IMG_0619.jpeg (相似度: 0.524)
  💜 [Sharon 匹配] IMG_0623.jpeg (相似度: 0.479)
  💜 [Sharon 匹配] IMG_0622.jpeg (相似度: 0.533)
  💜 [Sharon 匹配] IMG_0618.jpeg (相似度: 0.484)
  💜 [Sharon 匹配] IMG_0617.jpeg (相似度: 0.522)
  💜 [Sharon 匹配] IMG_0621.jpeg (相似度: 0.585)
  💜 [Sharon 匹配] IMG_0620.jpeg (相似度: 0.638)
  💜 [Sharon 匹配] IMG_0616.jpeg (相似度: 0.509)
  💜 [Sharon 匹配] IMG_0611.jpeg (相似度: 0.672)
  💜 [Sharon 匹配] IMG_0607.jpeg (相似度: 0.556)
  💜 [Sharon 匹配] IMG_0606.jpeg (相似度: 0.613)
  💜 [Sharon 匹配] IMG_0610.jpeg (相似度: 0.619)
  💜 [Sharon 匹配] IMG_0626.jpeg (相似度: 0.523)
  💜 [Sharon 匹配] IMG_0595.jpeg (相似度: 0.469)
  💜 [Sharon 匹配] IMG_0601.jpeg (相似度: 0.502)
  💜 [Sharon 匹配] IMG_0259.jpeg (相似度: 0.564)
  💜 [Sharon 匹配] IMG_0275.jpeg (相似度: 0.581)
  💜 [Sharon 匹配] IMG_0255.jpeg (相似度: 0.544)
  💜 [Sharon 匹配] IMG_0280.jpeg (相似度: 0.515)
  💜 [Sharon 匹配] IMG_0279.jpeg (相似度: 0.574)
  💜 [Sharon 匹配] IMG_0278.jpeg (相似度: 0.600)
  💜 [Sharon 匹配] IMG_0254.jpeg (相似度: 0.564)
  💜 [Sharon 匹配] IMG_0262.jpeg (相似度: 0.463)
  💜 [Sharon 匹配] IMG_0253.jpeg (相似度: 0.555)
  💜 [Sharon 匹配] IMG_0252.jpeg (相似度: 0.606)
⏳ 已辨識 4000 / 5356 張相片 (2056.5 秒)...
  💜 [Sharon 匹配] IMG_0257.jpeg (相似度: 0.524)
  💜 [Sharon 匹配] IMG_0256.jpeg (相似度: 0.574)
  💜 [Sharon 匹配] IMG_0276.jpeg (相似度: 0.567)
  💜 [Sharon 匹配] IMG_0788.JPG (相似度: 0.560)
  💜 [Sharon 匹配] IMG_0789.JPG (相似度: 0.583)
  💜 [Sharon 匹配] IMG_0670.JPG (相似度: 0.644)
  💜 [Sharon 匹配] IMG_0476.JPG (相似度: 0.550)
  💜 [Sharon 匹配] IMG_0784.JPG (相似度: 0.541)
  💜 [Sharon 匹配] IMG_0785.JPG (相似度: 0.546)
  💜 [Sharon 匹配] IMG_0791.JPG (相似度: 0.622)
  💜 [Sharon 匹配] IMG_0787.JPG (相似度: 0.542)
  💜 [Sharon 匹配] IMG_0786.JPG (相似度: 0.532)
  💜 [Sharon 匹配] IMG_0783.JPG (相似度: 0.542)
  💖 [Sophia 匹配] IMG_9721.JPG (相似度: 0.556)
  💖 [Sophia 匹配] IMG_9720.JPG (相似度: 0.483)
  💖 [Sophia 匹配] IMG_9722.JPG (相似度: 0.486)
  💖 [Sophia 匹配] IMG_9723.JPG (相似度: 0.625)
  💜 [Sharon 匹配] IMG_9718.JPG (相似度: 0.537)
  💖 [Sophia 匹配] IMG_9718.JPG (相似度: 0.525)
  💜 [Sharon 匹配] IMG_9719.JPG (相似度: 0.517)
  💜 [Sharon 匹配] IMG_9714.JPG (相似度: 0.452)
  💜 [Sharon 匹配] IMG_9700.JPG (相似度: 0.604)
  💜 [Sharon 匹配] IMG_9701.JPG (相似度: 0.585)
  💜 [Sharon 匹配] IMG_9715.JPG (相似度: 0.524)
  💜 [Sharon 匹配] IMG_9703.JPG (相似度: 0.595)
  💜 [Sharon 匹配] IMG_9717.JPG (相似度: 0.588)
  💖 [Sophia 匹配] IMG_9717.JPG (相似度: 0.565)
  💜 [Sharon 匹配] IMG_9716.JPG (相似度: 0.580)
  💖 [Sophia 匹配] IMG_9716.JPG (相似度: 0.569)
  💜 [Sharon 匹配] IMG_9702.JPG (相似度: 0.579)
  💜 [Sharon 匹配] IMG_9699.JPG (相似度: 0.574)
  💜 [Sharon 匹配] IMG_9713.JPG (相似度: 0.450)
  💜 [Sharon 匹配] IMG_9705.JPG (相似度: 0.579)
  💜 [Sharon 匹配] IMG_9704.JPG (相似度: 0.575)
  💜 [Sharon 匹配] IMG_0334.jpeg (相似度: 0.488)
  💖 [Sophia 匹配] IMG_0824.jpeg (相似度: 0.581)
  💜 [Sharon 匹配] IMG_0814.jpeg (相似度: 0.575)
  💜 [Sharon 匹配] IMG_0822.jpeg (相似度: 0.544)
  💖 [Sophia 匹配] IMG_0834.jpeg (相似度: 0.523)
  💖 [Sophia 匹配] IMG_1008.JPG (相似度: 0.574)
  💜 [Sharon 匹配] IMG_1020.JPG (相似度: 0.639)
  💜 [Sharon 匹配] IMG_0818.jpeg (相似度: 0.603)
  💜 [Sharon 匹配] IMG_1021.JPG (相似度: 0.583)
  💜 [Sharon 匹配] IMG_1018.JPG (相似度: 0.593)
  💜 [Sharon 匹配] IMG_0823.jpeg (相似度: 0.550)
  💜 [Sharon 匹配] IMG_0854.jpeg (相似度: 0.462)
  💜 [Sharon 匹配] IMG_0815.jpeg (相似度: 0.616)
  💖 [Sophia 匹配] IMG_1027.JPG (相似度: 0.521)
  💖 [Sophia 匹配] IMG_1017.JPG (相似度: 0.570)
  💖 [Sophia 匹配] IMG_1015.JPG (相似度: 0.551)
  💜 [Sharon 匹配] IMG_1015.JPG (相似度: 0.654)
  💖 [Sophia 匹配] IMG_1014.JPG (相似度: 0.535)
  💜 [Sharon 匹配] IMG_1014.JPG (相似度: 0.670)
  💜 [Sharon 匹配] IMG_0821.jpeg (相似度: 0.484)
  💜 [Sharon 匹配] IMG_9632.jpeg (相似度: 0.464)
  💜 [Sharon 匹配] IMG_9966.jpeg (相似度: 0.696)
  💜 [Sharon 匹配] IMG_9965.jpeg (相似度: 0.645)
  💖 [Sophia 匹配] IMG_8686.jpeg (相似度: 0.537)
  💜 [Sharon 匹配] IMG_8686.jpeg (相似度: 0.574)
  💖 [Sophia 匹配] IMG_8690.jpeg (相似度: 0.485)
  💜 [Sharon 匹配] IMG_8690.jpeg (相似度: 0.526)
  💖 [Sophia 匹配] IMG_8700.jpeg (相似度: 0.567)
  💜 [Sharon 匹配] IMG_8700.jpeg (相似度: 0.596)
  💜 [Sharon 匹配] IMG_8648.jpeg (相似度: 0.580)
  💜 [Sharon 匹配] IMG_8687.jpeg (相似度: 0.543)
  💖 [Sophia 匹配] IMG_8687.jpeg (相似度: 0.540)
  💜 [Sharon 匹配] IMG_8696.jpeg (相似度: 0.563)
  💖 [Sophia 匹配] IMG_8696.jpeg (相似度: 0.569)
  💖 [Sophia 匹配] IMG_8697.jpeg (相似度: 0.530)
  💖 [Sophia 匹配] IMG_8698.jpeg (相似度: 0.595)
  💖 [Sophia 匹配] IMG_8694.jpeg (相似度: 0.545)
  💜 [Sharon 匹配] IMG_8694.jpeg (相似度: 0.589)
  💖 [Sophia 匹配] IMG_8695.jpeg (相似度: 0.568)
  💜 [Sharon 匹配] IMG_8695.jpeg (相似度: 0.567)
  💜 [Sharon 匹配] IMG_8699.jpeg (相似度: 0.592)
  💖 [Sophia 匹配] IMG_8699.jpeg (相似度: 0.560)
  💜 [Sharon 匹配] IMG_8647.jpeg (相似度: 0.545)
  💖 [Sophia 匹配] IMG_8684.jpeg (相似度: 0.496)
  💜 [Sharon 匹配] IMG_8684.jpeg (相似度: 0.552)
  💜 [Sharon 匹配] IMG_8688.jpeg (相似度: 0.547)
  💖 [Sophia 匹配] IMG_8688.jpeg (相似度: 0.521)
  💖 [Sophia 匹配] IMG_8685.jpeg (相似度: 0.509)
  💜 [Sharon 匹配] IMG_8685.jpeg (相似度: 0.577)
  💖 [Sophia 匹配] IMG_8693.jpeg (相似度: 0.510)
  💜 [Sharon 匹配] IMG_8693.jpeg (相似度: 0.556)
  💜 [Sharon 匹配] IMG_9712.jpeg (相似度: 0.475)
  💜 [Sharon 匹配] IMG_9764.jpeg (相似度: 0.542)
  💖 [Sophia 匹配] IMG_9764.jpeg (相似度: 0.473)
  💜 [Sharon 匹配] IMG_9769.jpeg (相似度: 0.457)
  💜 [Sharon 匹配] IMG_9946.jpeg (相似度: 0.565)
  💖 [Sophia 匹配] IMG_0035.jpeg (相似度: 0.552)
  💜 [Sharon 匹配] IMG_0039.jpeg (相似度: 0.621)
  💖 [Sophia 匹配] IMG_0039.jpeg (相似度: 0.513)
  💖 [Sophia 匹配] IMG_0038.jpeg (相似度: 0.516)
  💜 [Sharon 匹配] IMG_0038.jpeg (相似度: 0.641)
  💖 [Sophia 匹配] IMG_0034.jpeg (相似度: 0.575)
  💖 [Sophia 匹配] IMG_0033.jpeg (相似度: 0.609)
  💜 [Sharon 匹配] IMG_0033.jpeg (相似度: 0.529)
  💖 [Sophia 匹配] IMG_0037.jpeg (相似度: 0.550)
  💖 [Sophia 匹配] IMG_0036.jpeg (相似度: 0.607)
  💖 [Sophia 匹配] IMG_0166.jpeg (相似度: 0.564)
  💜 [Sharon 匹配] IMG_0166.jpeg (相似度: 0.623)
  💜 [Sharon 匹配] IMG_0111.jpeg (相似度: 0.592)
  💜 [Sharon 匹配] IMG_0110.jpeg (相似度: 0.589)
  💖 [Sophia 匹配] IMG_0167.jpeg (相似度: 0.564)
  💖 [Sophia 匹配] IMG_0160.jpeg (相似度: 0.511)
  💖 [Sophia 匹配] IMG_0161.jpeg (相似度: 0.519)
  💜 [Sharon 匹配] IMG_0115.jpeg (相似度: 0.575)
  💖 [Sophia 匹配] IMG_0162.jpeg (相似度: 0.562)
  💜 [Sharon 匹配] IMG_0162.jpeg (相似度: 0.601)
  💖 [Sophia 匹配] IMG_0163.jpeg (相似度: 0.522)
  💜 [Sharon 匹配] IMG_0163.jpeg (相似度: 0.625)
  💜 [Sharon 匹配] IMG_0114.jpeg (相似度: 0.572)
  💜 [Sharon 匹配] IMG_0164.jpeg (相似度: 0.608)
  💖 [Sophia 匹配] IMG_0164.jpeg (相似度: 0.566)
  💜 [Sharon 匹配] IMG_0113.jpeg (相似度: 0.605)
  💖 [Sophia 匹配] IMG_0168.jpeg (相似度: 0.560)
  💖 [Sophia 匹配] IMG_0169.jpeg (相似度: 0.540)
  💜 [Sharon 匹配] IMG_0165.jpeg (相似度: 0.601)
  💖 [Sophia 匹配] IMG_0165.jpeg (相似度: 0.558)
  💖 [Sophia 匹配] BB325778-98BA-4F9A-9192-44E72216F6C2.jpeg (相似度: 0.586)
  💜 [Sharon 匹配] C2E8B1E1-BC41-405A-8EBF-332C0CCEFEFD_1_105_c.jpeg (相似度: 0.614)
  💜 [Sharon 匹配] AFEE410F-9DFB-4A43-A1A8-95C0F7878284_1_105_c.jpeg (相似度: 0.606)
  💜 [Sharon 匹配] 7E23A5D2-612C-41C5-95EC-8001CB1E2278_1_105_c.jpeg (相似度: 0.642)
  💜 [Sharon 匹配] CDC126E7-7AA0-4CFB-951F-E8776068E55A_1_105_c.jpeg (相似度: 0.660)
  💜 [Sharon 匹配] F60FC993-8ECA-40F8-A3B2-C5DF601CBCD6_1_105_c.jpeg (相似度: 0.624)
  💜 [Sharon 匹配] D8DAD5D8-BFF6-4993-BE17-495B16DEC4E9_1_105_c.jpeg (相似度: 0.624)
  💜 [Sharon 匹配] 87A033A8-A790-4B16-BB44-A75470AD0276_1_105_c.jpeg (相似度: 0.621)
  💜 [Sharon 匹配] C9589C0B-6841-4033-9E88-56282AD90979_1_105_c.jpeg (相似度: 0.634)
  💖 [Sophia 匹配] 6F69A506-468A-4020-AD2E-3A3011161497.jpeg (相似度: 0.631)
  💖 [Sophia 匹配] 2946EBCC-CB43-46BE-8037-714147BFC4EA.jpeg (相似度: 0.544)
  💜 [Sharon 匹配] 6B369281-4C88-4E19-9E2F-985D7A8E3F86.jpeg (相似度: 0.559)
  💜 [Sharon 匹配] 464A9266-833F-46FC-AF2C-F249671D368C.jpeg (相似度: 0.621)
  💖 [Sophia 匹配] 464A9266-833F-46FC-AF2C-F249671D368C.jpeg (相似度: 0.609)
  💜 [Sharon 匹配] BEB4199E-6E22-45D0-988D-AD9F8100F9D0.jpeg (相似度: 0.577)
  💜 [Sharon 匹配] B1BA94FF-8374-4505-92FA-0817205A0899.jpeg (相似度: 0.592)
  💖 [Sophia 匹配] 1C4AC542-7762-4195-A39F-CCA18E1DD796.jpeg (相似度: 0.611)
  💖 [Sophia 匹配] 18C30D87-83F0-4B8A-8DD4-4A4DA1F0A5F1.jpeg (相似度: 0.533)
  💖 [Sophia 匹配] 7C5BF432-6474-47E6-8BAD-6463CA7C9F3A.jpeg (相似度: 0.501)
  💖 [Sophia 匹配] 5B37F9AF-1099-4E0F-A45F-CD0B4AB69E7B.jpeg (相似度: 0.543)
  💖 [Sophia 匹配] DE9A9D7F-BCC3-479D-97E1-582F5E9427EF.jpeg (相似度: 0.557)
  💖 [Sophia 匹配] FC4C5547-3925-4B62-BF29-A76836143CED.jpeg (相似度: 0.471)
  💖 [Sophia 匹配] FF31D66C-DC1D-4ABB-8FDE-BAD7DFCF00AF.jpeg (相似度: 0.556)
  💖 [Sophia 匹配] 72B3E462-A9B1-478A-8D8D-A34043E8B5C3.jpeg (相似度: 0.493)
  💖 [Sophia 匹配] C01F0444-7B07-4F96-A3C4-9C8C585A1A13.jpeg (相似度: 0.659)
  💖 [Sophia 匹配] 10421A3A-C98B-4BCE-9BA3-D5115D5E01C3.jpeg (相似度: 0.511)
  💖 [Sophia 匹配] 1A24A72F-8C62-4BC2-A85B-7F90C0514ED5.jpeg (相似度: 0.511)
  💖 [Sophia 匹配] CEA8598A-FC0F-4146-86C1-C248977F3166.jpeg (相似度: 0.592)
  💖 [Sophia 匹配] 4269CD63-E9F9-46EA-92EB-8C898D488415.jpeg (相似度: 0.590)
  💖 [Sophia 匹配] 6C71897E-2204-4A1A-AE61-DDD51A823018.jpeg (相似度: 0.570)
  💖 [Sophia 匹配] 01B591A2-0809-43F2-8329-858E07C095C8.jpeg (相似度: 0.556)
  💖 [Sophia 匹配] B9282106-DE34-42D7-8788-704481A8F6BA.jpeg (相似度: 0.536)
  💖 [Sophia 匹配] DB83C476-141E-45B5-9881-0100293BC8F9.jpeg (相似度: 0.596)
  💖 [Sophia 匹配] B2F72CE3-89C8-490B-8608-57A4456AF910.jpeg (相似度: 0.595)
  💖 [Sophia 匹配] 4AEF8B3C-07F2-4931-9789-56BADCF45519.jpeg (相似度: 0.589)
  💜 [Sharon 匹配] 01D2F8E5-0206-4483-85FA-EDF9CB85D081.jpeg (相似度: 0.645)
  💖 [Sophia 匹配] EEDD20DD-32C8-4EC9-8A12-3D94A5C56F96.jpeg (相似度: 0.628)
  💖 [Sophia 匹配] 6FADDF6B-3997-4EB5-B558-75299996644D.jpeg (相似度: 0.578)
  💖 [Sophia 匹配] 76DB1B60-756A-4EE2-8D4E-F77503D0D7DD.jpeg (相似度: 0.572)
  💖 [Sophia 匹配] C498FEBE-BD5D-4ACD-B5E0-5E0D969AB471.jpeg (相似度: 0.526)
  💖 [Sophia 匹配] 57E39FFE-6E46-4808-8E1F-DEB88B132421.jpeg (相似度: 0.581)
  💖 [Sophia 匹配] 9A90D4BD-0099-44E4-931C-C3EF1E140B09.jpeg (相似度: 0.626)
  💖 [Sophia 匹配] 77DB2B4C-79D1-4331-A225-9309D65785CB.jpeg (相似度: 0.622)
  💖 [Sophia 匹配] 203E6822-F25C-4D52-A43B-6CE06D113F1C.jpeg (相似度: 0.612)
  💖 [Sophia 匹配] 660D77C3-4430-4A4E-83EE-7BBED6BEF11E.jpeg (相似度: 0.609)
  💖 [Sophia 匹配] 38058D52-F434-4BF1-B54B-36011100D9C7.jpeg (相似度: 0.589)
  💖 [Sophia 匹配] 79D38552-C0F8-4F3F-83B0-484709D72C79.jpeg (相似度: 0.532)
  💖 [Sophia 匹配] D116192C-0120-4BFC-B083-A657357FEC9C.jpeg (相似度: 0.522)
  💖 [Sophia 匹配] 29D6315F-7226-44BF-88C0-B89196E37510.jpeg (相似度: 0.592)
  💖 [Sophia 匹配] 0EAFCABC-443B-43DE-9090-7F6325615B22.jpeg (相似度: 0.575)
  💜 [Sharon 匹配] 55F1B6FE-3BD7-4232-9A25-4F6DA186B4A0.jpeg (相似度: 0.632)
  💖 [Sophia 匹配] F19E3E2D-2E7A-4018-8B09-58744005584E.jpeg (相似度: 0.567)
  💖 [Sophia 匹配] F3F7A274-2398-4563-B046-234201D6DB25.jpeg (相似度: 0.531)
  💖 [Sophia 匹配] 00BFB7A2-3A42-4BA9-B5D5-08CCFE808BFE.jpeg (相似度: 0.518)
  💖 [Sophia 匹配] 87393E9B-3FA6-47E6-A8E7-0D0D00527255.jpeg (相似度: 0.549)
  💖 [Sophia 匹配] EB29105D-FFF0-4DF6-A68E-CA9E6BC8C484.jpeg (相似度: 0.518)
  💖 [Sophia 匹配] CAD4EAE4-320B-47FB-8669-E951C953A043.jpeg (相似度: 0.525)
  💖 [Sophia 匹配] 245D0C2B-EA37-4F88-92CA-107E12F8AFF8.jpeg (相似度: 0.533)
  💖 [Sophia 匹配] 6FD5C03A-FC58-4F79-8CA0-E1ACA8165315.jpeg (相似度: 0.547)
  💖 [Sophia 匹配] 4A3265E3-C1F3-451F-9C05-F5A8EF575998.jpeg (相似度: 0.623)
  💖 [Sophia 匹配] 5609E27B-2560-4E9B-845A-3A4C136EE321.jpeg (相似度: 0.581)
  💜 [Sharon 匹配] C36A5808-4B2A-4875-A80D-5489AED42318.jpeg (相似度: 0.690)
  💜 [Sharon 匹配] C1B20E81-3DB2-4487-ACD6-125E09CCC7AA.jpeg (相似度: 0.518)
  💜 [Sharon 匹配] 5DB316E7-1A28-4E7A-B939-4DE3DCF0D637.jpeg (相似度: 0.657)
  💖 [Sophia 匹配] 5E60610A-4806-4EF2-8A21-00E328ACB764.jpeg (相似度: 0.542)
  💜 [Sharon 匹配] 533EA289-1FE4-48F2-870E-1E173E99F30F.jpeg (相似度: 0.608)
  💜 [Sharon 匹配] D41D6387-5FD4-4EB1-A5BE-76DD409E8FB0.jpeg (相似度: 0.629)
  💜 [Sharon 匹配] 5CB6A450-CB48-42DF-869F-5A2DE221D09C.jpeg (相似度: 0.626)
  💜 [Sharon 匹配] 26C6E966-E446-4579-B63E-C0E2963FE98C.jpeg (相似度: 0.635)
  💜 [Sharon 匹配] D1782B81-A780-4C58-92B6-F3E4C01EB106.jpeg (相似度: 0.634)
  💜 [Sharon 匹配] 140D1F25-7070-49D3-9954-B926BD09E2C8.jpeg (相似度: 0.598)
  💖 [Sophia 匹配] 1E4DF294-5BEB-41B3-AE82-2401450A6B0D_1_201_a.jpeg (相似度: 0.615)
  💖 [Sophia 匹配] 8BDECCB6-B7AD-475E-A6F1-2CB73068AF2B_1_201_a.jpeg (相似度: 0.574)
  💖 [Sophia 匹配] D863F0A8-0AC9-4357-8ADD-350A750F7F77_1_201_a.jpeg (相似度: 0.591)
  💜 [Sharon 匹配] C802B34C-8604-4B48-8F77-8BA49B77C101.jpeg (相似度: 0.637)
  💖 [Sophia 匹配] BD4B7236-3596-4903-BEF5-3BF466C51676_1_201_a.jpeg (相似度: 0.618)
  💜 [Sharon 匹配] 5B10436F-663F-417E-98B0-87864138A8D8.jpeg (相似度: 0.689)
⏳ 已辨識 4500 / 5356 張相片 (2167.5 秒)...
  💜 [Sharon 匹配] 306E103F-400F-448A-B42E-820E66175F1A.jpeg (相似度: 0.695)
  💖 [Sophia 匹配] 14510079-8865-4A7F-855B-BAFC14C036D0_1_201_a.jpeg (相似度: 0.605)
  💖 [Sophia 匹配] A1531A6E-AB93-4992-B71B-C73CCE41B8C4_1_201_a.jpeg (相似度: 0.590)
  💖 [Sophia 匹配] AA451908-EFB5-40ED-931A-00166482B9BE_1_201_a.jpeg (相似度: 0.648)
  💜 [Sharon 匹配] 0D1F8B68-406F-4C54-BDEB-D3983F323495_1_201_a.jpeg (相似度: 0.594)
  💜 [Sharon 匹配] 3E6065BA-C443-43B7-8D8A-73031B301808.jpeg (相似度: 0.690)
  💖 [Sophia 匹配] 2875B7C5-218B-4F04-8B67-8359335274FA_1_201_a.jpeg (相似度: 0.593)
  💖 [Sophia 匹配] 279169CF-6CA1-4762-BD0D-2B1B488C8B9C_1_201_a.jpeg (相似度: 0.537)
  💖 [Sophia 匹配] 528AAD8A-A591-4A4D-9E8E-5D68D09FD1E4_1_201_a.jpeg (相似度: 0.587)
  💖 [Sophia 匹配] 15A43537-305E-439F-A4B1-F014970BACAC_1_201_a.jpeg (相似度: 0.685)
  💖 [Sophia 匹配] 0D8DE2D6-F66F-4DE5-914A-6E6AB11C2116_1_201_a.jpeg (相似度: 0.608)
  💖 [Sophia 匹配] 89CB5B10-69B9-402A-A5BD-17641A0C52B1_1_201_a.jpeg (相似度: 0.684)
  💖 [Sophia 匹配] 5F328C60-D608-4EA6-A8CF-1F8DB93F7744_1_201_a.jpeg (相似度: 0.633)
  💖 [Sophia 匹配] 07C4F1C2-A27F-4CC1-84B5-DF3D9AC3D505_1_201_a.jpeg (相似度: 0.540)
  💜 [Sharon 匹配] E67841B4-20BA-4FE1-AF4E-C7718D09C77C.jpeg (相似度: 0.612)
  💜 [Sharon 匹配] 1C87D965-02B8-4D1F-A90A-E32C17EB3C66.jpeg (相似度: 0.549)
  💖 [Sophia 匹配] 2B5DA7EC-7544-4F7C-BB2F-D7B5EFC319AD.jpeg (相似度: 0.648)
  💖 [Sophia 匹配] 7993A057-0C3A-4FC6-82D5-CCF51D0B0823.jpeg (相似度: 0.521)
  💜 [Sharon 匹配] 7993A057-0C3A-4FC6-82D5-CCF51D0B0823.jpeg (相似度: 0.523)
  💜 [Sharon 匹配] 49FC7A5E-2D54-409A-B482-D982D587502A.jpeg (相似度: 0.600)
  💖 [Sophia 匹配] 8631D0B3-19E4-45B2-8E89-D2B2BD88EECC.jpeg (相似度: 0.612)
  💖 [Sophia 匹配] 9AD9ACF0-B387-4024-A20B-7A143450D80C.jpeg (相似度: 0.568)
  💜 [Sharon 匹配] 3012AF0F-347B-4E9E-88D2-B65EAA2F8B2C.jpeg (相似度: 0.570)
  💜 [Sharon 匹配] 244F4913-F177-4B6F-97DE-DDD5D4ACD5C4.jpeg (相似度: 0.630)
  💖 [Sophia 匹配] ED8262A8-D2B5-4495-8147-4EF2AF27EB16.jpeg (相似度: 0.571)
  💖 [Sophia 匹配] 4B5B2587-B0BA-4617-9D71-A786B08A1150.jpeg (相似度: 0.618)
  💜 [Sharon 匹配] 4316B80E-B215-4986-A95D-FD38AE9036A8.jpeg (相似度: 0.639)
  💖 [Sophia 匹配] 4316B80E-B215-4986-A95D-FD38AE9036A8.jpeg (相似度: 0.579)
  💖 [Sophia 匹配] C41C3CAB-01B9-48F7-B0F0-16F3C7C01898.jpeg (相似度: 0.534)
  💖 [Sophia 匹配] C7D8840B-DF04-428A-BE17-4D1ED35C3554.jpeg (相似度: 0.543)
  💜 [Sharon 匹配] C7D8840B-DF04-428A-BE17-4D1ED35C3554.jpeg (相似度: 0.624)
  💜 [Sharon 匹配] 10C1C13A-7FE6-4AC1-9798-3D8D450A7381.jpeg (相似度: 0.599)
  💖 [Sophia 匹配] 10C1C13A-7FE6-4AC1-9798-3D8D450A7381.jpeg (相似度: 0.631)
  💖 [Sophia 匹配] 6E58AD65-71F1-408D-A643-08310766D90F.jpeg (相似度: 0.590)
  💜 [Sharon 匹配] 6E58AD65-71F1-408D-A643-08310766D90F.jpeg (相似度: 0.578)
  💜 [Sharon 匹配] 5BC5A5F9-DFCA-401B-94D1-03D2A880626A.jpeg (相似度: 0.628)
  💖 [Sophia 匹配] 5BC5A5F9-DFCA-401B-94D1-03D2A880626A.jpeg (相似度: 0.568)
  💖 [Sophia 匹配] DAE893E2-1F73-4496-94E8-3FB97560FC19.jpeg (相似度: 0.506)
  💜 [Sharon 匹配] 36F418B5-10D7-4F1D-ADAC-1F999E8D0E2C.jpeg (相似度: 0.609)
  💖 [Sophia 匹配] 6949DAF5-C1A2-41C6-9A22-6D1A95168422_1_201_a.jpeg (相似度: 0.554)
  💜 [Sharon 匹配] 6949DAF5-C1A2-41C6-9A22-6D1A95168422_1_201_a.jpeg (相似度: 0.643)
  💜 [Sharon 匹配] 1BDF87C8-6402-411A-A4EB-5431473DC029.jpeg (相似度: 0.611)
  💜 [Sharon 匹配] F72E5E29-42A6-4CDB-AD51-BAE8635B1DA0.jpeg (相似度: 0.456)
  💜 [Sharon 匹配] B1C2292F-EED8-488A-8BA7-9B443838D39B_1_201_a.jpeg (相似度: 0.640)
  💖 [Sophia 匹配] B1C2292F-EED8-488A-8BA7-9B443838D39B_1_201_a.jpeg (相似度: 0.468)
  💖 [Sophia 匹配] D90E99F8-FAF0-4036-A858-C0EBD7CD1B82.jpeg (相似度: 0.657)
  💜 [Sharon 匹配] D90E99F8-FAF0-4036-A858-C0EBD7CD1B82.jpeg (相似度: 0.683)
  💖 [Sophia 匹配] 4C8F6A75-30B6-4A58-9004-09E801EE16DF.jpeg (相似度: 0.683)
  💖 [Sophia 匹配] 96E8DAC7-6330-4A77-976B-43A8C1B63721_1_201_a.jpeg (相似度: 0.683)
  💜 [Sharon 匹配] 96E8DAC7-6330-4A77-976B-43A8C1B63721_1_201_a.jpeg (相似度: 0.668)
  💖 [Sophia 匹配] 261D8E11-17BA-45A0-AF5D-AEF584135C57.jpeg (相似度: 0.698)
  💖 [Sophia 匹配] E310D4E9-945A-4DFD-A4EC-384EF7A42CB3.jpeg (相似度: 0.728)
  💜 [Sharon 匹配] E310D4E9-945A-4DFD-A4EC-384EF7A42CB3.jpeg (相似度: 0.682)
  💖 [Sophia 匹配] 7A0C414F-9037-46FE-86DA-F3E8E3BA1AFF.jpeg (相似度: 0.719)
  💜 [Sharon 匹配] 7A0C414F-9037-46FE-86DA-F3E8E3BA1AFF.jpeg (相似度: 0.707)
  💖 [Sophia 匹配] 0CF0374E-7B3D-4F83-9C38-61CD3C94490B.jpeg (相似度: 0.636)
  💜 [Sharon 匹配] 0CF0374E-7B3D-4F83-9C38-61CD3C94490B.jpeg (相似度: 0.479)
  💖 [Sophia 匹配] 25F76AC4-429F-4CF8-A7BF-C98397F07954.jpeg (相似度: 0.728)
  💜 [Sharon 匹配] 25F76AC4-429F-4CF8-A7BF-C98397F07954.jpeg (相似度: 0.698)
  💖 [Sophia 匹配] 416569E2-A555-4C4F-A490-0FE10F9040EE.jpeg (相似度: 0.668)
  💜 [Sharon 匹配] 416569E2-A555-4C4F-A490-0FE10F9040EE.jpeg (相似度: 0.648)
  💖 [Sophia 匹配] 3929E5AB-26C6-45EE-B3A6-F1F78DFE984C_1_201_a.jpeg (相似度: 0.701)
  💜 [Sharon 匹配] 3929E5AB-26C6-45EE-B3A6-F1F78DFE984C_1_201_a.jpeg (相似度: 0.688)
  💖 [Sophia 匹配] 28A4AFAC-787B-4BB0-A646-EAD27A0D7AA7_1_201_a.jpeg (相似度: 0.675)
  💜 [Sharon 匹配] 28A4AFAC-787B-4BB0-A646-EAD27A0D7AA7_1_201_a.jpeg (相似度: 0.679)
  💖 [Sophia 匹配] AEEE1BD6-1D35-40BA-9FE0-9F5DA9886DEE.jpeg (相似度: 0.698)
  💖 [Sophia 匹配] 7CDE0FB1-2130-4D0E-BD90-BE8354B85239.jpeg (相似度: 0.719)
  💜 [Sharon 匹配] 7CDE0FB1-2130-4D0E-BD90-BE8354B85239.jpeg (相似度: 0.657)
  💖 [Sophia 匹配] 5480AB29-4E85-41C5-A4B0-BEAA8D8B36B9.jpeg (相似度: 0.685)
  💜 [Sharon 匹配] 5480AB29-4E85-41C5-A4B0-BEAA8D8B36B9.jpeg (相似度: 0.667)
  💖 [Sophia 匹配] 69065668-6518-4EA6-A345-D90B26E0EB0A.jpeg (相似度: 0.529)
  💖 [Sophia 匹配] 89D27A7B-4881-436C-8DC2-9284E97F114D.jpeg (相似度: 0.669)
  💜 [Sharon 匹配] 89D27A7B-4881-436C-8DC2-9284E97F114D.jpeg (相似度: 0.623)
  💖 [Sophia 匹配] 06ED4209-4D09-4C32-87D8-4C82AAE0409D.jpeg (相似度: 0.646)
  💖 [Sophia 匹配] D4826F32-9611-4823-B4DA-12248D5580EF.jpeg (相似度: 0.717)
  💖 [Sophia 匹配] 6EF6F82B-2A6E-4BCD-B6B1-1AFF7FADAF1B.jpeg (相似度: 0.713)
  💜 [Sharon 匹配] 6EF6F82B-2A6E-4BCD-B6B1-1AFF7FADAF1B.jpeg (相似度: 0.636)
  💜 [Sharon 匹配] 18EC63AC-4A5B-4E2D-9C33-AB287A5D1D84.jpeg (相似度: 0.670)
  💖 [Sophia 匹配] 18EC63AC-4A5B-4E2D-9C33-AB287A5D1D84.jpeg (相似度: 0.674)
  💖 [Sophia 匹配] A69CA8E5-1BD9-4F9D-A19A-A735344476C1.jpeg (相似度: 0.690)
  💜 [Sharon 匹配] A69CA8E5-1BD9-4F9D-A19A-A735344476C1.jpeg (相似度: 0.686)
  💜 [Sharon 匹配] 8C27A35E-A2D0-4C85-AAE1-43B735A16EB1.jpeg (相似度: 0.615)
  💖 [Sophia 匹配] 8C27A35E-A2D0-4C85-AAE1-43B735A16EB1.jpeg (相似度: 0.470)
  💜 [Sharon 匹配] E268698B-5A7B-4FC0-B867-97B3A840CD58.jpeg (相似度: 0.629)
  💖 [Sophia 匹配] E268698B-5A7B-4FC0-B867-97B3A840CD58.jpeg (相似度: 0.481)
  💖 [Sophia 匹配] 29672A06-5641-47A2-83EF-BA40BFD0D46A.jpeg (相似度: 0.723)
  💖 [Sophia 匹配] F788E87D-1118-44DA-8F2F-4D1715CB981C.jpeg (相似度: 0.697)
  💖 [Sophia 匹配] D18F01AD-54A0-420E-A9F5-90AFE5231AD1.jpeg (相似度: 0.710)
  💖 [Sophia 匹配] 6055F7AE-9BA2-4449-B163-E666BEBAF294.jpeg (相似度: 0.586)
  💖 [Sophia 匹配] 2F65E7F4-879E-495E-A09E-F9E97042CB0D.jpeg (相似度: 0.728)
  💜 [Sharon 匹配] 2F65E7F4-879E-495E-A09E-F9E97042CB0D.jpeg (相似度: 0.663)
  💖 [Sophia 匹配] 031F5EC1-B6FA-499F-8AC2-EF034A12541A.jpeg (相似度: 0.582)
  💖 [Sophia 匹配] A7B52707-825C-435A-A30C-B16ADC5CE6B0.jpeg (相似度: 0.464)
  💖 [Sophia 匹配] 8412CC82-ACA2-482F-8B0B-036B98AB795F.jpeg (相似度: 0.536)
  💖 [Sophia 匹配] 5DF85779-C37E-41E0-8297-5B323E1EC4F0.jpeg (相似度: 0.547)
  💖 [Sophia 匹配] D2029CA8-64B8-4C73-B233-AEE97A9D5FD5.jpeg (相似度: 0.649)
  💖 [Sophia 匹配] 5A90B226-5182-4680-9ACB-F7F78E4F17A6.jpeg (相似度: 0.579)
  💖 [Sophia 匹配] 7C09B45E-17DE-4269-8BFC-A26855FE2494.jpeg (相似度: 0.582)
  💖 [Sophia 匹配] 9E5221C3-EF34-4941-A13D-6391C0305B35.jpeg (相似度: 0.624)
  💖 [Sophia 匹配] 22039A42-2F51-4513-97CE-57B6C6DDF799.jpeg (相似度: 0.524)
  💖 [Sophia 匹配] 54F83FEC-7492-4726-8DBE-97CD12D4AE28.jpeg (相似度: 0.618)
  💖 [Sophia 匹配] AB6F42A9-CD87-4A86-8E8F-2783F160A143.jpeg (相似度: 0.635)
  💖 [Sophia 匹配] 744F1A29-6C43-4853-AD9C-A545FC7F2C94.jpeg (相似度: 0.597)
  💖 [Sophia 匹配] A52348B3-C67E-4E9C-89FB-F151F4B43762.jpeg (相似度: 0.616)
  💖 [Sophia 匹配] 54F09243-3E3A-4C09-A380-7AED04528086.jpeg (相似度: 0.540)
  💜 [Sharon 匹配] 54F09243-3E3A-4C09-A380-7AED04528086.jpeg (相似度: 0.657)
  💖 [Sophia 匹配] 0A12A4DF-3717-403B-9606-6FA6DCD9AB1E.jpeg (相似度: 0.559)
  💖 [Sophia 匹配] 060256E7-F340-49F6-A660-7E38A8F42B4E.jpeg (相似度: 0.601)
  💖 [Sophia 匹配] 519137BE-53C8-4DFA-9433-803B10587AC4.jpeg (相似度: 0.485)
  💜 [Sharon 匹配] 9CD1A24D-6108-4C2A-A525-0C337B2E0787.jpeg (相似度: 0.668)
  💖 [Sophia 匹配] 2A80EFAE-3F5C-480E-971C-B245E93A07F0_1_201_a.jpeg (相似度: 0.564)
  💜 [Sharon 匹配] CCB47490-B330-48EC-AC28-5738CC6B4869.jpeg (相似度: 0.615)
  💖 [Sophia 匹配] CCB47490-B330-48EC-AC28-5738CC6B4869.jpeg (相似度: 0.562)
  💖 [Sophia 匹配] 12B499FA-F0AA-4FBF-9D4A-699F593883C6.jpeg (相似度: 0.568)
  💜 [Sharon 匹配] 3A64C39E-E084-4B90-AEB1-E603C8F92550.jpeg (相似度: 0.624)
  💖 [Sophia 匹配] A72982E0-68C8-413E-82D5-997B8D5C1287.jpeg (相似度: 0.489)
  💖 [Sophia 匹配] 65CCBCD6-C9A8-4B74-A88E-ABC953955F5E.jpeg (相似度: 0.540)
  💖 [Sophia 匹配] 2D84E56B-4395-4D1C-AAC0-826B027C8388.jpeg (相似度: 0.509)
  💜 [Sharon 匹配] 13230774-EB58-47A1-BA90-2A04CD4C402A_1_201_a.jpeg (相似度: 0.670)
  💖 [Sophia 匹配] 59DE52A2-84A1-446E-B7A6-1E391B2A2B61.jpeg (相似度: 0.488)
  💖 [Sophia 匹配] 8631AD9A-B67E-4216-A4D1-0DA541E04F44.jpeg (相似度: 0.601)
  💖 [Sophia 匹配] B5102349-41AE-4B7F-882F-220FE1B8B66E.jpeg (相似度: 0.452)
  💖 [Sophia 匹配] D83BE002-C81F-4928-A0C6-B4580A2346EE.jpeg (相似度: 0.601)
  💖 [Sophia 匹配] EA8CFBBE-EB42-4E27-A258-0BE2A85F70F4.jpeg (相似度: 0.599)
  💖 [Sophia 匹配] D5FC6F52-AD36-4BE1-BFF3-E9DDCD939B17.jpeg (相似度: 0.526)
  💖 [Sophia 匹配] 8B179819-F746-4E31-BDD6-BFCCA9C14348.jpeg (相似度: 0.614)
  💜 [Sharon 匹配] 8B179819-F746-4E31-BDD6-BFCCA9C14348.jpeg (相似度: 0.583)
  💖 [Sophia 匹配] 6A026F76-2C6D-4D7A-944B-2E8FD2C4AA68.jpeg (相似度: 0.618)
  💖 [Sophia 匹配] CCC8D8D6-D3B8-477E-AB62-7B4DD772EE45.jpeg (相似度: 0.596)
  💖 [Sophia 匹配] AF22010A-259F-43B1-8829-AA159B0C5EEC.jpeg (相似度: 0.526)
  💖 [Sophia 匹配] A60F8F6C-AB6F-4716-994D-BA65EF15631E.jpeg (相似度: 0.583)
  💖 [Sophia 匹配] D3BFA290-6EB7-4B7C-9E42-FA929D5C0627.jpeg (相似度: 0.603)
  💖 [Sophia 匹配] 286E9B4E-7DA2-45DC-92B7-F86EDB1DD449.jpeg (相似度: 0.539)
  💜 [Sharon 匹配] 286E9B4E-7DA2-45DC-92B7-F86EDB1DD449.jpeg (相似度: 0.594)
  💖 [Sophia 匹配] 8982D8AB-B18B-4869-9725-81079A95E6BE.jpeg (相似度: 0.483)
  💖 [Sophia 匹配] 297691F5-FA5D-43F9-8579-BE448AA66DB8.jpeg (相似度: 0.601)
  💖 [Sophia 匹配] 7D3E4F22-CECD-4D06-8BF7-C3E89E390678.jpeg (相似度: 0.537)
  💜 [Sharon 匹配] B97DBB9B-1FAF-4DF7-B7BB-EAAE5AF4A2E2.jpeg (相似度: 0.613)
  💜 [Sharon 匹配] 0DCDE12F-6AD5-401E-8BC3-0DC4499B0D85.jpeg (相似度: 0.583)
  💜 [Sharon 匹配] 788628BB-C979-4112-98C5-CA7CFA00D36D.jpeg (相似度: 0.633)
  💜 [Sharon 匹配] 830B7731-E6DF-44CB-A1BD-A66D0CBB0611.jpeg (相似度: 0.607)
  💜 [Sharon 匹配] E046FB4F-CCEC-42B4-8F1E-3F4E88DD366B.jpeg (相似度: 0.608)
  💜 [Sharon 匹配] C74AF6AA-B2D7-4DC1-8865-527D9BDC5A66.jpeg (相似度: 0.522)
  💜 [Sharon 匹配] 5260F05E-9434-4925-8895-7B720AA07468.jpeg (相似度: 0.639)
  💜 [Sharon 匹配] AC42DB5F-B538-4CE4-8AC5-DA1240FFB0FC.jpeg (相似度: 0.534)
  💜 [Sharon 匹配] 4D67685F-5344-4E07-A143-CA75B9C514FF.jpeg (相似度: 0.598)
  💜 [Sharon 匹配] 60CFCFAD-E716-4415-9B23-7D98FB286746.jpeg (相似度: 0.695)
  💖 [Sophia 匹配] 60CFCFAD-E716-4415-9B23-7D98FB286746.jpeg (相似度: 0.627)
  💖 [Sophia 匹配] 2DC77E15-5C56-49FC-9B5B-8C31F65ECF3A.jpeg (相似度: 0.573)
  💜 [Sharon 匹配] 2DC77E15-5C56-49FC-9B5B-8C31F65ECF3A.jpeg (相似度: 0.725)
  💖 [Sophia 匹配] F20BC289-B59D-4070-9A09-440F4E4E7E8E.jpeg (相似度: 0.652)
  💜 [Sharon 匹配] F20BC289-B59D-4070-9A09-440F4E4E7E8E.jpeg (相似度: 0.702)
  💖 [Sophia 匹配] 5C50806C-2DDE-4570-B279-1750635A34AE.jpeg (相似度: 0.579)
  💜 [Sharon 匹配] 061CAF0E-7BE3-4441-AE52-41D14E2626C4.jpeg (相似度: 0.654)
  💖 [Sophia 匹配] B796E42B-10F5-4A7F-9AA2-639C7754545C.jpeg (相似度: 0.559)
  💖 [Sophia 匹配] 00A966A8-59E9-4366-8CA2-47CD676C3409.jpeg (相似度: 0.466)
  💖 [Sophia 匹配] 07F2B0C3-D94F-4F73-ADC0-780D8D2B0BBF.jpeg (相似度: 0.591)
  💖 [Sophia 匹配] E89ED6BC-D5B5-4CDF-988C-AA37ECAEBD0E.jpeg (相似度: 0.561)
  💖 [Sophia 匹配] 80BFE792-8F85-4646-96B9-33A879C8841F.jpeg (相似度: 0.534)
  💖 [Sophia 匹配] 5FE2E7D2-9073-4DA3-B88C-9E11E56992F8_1_201_a.jpeg (相似度: 0.579)
  💖 [Sophia 匹配] C9BF9EAF-42A1-42B9-B9CE-F4F366B206EE.jpeg (相似度: 0.563)
  💖 [Sophia 匹配] FCEAAAE4-AF83-4197-BB7F-AA32D11DED12.jpeg (相似度: 0.527)
  💜 [Sharon 匹配] FCEAAAE4-AF83-4197-BB7F-AA32D11DED12.jpeg (相似度: 0.639)
  💖 [Sophia 匹配] 4A7828CF-2E80-4D57-872F-A8A972DDF474.jpeg (相似度: 0.608)
  💖 [Sophia 匹配] 53433AC1-DBFE-4716-BFD5-5B9356C10680.jpeg (相似度: 0.549)
  💜 [Sharon 匹配] 53433AC1-DBFE-4716-BFD5-5B9356C10680.jpeg (相似度: 0.611)
  💖 [Sophia 匹配] D2FE51E1-C8FF-4D02-939C-53BB888CD2CA.jpeg (相似度: 0.591)
  💖 [Sophia 匹配] 6A513749-6D41-4412-B456-494816B301BB.jpeg (相似度: 0.471)
  💖 [Sophia 匹配] 31D97DC1-CAA7-45FE-8D3C-43859ACF9191.jpeg (相似度: 0.554)
  💜 [Sharon 匹配] 31D97DC1-CAA7-45FE-8D3C-43859ACF9191.jpeg (相似度: 0.580)
  💖 [Sophia 匹配] 3B10C2B1-BC46-472B-8996-DCB6F1E01252.jpeg (相似度: 0.553)
  💜 [Sharon 匹配] 88AC73B2-F00E-43FD-8EE2-39E110C791F1.jpeg (相似度: 0.645)
  💖 [Sophia 匹配] E9B8480C-3A00-4523-806D-BE38623CB1F7.jpeg (相似度: 0.493)
  💖 [Sophia 匹配] 5D3972F5-BB26-4799-8AB2-EB7562627A70.jpeg (相似度: 0.575)
  💖 [Sophia 匹配] 11FE5B19-5526-45B7-9C48-38D98E759D25.jpeg (相似度: 0.488)
  💖 [Sophia 匹配] C5E54C23-38AD-4A26-A963-33CECB0897EA.jpeg (相似度: 0.529)
  💖 [Sophia 匹配] 56BC5313-08BB-4A9E-A7F0-06653B6514BF.jpeg (相似度: 0.496)
  💖 [Sophia 匹配] CB6937F1-6570-422B-99A4-A5B654F1FA09.jpeg (相似度: 0.622)
  💖 [Sophia 匹配] 03BE6C75-0D20-4E97-B688-1841099EBC17.jpeg (相似度: 0.593)
  💖 [Sophia 匹配] 148AF2D1-5009-4022-B1A2-A7E4E8D3F891.jpeg (相似度: 0.569)
  💜 [Sharon 匹配] 148AF2D1-5009-4022-B1A2-A7E4E8D3F891.jpeg (相似度: 0.578)
  💖 [Sophia 匹配] 919137AA-DEB6-472B-8994-A15894CB5306.jpeg (相似度: 0.604)
  💖 [Sophia 匹配] E35A3EEC-EFC6-40C2-B73B-2FDF9FF840B9.jpeg (相似度: 0.645)
  💜 [Sharon 匹配] E35A3EEC-EFC6-40C2-B73B-2FDF9FF840B9.jpeg (相似度: 0.584)
  💖 [Sophia 匹配] 1D21817C-FB2A-4280-AF6E-7CAAAE1C2173.jpeg (相似度: 0.578)
  💜 [Sharon 匹配] 1D21817C-FB2A-4280-AF6E-7CAAAE1C2173.jpeg (相似度: 0.629)
  💖 [Sophia 匹配] FD01EB6D-D6FB-4336-8ECC-D2BEA40DB0DE.jpeg (相似度: 0.498)
  💖 [Sophia 匹配] BF71CB44-ABDC-4FFF-A1D0-77525BC6A066.jpeg (相似度: 0.658)
  💜 [Sharon 匹配] BF71CB44-ABDC-4FFF-A1D0-77525BC6A066.jpeg (相似度: 0.506)
  💖 [Sophia 匹配] 661D31FD-9600-44C2-B6C7-1F4C25B82539.jpeg (相似度: 0.668)
  💖 [Sophia 匹配] 658162B5-4086-4586-8B56-B3B523B5D5E7.jpeg (相似度: 0.636)
  💜 [Sharon 匹配] 658162B5-4086-4586-8B56-B3B523B5D5E7.jpeg (相似度: 0.543)
  💖 [Sophia 匹配] 27DEFBE5-477D-44BB-B75D-F5044ABDDC5D.jpeg (相似度: 0.665)
  💜 [Sharon 匹配] 27DEFBE5-477D-44BB-B75D-F5044ABDDC5D.jpeg (相似度: 0.512)
  💖 [Sophia 匹配] 319E06EC-4569-46DB-B7CA-0E9BF54F377C.jpeg (相似度: 0.630)
  💜 [Sharon 匹配] 319E06EC-4569-46DB-B7CA-0E9BF54F377C.jpeg (相似度: 0.536)
  💖 [Sophia 匹配] C2580E5A-CDD3-492E-9AD8-0E2A734D8C17.jpeg (相似度: 0.575)
  💜 [Sharon 匹配] C2580E5A-CDD3-492E-9AD8-0E2A734D8C17.jpeg (相似度: 0.553)
  💖 [Sophia 匹配] 8B2649C4-B381-4337-8A99-83C113DEA0A8.jpeg (相似度: 0.571)
  💜 [Sharon 匹配] 8B2649C4-B381-4337-8A99-83C113DEA0A8.jpeg (相似度: 0.584)
  💖 [Sophia 匹配] 7196D3E7-AF8F-4AD2-9AB5-FE7948B9BE14_1_201_a.jpeg (相似度: 0.586)
  💖 [Sophia 匹配] C085FDB2-6EFD-4F42-834A-82F809EBFFB3.jpeg (相似度: 0.605)
  💜 [Sharon 匹配] C085FDB2-6EFD-4F42-834A-82F809EBFFB3.jpeg (相似度: 0.466)
  💖 [Sophia 匹配] 743D4AFB-244B-4753-B434-AFBDEB4D30DD.jpeg (相似度: 0.662)
  💜 [Sharon 匹配] 743D4AFB-244B-4753-B434-AFBDEB4D30DD.jpeg (相似度: 0.539)
  💖 [Sophia 匹配] B38CC820-3DF4-48FF-92A0-4D1A431E71F2.jpeg (相似度: 0.654)
  💜 [Sharon 匹配] B38CC820-3DF4-48FF-92A0-4D1A431E71F2.jpeg (相似度: 0.528)
  💖 [Sophia 匹配] C2146B76-8252-40F7-8CD8-9B595124FD9E.jpeg (相似度: 0.589)
  💜 [Sharon 匹配] C2146B76-8252-40F7-8CD8-9B595124FD9E.jpeg (相似度: 0.581)
  💖 [Sophia 匹配] 05266200-7F47-43CA-BC2D-72A14F61E945.jpeg (相似度: 0.667)
  💖 [Sophia 匹配] C933A4B6-97C8-4372-8CB7-2CDD44073A9D.jpeg (相似度: 0.506)
  💜 [Sharon 匹配] C933A4B6-97C8-4372-8CB7-2CDD44073A9D.jpeg (相似度: 0.568)
  💖 [Sophia 匹配] 9B9F8786-8FDD-4ED6-AA1D-0164D355C1F4.jpeg (相似度: 0.577)
  💜 [Sharon 匹配] 9B9F8786-8FDD-4ED6-AA1D-0164D355C1F4.jpeg (相似度: 0.610)
  💖 [Sophia 匹配] CC04B9D9-9C9D-4EAB-824D-354B367F2C00_1_201_a.jpeg (相似度: 0.583)
  💜 [Sharon 匹配] CC04B9D9-9C9D-4EAB-824D-354B367F2C00_1_201_a.jpeg (相似度: 0.658)
  💖 [Sophia 匹配] 72505A55-5090-4BF3-A601-11ED938EDF76_1_201_a.jpeg (相似度: 0.616)
  💜 [Sharon 匹配] 72505A55-5090-4BF3-A601-11ED938EDF76_1_201_a.jpeg (相似度: 0.623)
  💖 [Sophia 匹配] 92E2B9F4-8850-437D-A3B7-B13C999D0E37.jpeg (相似度: 0.648)
  💜 [Sharon 匹配] 92E2B9F4-8850-437D-A3B7-B13C999D0E37.jpeg (相似度: 0.576)
  💜 [Sharon 匹配] 9C429D85-B80C-4D20-A800-47B42AA3B27A.jpeg (相似度: 0.593)
  💖 [Sophia 匹配] 9C429D85-B80C-4D20-A800-47B42AA3B27A.jpeg (相似度: 0.627)
  💜 [Sharon 匹配] 2DB3BCD6-84B0-4255-BED2-4BCE67C91AE0.jpeg (相似度: 0.501)
  💜 [Sharon 匹配] D56DBC28-C8BE-4B7E-9E67-5630CFA82EC1.jpeg (相似度: 0.564)
  💖 [Sophia 匹配] D56DBC28-C8BE-4B7E-9E67-5630CFA82EC1.jpeg (相似度: 0.612)
  💖 [Sophia 匹配] 01C4F065-7B98-4E87-A236-5DDC86140141.jpeg (相似度: 0.660)
  💜 [Sharon 匹配] 01C4F065-7B98-4E87-A236-5DDC86140141.jpeg (相似度: 0.633)
  💜 [Sharon 匹配] 044A08F5-E83A-4005-BDD9-42B9710FBD0F.jpeg (相似度: 0.544)
  💜 [Sharon 匹配] CC1CA217-90D1-4505-A4C0-46E563D41CAA.jpeg (相似度: 0.526)
  💖 [Sophia 匹配] 56F6D652-445F-46F6-B0F5-72182E5E4010.jpeg (相似度: 0.664)
  💜 [Sharon 匹配] 505A8BAA-018A-4267-8CFF-DE116B2B011E.jpeg (相似度: 0.624)
  💜 [Sharon 匹配] AFEA8DE5-2C43-47C2-8BD7-2FCDBBB991A3.jpeg (相似度: 0.524)
  💜 [Sharon 匹配] 5AE4724B-C1E3-430C-8650-BA5A88371E37.jpeg (相似度: 0.626)
  💜 [Sharon 匹配] C71FA187-6A78-4BA0-BA87-1DCF60B93FC4.jpeg (相似度: 0.632)
  💜 [Sharon 匹配] ED93D554-DC7A-4C16-99C3-29F05A14DCC5.jpeg (相似度: 0.624)
  💜 [Sharon 匹配] 6F820529-87EA-49F6-887B-D754893FD5E9.jpeg (相似度: 0.610)
  💜 [Sharon 匹配] 47C41C97-9778-4AE0-8A39-94E27363A192.jpeg (相似度: 0.542)
  💜 [Sharon 匹配] 255687EB-45B9-4371-951A-310EC96085F4.jpeg (相似度: 0.576)
  💜 [Sharon 匹配] E3D27305-DC79-45D3-AD9B-27DF8BCFAF05.jpeg (相似度: 0.608)
  💜 [Sharon 匹配] 102ABFAF-697F-4F84-AFB1-3393D866FC17.jpeg (相似度: 0.567)
  💜 [Sharon 匹配] 0CEF21FC-5D13-48A4-9EA6-0F8B2E52B23D.jpeg (相似度: 0.587)
  💜 [Sharon 匹配] 7787EFCF-956E-4079-9659-E87CCDEEE366.jpeg (相似度: 0.477)
  💜 [Sharon 匹配] 52092D82-583D-42FA-88FF-EBB7B85D14F2.jpeg (相似度: 0.563)
  💜 [Sharon 匹配] C991EE52-F0D5-45EC-8665-7D8FDB4AF445.jpeg (相似度: 0.579)
  💜 [Sharon 匹配] FD4D41EF-8AD5-424F-BD32-A56444909F7D.jpeg (相似度: 0.636)
  💜 [Sharon 匹配] F037C0BD-FB65-499A-ACB0-2F08DEDED51C.jpeg (相似度: 0.504)
  💜 [Sharon 匹配] D32D86F4-6958-47A5-85A9-4DB7C9A064F3.jpeg (相似度: 0.597)
  💜 [Sharon 匹配] 3943FA66-4FAC-4B82-824E-5CDC99EED3AB.jpeg (相似度: 0.519)
  💜 [Sharon 匹配] 68059B55-57D7-4CCE-9EFA-6AAB35611EF9.jpeg (相似度: 0.586)
  💜 [Sharon 匹配] 6140D34A-E90C-43FC-9530-02ED62DEA896.jpeg (相似度: 0.586)
  💜 [Sharon 匹配] 8D6986F6-3EFF-4887-B533-68CC2EBCEAE4.jpeg (相似度: 0.680)
  💜 [Sharon 匹配] 4B162F79-A4BB-4D8B-B6D8-D0211CD030F3.jpeg (相似度: 0.583)
  💜 [Sharon 匹配] 04C6E3FD-57E2-4DE3-97BF-362034542516.jpeg (相似度: 0.576)
  💜 [Sharon 匹配] E34A9578-E1B6-4633-86C4-F1D950E4CC43.jpeg (相似度: 0.549)
  💜 [Sharon 匹配] 491E4BE8-6E64-41E5-94A1-65745050EC39.jpeg (相似度: 0.597)
  💜 [Sharon 匹配] D056444A-4296-4164-95C4-D9D70DB1D100.jpeg (相似度: 0.614)
  💖 [Sophia 匹配] D056444A-4296-4164-95C4-D9D70DB1D100.jpeg (相似度: 0.570)
  💖 [Sophia 匹配] FC9EC787-7F2E-42D2-AB16-419D088148FC.jpeg (相似度: 0.470)
  💜 [Sharon 匹配] 6B973780-C9F8-4F9B-B77F-F128C58B9AB0_1_201_a.jpeg (相似度: 0.708)
  💖 [Sophia 匹配] 6B973780-C9F8-4F9B-B77F-F128C58B9AB0_1_201_a.jpeg (相似度: 0.678)
  💜 [Sharon 匹配] 50F77831-C84F-4A4D-98EB-A981F03F47FE_1_201_a.jpeg (相似度: 0.694)
  💜 [Sharon 匹配] 6AC3C196-75CE-42E3-8C06-08CCD2316B68.jpeg (相似度: 0.700)
  💜 [Sharon 匹配] 92488BAF-C346-416A-BFC5-D5748F6A38A8.jpeg (相似度: 0.630)
  💜 [Sharon 匹配] 2BB5F010-F3B9-4A80-9B12-7B4EB8C6B07F.jpeg (相似度: 0.627)
  💖 [Sophia 匹配] D089054C-068B-471E-BEA4-C2AB97C2E6C5.jpeg (相似度: 0.586)
  💜 [Sharon 匹配] D089054C-068B-471E-BEA4-C2AB97C2E6C5.jpeg (相似度: 0.628)
  💜 [Sharon 匹配] FB5A2B4F-927B-4291-B6D0-6B3424A13179.jpeg (相似度: 0.608)
  💖 [Sophia 匹配] FB5A2B4F-927B-4291-B6D0-6B3424A13179.jpeg (相似度: 0.548)
  💖 [Sophia 匹配] 3F6CD6C7-C30E-459B-A620-940834283DCF.jpeg (相似度: 0.551)
  💜 [Sharon 匹配] 55844B81-7BBE-4BFD-B9D5-53F8955A9CF6.jpeg (相似度: 0.593)
  💖 [Sophia 匹配] 55844B81-7BBE-4BFD-B9D5-53F8955A9CF6.jpeg (相似度: 0.571)
  💖 [Sophia 匹配] 93DDB902-21D5-4F6D-B894-553D83C0A74D.jpeg (相似度: 0.587)
  💜 [Sharon 匹配] 24687380-6D07-4048-A2CE-7C5F2D3BA35B.jpeg (相似度: 0.568)
  💜 [Sharon 匹配] C2C9FD2B-D474-4C74-8196-0EE53273C300.jpeg (相似度: 0.583)
  💖 [Sophia 匹配] 39BAE66E-0770-4E2B-8A40-02CA57D2A18C.jpeg (相似度: 0.500)
  💜 [Sharon 匹配] 4C4FA2C5-9D43-4A1E-A4F6-12142973DE02.jpeg (相似度: 0.631)
  💜 [Sharon 匹配] 0B0DBECC-7DF4-4E22-9FAC-EAE18851BFDE.jpeg (相似度: 0.483)
  💜 [Sharon 匹配] D8B08A1B-5361-491C-BEB6-2176A2EA3744.jpeg (相似度: 0.695)
  💜 [Sharon 匹配] CF3AA63D-4D3D-4054-A5B6-412349A99F74_1_201_a.jpeg (相似度: 0.561)
  💜 [Sharon 匹配] 91EC008C-D0C8-420B-BE2A-2B630735E235.jpeg (相似度: 0.583)
  💖 [Sophia 匹配] 70A1E43A-C5BD-4A62-B753-C457B74E9970_1_201_a.jpeg (相似度: 0.648)
  💜 [Sharon 匹配] 70A1E43A-C5BD-4A62-B753-C457B74E9970_1_201_a.jpeg (相似度: 0.678)
  💜 [Sharon 匹配] 94988045-C346-47BB-BB4E-8779B475F27B.jpeg (相似度: 0.574)
  💖 [Sophia 匹配] 795AF6A5-3692-4613-8FF9-5139D56DD9E3.jpeg (相似度: 0.572)
  💜 [Sharon 匹配] 795AF6A5-3692-4613-8FF9-5139D56DD9E3.jpeg (相似度: 0.583)
  💜 [Sharon 匹配] 8DF2C285-2AA9-45BF-96E2-16FC4FE98102.jpeg (相似度: 0.611)
  💜 [Sharon 匹配] F01E531A-8E79-49F6-AD13-F1EE9AA43D2F.jpeg (相似度: 0.559)
  💜 [Sharon 匹配] 47A675EB-BB48-4BD1-8A9B-EDD543FE4E53.jpeg (相似度: 0.635)
  💜 [Sharon 匹配] 0FB1573C-9683-4EB4-AB4B-151B591F8DE7_1_201_a.jpeg (相似度: 0.680)
  💜 [Sharon 匹配] 799418CD-9088-421A-8609-322E230BB003.jpeg (相似度: 0.560)
  💜 [Sharon 匹配] 62B16C96-45B4-412F-B286-C5141C228B1E.jpeg (相似度: 0.596)
  💜 [Sharon 匹配] A867DA4B-7CF3-4385-8E6C-540E1338D14A.jpeg (相似度: 0.526)
  💜 [Sharon 匹配] 12AB9149-F4FE-4BB1-B436-619F625162D2_1_201_a.jpeg (相似度: 0.674)
  💖 [Sophia 匹配] 12AB9149-F4FE-4BB1-B436-619F625162D2_1_201_a.jpeg (相似度: 0.675)
  💜 [Sharon 匹配] 7BCC7B3D-A9E3-49A4-9C18-9D8ACB369E48.jpeg (相似度: 0.571)
  💜 [Sharon 匹配] C2BE5730-D014-4976-A756-458BEE012435.jpeg (相似度: 0.561)
  💜 [Sharon 匹配] 8D38D4B2-4EAC-4D0F-BDFC-0196D8A0FBD2.jpeg (相似度: 0.535)
  💖 [Sophia 匹配] 9CBEE742-EE9F-4794-B35B-E7FEA425652B.jpeg (相似度: 0.604)
  💜 [Sharon 匹配] 9CBEE742-EE9F-4794-B35B-E7FEA425652B.jpeg (相似度: 0.744)
  💜 [Sharon 匹配] 2D4BA39B-E97B-49CD-B314-7C0C824386B0.jpeg (相似度: 0.681)
  💜 [Sharon 匹配] B087C96F-53A2-4B09-A565-5F8E85E830B3_1_201_a.jpeg (相似度: 0.641)
  💜 [Sharon 匹配] A4109C42-5B67-4E15-8F80-BFBAE815BD53.jpeg (相似度: 0.530)
  💖 [Sophia 匹配] 132F98F7-64B0-428B-B900-7C6DDCC953B8.jpeg (相似度: 0.562)
  💜 [Sharon 匹配] 132F98F7-64B0-428B-B900-7C6DDCC953B8.jpeg (相似度: 0.614)
  💜 [Sharon 匹配] F8E107FD-05A6-483E-B6E3-5FC474E6A88B.jpeg (相似度: 0.660)
  💖 [Sophia 匹配] CDE09356-1BE8-4DEC-9617-E3A748B8764C.jpeg (相似度: 0.700)
  💜 [Sharon 匹配] CDE09356-1BE8-4DEC-9617-E3A748B8764C.jpeg (相似度: 0.652)
  💜 [Sharon 匹配] C70C216D-8ACC-4AC3-8D11-FF2AE03F873C.jpeg (相似度: 0.555)
  💜 [Sharon 匹配] 46210EF5-BBA8-4075-9E5F-42B9165351B2.jpeg (相似度: 0.579)
  💜 [Sharon 匹配] 4780E3A6-7DE5-4459-889D-1C4D21808D24.jpeg (相似度: 0.712)
  💜 [Sharon 匹配] 7F454946-ED0F-4B43-883F-A54A56C2D5EF.jpeg (相似度: 0.577)
  💜 [Sharon 匹配] 911D0573-D124-42A2-BA52-DEC340CD8A8E.jpeg (相似度: 0.510)
  💜 [Sharon 匹配] 050C0630-21F9-4DC1-BF34-1362BBB311D7.jpeg (相似度: 0.555)
  💜 [Sharon 匹配] 3E10B34F-14A0-4BAD-A6C5-B92A9AE5C8B6.jpeg (相似度: 0.609)
  💜 [Sharon 匹配] 2BF3E9F7-8452-4734-8586-DF7902EDFF4B.jpeg (相似度: 0.571)
  💜 [Sharon 匹配] 9C1844AB-3C30-4B34-B35C-ABF3B8912D3D.jpeg (相似度: 0.526)
  💜 [Sharon 匹配] 99442EC3-6F09-46AB-A915-DBF55CB3349A.jpeg (相似度: 0.688)
  💜 [Sharon 匹配] AD2BA1B4-AF01-4F82-B323-602605B192D0.jpeg (相似度: 0.534)
  💜 [Sharon 匹配] 229AB0FE-802A-4A72-AE06-4F531D024895.jpeg (相似度: 0.556)
  💜 [Sharon 匹配] 1CCFC568-984A-4BC4-8D98-1D45B2B06F88.jpeg (相似度: 0.589)
  💖 [Sophia 匹配] B7257717-F748-4039-93D1-A2524F79EE78_1_201_a.jpeg (相似度: 0.699)
  💜 [Sharon 匹配] B7257717-F748-4039-93D1-A2524F79EE78_1_201_a.jpeg (相似度: 0.698)
  💜 [Sharon 匹配] A705963E-81B2-4387-9262-6F1139341EA5_1_201_a.jpeg (相似度: 0.640)
⏳ 已辨識 5000 / 5356 張相片 (2303.8 秒)...
  💜 [Sharon 匹配] 158E2313-0349-416E-A370-B4C7B78C1E51.jpeg (相似度: 0.710)
  💖 [Sophia 匹配] AE75DEE3-571B-4916-883B-7C9EEB40465D.jpeg (相似度: 0.491)
  💖 [Sophia 匹配] 6DAAECA2-EE8F-4181-AA63-240BE6320887.jpeg (相似度: 0.650)
  💜 [Sharon 匹配] 6DAAECA2-EE8F-4181-AA63-240BE6320887.jpeg (相似度: 0.663)
  💜 [Sharon 匹配] 4276098A-AA25-4C00-8252-898F6C0D94FB.jpeg (相似度: 0.621)
  💖 [Sophia 匹配] 4276098A-AA25-4C00-8252-898F6C0D94FB.jpeg (相似度: 0.636)
  💖 [Sophia 匹配] 4D5760CF-B121-4F98-B7C6-1CC9EDF69741.jpeg (相似度: 0.576)
  💖 [Sophia 匹配] B5ADAF27-09C3-4D40-84F2-5DD964F47D42.jpeg (相似度: 0.565)
  💖 [Sophia 匹配] 945375CF-C971-4663-99C9-05292A0E68F2.jpeg (相似度: 0.593)
  💖 [Sophia 匹配] 217BCE43-D1F5-43BA-B03F-2724644C99BF.jpeg (相似度: 0.528)
  💖 [Sophia 匹配] B52D234E-D410-4E5F-860E-A87133EFEA71.jpeg (相似度: 0.566)
  💖 [Sophia 匹配] 3AA0AFA2-15EB-4E95-9C52-25147D7EE84D.jpeg (相似度: 0.579)
  💖 [Sophia 匹配] 2628DB57-B880-414C-B8E8-A9F29687DE93.jpeg (相似度: 0.550)
  💜 [Sharon 匹配] 2628DB57-B880-414C-B8E8-A9F29687DE93.jpeg (相似度: 0.636)
  💖 [Sophia 匹配] 90A54CB4-4BBA-445E-BE5F-888C378FE531.jpeg (相似度: 0.604)
  💖 [Sophia 匹配] A14562EB-0845-4E17-B7E2-7579F58CA8B6.jpeg (相似度: 0.649)
  💖 [Sophia 匹配] 4F6E3D74-980E-4294-8493-B04F04913B19.jpeg (相似度: 0.648)
  💖 [Sophia 匹配] 0F70C2D8-20FF-45E8-8EC6-26AF51F4BA00.jpeg (相似度: 0.593)
  💖 [Sophia 匹配] 982C0E21-652A-40A9-B00E-E9F715AD358A.jpeg (相似度: 0.668)
  💖 [Sophia 匹配] 83BE93AC-C86A-4C29-AC67-DE63A3981B21_1_201_a.jpeg (相似度: 0.639)
  💖 [Sophia 匹配] 2D7CD42F-FD89-46FA-8DFF-D72EFEF5D032.jpeg (相似度: 0.673)
  💖 [Sophia 匹配] D5FB7C07-61D7-42B6-9153-E486BB713AC7.jpeg (相似度: 0.627)
  💖 [Sophia 匹配] 9B4D6A84-7582-45C1-BE02-750807D226D2.jpeg (相似度: 0.634)
  💖 [Sophia 匹配] C53D776B-135E-47D5-B1FA-F388B2D0DBEC.jpeg (相似度: 0.615)
  💖 [Sophia 匹配] 3C57DBA6-FE10-4322-95D9-76CE995539AC.jpeg (相似度: 0.642)
  💜 [Sharon 匹配] 3C57DBA6-FE10-4322-95D9-76CE995539AC.jpeg (相似度: 0.691)
  💖 [Sophia 匹配] 55DF4AA4-9906-424F-95AD-09762DD160D9.jpeg (相似度: 0.646)
  💜 [Sharon 匹配] 55DF4AA4-9906-424F-95AD-09762DD160D9.jpeg (相似度: 0.623)
  💖 [Sophia 匹配] 0004A490-AB75-4DE6-828A-C63F92310997.jpeg (相似度: 0.587)
  💜 [Sharon 匹配] 0004A490-AB75-4DE6-828A-C63F92310997.jpeg (相似度: 0.635)
  💖 [Sophia 匹配] 90B20AE6-5C03-4D3A-9D35-7A524949C5EC.jpeg (相似度: 0.618)
  💖 [Sophia 匹配] 4473EADE-DA33-4D0F-B3FD-5182594D63BB.jpeg (相似度: 0.573)
  💖 [Sophia 匹配] 7D15D0C5-268A-4FC6-917A-AC81A8094B25.jpeg (相似度: 0.574)
  💖 [Sophia 匹配] 0AA288D1-7404-4B80-8311-5FDF793A0958.jpeg (相似度: 0.568)
  💖 [Sophia 匹配] F0E27672-733E-4F72-9B9D-B9FE78C35862.jpeg (相似度: 0.588)
  💖 [Sophia 匹配] 4B59AE09-17E4-4223-A70A-5166E3B4AE33.jpeg (相似度: 0.580)
  💖 [Sophia 匹配] 0CB0EFA5-B4DD-4487-9FB0-EF9524FEB65E.jpeg (相似度: 0.613)
  💜 [Sharon 匹配] 0CB0EFA5-B4DD-4487-9FB0-EF9524FEB65E.jpeg (相似度: 0.629)
  💖 [Sophia 匹配] 8E69A22A-AC46-4C9C-9A3F-B6BCA77852D5.jpeg (相似度: 0.658)
  💖 [Sophia 匹配] 60636074-1255-42BC-967D-8122C0D783B7.jpeg (相似度: 0.659)
  💖 [Sophia 匹配] 9C63EEA9-CB36-4997-9A5A-97D0DC35488D.jpeg (相似度: 0.591)
  💖 [Sophia 匹配] 0DE0DEE2-7A62-4FDF-8FB1-6891EEB3B452.jpeg (相似度: 0.524)
  💖 [Sophia 匹配] F5ECCFF9-BE5D-4020-85C8-496538AF1D16.jpeg (相似度: 0.630)
  💖 [Sophia 匹配] 41B25601-9E3F-4112-AC72-C9B3984720B5.jpeg (相似度: 0.612)
  💜 [Sharon 匹配] 41B25601-9E3F-4112-AC72-C9B3984720B5.jpeg (相似度: 0.643)
  💖 [Sophia 匹配] 02AB0C0B-12EE-492C-88CC-647646BE89C0.jpeg (相似度: 0.611)
  💖 [Sophia 匹配] 95976799-3E8E-4008-A2DB-95457E4E3377.jpeg (相似度: 0.563)
  💜 [Sharon 匹配] C8C98A84-9B62-441F-BFCB-755911486837.jpeg (相似度: 0.638)
  💖 [Sophia 匹配] C8C98A84-9B62-441F-BFCB-755911486837.jpeg (相似度: 0.525)
  💖 [Sophia 匹配] FC3AFE97-8968-4FB6-B32B-722AB4D5A4F5.jpeg (相似度: 0.525)
  💖 [Sophia 匹配] 08913478-68EA-4303-9897-F2CE0BE18F52.jpeg (相似度: 0.590)
  💖 [Sophia 匹配] FB4906EC-25F7-4211-AF62-BE13F4D42DAA_1_201_a.jpeg (相似度: 0.603)
  💖 [Sophia 匹配] F59A5238-6FD7-4085-912C-1658EC3C75CC.jpeg (相似度: 0.589)
  💜 [Sharon 匹配] F59A5238-6FD7-4085-912C-1658EC3C75CC.jpeg (相似度: 0.634)
  💖 [Sophia 匹配] 5A5C7A86-58D5-46A1-99F9-6362339D508C.jpeg (相似度: 0.578)
  💖 [Sophia 匹配] ABA4F2F3-D2D9-40E5-BA6D-E0925CFB40CA.jpeg (相似度: 0.656)
  💖 [Sophia 匹配] 7F630F0C-0C9F-4F7C-8C3D-80B58561244C.jpeg (相似度: 0.674)
  💖 [Sophia 匹配] 52989957-C3B7-4341-B373-EFB9B3C907F4.jpeg (相似度: 0.615)
  💖 [Sophia 匹配] 49BBF2B1-100C-4620-B584-7E41AF539514.jpeg (相似度: 0.613)
  💖 [Sophia 匹配] 8D5E2EDC-FC79-48FA-B59D-F808D12205F3.jpeg (相似度: 0.621)
  💖 [Sophia 匹配] 9515FA4F-9698-4F26-A1AB-E50DE7CD5730.jpeg (相似度: 0.557)
  💖 [Sophia 匹配] 90E6595A-699D-4B4F-B87E-4B7184B869B8.jpeg (相似度: 0.505)
  💖 [Sophia 匹配] 906A86B7-B390-48AD-A50D-E83E4DAAF35A_1_201_a.jpeg (相似度: 0.622)
  💖 [Sophia 匹配] 83C16AC5-8321-4FA9-AC94-6EC211ABB141.jpeg (相似度: 0.529)
  💜 [Sharon 匹配] 5824DBDD-3780-4F71-BF97-0D479E4DD692.jpeg (相似度: 0.627)
  💖 [Sophia 匹配] 92EAB760-9141-4960-BB37-9F5DB17AEFE2.jpeg (相似度: 0.626)
  💖 [Sophia 匹配] A2A5C26D-0267-4F1E-B706-28EC72F1CCD0.jpeg (相似度: 0.546)
  💜 [Sharon 匹配] 937249F0-A793-49A5-9332-EFF561779481.jpeg (相似度: 0.612)
  💖 [Sophia 匹配] C87350A6-C632-474A-8128-E1AB71B22CE9.jpeg (相似度: 0.536)
  💖 [Sophia 匹配] 38EE3BD9-018E-4C76-95DC-71A8391320F4.jpeg (相似度: 0.681)
  💜 [Sharon 匹配] 38EE3BD9-018E-4C76-95DC-71A8391320F4.jpeg (相似度: 0.650)
  💜 [Sharon 匹配] 65386FE7-A0D2-4534-BAC5-2CF008E267C0.jpeg (相似度: 0.626)
  💖 [Sophia 匹配] EDE598DC-B170-44C8-8F49-B0DE5B61D0FB.jpeg (相似度: 0.456)
  💖 [Sophia 匹配] 4ED49504-5C8A-4851-81C8-8B7741F7D203.jpeg (相似度: 0.507)
  💖 [Sophia 匹配] 6D7F8276-9286-4E5D-85B7-6F7951BA80F1.jpeg (相似度: 0.497)
  💖 [Sophia 匹配] 48AAF5B6-7E3B-4658-86BD-2F56B37EDB2E.jpeg (相似度: 0.586)
  💖 [Sophia 匹配] 4DBD144C-E8BE-4AFA-873A-22944B2FD3E0.jpeg (相似度: 0.500)
  💖 [Sophia 匹配] 47529C6F-F95B-4EA2-9C4B-208989440D4D.jpeg (相似度: 0.604)
  💜 [Sharon 匹配] 9DF62CDD-69A6-416A-9496-05C552FEE402.jpeg (相似度: 0.684)
  💖 [Sophia 匹配] 9DF62CDD-69A6-416A-9496-05C552FEE402.jpeg (相似度: 0.601)
  💖 [Sophia 匹配] 5B427B6D-2975-4E86-B95C-A1B0C3BE5E41.jpeg (相似度: 0.659)
  💖 [Sophia 匹配] AE1F5FF9-217A-4060-BB96-A96659A30882.jpeg (相似度: 0.631)
  💖 [Sophia 匹配] 69AF671E-D9F3-474D-88D1-631AD020FB65.jpeg (相似度: 0.649)
  💜 [Sharon 匹配] 69AF671E-D9F3-474D-88D1-631AD020FB65.jpeg (相似度: 0.677)
  💜 [Sharon 匹配] FACBF496-51A6-4404-AC45-BCB2F47C2961.jpeg (相似度: 0.679)
  💖 [Sophia 匹配] FACBF496-51A6-4404-AC45-BCB2F47C2961.jpeg (相似度: 0.624)
  💖 [Sophia 匹配] 0A2F81EF-CF4E-4BDD-A2A7-BF4CB2E9254E.jpeg (相似度: 0.662)
  💖 [Sophia 匹配] ED477961-45B1-47D8-BFF7-55327493F9F2.jpeg (相似度: 0.616)
  💜 [Sharon 匹配] C3E2C07C-AC54-451A-A2B3-EAC6D80F6322.jpeg (相似度: 0.680)
  💖 [Sophia 匹配] 744E8B69-FB7B-40B9-BFFA-F8A69CD7D648.jpeg (相似度: 0.712)
  💜 [Sharon 匹配] 744E8B69-FB7B-40B9-BFFA-F8A69CD7D648.jpeg (相似度: 0.689)
  💜 [Sharon 匹配] BAE1D721-6DE6-4691-B732-1C4CAF444C57.jpeg (相似度: 0.728)
  💖 [Sophia 匹配] BAE1D721-6DE6-4691-B732-1C4CAF444C57.jpeg (相似度: 0.533)
  💜 [Sharon 匹配] 95811C91-E9BA-48E3-ABC4-8CC872A1FB0D.jpeg (相似度: 0.682)
  💜 [Sharon 匹配] 72B21010-E70E-42BC-8058-934CF44CB5F9_1_201_a.jpeg (相似度: 0.663)
  💖 [Sophia 匹配] 72B21010-E70E-42BC-8058-934CF44CB5F9_1_201_a.jpeg (相似度: 0.779)
  💜 [Sharon 匹配] 2D03FE0C-D5CD-42DC-A066-D26414166293.jpeg (相似度: 0.668)
  💖 [Sophia 匹配] 748B32FC-607C-4A26-A411-653794E7A928.jpeg (相似度: 0.682)
  💜 [Sharon 匹配] A7FB5C90-7982-467E-A036-652FB61EE11F.jpeg (相似度: 0.681)
  💖 [Sophia 匹配] 3ECAC658-C593-4D64-A47D-26AB67A2A6B2.jpeg (相似度: 0.757)
  💜 [Sharon 匹配] 3ECAC658-C593-4D64-A47D-26AB67A2A6B2.jpeg (相似度: 0.670)
  💜 [Sharon 匹配] 186F4F93-6C43-4457-89AA-225507017457.jpeg (相似度: 0.662)
  💖 [Sophia 匹配] 94D5A4C2-1F11-48B5-A348-D279074AC974.jpeg (相似度: 0.777)
  💜 [Sharon 匹配] 52624DFC-FDBD-44D1-96C5-AE5DA5FFC961.jpeg (相似度: 0.644)
  💖 [Sophia 匹配] 6DD16C3C-EE6D-4877-96FA-8C31FDD1BA18.jpeg (相似度: 0.749)
  💜 [Sharon 匹配] 6DD16C3C-EE6D-4877-96FA-8C31FDD1BA18.jpeg (相似度: 0.680)
  💜 [Sharon 匹配] 3D146860-C303-4E5E-8526-86AAA733EC47.jpeg (相似度: 0.651)
  💖 [Sophia 匹配] FEF3F450-C5E2-4F6F-ABFF-91C405CC485E.jpeg (相似度: 0.742)
  💜 [Sharon 匹配] FEF3F450-C5E2-4F6F-ABFF-91C405CC485E.jpeg (相似度: 0.687)
  💖 [Sophia 匹配] 7191BD89-963B-426B-9FE7-94F70C34FC36.jpeg (相似度: 0.662)
  💖 [Sophia 匹配] 18B1B435-B2C3-4847-8476-F163883D6B44_1_201_a.jpeg (相似度: 0.624)
  💜 [Sharon 匹配] D84E0DC2-039B-4C2F-B4F5-2C10CC81FC9F.jpeg (相似度: 0.681)
  💖 [Sophia 匹配] 96B0DA7D-B885-4A7F-9FDB-25C3E4E36710.jpeg (相似度: 0.729)
  💜 [Sharon 匹配] 96B0DA7D-B885-4A7F-9FDB-25C3E4E36710.jpeg (相似度: 0.673)
  💖 [Sophia 匹配] 713FEE86-87FD-4AE8-93BF-D9DDED0B5320.jpeg (相似度: 0.772)
  💜 [Sharon 匹配] B7032C25-3B88-4230-BB91-E63A4C8AB73C.jpeg (相似度: 0.709)
  💖 [Sophia 匹配] EE3EF9AA-958C-4747-9F17-343FABF35323_1_201_a.jpeg (相似度: 0.662)
  💜 [Sharon 匹配] B82A518F-6EAD-4CE2-80BA-051EC937B2D7.jpeg (相似度: 0.663)
  💜 [Sharon 匹配] DD34A3ED-3469-440C-B21F-43A08FA09DBA.jpeg (相似度: 0.637)
  💜 [Sharon 匹配] 88A85CA9-2A08-43BE-B411-5D80FEE4CC9D.jpeg (相似度: 0.525)
  💜 [Sharon 匹配] BB9D587E-4C06-4BB0-BEF5-D98160A9E6DE.jpeg (相似度: 0.679)
  💖 [Sophia 匹配] 399F7FCB-FD96-46DA-BE55-B7F1CF61673D.jpeg (相似度: 0.729)
  💜 [Sharon 匹配] 399F7FCB-FD96-46DA-BE55-B7F1CF61673D.jpeg (相似度: 0.686)
  💜 [Sharon 匹配] 149C4688-B7D8-4F36-AF88-F4B6675E7C8F.jpeg (相似度: 0.663)
  💜 [Sharon 匹配] 6BD6C694-241F-4BBB-A795-30649B404909.jpeg (相似度: 0.666)
  💖 [Sophia 匹配] 21EC8CDD-EDC5-4802-9C34-0072D7E97A08.jpeg (相似度: 0.671)
  💜 [Sharon 匹配] 22C4A1C6-0BD6-4573-8A8F-2A86AE878112.jpeg (相似度: 0.718)
  💖 [Sophia 匹配] EBA04493-F3BC-4646-AA49-AE31CB7A0472.jpeg (相似度: 0.768)
  💜 [Sharon 匹配] EBA04493-F3BC-4646-AA49-AE31CB7A0472.jpeg (相似度: 0.694)
  💜 [Sharon 匹配] E9EE0EB5-3822-4C89-8CB3-6E40FB49D49C.jpeg (相似度: 0.681)
  💖 [Sophia 匹配] 4EF778F6-B5E2-4E98-90D5-E660260220AC_1_201_a.jpeg (相似度: 0.696)
  💜 [Sharon 匹配] 548FDB82-BFEB-4398-B514-DF4E3907FF67.jpeg (相似度: 0.703)
  💜 [Sharon 匹配] FFC67319-0F98-405E-9D83-8788EB3DFE5E.jpeg (相似度: 0.634)
  💜 [Sharon 匹配] DB23685C-60A7-480F-AC04-708E543BA8B4.jpeg (相似度: 0.702)
  💜 [Sharon 匹配] D9B61043-7FBB-4E03-BF5C-F4CBC9375333.jpeg (相似度: 0.678)
  💖 [Sophia 匹配] D9B61043-7FBB-4E03-BF5C-F4CBC9375333.jpeg (相似度: 0.774)
  💖 [Sophia 匹配] 40ACA6AB-FE82-436F-8A04-2280A0822CA4.jpeg (相似度: 0.652)
  💖 [Sophia 匹配] FFF48D27-C448-465E-B08E-AC6757337637.jpeg (相似度: 0.754)
  💜 [Sharon 匹配] A3F5B0DA-8868-424B-8051-065D4BA06D6E.jpeg (相似度: 0.607)
  💖 [Sophia 匹配] A3F5B0DA-8868-424B-8051-065D4BA06D6E.jpeg (相似度: 0.744)
  💖 [Sophia 匹配] 89799121-EDD7-41EF-9EDF-41580BEACB44.jpeg (相似度: 0.483)
  💜 [Sharon 匹配] 8D605F83-93AF-492C-85E7-23D6D119CD79.jpeg (相似度: 0.653)
  💖 [Sophia 匹配] 3CB9FF20-40C8-471B-9952-0139C78F4CF5.jpeg (相似度: 0.738)
  💖 [Sophia 匹配] 932C9D74-E217-4B0D-8CBC-06F2824B4B6B.jpeg (相似度: 0.725)
  💜 [Sharon 匹配] 932C9D74-E217-4B0D-8CBC-06F2824B4B6B.jpeg (相似度: 0.557)
  💜 [Sharon 匹配] 12ACF7F4-5AE0-48B0-A8D5-A23B7174DE69.jpeg (相似度: 0.497)
  💖 [Sophia 匹配] 052A60D1-6D76-4192-96BE-C801AAA6B0D3.jpeg (相似度: 0.521)
  💖 [Sophia 匹配] 136CA677-EDF0-4D3C-872F-C0C01F94A36E.jpeg (相似度: 0.617)
  💖 [Sophia 匹配] 56D9D557-52BF-4011-AD4B-32508429D061.jpeg (相似度: 0.519)
  💖 [Sophia 匹配] B85B93D6-C71A-4522-AAE1-977D7E575A1E.jpeg (相似度: 0.489)
  💖 [Sophia 匹配] 3C796EFA-4EDD-466C-8853-1682D13A673A.jpeg (相似度: 0.541)
  💖 [Sophia 匹配] 17C21232-B0F7-491C-8C7F-6FDE40961073.jpeg (相似度: 0.604)
  💖 [Sophia 匹配] 2B8B7180-37D5-4902-B146-418EC1263DD8.jpeg (相似度: 0.652)
  💜 [Sharon 匹配] D724F5D0-8E99-4FD9-9907-1205896352D5.jpeg (相似度: 0.673)
  💜 [Sharon 匹配] 8F10AE11-CB29-4E4E-815B-7C2130514A3D.jpeg (相似度: 0.649)
  💜 [Sharon 匹配] 7247237D-B2F1-46A4-A23F-3241E1132100.jpeg (相似度: 0.653)
  💜 [Sharon 匹配] 7ABB2137-F4DA-4461-BB98-6E08A959F7D2.jpeg (相似度: 0.674)
  💜 [Sharon 匹配] 964E015F-1A1D-48D0-9F72-C24EB59A706A.jpeg (相似度: 0.656)
  💜 [Sharon 匹配] 51CA55E7-F898-43EB-8CFB-2CF2DBE84243.jpeg (相似度: 0.696)
  💜 [Sharon 匹配] 594149DC-FDA1-4082-AD28-92DAF7DC0CE0.jpeg (相似度: 0.685)
  💜 [Sharon 匹配] 9DB73FB7-3540-4FF5-A673-1BFDCB15D3DA.jpeg (相似度: 0.645)
  💜 [Sharon 匹配] 390E1893-411B-4114-9125-3ADE91D6F2EC.jpeg (相似度: 0.681)
  💜 [Sharon 匹配] 964ED5AA-9505-4600-B389-B8DB14291160.jpeg (相似度: 0.675)
  💜 [Sharon 匹配] 959FA0DE-463B-436F-B16B-5DEDD1EEF306.jpeg (相似度: 0.642)
  💜 [Sharon 匹配] 85CD17C5-29F4-4335-99B5-4007D1E48C5D.jpeg (相似度: 0.640)
  💜 [Sharon 匹配] 3508D3C5-C4FC-4201-AA1D-3EF2D9A14218.jpeg (相似度: 0.728)
  💖 [Sophia 匹配] 3508D3C5-C4FC-4201-AA1D-3EF2D9A14218.jpeg (相似度: 0.686)
  💖 [Sophia 匹配] 93607AC1-C8F7-4E42-BFE6-2434EE554576.jpeg (相似度: 0.464)
  💖 [Sophia 匹配] F8B2D5BF-8407-4E9F-8A10-9764ACC0CC95.jpeg (相似度: 0.567)
  💖 [Sophia 匹配] 6F3E8563-1B6B-490F-B317-469AD3D7DFA0.jpeg (相似度: 0.665)
  💜 [Sharon 匹配] 6F3E8563-1B6B-490F-B317-469AD3D7DFA0.jpeg (相似度: 0.671)
  💜 [Sharon 匹配] 31A4C6A1-DB4E-4D22-93FE-8B96F68F884A.jpeg (相似度: 0.702)
  💖 [Sophia 匹配] 31A4C6A1-DB4E-4D22-93FE-8B96F68F884A.jpeg (相似度: 0.673)
  💜 [Sharon 匹配] ED68D6AE-F753-407A-AF55-0778D7C0A162.jpeg (相似度: 0.686)
  💖 [Sophia 匹配] ED68D6AE-F753-407A-AF55-0778D7C0A162.jpeg (相似度: 0.629)
  💖 [Sophia 匹配] 6CE6AC7A-8280-40B7-B6C0-20E7D6383BA4.jpeg (相似度: 0.659)
  💖 [Sophia 匹配] E03A0BDB-EFA8-4355-B9AB-3A6606F9F8DD.jpeg (相似度: 0.721)
  💖 [Sophia 匹配] 7716F8B2-A407-48C4-87AE-701C3DBE0C6A.jpeg (相似度: 0.659)
  💜 [Sharon 匹配] B718E700-D81B-44C2-9AAD-0BEEE0FF31EC.jpeg (相似度: 0.703)
  💖 [Sophia 匹配] B718E700-D81B-44C2-9AAD-0BEEE0FF31EC.jpeg (相似度: 0.664)
  💖 [Sophia 匹配] 54A137B3-C0C2-4312-AC4A-CAB11F2ECB9C.jpeg (相似度: 0.490)
  💖 [Sophia 匹配] 740F7609-5C87-4725-8ABC-2682959FD48E.jpeg (相似度: 0.559)
  💖 [Sophia 匹配] 91AF34D5-D813-4B41-B0FF-A9C36CA6325E.jpeg (相似度: 0.698)
  💜 [Sharon 匹配] 91AF34D5-D813-4B41-B0FF-A9C36CA6325E.jpeg (相似度: 0.618)
  💖 [Sophia 匹配] A2A20BBC-811B-4B8D-83DF-6BD85263F929.jpeg (相似度: 0.585)
  💜 [Sharon 匹配] A2A20BBC-811B-4B8D-83DF-6BD85263F929.jpeg (相似度: 0.474)
  💖 [Sophia 匹配] 0667CFF0-8298-41E9-8B2D-BFBA463ABB30.jpeg (相似度: 0.670)
  💜 [Sharon 匹配] 0667CFF0-8298-41E9-8B2D-BFBA463ABB30.jpeg (相似度: 0.607)
  💜 [Sharon 匹配] 6714DA81-45C1-482F-97CF-05468D6472F8.jpeg (相似度: 0.597)
  💖 [Sophia 匹配] 6714DA81-45C1-482F-97CF-05468D6472F8.jpeg (相似度: 0.659)
  💖 [Sophia 匹配] 153B59C5-C85F-4ADF-87D2-3E7A4DEB9C15.jpeg (相似度: 0.728)
  💜 [Sharon 匹配] 153B59C5-C85F-4ADF-87D2-3E7A4DEB9C15.jpeg (相似度: 0.663)
  💖 [Sophia 匹配] 05135CDC-2DD1-4066-813C-26006297B7BE.jpeg (相似度: 0.603)
  💖 [Sophia 匹配] 469E8F6F-5B69-40FE-A6F5-A4EEB8759EEE.jpeg (相似度: 0.583)
  💜 [Sharon 匹配] 8A7FD33E-A7EE-487A-A518-43179FF1649C.jpeg (相似度: 0.658)
  💖 [Sophia 匹配] 589D6440-CCCE-42BC-840C-8E8826B242BA.jpeg (相似度: 0.658)
  💖 [Sophia 匹配] 5889E706-EDC6-4B70-979C-16CA7991F427.jpeg (相似度: 0.655)
  💜 [Sharon 匹配] 5889E706-EDC6-4B70-979C-16CA7991F427.jpeg (相似度: 0.639)
  💖 [Sophia 匹配] 10CF8AD8-3DC2-471D-8D61-9A5D6F49AD8A.jpeg (相似度: 0.727)
  💜 [Sharon 匹配] 10CF8AD8-3DC2-471D-8D61-9A5D6F49AD8A.jpeg (相似度: 0.704)
  💖 [Sophia 匹配] DDA0B8B8-2328-4C82-95E3-7EC923C653FB.jpeg (相似度: 0.696)
  💜 [Sharon 匹配] DDA0B8B8-2328-4C82-95E3-7EC923C653FB.jpeg (相似度: 0.688)
  💜 [Sharon 匹配] D35BCEBA-0731-483C-BA71-C141070F97F8.jpeg (相似度: 0.585)
  💖 [Sophia 匹配] D35BCEBA-0731-483C-BA71-C141070F97F8.jpeg (相似度: 0.721)
  💖 [Sophia 匹配] 2603D08E-0C74-41B5-AB81-A8D26BFE0224.jpeg (相似度: 0.621)
  💜 [Sharon 匹配] 29BD0BEB-C133-4A9D-B6EC-790B00E9A921.jpeg (相似度: 0.643)
  💖 [Sophia 匹配] 29BD0BEB-C133-4A9D-B6EC-790B00E9A921.jpeg (相似度: 0.731)
  💖 [Sophia 匹配] 6F425B12-0BD8-4C25-80AE-CF07FEC7DC01.jpeg (相似度: 0.714)
  💜 [Sharon 匹配] 6F425B12-0BD8-4C25-80AE-CF07FEC7DC01.jpeg (相似度: 0.665)
  💖 [Sophia 匹配] F1A16DCB-465E-432C-908C-3F4945BAE12D.jpeg (相似度: 0.673)
  💜 [Sharon 匹配] F1A16DCB-465E-432C-908C-3F4945BAE12D.jpeg (相似度: 0.706)
  💖 [Sophia 匹配] CF687D12-1284-4E8A-ADF8-B541001FDAC6.jpeg (相似度: 0.601)
  💖 [Sophia 匹配] 32BE1A20-4D00-4B30-B8F2-298A64749958.jpeg (相似度: 0.544)
  💖 [Sophia 匹配] 7174F57F-5EAB-48E0-9625-3661703AAADA.jpeg (相似度: 0.729)
  💜 [Sharon 匹配] 7174F57F-5EAB-48E0-9625-3661703AAADA.jpeg (相似度: 0.682)
  💖 [Sophia 匹配] CECCE62C-3957-492B-8AE8-098F27CBDF70.jpeg (相似度: 0.654)
  💜 [Sharon 匹配] CECCE62C-3957-492B-8AE8-098F27CBDF70.jpeg (相似度: 0.644)
  💜 [Sharon 匹配] CB07B1DD-173A-486D-83FD-4AE9E98027DF.jpeg (相似度: 0.656)
  💖 [Sophia 匹配] CB07B1DD-173A-486D-83FD-4AE9E98027DF.jpeg (相似度: 0.707)
  💜 [Sharon 匹配] 095CB9B6-1947-4D21-93C6-ADAD2A32AFE4.jpeg (相似度: 0.639)
  💖 [Sophia 匹配] 095CB9B6-1947-4D21-93C6-ADAD2A32AFE4.jpeg (相似度: 0.679)
  💜 [Sharon 匹配] 2EBC45C2-884D-4A8D-AA39-EE040E91FFA1.jpeg (相似度: 0.618)
  💖 [Sophia 匹配] 2EBC45C2-884D-4A8D-AA39-EE040E91FFA1.jpeg (相似度: 0.703)
  💖 [Sophia 匹配] D6B1F2C9-3636-4B79-A592-AA69197E74DA.jpeg (相似度: 0.639)
  💜 [Sharon 匹配] 6DADE101-D017-4BEB-97F8-2E4C6ABDDBB8.jpeg (相似度: 0.600)
  💖 [Sophia 匹配] 6DADE101-D017-4BEB-97F8-2E4C6ABDDBB8.jpeg (相似度: 0.518)
  💜 [Sharon 匹配] D9D3D2F6-11B5-41D2-A6FE-D2E41B401BF5.jpeg (相似度: 0.642)
  💖 [Sophia 匹配] D9D3D2F6-11B5-41D2-A6FE-D2E41B401BF5.jpeg (相似度: 0.622)
  💖 [Sophia 匹配] DBD1AA12-784A-451C-9F25-3C7F9B51C082.jpeg (相似度: 0.578)
  💖 [Sophia 匹配] 1EAF86A2-7683-4D9A-8737-AECDDDAF5398.jpeg (相似度: 0.528)
  💖 [Sophia 匹配] 57FBC8C9-F6F8-439F-A830-5065BF897B91.jpeg (相似度: 0.555)
  💖 [Sophia 匹配] 3896D7F5-14B0-4FED-9023-EFF990782E39.jpeg (相似度: 0.546)
  💖 [Sophia 匹配] 695C3C16-2049-4FD2-85A1-653773A97FEC.jpeg (相似度: 0.582)
  💖 [Sophia 匹配] B5AE7FCD-EFD8-4836-AAE3-C7AD057F893A.jpeg (相似度: 0.575)
  💖 [Sophia 匹配] DCD6E710-061B-4AAA-8249-9FA08128012A.jpeg (相似度: 0.640)
  💖 [Sophia 匹配] 3B7416BB-FA58-4F63-93EF-EC0310450EAD.jpeg (相似度: 0.530)
  💖 [Sophia 匹配] 040C7568-A566-4D00-8934-095B2BF4962C.jpeg (相似度: 0.715)
  💖 [Sophia 匹配] C47F5E30-D704-48FF-9433-F17CC28B6649.jpeg (相似度: 0.676)
  💖 [Sophia 匹配] 678D4215-8622-499D-B251-FEC8053CAF50.jpeg (相似度: 0.604)
  💖 [Sophia 匹配] E00503A1-D8DB-433C-A322-95EEFE464C06.jpeg (相似度: 0.549)
  💖 [Sophia 匹配] 09BA1FFF-4851-4C09-8FF8-B2E300AD6C94.jpeg (相似度: 0.523)
  💖 [Sophia 匹配] AAA93A93-442E-416B-8B2D-B972A77A5CA4.jpeg (相似度: 0.494)

🎉 ArcFace 512維極致辨識完畢！耗時 2393.6 秒
  ├─ 💙 John (您本人) 確鑿照片: 0 張
  ├─ 💜 Sharon (太太) 確鑿照片: 1595 張
  └─ 💖 郭泊彤Sophia (女兒) 確鑿照片: 1202 張
💾 標籤資料庫 photos_db.json 已成功同步！(0 個檔案與檔名被修改)
🎉 【全套自動化匯入與 AI 人臉辨識分類完畢！】


🚀 啟動【全套自動化相片匯入與 AI 人臉辨識流程】...
📁 [步驟 1/3] 增量掃描與歸檔新照片...
📁 發現 620 張全新上傳照片，5356 張既有照片 (100% 保持原檔名稱與內容不修改)。
✅ 索引構建完畢！共索引 5976 張照片。所有原檔名稱與內容 100% 保留未改動。
🗑️ [步驟 2/3] 自動清理已手動刪除的照片索引...
📊 掃描前資料庫紀錄相片總數: 5976 張

🎉 重新掃描與清理完畢！
  ├─ 成功從 Web 移除已刪除照片: 0 張
  ├─ 補全索引新增照片: 0 張
  └─ 目前 Web 保留有效照片總數: 5976 張
  🔒 資料夾名稱 100% 保持原本完全未改動。
🤖 [步驟 3/3] 啟動 InsightFace ArcFace 512維 AI 人臉辨識與分類 (John, Sharon, 郭泊彤Sophia)...
🚀 初始化 InsightFace 512維 ArcFace 深度人臉分析引擎...
Applied providers: ['CPUExecutionProvider'], with options: {'CPUExecutionProvider': {}}
model ignore: /Users/johnkuo/.insightface/models/buffalo_l/1k3d68.onnx landmark_3d_68
Applied providers: ['CPUExecutionProvider'], with options: {'CPUExecutionProvider': {}}
model ignore: /Users/johnkuo/.insightface/models/buffalo_l/2d106det.onnx landmark_2d_106
Applied providers: ['CPUExecutionProvider'], with options: {'CPUExecutionProvider': {}}
find model: /Users/johnkuo/.insightface/models/buffalo_l/det_10g.onnx detection [1, 3, '?', '?'] 127.5 128.0
Applied providers: ['CPUExecutionProvider'], with options: {'CPUExecutionProvider': {}}
model ignore: /Users/johnkuo/.insightface/models/buffalo_l/genderage.onnx genderage
Applied providers: ['CPUExecutionProvider'], with options: {'CPUExecutionProvider': {}}
find model: /Users/johnkuo/.insightface/models/buffalo_l/w600k_r50.onnx recognition ['None', 3, 112, 112] 127.5 127.5
set det-size: (640, 640)
✅ InsightFace 深度引擎加載成功！
  💜 成功提取太太 [Sharon] ArcFace 512維深度特徵向量！
  💖 成功提取女兒 [郭泊彤Sophia] ArcFace 512維深度特徵向量！

📸 開始使用 ArcFace 512維向量全庫辨識 John、Sharon 與 郭泊彤Sophia...
📁 收集到 5976 張相片，啟動 ArcFace 核心推論...
  💖 [Sophia 匹配] 65101648-FC7D-4910-9933-CDEB1BC6185F.jpeg (相似度: 1.000)
  💖 [Sophia 匹配] 4B9D2452-7485-420D-8ADF-98D5370323DD.jpeg (相似度: 0.605)
  💜 [Sharon 匹配] DF418703-B031-4312-ABA7-AEFCE4462FCE.jpeg (相似度: 0.562)
  💖 [Sophia 匹配] 77D0EB03-8BCB-4B47-B9D3-58E03B350F66.jpeg (相似度: 0.742)
  💜 [Sharon 匹配] E8579411-CD1B-49F6-9F8E-D1076DC9D5A4.jpeg (相似度: 0.659)
  💖 [Sophia 匹配] 0070F37B-D235-4127-909D-94A31A92BD46.jpeg (相似度: 0.588)
  💜 [Sharon 匹配] 0070F37B-D235-4127-909D-94A31A92BD46.jpeg (相似度: 0.517)
  💜 [Sharon 匹配] D6F02760-E50D-4940-8910-1AE7DDAC6858.jpeg (相似度: 0.619)
  💖 [Sophia 匹配] D6F02760-E50D-4940-8910-1AE7DDAC6858.jpeg (相似度: 0.640)
  💖 [Sophia 匹配] 559D0AEE-937E-491A-8FA2-770F586E3736.jpeg (相似度: 0.717)
  💖 [Sophia 匹配] 2490781E-4A04-4597-8F33-2B635E3740E8.jpeg (相似度: 0.609)
  💖 [Sophia 匹配] 30FBD7DC-CD94-4103-AD35-83694296F14E_1_201_a.jpeg (相似度: 0.716)
  💖 [Sophia 匹配] B69D3D9E-B516-4889-BFBA-05A11FDEFE49.jpeg (相似度: 0.538)
  💖 [Sophia 匹配] 8931FA6D-22B3-4DC5-BBD7-6D45ECB9D16F_1_201_a.jpeg (相似度: 0.604)
  💜 [Sharon 匹配] 8931FA6D-22B3-4DC5-BBD7-6D45ECB9D16F_1_201_a.jpeg (相似度: 0.526)
  💖 [Sophia 匹配] E3075114-817B-42E9-BE8B-985C9A849AFE.jpeg (相似度: 0.548)
  💜 [Sharon 匹配] E3075114-817B-42E9-BE8B-985C9A849AFE.jpeg (相似度: 0.516)
  💜 [Sharon 匹配] 6ED8ED8C-DB53-4B10-BCEF-EAA61E2521DA.jpeg (相似度: 0.556)
  💖 [Sophia 匹配] 6ED8ED8C-DB53-4B10-BCEF-EAA61E2521DA.jpeg (相似度: 0.681)
  💖 [Sophia 匹配] F8453F9F-3398-453C-BFAC-5EE4896888FA.jpeg (相似度: 0.788)
  💖 [Sophia 匹配] 1D5BDA11-5761-488C-B4A2-E4BE5385851B.jpeg (相似度: 0.761)
  💖 [Sophia 匹配] 946947A3-5791-46AE-BC43-FBBC18D87AC9.jpeg (相似度: 0.720)
  💜 [Sharon 匹配] DA27E1B8-0DA1-456F-A776-EB9E0A123619.jpeg (相似度: 0.450)
  💖 [Sophia 匹配] CEC2C366-D87C-4A49-B5C1-C2779398AF94.jpeg (相似度: 0.592)
  💜 [Sharon 匹配] CEC2C366-D87C-4A49-B5C1-C2779398AF94.jpeg (相似度: 0.498)
  💜 [Sharon 匹配] 90DE4628-D61D-4AA2-B1FE-A4C47896B8C9_1_201_a.jpeg (相似度: 0.567)
  💖 [Sophia 匹配] 90DE4628-D61D-4AA2-B1FE-A4C47896B8C9_1_201_a.jpeg (相似度: 0.670)
  💖 [Sophia 匹配] E66FDB18-7C53-4AD2-BBC1-13BC18F45DF0.jpeg (相似度: 0.748)
  💖 [Sophia 匹配] 85AAADD2-AE54-4907-9E1B-4E20B25D89F7.jpeg (相似度: 0.546)
  💜 [Sharon 匹配] 85AAADD2-AE54-4907-9E1B-4E20B25D89F7.jpeg (相似度: 0.499)
  💖 [Sophia 匹配] A99FFD9B-34D6-4755-82DB-25AD63352056.jpeg (相似度: 0.716)
  💜 [Sharon 匹配] 3EB538D3-3C1B-4240-981B-D75A0DA5242F_1_201_a.jpeg (相似度: 0.609)
  💖 [Sophia 匹配] 3EB538D3-3C1B-4240-981B-D75A0DA5242F_1_201_a.jpeg (相似度: 0.735)
  💜 [Sharon 匹配] 03DB2F13-FEE4-48DD-BE8B-9C3E1C3B9E91.jpeg (相似度: 0.647)
  💖 [Sophia 匹配] AF292B7E-A42D-4F4A-83E2-4C8255B2B751.jpeg (相似度: 0.726)
  💖 [Sophia 匹配] 20F34AB2-1E89-4437-8013-41EF5D48D5E1.jpeg (相似度: 0.621)
  💖 [Sophia 匹配] 36AF1EAC-F78A-47CD-9578-7A8A7845795E.jpeg (相似度: 0.737)
  💖 [Sophia 匹配] 87F966CA-63B6-47B1-850A-DCEAA06F95E9.jpeg (相似度: 0.605)
  💖 [Sophia 匹配] 5F89046F-F446-48F6-A27D-E2FE22EBA07A.jpeg (相似度: 0.481)
  💜 [Sharon 匹配] 5F89046F-F446-48F6-A27D-E2FE22EBA07A.jpeg (相似度: 0.502)
  💖 [Sophia 匹配] 2B51ACEE-002A-4A7B-9AD1-953D984B6AA3.jpeg (相似度: 0.528)
  💖 [Sophia 匹配] 069371B1-5CD7-4222-994D-F1E86CBFA199.jpeg (相似度: 0.724)
  💜 [Sharon 匹配] 069371B1-5CD7-4222-994D-F1E86CBFA199.jpeg (相似度: 0.465)
  💖 [Sophia 匹配] 2DEFC610-C733-4BAE-B697-81428EB1EC25.jpeg (相似度: 0.702)
  💖 [Sophia 匹配] 0D97CE51-EC3C-4888-A806-1C247FC8FF27_1_201_a.jpeg (相似度: 0.460)
  💜 [Sharon 匹配] 0D97CE51-EC3C-4888-A806-1C247FC8FF27_1_201_a.jpeg (相似度: 0.473)
  💖 [Sophia 匹配] B895BE78-8A82-4488-8293-73581CAB59FF.jpeg (相似度: 0.736)
  💖 [Sophia 匹配] E7B72EE2-8F42-4F53-99F1-F49E29D1927F_1_201_a.jpeg (相似度: 0.696)
  💖 [Sophia 匹配] BEEA5EB4-5163-418E-8A31-AA8BCA969190_1_201_a.jpeg (相似度: 0.687)
  💜 [Sharon 匹配] BEEA5EB4-5163-418E-8A31-AA8BCA969190_1_201_a.jpeg (相似度: 0.606)
  💖 [Sophia 匹配] 01D230A6-E82C-4954-B673-6CCE2998DF15.jpeg (相似度: 0.632)
  💖 [Sophia 匹配] 4983F73B-9717-4BBB-80D8-CBB0E010016A.jpeg (相似度: 0.568)
  💖 [Sophia 匹配] 3BC0F4B9-AB00-475D-8A5F-1A8284D309F8.jpeg (相似度: 0.712)
  💜 [Sharon 匹配] 3BC0F4B9-AB00-475D-8A5F-1A8284D309F8.jpeg (相似度: 0.603)
  💖 [Sophia 匹配] FE6C398A-13D5-4B2A-A441-9D36C87E6DDC.jpeg (相似度: 0.617)
  💜 [Sharon 匹配] 9542E388-AE5D-4916-9F61-C62F17E57BB9_1_201_a.jpeg (相似度: 0.634)
  💜 [Sharon 匹配] BA3CE5CC-8754-4F9C-9091-57F284E9C87A_1_201_a.jpeg (相似度: 0.600)
  💖 [Sophia 匹配] 8E9160B0-231C-4801-AF8F-EC24E545415B.jpeg (相似度: 0.583)
  💖 [Sophia 匹配] 4522884A-DAAB-45A2-976B-13718FC035AC.jpeg (相似度: 0.682)
  💖 [Sophia 匹配] 487B05D1-62E2-46B8-9D9D-8A906E929C0F.jpeg (相似度: 0.609)
  💖 [Sophia 匹配] 09DE5551-D988-4088-81A1-9C078BA53D05.jpeg (相似度: 0.661)
  💜 [Sharon 匹配] 09DE5551-D988-4088-81A1-9C078BA53D05.jpeg (相似度: 0.552)
  💖 [Sophia 匹配] 306A572D-A0C3-440F-AC66-E072C4A9A47E.jpeg (相似度: 0.656)
  💖 [Sophia 匹配] ACE485FF-C1AD-4523-8E34-338EC4F72B9A.jpeg (相似度: 0.741)
  💜 [Sharon 匹配] ACE485FF-C1AD-4523-8E34-338EC4F72B9A.jpeg (相似度: 0.637)
  💖 [Sophia 匹配] 88AE79F7-6542-4F96-8374-ABDA4B37886A.jpeg (相似度: 0.746)
  💖 [Sophia 匹配] DDD755D9-28BA-4C80-A72E-2FE12F244A63.jpeg (相似度: 0.652)
  💜 [Sharon 匹配] DDD755D9-28BA-4C80-A72E-2FE12F244A63.jpeg (相似度: 0.603)
  💖 [Sophia 匹配] 6D79DDCF-23A0-48F4-AC48-49F1AA620008_1_201_a.jpeg (相似度: 0.631)
  💜 [Sharon 匹配] 6D79DDCF-23A0-48F4-AC48-49F1AA620008_1_201_a.jpeg (相似度: 0.565)
  💖 [Sophia 匹配] 87E61128-8850-42EE-8B87-F30C0CA20DF8.jpeg (相似度: 0.592)
  💜 [Sharon 匹配] 87E61128-8850-42EE-8B87-F30C0CA20DF8.jpeg (相似度: 0.512)
  💖 [Sophia 匹配] 64EBE622-FF52-4A49-89F1-4F0839A19AE5.jpeg (相似度: 0.711)
  💜 [Sharon 匹配] 64EBE622-FF52-4A49-89F1-4F0839A19AE5.jpeg (相似度: 0.524)
  💖 [Sophia 匹配] 305B26FF-A814-4BD3-9957-AEE52DC9C2D7.jpeg (相似度: 0.636)
  💖 [Sophia 匹配] 6BC3BF77-197E-4E7A-8898-56410105971D_1_201_a.jpeg (相似度: 0.738)
  💜 [Sharon 匹配] 6BC3BF77-197E-4E7A-8898-56410105971D_1_201_a.jpeg (相似度: 0.664)
  💖 [Sophia 匹配] 1CBFA005-82E9-401F-8D20-1F524F51B249.jpeg (相似度: 0.737)
  💖 [Sophia 匹配] D45F045B-E85F-40DC-A43C-A9DB8F3C92E3.jpeg (相似度: 0.561)
  💖 [Sophia 匹配] 36E2BF37-5D9B-45FD-AE6C-E565B3165D8C.jpeg (相似度: 0.677)
  💖 [Sophia 匹配] F587DC1D-FE46-4FDE-8687-BFD5485B3AD4.jpeg (相似度: 0.530)
  💖 [Sophia 匹配] 66687871-B5EE-4C36-A905-1BDD077F5E10.jpeg (相似度: 0.658)
  💜 [Sharon 匹配] 66687871-B5EE-4C36-A905-1BDD077F5E10.jpeg (相似度: 0.595)
  💖 [Sophia 匹配] 770ADA07-4F0E-4378-A1E2-D9214A54317E.jpeg (相似度: 0.577)
  💜 [Sharon 匹配] 770ADA07-4F0E-4378-A1E2-D9214A54317E.jpeg (相似度: 0.615)
  💖 [Sophia 匹配] 40724AE5-C76B-4AD6-9D38-8E46C2094A93.jpeg (相似度: 0.700)
  💜 [Sharon 匹配] 40724AE5-C76B-4AD6-9D38-8E46C2094A93.jpeg (相似度: 0.684)
  💜 [Sharon 匹配] F94BFC89-61DE-435B-9CC9-A21726F45FC9.jpeg (相似度: 0.627)
  💖 [Sophia 匹配] F94BFC89-61DE-435B-9CC9-A21726F45FC9.jpeg (相似度: 0.788)
  💖 [Sophia 匹配] FF85566B-5943-4991-BFF0-8CD15845B16B.jpeg (相似度: 0.741)
  💜 [Sharon 匹配] FF85566B-5943-4991-BFF0-8CD15845B16B.jpeg (相似度: 0.581)
  💖 [Sophia 匹配] 86A7564A-DB52-4347-BF31-4769C99E0048.jpeg (相似度: 0.659)
  💖 [Sophia 匹配] 550B8C37-6DF0-487B-81D7-087CD89D427F.jpeg (相似度: 0.532)
  💖 [Sophia 匹配] BCFA91C9-0B18-4AC8-9AB0-B1C7B61EC1E0.jpeg (相似度: 0.741)
  💜 [Sharon 匹配] BCFA91C9-0B18-4AC8-9AB0-B1C7B61EC1E0.jpeg (相似度: 0.703)
  💖 [Sophia 匹配] 499F463A-82C1-42F2-9F78-9743AFA27F5B.jpeg (相似度: 0.629)
  💖 [Sophia 匹配] 8185521D-3457-45E6-9763-698A660A4816.jpeg (相似度: 0.633)
  💖 [Sophia 匹配] 9E2A8643-CEBC-429B-B7E5-40DCFAA34F95.jpeg (相似度: 0.799)
  💜 [Sharon 匹配] 9E2A8643-CEBC-429B-B7E5-40DCFAA34F95.jpeg (相似度: 0.621)
  💖 [Sophia 匹配] B44E0C23-C1F1-4E7D-9DF2-83056F50B3EC.jpeg (相似度: 0.581)
  💖 [Sophia 匹配] 3DDA48F6-FB44-4300-817E-B55385B844BF.jpeg (相似度: 0.612)
  💖 [Sophia 匹配] 2ECF57CE-DACC-4177-8B6C-B6F02AF3D90F.jpeg (相似度: 0.646)
  💖 [Sophia 匹配] F43E6CE2-3F39-4A81-BF61-B761FF9A4C08.jpeg (相似度: 0.677)
  💖 [Sophia 匹配] A0B40696-C4F8-4057-9304-9B08FB1A2DFB.jpeg (相似度: 0.498)
  💖 [Sophia 匹配] B0B9767A-4402-49D7-BD49-57A91E0B6611.jpeg (相似度: 0.725)
  💖 [Sophia 匹配] C6C0BB9E-D7E2-4522-8056-4EA764036B71.jpeg (相似度: 0.559)
  💖 [Sophia 匹配] F43FD08A-2900-4603-BF10-3898BF5B0642.jpeg (相似度: 0.724)
  💜 [Sharon 匹配] 50975177-1CC2-46B5-8D5B-DCBD823A3428.jpeg (相似度: 0.583)
  💜 [Sharon 匹配] 2AB5864D-890B-408B-8532-C1BD696CB147_1_201_a.jpeg (相似度: 0.632)
  💜 [Sharon 匹配] 80727B2F-84E3-455D-99E1-12795D0EEEE6.jpeg (相似度: 0.696)
  💜 [Sharon 匹配] 50075931-1D37-4C11-9D92-2A10F835D3D9.jpeg (相似度: 0.619)
  💖 [Sophia 匹配] 50075931-1D37-4C11-9D92-2A10F835D3D9.jpeg (相似度: 0.674)
  💖 [Sophia 匹配] 07E3387D-EA94-4BF4-8207-FCE936771177.jpeg (相似度: 0.594)
  💜 [Sharon 匹配] 07E3387D-EA94-4BF4-8207-FCE936771177.jpeg (相似度: 0.623)
  💖 [Sophia 匹配] FFEA1017-0A3D-43C1-B7C0-94003F78EEC1.jpeg (相似度: 0.675)
  💜 [Sharon 匹配] FFEA1017-0A3D-43C1-B7C0-94003F78EEC1.jpeg (相似度: 0.694)
  💜 [Sharon 匹配] 1193CA18-8F53-454D-B5FC-72460889BD04_1_201_a.jpeg (相似度: 0.564)
  💖 [Sophia 匹配] 1193CA18-8F53-454D-B5FC-72460889BD04_1_201_a.jpeg (相似度: 0.633)
  💜 [Sharon 匹配] 6BE35E04-55B3-46AE-B080-F49C3B14E14E_1_201_a.jpeg (相似度: 0.461)
  💜 [Sharon 匹配] 3DCD28C2-848B-46E9-A594-83EB4240DBEA_1_201_a.jpeg (相似度: 0.489)
  💜 [Sharon 匹配] CAD88797-D469-4BE7-8A10-2219D0CF4FDC.jpeg (相似度: 0.605)
  💖 [Sophia 匹配] B59C44FE-95F5-4FB5-9157-FF2CDACAAE9F_1_201_a.jpeg (相似度: 0.653)
  💜 [Sharon 匹配] B59C44FE-95F5-4FB5-9157-FF2CDACAAE9F_1_201_a.jpeg (相似度: 0.697)
  💜 [Sharon 匹配] F1E2E237-10B8-45D5-9EC9-281740FAA91E_1_201_a.jpeg (相似度: 0.493)
  💖 [Sophia 匹配] 76358F20-314F-4FBB-BF79-BA94AF6582EA.jpeg (相似度: 0.631)
  💜 [Sharon 匹配] 76358F20-314F-4FBB-BF79-BA94AF6582EA.jpeg (相似度: 0.635)
  💖 [Sophia 匹配] A8D87E16-1D56-40AD-9621-41D423CAE95A.jpeg (相似度: 0.686)
  💜 [Sharon 匹配] A8D87E16-1D56-40AD-9621-41D423CAE95A.jpeg (相似度: 0.646)
  💖 [Sophia 匹配] ACE983F6-9279-471D-95A2-82A2BFADC563.jpeg (相似度: 0.622)
  💜 [Sharon 匹配] ACE983F6-9279-471D-95A2-82A2BFADC563.jpeg (相似度: 0.556)
  💖 [Sophia 匹配] 581C9CED-F0CA-43DB-9BB4-DC9BAEB1C6D5.jpeg (相似度: 0.642)
  💜 [Sharon 匹配] 581C9CED-F0CA-43DB-9BB4-DC9BAEB1C6D5.jpeg (相似度: 0.523)
  💖 [Sophia 匹配] 5929FA62-960F-4E54-B3F3-E739FE3BE380.jpeg (相似度: 0.677)
  💖 [Sophia 匹配] 932831CC-9D81-4FE6-8492-63EEA47FA4CD.jpeg (相似度: 0.455)
  💖 [Sophia 匹配] 8A53FE94-9C15-4545-8CBD-7327C07794AA.jpeg (相似度: 0.664)
  💜 [Sharon 匹配] 8A53FE94-9C15-4545-8CBD-7327C07794AA.jpeg (相似度: 0.598)
  💜 [Sharon 匹配] D029748B-E3FA-4B4F-8987-1090D85B0C7E.jpeg (相似度: 0.601)
  💖 [Sophia 匹配] D029748B-E3FA-4B4F-8987-1090D85B0C7E.jpeg (相似度: 0.729)
  💜 [Sharon 匹配] B6880C7D-DB46-485B-9E89-13B33F8D6C9D_1_201_a.jpeg (相似度: 0.644)
  💖 [Sophia 匹配] B6880C7D-DB46-485B-9E89-13B33F8D6C9D_1_201_a.jpeg (相似度: 0.755)
  💖 [Sophia 匹配] 0F4834D6-610A-42BA-8131-F1B9EB30A34A.jpeg (相似度: 0.674)
  💜 [Sharon 匹配] 0F4834D6-610A-42BA-8131-F1B9EB30A34A.jpeg (相似度: 0.452)
  💖 [Sophia 匹配] 1F6355FF-AFC9-4BBF-AD11-FD91CB2B1CF9.jpeg (相似度: 0.564)
  💜 [Sharon 匹配] 1F6355FF-AFC9-4BBF-AD11-FD91CB2B1CF9.jpeg (相似度: 0.489)
  💖 [Sophia 匹配] F526ED26-3023-4C8D-AE6B-CB5B4EF20431_1_201_a.jpeg (相似度: 0.693)
  💜 [Sharon 匹配] F526ED26-3023-4C8D-AE6B-CB5B4EF20431_1_201_a.jpeg (相似度: 0.640)
  💖 [Sophia 匹配] A7831F54-5003-4266-BC23-1DA34F178DD0.jpeg (相似度: 0.644)
  💜 [Sharon 匹配] A7831F54-5003-4266-BC23-1DA34F178DD0.jpeg (相似度: 0.529)
  💖 [Sophia 匹配] CA6762D1-BC11-4922-BEAA-060F28324D00.jpeg (相似度: 0.604)
  💜 [Sharon 匹配] CA6762D1-BC11-4922-BEAA-060F28324D00.jpeg (相似度: 0.553)
  💜 [Sharon 匹配] FDA927FB-4C5D-4B4C-8140-6C10F60A88D8.jpeg (相似度: 0.534)
  💖 [Sophia 匹配] C4012B5A-E7A1-4FC6-869C-56AB0C1573BA.jpeg (相似度: 0.742)
  💜 [Sharon 匹配] C4012B5A-E7A1-4FC6-869C-56AB0C1573BA.jpeg (相似度: 0.665)
  💖 [Sophia 匹配] 6C6A20E1-10CB-40C3-BE1D-3D146DD1441F.jpeg (相似度: 0.664)
  💜 [Sharon 匹配] 6C6A20E1-10CB-40C3-BE1D-3D146DD1441F.jpeg (相似度: 0.586)
  💜 [Sharon 匹配] CA3052EF-7A87-46C2-A1C1-932F03D1F778.jpeg (相似度: 0.597)
  💖 [Sophia 匹配] 2AA27CC2-021C-4951-85BA-6DB7EEBC7563.jpeg (相似度: 0.752)
  💜 [Sharon 匹配] 2AA27CC2-021C-4951-85BA-6DB7EEBC7563.jpeg (相似度: 0.680)
  💖 [Sophia 匹配] A9CDE83B-6A5C-49AB-B913-3903AF52AD74.jpeg (相似度: 0.668)
  💜 [Sharon 匹配] A9CDE83B-6A5C-49AB-B913-3903AF52AD74.jpeg (相似度: 0.504)
  💖 [Sophia 匹配] 82B4B58C-88ED-4F80-A4FF-C1D0C5EC5477.jpeg (相似度: 0.663)
  💜 [Sharon 匹配] 82B4B58C-88ED-4F80-A4FF-C1D0C5EC5477.jpeg (相似度: 0.550)
  💜 [Sharon 匹配] 170BC19C-6940-474A-A3C0-36D4BB3E3649.jpeg (相似度: 0.675)
  💖 [Sophia 匹配] 102B244C-BAFD-4C15-BB6C-9E3B52B12B3F.jpeg (相似度: 0.703)
  💜 [Sharon 匹配] 0E38DC45-A1C0-4F11-BE2A-0BF14C59B55C.jpeg (相似度: 0.585)
  💜 [Sharon 匹配] B61756EF-173F-4AA3-869C-6A402282E817.jpeg (相似度: 0.638)
  💜 [Sharon 匹配] 44070BF5-8EFF-4FA0-AEC8-B3F51B904F3E.jpeg (相似度: 0.638)
  💖 [Sophia 匹配] B1EBEF79-FD86-473E-986B-B6A416BF8F96.jpeg (相似度: 0.675)
  💜 [Sharon 匹配] B1EBEF79-FD86-473E-986B-B6A416BF8F96.jpeg (相似度: 0.568)
  💜 [Sharon 匹配] 960293AA-4B85-4178-882C-53115A6F0C5A.jpeg (相似度: 0.640)
  💖 [Sophia 匹配] C6A69DF9-189C-4D3C-B0E0-AD45B9E21DE8.jpeg (相似度: 0.693)
  💖 [Sophia 匹配] 5960C2FC-9560-449C-A069-DFDBCAD62929.jpeg (相似度: 0.580)
  💖 [Sophia 匹配] C8B48E52-1B4F-4DA3-B95F-1ACC27674FDB.jpeg (相似度: 0.633)
  💖 [Sophia 匹配] 01198279-20D2-40EA-949B-DB1C5B31FAE7.jpeg (相似度: 0.676)
  💜 [Sharon 匹配] 01198279-20D2-40EA-949B-DB1C5B31FAE7.jpeg (相似度: 0.573)
  💖 [Sophia 匹配] DB052E72-063E-4A99-87EA-6E7273F62689.jpeg (相似度: 0.693)
  💖 [Sophia 匹配] 52DD6471-8F78-4CF9-B0E7-5E11DBE14463.jpeg (相似度: 0.727)
  💜 [Sharon 匹配] 52DD6471-8F78-4CF9-B0E7-5E11DBE14463.jpeg (相似度: 0.645)
  💖 [Sophia 匹配] 38586C0D-C9A0-4C03-92C7-7CABCEC85881.jpeg (相似度: 0.585)
  💜 [Sharon 匹配] 3A6ECDA9-5884-408B-98D1-3C1DD2274C93.jpeg (相似度: 0.501)
  💖 [Sophia 匹配] D98F0742-28E5-4003-BBE0-2A0297E90E6C.jpeg (相似度: 0.679)
  💖 [Sophia 匹配] 64CE2C73-8B0A-4CEE-B5FE-356CE161EFC2.jpeg (相似度: 0.717)
  💖 [Sophia 匹配] 9EB0D04A-F8E9-43AF-BBA5-33149513291B.jpeg (相似度: 0.527)
  💜 [Sharon 匹配] F16D28A0-B84E-4D89-B3A0-4B9EAC92A853.jpeg (相似度: 0.611)
  💖 [Sophia 匹配] 268AB4C0-4DDA-42E6-B293-448407EEEFEC.jpeg (相似度: 0.584)
  💖 [Sophia 匹配] A57530BC-9C16-4396-AD6E-767CE6EAB45C.jpeg (相似度: 0.656)
  💖 [Sophia 匹配] 0EF94473-1B8E-4E43-AF78-64795EF5BFE4.jpeg (相似度: 0.722)
  💜 [Sharon 匹配] CD4A9BCA-5CB0-449E-A655-BB9A00958EAF.jpeg (相似度: 0.661)
  💖 [Sophia 匹配] 41ECB071-EF13-4215-844C-34F73C594B09.jpeg (相似度: 0.681)
  💖 [Sophia 匹配] CE6DAD56-61D2-4A87-9331-9D317FD5F609.jpeg (相似度: 0.681)
  💖 [Sophia 匹配] DA6B2908-4EE7-4D33-B8ED-A11FCCF4DFF9.jpeg (相似度: 0.564)
  💜 [Sharon 匹配] 24D30C99-3920-4460-B1CE-CC14D882A276.jpeg (相似度: 0.670)
  💖 [Sophia 匹配] E38D1A82-C81D-4EA1-BE19-4D1CB4FE92CF.jpeg (相似度: 0.468)
  💖 [Sophia 匹配] 5984A6A0-932C-4155-85B3-249F06CF965B.jpeg (相似度: 0.603)
  💜 [Sharon 匹配] 11B40644-7C0C-4648-976A-B1D4F0BBEA5E.jpeg (相似度: 0.636)
  💖 [Sophia 匹配] 0936FF8B-AEE1-4B51-B6DB-20F22F9A9B71.jpeg (相似度: 0.705)
  💜 [Sharon 匹配] D1AB7E40-B81F-4D43-9CF0-BBA4313AC050.jpeg (相似度: 0.470)
  💜 [Sharon 匹配] 76C9F87C-788A-48E0-B758-D00E18559A85.jpeg (相似度: 0.631)
  💖 [Sophia 匹配] E417B323-162B-4C5D-846D-C0ABCE9ACE01.jpeg (相似度: 0.693)
  💜 [Sharon 匹配] 17398D2D-0FD3-4ACA-86EB-E2EFFC9D4C82.jpeg (相似度: 0.604)
  💖 [Sophia 匹配] 5BB7556A-A9F7-470E-8FB4-FAE928156461.jpeg (相似度: 0.733)
  💜 [Sharon 匹配] 5BB7556A-A9F7-470E-8FB4-FAE928156461.jpeg (相似度: 0.573)
  💜 [Sharon 匹配] 30ED87D9-2C19-4FCB-A983-865FBC056964.jpeg (相似度: 0.697)
  💖 [Sophia 匹配] DB1887D5-8566-462A-B473-307E13E83061.jpeg (相似度: 0.707)
  💖 [Sophia 匹配] 8D608527-2108-4DC0-BD05-36127BEEDA66.jpeg (相似度: 0.698)
  💜 [Sharon 匹配] 60641EEB-8F41-4395-BFB7-8A6C6CDDC220.jpeg (相似度: 0.633)
  💖 [Sophia 匹配] 1300C9CD-518B-4F0F-8047-9516816A388A.jpeg (相似度: 0.603)
  💖 [Sophia 匹配] 7FA8E402-A90A-4EAD-B9EC-C4287C0ACA4D.jpeg (相似度: 0.605)
  💖 [Sophia 匹配] 270FC892-D829-422E-8D3D-4B98FD980615.jpeg (相似度: 0.509)
  💖 [Sophia 匹配] 8AF726C7-BBFF-4FDF-BF28-FDC362037CCA.jpeg (相似度: 0.682)
  💖 [Sophia 匹配] 3C3A4710-8D44-4CF8-B1A9-C8600B249434.jpeg (相似度: 0.726)
  💖 [Sophia 匹配] 41C5F60A-842F-48C1-A849-F32497C25C0E.jpeg (相似度: 0.609)
  💖 [Sophia 匹配] E9F0A2F4-9AB4-4047-97C7-8181164CE0EB.jpeg (相似度: 0.730)
  💖 [Sophia 匹配] 2308405C-4C7F-4EAF-851C-B39575B9CA83.jpeg (相似度: 0.666)
  💖 [Sophia 匹配] 9F45A7B1-AD4D-41E6-A04E-2FF3679C2392.jpeg (相似度: 0.674)
  💖 [Sophia 匹配] 190CB114-C353-488C-BCD4-049AAEC5176F.jpeg (相似度: 0.725)
  💖 [Sophia 匹配] 1A1E1A00-733B-4AD3-99EE-25FF26A512FE.jpeg (相似度: 0.738)
  💜 [Sharon 匹配] 1A1E1A00-733B-4AD3-99EE-25FF26A512FE.jpeg (相似度: 0.595)
  💜 [Sharon 匹配] 5F1EACFA-C3F3-469B-BA32-3EA028D1D124.jpeg (相似度: 0.664)
  💖 [Sophia 匹配] C09FCEB0-9312-437E-B6B2-158FED93CA74.jpeg (相似度: 0.586)
  💖 [Sophia 匹配] 6A078090-AC4C-4ED6-9FCC-0BFD6A6A3166.jpeg (相似度: 0.678)
  💖 [Sophia 匹配] F0E5D984-13B9-4A00-A2B8-006DC36A0EBB.jpeg (相似度: 0.573)
  💖 [Sophia 匹配] 5048F534-01DB-4ADE-860F-6A465534A6C1.jpeg (相似度: 0.700)
  💜 [Sharon 匹配] 7C72A833-0289-4ABF-9BC0-16D2AA37864F.jpeg (相似度: 0.580)
  💖 [Sophia 匹配] A9546861-CC4D-4D83-AC91-455D42CB8B17.jpeg (相似度: 0.746)
  💖 [Sophia 匹配] 90EEC2AF-DB3D-471A-AC48-AE3DE40AC941.jpeg (相似度: 0.716)
  💖 [Sophia 匹配] B7118D07-4C5E-4F46-B10C-7E19197265C3.jpeg (相似度: 0.776)
  💖 [Sophia 匹配] C4DF26CB-F4CE-4377-8B3D-281A94ECDF39.jpeg (相似度: 0.715)
  💖 [Sophia 匹配] 652D5764-CB8D-4DE8-919C-4486341E8CBD.jpeg (相似度: 0.598)
  💖 [Sophia 匹配] D4781A7C-E665-4365-ABDA-D535BAF0F145.jpeg (相似度: 0.666)
  💖 [Sophia 匹配] A8ABE09B-7BF5-4CE5-8B88-AB16890E26BF.jpeg (相似度: 0.641)
  💖 [Sophia 匹配] 048DA4E6-A3D9-4B3C-9566-B662118B7FF4.jpeg (相似度: 0.589)
  💖 [Sophia 匹配] ED773ADA-4F4C-4A01-BBAC-654AB1CE3639.jpeg (相似度: 0.588)
  💖 [Sophia 匹配] 9DA2D871-AF52-4826-BC2E-E709A3C24BF7.jpeg (相似度: 0.714)
  💖 [Sophia 匹配] 1E76CA58-C2EB-4143-8557-E69F37BB5FD4.jpeg (相似度: 0.594)
  💖 [Sophia 匹配] DAD9F562-BE0F-46D3-A218-2DCE1A43C129.jpeg (相似度: 0.635)
  💜 [Sharon 匹配] 575699AB-7450-4E42-AF5B-3932B4D9F4AE.jpeg (相似度: 0.606)
  💖 [Sophia 匹配] 0716522C-2B72-4449-9B4C-2FA67095015F.jpeg (相似度: 0.777)
  💜 [Sharon 匹配] 0716522C-2B72-4449-9B4C-2FA67095015F.jpeg (相似度: 0.611)
  💖 [Sophia 匹配] CD57BE3F-E3B0-4D78-A27B-16BE29FC5076.jpeg (相似度: 0.665)
  💜 [Sharon 匹配] CD57BE3F-E3B0-4D78-A27B-16BE29FC5076.jpeg (相似度: 0.595)
  💖 [Sophia 匹配] 1099A546-B091-4DFC-A50A-2100069E28CF.jpeg (相似度: 0.670)
  💖 [Sophia 匹配] A45BDB78-DFE3-4D4A-995E-70E3C138E9D0.jpeg (相似度: 0.704)
  💜 [Sharon 匹配] EF5661CF-340B-4332-AFC9-9EECB9DF8F59_1_201_a.jpeg (相似度: 0.602)
  💖 [Sophia 匹配] F21EC8B0-1648-41C5-82F6-4FAFDA416E16.jpeg (相似度: 0.713)
  💜 [Sharon 匹配] 05107094-AD6B-4380-ACC8-776F94BEA355.jpeg (相似度: 0.501)
  💜 [Sharon 匹配] ACAE0091-49BB-4709-96F4-763B83A19822.jpeg (相似度: 0.615)
  💜 [Sharon 匹配] 82EC8A5B-D4E0-48B4-A629-BF58C1ADC8AB.jpeg (相似度: 0.530)
  💜 [Sharon 匹配] D1BB25AB-226C-4B4D-B1B6-02DD3CD4ECE7.jpeg (相似度: 0.482)
  💖 [Sophia 匹配] D908BB9F-7903-4153-AA93-61C2FCAA788A.jpeg (相似度: 0.648)
  💜 [Sharon 匹配] D908BB9F-7903-4153-AA93-61C2FCAA788A.jpeg (相似度: 0.543)
  💜 [Sharon 匹配] 1914AE55-3E35-47EF-B3B4-0B0E61C3CC24_1_201_a.jpeg (相似度: 0.593)
  💜 [Sharon 匹配] C5ED1263-1231-468C-91A1-119A41AEBBC2.jpeg (相似度: 0.611)
  💜 [Sharon 匹配] 4B9BC8B8-6E02-4383-8219-7B1C93B4D429_1_201_a.jpeg (相似度: 0.598)
  💖 [Sophia 匹配] 4B9BC8B8-6E02-4383-8219-7B1C93B4D429_1_201_a.jpeg (相似度: 0.786)
  💜 [Sharon 匹配] 03BF0E8B-9819-4C85-9A6B-E493BF9A2AF1.jpeg (相似度: 0.664)
  💖 [Sophia 匹配] 0DB34B7A-551B-4817-9741-4401CF56801B.jpeg (相似度: 0.750)
  💜 [Sharon 匹配] 0DB34B7A-551B-4817-9741-4401CF56801B.jpeg (相似度: 0.714)
  💖 [Sophia 匹配] 069EA691-B3DA-4039-8ECF-720801345B9E.jpeg (相似度: 0.694)
  💜 [Sharon 匹配] 069EA691-B3DA-4039-8ECF-720801345B9E.jpeg (相似度: 0.713)
  💜 [Sharon 匹配] 56B9270A-0480-4D4D-8F59-1039E6959190.jpeg (相似度: 0.689)
  💖 [Sophia 匹配] 56B9270A-0480-4D4D-8F59-1039E6959190.jpeg (相似度: 0.694)
  💖 [Sophia 匹配] 431851F8-0D99-457F-843A-EFDD870A7733.jpeg (相似度: 0.669)
  💖 [Sophia 匹配] 85B07330-1F6F-4208-9967-CBC292BDB17A.jpeg (相似度: 0.540)
  💖 [Sophia 匹配] 69D75DEF-F523-40DD-8546-8E66E1018CC0.jpeg (相似度: 0.488)
  💜 [Sharon 匹配] 0888E135-A48E-46AB-AECB-7CE1D0717A88.jpeg (相似度: 0.537)
  💜 [Sharon 匹配] 72B0248B-2A15-4C8B-B8DF-705CF1D1E97D.jpeg (相似度: 0.579)
  💜 [Sharon 匹配] 739F87CF-89E3-4E41-85BE-AEDF7D318ED8.jpeg (相似度: 0.724)
  💜 [Sharon 匹配] 69F507EB-BDD4-482D-BA63-55BF8E49E102.jpeg (相似度: 0.678)
  💜 [Sharon 匹配] 21D4FAE6-0BE2-4FE2-AC04-B7108AB262A6.jpeg (相似度: 0.639)
  💖 [Sophia 匹配] 675E3200-D83A-4F7B-ACBA-05557F110C24.jpeg (相似度: 0.634)
  💖 [Sophia 匹配] IMG_2039.JPG (相似度: 0.591)
  💖 [Sophia 匹配] IMG_2038.JPG (相似度: 0.510)
  💖 [Sophia 匹配] IMG_2048.JPG (相似度: 0.532)
  💖 [Sophia 匹配] IMG_2049.JPG (相似度: 0.524)
  💖 [Sophia 匹配] IMG_2084.JPG (相似度: 0.535)
  💜 [Sharon 匹配] IMG_2084.JPG (相似度: 0.632)
  💜 [Sharon 匹配] IMG_2047.JPG (相似度: 0.614)
  💜 [Sharon 匹配] IMG_2046.JPG (相似度: 0.549)
  💖 [Sophia 匹配] IMG_2046.JPG (相似度: 0.494)
  💖 [Sophia 匹配] IMG_2082.JPG (相似度: 0.552)
  💖 [Sophia 匹配] IMG_2040.JPG (相似度: 0.591)
  💖 [Sophia 匹配] IMG_2083.JPG (相似度: 0.512)
  💜 [Sharon 匹配] IMG_2081.JPG (相似度: 0.644)
  💖 [Sophia 匹配] IMG_2081.JPG (相似度: 0.508)
  💖 [Sophia 匹配] IMG_2042.JPG (相似度: 0.556)
  💜 [Sharon 匹配] IMG_2043.JPG (相似度: 0.673)
  💖 [Sophia 匹配] IMG_2043.JPG (相似度: 0.564)
  💖 [Sophia 匹配] IMG_2080.JPG (相似度: 0.540)
  💜 [Sharon 匹配] IMG_2080.JPG (相似度: 0.690)
  💜 [Sharon 匹配] IMG_1433.jpeg (相似度: 0.605)
  💜 [Sharon 匹配] IMG_1413.jpeg (相似度: 0.628)
  💜 [Sharon 匹配] IMG_1412.jpeg (相似度: 0.597)
  💜 [Sharon 匹配] IMG_1432.jpeg (相似度: 0.620)
  💜 [Sharon 匹配] IMG_1415.jpeg (相似度: 0.505)
  💜 [Sharon 匹配] IMG_6256.jpeg (相似度: 0.536)
  💜 [Sharon 匹配] IMG_6260.jpeg (相似度: 0.531)
  💜 [Sharon 匹配] IMG_6261.jpeg (相似度: 0.528)
  💜 [Sharon 匹配] IMG_1418.jpeg (相似度: 0.513)
  💜 [Sharon 匹配] IMG_6257.jpeg (相似度: 0.561)
  💜 [Sharon 匹配] IMG_1357.jpeg (相似度: 0.481)
  💜 [Sharon 匹配] IMG_1414.jpeg (相似度: 0.518)
  💜 [Sharon 匹配] IMG_6254.jpeg (相似度: 0.460)
  💜 [Sharon 匹配] IMG_1417.jpeg (相似度: 0.554)
  💜 [Sharon 匹配] IMG_6258.jpeg (相似度: 0.521)
  💜 [Sharon 匹配] IMG_6262.jpeg (相似度: 0.544)
  💜 [Sharon 匹配] IMG_6263.jpeg (相似度: 0.566)
  💜 [Sharon 匹配] IMG_1420.jpeg (相似度: 0.465)
⏳ 已辨識 500 / 5976 張相片 (132.8 秒)...
  💜 [Sharon 匹配] IMG_1416.jpeg (相似度: 0.472)
  💜 [Sharon 匹配] IMG_6255.jpeg (相似度: 0.479)
  💜 [Sharon 匹配] IMG_1431.jpeg (相似度: 0.588)
  💜 [Sharon 匹配] IMG_6252.jpeg (相似度: 0.598)
  💜 [Sharon 匹配] IMG_6253.jpeg (相似度: 0.606)
  💜 [Sharon 匹配] IMG_1430.jpeg (相似度: 0.647)
  💜 [Sharon 匹配] IMG_2491.jpeg (相似度: 0.537)
  💜 [Sharon 匹配] IMG_2490.jpeg (相似度: 0.541)
  💜 [Sharon 匹配] IMG_2489.jpeg (相似度: 0.491)
  💜 [Sharon 匹配] IMG_8760.jpeg (相似度: 0.508)
  💜 [Sharon 匹配] IMG_1672.jpeg (相似度: 0.536)
  💜 [Sharon 匹配] IMG_1706.jpeg (相似度: 0.471)
  💜 [Sharon 匹配] IMG_1674.jpeg (相似度: 0.585)
  💜 [Sharon 匹配] IMG_1704.jpeg (相似度: 0.597)
  💜 [Sharon 匹配] IMG_1705.jpeg (相似度: 0.582)
  💜 [Sharon 匹配] IMG_1671.jpeg (相似度: 0.517)
  💜 [Sharon 匹配] IMG_8763.jpeg (相似度: 0.558)
  💜 [Sharon 匹配] IMG_8762.jpeg (相似度: 0.546)
  💜 [Sharon 匹配] IMG_1703.jpeg (相似度: 0.596)
  💖 [Sophia 匹配] IMG_2367.JPG (相似度: 0.490)
  💖 [Sophia 匹配] IMG_2373.JPG (相似度: 0.506)
  💖 [Sophia 匹配] 4773787789729682352.344ae338f4098f7ccc89a72445c80c2c.22071815.JPG (相似度: 0.498)
  💖 [Sophia 匹配] 4773787789729682352.2fa829ff5958e5731021ec7a4618513e.22071815.JPG (相似度: 0.505)
  💖 [Sophia 匹配] IMG_2372.JPG (相似度: 0.539)
  💖 [Sophia 匹配] IMG_2366.JPG (相似度: 0.512)
  💖 [Sophia 匹配] IMG_2370.JPG (相似度: 0.500)
  💜 [Sharon 匹配] IMG_2370.JPG (相似度: 0.533)
  💖 [Sophia 匹配] IMG_2364.JPG (相似度: 0.510)
  💖 [Sophia 匹配] 4773787789729682352.2427c28db26d69155147a494920a75d8.22071815.JPG (相似度: 0.459)
  💖 [Sophia 匹配] IMG_2359.JPG (相似度: 0.513)
  💖 [Sophia 匹配] IMG_2365.JPG (相似度: 0.506)
  💖 [Sophia 匹配] IMG_2371.JPG (相似度: 0.494)
  💜 [Sharon 匹配] IMG_2371.JPG (相似度: 0.599)
  💖 [Sophia 匹配] IMG_2360.JPG (相似度: 0.473)
  💖 [Sophia 匹配] IMG_2362.JPG (相似度: 0.480)
  💖 [Sophia 匹配] IMG_2363.JPG (相似度: 0.515)
  💖 [Sophia 匹配] 4773787789729682352.f4817c57c50a828227aea917801f7758.22071815.JPG (相似度: 0.473)
  💖 [Sophia 匹配] 4773787789729682352.2f9323051e35296a92cf5c048bf40720.22071815.JPG (相似度: 0.504)
  💜 [Sharon 匹配] 4773787789729682352.2f9323051e35296a92cf5c048bf40720.22071815.JPG (相似度: 0.525)
  💜 [Sharon 匹配] 4773787789729682352.a1ff4f4cb86f544cac1deec323fd44a2.22071815.JPG (相似度: 0.551)
  💖 [Sophia 匹配] 4773787789729682352.6637dcc5b869019533359201769025f7.22071815.JPG (相似度: 0.450)
  💜 [Sharon 匹配] 4773787789729682352.fcc2177d7e26fa711effccf3d807522f.22071815.JPG (相似度: 0.496)
  💖 [Sophia 匹配] IMG_2368.JPG (相似度: 0.531)
  💖 [Sophia 匹配] IMG_2354.JPG (相似度: 0.457)
  💖 [Sophia 匹配] 4773787789729682352.7fde410982a69fa142b25a8767253975.22071815.JPG (相似度: 0.482)
  💜 [Sharon 匹配] 4773787789729682352.7fde410982a69fa142b25a8767253975.22071815.JPG (相似度: 0.596)
  💖 [Sophia 匹配] 4773787789729682352.e882001aca8e763b8d5da8554de67b5b.22071815.JPG (相似度: 0.464)
  💖 [Sophia 匹配] IMG_2369.JPG (相似度: 0.495)
  💜 [Sharon 匹配] IMG_2369.JPG (相似度: 0.502)
  💜 [Sharon 匹配] 4773787789729682352.66326b193ebcfb772a508d1c1f649a1a.22071815.JPG (相似度: 0.456)
  💜 [Sharon 匹配] IMG_1574.jpeg (相似度: 0.566)
  💜 [Sharon 匹配] IMG_1537.jpeg (相似度: 0.592)
  💜 [Sharon 匹配] IMG_1540.jpeg (相似度: 0.628)
  💜 [Sharon 匹配] IMG_1536.jpeg (相似度: 0.614)
  💜 [Sharon 匹配] IMG_1549.jpeg (相似度: 0.453)
  💜 [Sharon 匹配] IMG_1539.jpeg (相似度: 0.629)
  💜 [Sharon 匹配] IMG_1538.jpeg (相似度: 0.642)
  💜 [Sharon 匹配] IMG_1834.jpeg (相似度: 0.466)
  💜 [Sharon 匹配] IMG_1838.jpeg (相似度: 0.621)
  💜 [Sharon 匹配] IMG_1980.JPG (相似度: 0.539)
  💜 [Sharon 匹配] IMG_1837.jpeg (相似度: 0.612)
  💜 [Sharon 匹配] IMG_1979.JPG (相似度: 0.635)
  💜 [Sharon 匹配] IMG_1978.JPG (相似度: 0.578)
  💜 [Sharon 匹配] DSC05939.JPG (相似度: 0.716)
  💜 [Sharon 匹配] DSC05938.JPG (相似度: 0.705)
  💜 [Sharon 匹配] DSC05959.JPG (相似度: 0.678)
  💜 [Sharon 匹配] DSC05965.JPG (相似度: 0.650)
  💜 [Sharon 匹配] DSC05964.JPG (相似度: 0.644)
  💜 [Sharon 匹配] DSC05958.JPG (相似度: 0.607)
  💜 [Sharon 匹配] DSC05966.JPG (相似度: 0.645)
  💜 [Sharon 匹配] DSC05963.JPG (相似度: 0.651)
  💜 [Sharon 匹配] DSC05962.JPG (相似度: 0.551)
  💜 [Sharon 匹配] DSC05960.JPG (相似度: 0.633)
  💜 [Sharon 匹配] DSC05956.JPG (相似度: 0.573)
  💜 [Sharon 匹配] DSC05942.JPG (相似度: 0.716)
  💜 [Sharon 匹配] DSC05957.JPG (相似度: 0.655)
  💜 [Sharon 匹配] DSC05941.JPG (相似度: 0.718)
  💜 [Sharon 匹配] DSC05955.JPG (相似度: 0.578)
  💜 [Sharon 匹配] DSC05954.JPG (相似度: 0.629)
  💜 [Sharon 匹配] DSC05940.JPG (相似度: 0.707)
  💜 [Sharon 匹配] DSC05936.JPG (相似度: 0.687)
  💜 [Sharon 匹配] DSC05937.JPG (相似度: 0.574)
  💖 [Sophia 匹配] IMG_2039.JPG (相似度: 0.591)
  💖 [Sophia 匹配] IMG_2038.JPG (相似度: 0.510)
  💖 [Sophia 匹配] IMG_2048.JPG (相似度: 0.532)
  💖 [Sophia 匹配] IMG_2049.JPG (相似度: 0.524)
  💜 [Sharon 匹配] IMG_1823.JPG (相似度: 0.596)
  💖 [Sophia 匹配] IMG_2084.JPG (相似度: 0.535)
  💜 [Sharon 匹配] IMG_2084.JPG (相似度: 0.632)
  💜 [Sharon 匹配] IMG_2047.JPG (相似度: 0.614)
  💜 [Sharon 匹配] IMG_2046.JPG (相似度: 0.549)
  💖 [Sophia 匹配] IMG_2046.JPG (相似度: 0.494)
  💖 [Sophia 匹配] IMG_2082.JPG (相似度: 0.552)
  💖 [Sophia 匹配] IMG_2040.JPG (相似度: 0.591)
  💖 [Sophia 匹配] IMG_2083.JPG (相似度: 0.512)
  💜 [Sharon 匹配] IMG_2081.JPG (相似度: 0.644)
  💖 [Sophia 匹配] IMG_2081.JPG (相似度: 0.508)
  💖 [Sophia 匹配] IMG_2042.JPG (相似度: 0.556)
  💜 [Sharon 匹配] IMG_2043.JPG (相似度: 0.673)
  💖 [Sophia 匹配] IMG_2043.JPG (相似度: 0.564)
  💖 [Sophia 匹配] IMG_2080.JPG (相似度: 0.540)
  💜 [Sharon 匹配] IMG_2080.JPG (相似度: 0.690)
  💜 [Sharon 匹配] IMG_1354.jpeg (相似度: 0.690)
  💜 [Sharon 匹配] IMG_1355.jpeg (相似度: 0.695)
  💜 [Sharon 匹配] IMG_2830.JPG (相似度: 0.510)
  💜 [Sharon 匹配] IMG_2762.JPG (相似度: 0.488)
  💜 [Sharon 匹配] IMG_2831.JPG (相似度: 0.525)
  💜 [Sharon 匹配] IMG_2760.JPG (相似度: 0.620)
  💜 [Sharon 匹配] IMG_2761.JPG (相似度: 0.614)
  💜 [Sharon 匹配] IMG_2739.JPG (相似度: 0.670)
  💖 [Sophia 匹配] IMG_1025.JPG (相似度: 0.528)
  💜 [Sharon 匹配] IMG_1025.JPG (相似度: 0.599)
  💖 [Sophia 匹配] IMG_1032.JPG (相似度: 0.583)
  💜 [Sharon 匹配] IMG_2262.jpeg (相似度: 0.524)
  💜 [Sharon 匹配] IMG_2250.jpeg (相似度: 0.581)
  💜 [Sharon 匹配] IMG_1875.JPG (相似度: 0.519)
  💜 [Sharon 匹配] IMG_1849.JPG (相似度: 0.563)
  💜 [Sharon 匹配] IMG_1915.JPG (相似度: 0.523)
  💜 [Sharon 匹配] IMG_1929.JPG (相似度: 0.549)
  💜 [Sharon 匹配] IMG_2005.JPG (相似度: 0.550)
  💜 [Sharon 匹配] IMG_2004.JPG (相似度: 0.496)
  💜 [Sharon 匹配] IMG_1914.JPG (相似度: 0.581)
  💜 [Sharon 匹配] IMG_1848.JPG (相似度: 0.621)
  💜 [Sharon 匹配] IMG_1862.JPG (相似度: 0.633)
  💜 [Sharon 匹配] IMG_1876.JPG (相似度: 0.501)
  💜 [Sharon 匹配] IMG_1902.JPG (相似度: 0.663)
  💜 [Sharon 匹配] IMG_2007.JPG (相似度: 0.564)
  💜 [Sharon 匹配] IMG_1903.JPG (相似度: 0.565)
  💜 [Sharon 匹配] IMG_1877.JPG (相似度: 0.590)
  💜 [Sharon 匹配] IMG_1867.JPG (相似度: 0.473)
  💜 [Sharon 匹配] IMG_1913.JPG (相似度: 0.595)
  💜 [Sharon 匹配] IMG_1907.JPG (相似度: 0.659)
  💜 [Sharon 匹配] IMG_1906.JPG (相似度: 0.646)
  💜 [Sharon 匹配] IMG_1912.JPG (相似度: 0.632)
  💜 [Sharon 匹配] IMG_1872.JPG (相似度: 0.585)
  💜 [Sharon 匹配] IMG_1858.JPG (相似度: 0.600)
  💜 [Sharon 匹配] IMG_1870.JPG (相似度: 0.633)
  💜 [Sharon 匹配] IMG_1864.JPG (相似度: 0.529)
  💜 [Sharon 匹配] IMG_1938.JPG (相似度: 0.621)
  💜 [Sharon 匹配] IMG_1904.JPG (相似度: 0.473)
  💜 [Sharon 匹配] IMG_1910.JPG (相似度: 0.633)
  💜 [Sharon 匹配] IMG_1911.JPG (相似度: 0.583)
  💜 [Sharon 匹配] IMG_1905.JPG (相似度: 0.563)
  💜 [Sharon 匹配] IMG_1939.JPG (相似度: 0.522)
  💜 [Sharon 匹配] IMG_1865.JPG (相似度: 0.578)
  💜 [Sharon 匹配] IMG_1871.JPG (相似度: 0.563)
  💜 [Sharon 匹配] IMG_1859.JPG (相似度: 0.658)
  💜 [Sharon 匹配] IMG_1988.JPG (相似度: 0.534)
  💜 [Sharon 匹配] IMG_1948.JPG (相似度: 0.597)
  💜 [Sharon 匹配] IMG_1954.JPG (相似度: 0.453)
  💜 [Sharon 匹配] IMG_1940.JPG (相似度: 0.533)
  💜 [Sharon 匹配] IMG_1941.JPG (相似度: 0.501)
  💜 [Sharon 匹配] IMG_1945.JPG (相似度: 0.551)
  💜 [Sharon 匹配] IMG_1854.JPG (相似度: 0.489)
  💜 [Sharon 匹配] IMG_1868.JPG (相似度: 0.524)
  💜 [Sharon 匹配] IMG_1934.JPG (相似度: 0.477)
  💜 [Sharon 匹配] IMG_1908.JPG (相似度: 0.489)
  💜 [Sharon 匹配] IMG_1909.JPG (相似度: 0.603)
  💜 [Sharon 匹配] IMG_1869.JPG (相似度: 0.586)
  💜 [Sharon 匹配] IMG_1855.JPG (相似度: 0.586)
  💜 [Sharon 匹配] IMG_1857.JPG (相似度: 0.611)
  💜 [Sharon 匹配] IMG_1937.JPG (相似度: 0.527)
  💜 [Sharon 匹配] IMG_1922.JPG (相似度: 0.531)
  💜 [Sharon 匹配] IMG_1856.JPG (相似度: 0.553)
  💜 [Sharon 匹配] IMG_1852.JPG (相似度: 0.633)
  💜 [Sharon 匹配] IMG_1933.JPG (相似度: 0.477)
  💜 [Sharon 匹配] IMG_1853.JPG (相似度: 0.581)
  💜 [Sharon 匹配] IMG_1847.JPG (相似度: 0.579)
  💜 [Sharon 匹配] IMG_1879.JPG (相似度: 0.494)
  💜 [Sharon 匹配] IMG_1851.JPG (相似度: 0.663)
  💜 [Sharon 匹配] IMG_1845.JPG (相似度: 0.597)
  💜 [Sharon 匹配] IMG_1931.JPG (相似度: 0.580)
  💜 [Sharon 匹配] IMG_2009.JPG (相似度: 0.623)
  💜 [Sharon 匹配] IMG_2008.JPG (相似度: 0.487)
  💜 [Sharon 匹配] IMG_1930.JPG (相似度: 0.513)
  💜 [Sharon 匹配] IMG_1918.JPG (相似度: 0.661)
  💜 [Sharon 匹配] IMG_1844.JPG (相似度: 0.609)
  💜 [Sharon 匹配] IMG_1850.JPG (相似度: 0.604)
  💜 [Sharon 匹配] IMG_8588.JPG (相似度: 0.560)
  💖 [Sophia 匹配] IMG_8588.JPG (相似度: 0.488)
  💜 [Sharon 匹配] IMG_8563.JPG (相似度: 0.616)
  💖 [Sophia 匹配] IMG_8563.JPG (相似度: 0.548)
  💜 [Sharon 匹配] IMG_8589.JPG (相似度: 0.605)
  💖 [Sophia 匹配] IMG_8589.JPG (相似度: 0.532)
  💖 [Sophia 匹配] IMG_8600.JPG (相似度: 0.599)
  💜 [Sharon 匹配] IMG_8574.JPG (相似度: 0.619)
  💖 [Sophia 匹配] IMG_8575.JPG (相似度: 0.587)
  💜 [Sharon 匹配] IMG_8575.JPG (相似度: 0.635)
  💜 [Sharon 匹配] IMG_8571.JPG (相似度: 0.588)
  💖 [Sophia 匹配] IMG_8571.JPG (相似度: 0.543)
  💖 [Sophia 匹配] IMG_8565.JPG (相似度: 0.513)
  💖 [Sophia 匹配] IMG_8564.JPG (相似度: 0.509)
  💜 [Sharon 匹配] IMG_8564.JPG (相似度: 0.662)
⏳ 已辨識 1000 / 5976 張相片 (300.0 秒)...
  💖 [Sophia 匹配] IMG_8570.JPG (相似度: 0.558)
  💜 [Sharon 匹配] IMG_8570.JPG (相似度: 0.557)
  💜 [Sharon 匹配] IMG_8572.JPG (相似度: 0.643)
  💖 [Sophia 匹配] IMG_8572.JPG (相似度: 0.551)
  💖 [Sophia 匹配] IMG_8595.JPG (相似度: 0.567)
  💜 [Sharon 匹配] IMG_8594.JPG (相似度: 0.611)
  💖 [Sophia 匹配] IMG_8594.JPG (相似度: 0.540)
  💖 [Sophia 匹配] IMG_8596.JPG (相似度: 0.493)
  💜 [Sharon 匹配] IMG_8583.JPG (相似度: 0.566)
  💖 [Sophia 匹配] IMG_8583.JPG (相似度: 0.513)
  💜 [Sharon 匹配] IMG_8587.JPG (相似度: 0.560)
  💖 [Sophia 匹配] IMG_8587.JPG (相似度: 0.511)
  💜 [Sharon 匹配] IMG_8578.JPG (相似度: 0.588)
  💜 [Sharon 匹配] IMG_8579.JPG (相似度: 0.608)
  💜 [Sharon 匹配] IMG_8586.JPG (相似度: 0.623)
  💖 [Sophia 匹配] IMG_8586.JPG (相似度: 0.492)
  💜 [Sharon 匹配] IMG_8584.JPG (相似度: 0.542)
  💜 [Sharon 匹配] IMG_8590.JPG (相似度: 0.591)
  💖 [Sophia 匹配] IMG_8590.JPG (相似度: 0.534)
  💜 [Sharon 匹配] IMG_8591.JPG (相似度: 0.632)
  💖 [Sophia 匹配] IMG_8591.JPG (相似度: 0.553)
  💜 [Sharon 匹配] IMG_8585.JPG (相似度: 0.550)
  💜 [Sharon 匹配] IMG_7877.jpeg (相似度: 0.588)
  💜 [Sharon 匹配] IMG_7800.jpeg (相似度: 0.578)
  💜 [Sharon 匹配] IMG_7769.jpeg (相似度: 0.535)
  💜 [Sharon 匹配] IMG_7867.jpeg (相似度: 0.652)
  💜 [Sharon 匹配] IMG_7868.jpeg (相似度: 0.637)
  💜 [Sharon 匹配] IMG_7770.jpeg (相似度: 0.531)
  💜 [Sharon 匹配] IMG_7880.jpeg (相似度: 0.609)
  💜 [Sharon 匹配] IMG_7878.jpeg (相似度: 0.607)
  💜 [Sharon 匹配] IMG_7858.jpeg (相似度: 0.558)
  💜 [Sharon 匹配] IMG_8492.JPG (相似度: 0.681)
  💖 [Sophia 匹配] IMG_7649.JPG (相似度: 0.543)
  💜 [Sharon 匹配] IMG_8110.jpeg (相似度: 0.491)
  💜 [Sharon 匹配] IMG_8147.jpeg (相似度: 0.635)
  💜 [Sharon 匹配] IMG_8043.jpeg (相似度: 0.646)
  💜 [Sharon 匹配] IMG_8192.jpeg (相似度: 0.459)
  💜 [Sharon 匹配] IMG_8080.jpeg (相似度: 0.572)
  💜 [Sharon 匹配] IMG_8215.jpeg (相似度: 0.568)
  💜 [Sharon 匹配] IMG_8079.jpeg (相似度: 0.551)
  💜 [Sharon 匹配] IMG_8184.jpeg (相似度: 0.549)
  💜 [Sharon 匹配] IMG_8059.jpeg (相似度: 0.482)
  💜 [Sharon 匹配] IMG_8126.jpeg (相似度: 0.547)
  💜 [Sharon 匹配] IMG_8075.jpeg (相似度: 0.522)
  💜 [Sharon 匹配] IMG_8219.jpeg (相似度: 0.622)
  💜 [Sharon 匹配] IMG_8167.jpeg (相似度: 0.589)
  💜 [Sharon 匹配] IMG_8166.jpeg (相似度: 0.606)
  💜 [Sharon 匹配] IMG_8131.jpeg (相似度: 0.562)
  💜 [Sharon 匹配] IMG_8062.jpeg (相似度: 0.663)
  💜 [Sharon 匹配] IMG_8127.jpeg (相似度: 0.522)
  💜 [Sharon 匹配] IMG_8185.jpeg (相似度: 0.654)
  💜 [Sharon 匹配] IMG_8078.jpeg (相似度: 0.580)
  💜 [Sharon 匹配] IMG_8081.jpeg (相似度: 0.708)
  💜 [Sharon 匹配] IMG_8146.jpeg (相似度: 0.643)
  💜 [Sharon 匹配] IMG_8111.jpeg (相似度: 0.543)
  💜 [Sharon 匹配] IMG_8049.jpeg (相似度: 0.613)
  💜 [Sharon 匹配] IMG_8225.jpeg (相似度: 0.669)
  💜 [Sharon 匹配] IMG_8177.jpeg (相似度: 0.489)
  💜 [Sharon 匹配] IMG_8120.jpeg (相似度: 0.590)
  💜 [Sharon 匹配] IMG_8073.jpeg (相似度: 0.516)
  💜 [Sharon 匹配] IMG_8248.jpeg (相似度: 0.532)
  💜 [Sharon 匹配] IMG_8157.jpeg (相似度: 0.639)
  💜 [Sharon 匹配] IMG_8229.jpeg (相似度: 0.617)
  💜 [Sharon 匹配] IMG_8045.jpeg (相似度: 0.651)
  💜 [Sharon 匹配] IMG_8252.jpeg (相似度: 0.571)
  💜 [Sharon 匹配] IMG_8069.jpeg (相似度: 0.509)
  💜 [Sharon 匹配] IMG_8086.jpeg (相似度: 0.454)
  💜 [Sharon 匹配] IMG_8213.jpeg (相似度: 0.620)
  💜 [Sharon 匹配] IMG_8090.jpeg (相似度: 0.555)
  💜 [Sharon 匹配] IMG_8028.jpeg (相似度: 0.647)
  💜 [Sharon 匹配] IMG_8182.jpeg (相似度: 0.642)
  💜 [Sharon 匹配] IMG_8212.jpeg (相似度: 0.597)
  💜 [Sharon 匹配] IMG_8068.jpeg (相似度: 0.470)
  💜 [Sharon 匹配] IMG_8253.jpeg (相似度: 0.667)
  💜 [Sharon 匹配] IMG_8101.jpeg (相似度: 0.539)
  💜 [Sharon 匹配] IMG_8228.jpeg (相似度: 0.618)
  💜 [Sharon 匹配] IMG_8156.jpeg (相似度: 0.612)
  💜 [Sharon 匹配] IMG_8052.jpeg (相似度: 0.501)
  💜 [Sharon 匹配] IMG_8249.jpeg (相似度: 0.631)
  💜 [Sharon 匹配] IMG_8137.jpeg (相似度: 0.483)
  💜 [Sharon 匹配] IMG_8121.jpeg (相似度: 0.589)
  💜 [Sharon 匹配] IMG_8088.jpeg (相似度: 0.552)
  💜 [Sharon 匹配] IMG_8122.jpeg (相似度: 0.553)
  💜 [Sharon 匹配] IMG_8067.jpeg (相似度: 0.532)
  💜 [Sharon 匹配] IMG_8227.jpeg (相似度: 0.629)
  💜 [Sharon 匹配] IMG_8159.jpeg (相似度: 0.469)
  💜 [Sharon 匹配] IMG_8231.jpeg (相似度: 0.620)
  💜 [Sharon 匹配] IMG_8118.jpeg (相似度: 0.615)
  💜 [Sharon 匹配] IMG_8180.jpeg (相似度: 0.622)
  💜 [Sharon 匹配] IMG_8092.jpeg (相似度: 0.665)
  💜 [Sharon 匹配] IMG_8138.jpeg (相似度: 0.575)
  💜 [Sharon 匹配] IMG_8211.jpeg (相似度: 0.523)
  💜 [Sharon 匹配] IMG_8179.jpeg (相似度: 0.652)
  💜 [Sharon 匹配] IMG_8250.jpeg (相似度: 0.573)
  💜 [Sharon 匹配] IMG_8102.jpeg (相似度: 0.527)
  💜 [Sharon 匹配] IMG_8143.jpeg (相似度: 0.600)
  💜 [Sharon 匹配] IMG_8051.jpeg (相似度: 0.516)
  💜 [Sharon 匹配] IMG_8114.jpeg (相似度: 0.682)
  💜 [Sharon 匹配] IMG_8115.jpeg (相似度: 0.666)
  💜 [Sharon 匹配] IMG_8142.jpeg (相似度: 0.619)
  💜 [Sharon 匹配] IMG_8251.jpeg (相似度: 0.558)
  💜 [Sharon 匹配] IMG_8178.jpeg (相似度: 0.486)
  💜 [Sharon 匹配] IMG_8085.jpeg (相似度: 0.512)
  💜 [Sharon 匹配] IMG_8093.jpeg (相似度: 0.624)
  💜 [Sharon 匹配] IMG_8139.jpeg (相似度: 0.528)
  💜 [Sharon 匹配] IMG_8247.jpeg (相似度: 0.485)
  💜 [Sharon 匹配] IMG_8181.jpeg (相似度: 0.641)
  💜 [Sharon 匹配] IMG_8119.jpeg (相似度: 0.625)
  💜 [Sharon 匹配] IMG_8230.jpeg (相似度: 0.575)
  💜 [Sharon 匹配] IMG_8158.jpeg (相似度: 0.469)
  💜 [Sharon 匹配] IMG_8226.jpeg (相似度: 0.632)
  💜 [Sharon 匹配] IMG_8089.jpeg (相似度: 0.532)
  💜 [Sharon 匹配] IMG_8123.jpeg (相似度: 0.578)
  💜 [Sharon 匹配] IMG_8066.jpeg (相似度: 0.548)
  💜 [Sharon 匹配] IMG_8070.jpeg (相似度: 0.548)
  💜 [Sharon 匹配] IMG_8186.jpeg (相似度: 0.617)
  💜 [Sharon 匹配] IMG_8094.jpeg (相似度: 0.667)
  💜 [Sharon 匹配] IMG_8082.jpeg (相似度: 0.672)
  💜 [Sharon 匹配] IMG_8104.jpeg (相似度: 0.523)
  💜 [Sharon 匹配] IMG_8145.jpeg (相似度: 0.613)
  💜 [Sharon 匹配] IMG_8112.jpeg (相似度: 0.671)
  💜 [Sharon 匹配] IMG_8165.jpeg (相似度: 0.611)
  💜 [Sharon 匹配] IMG_8132.jpeg (相似度: 0.548)
  💜 [Sharon 匹配] IMG_8077.jpeg (相似度: 0.516)
  💜 [Sharon 匹配] IMG_8124.jpeg (相似度: 0.567)
  💜 [Sharon 匹配] IMG_8108.jpeg (相似度: 0.471)
  💜 [Sharon 匹配] IMG_8149.jpeg (相似度: 0.653)
  💜 [Sharon 匹配] IMG_8237.jpeg (相似度: 0.625)
  💜 [Sharon 匹配] IMG_8236.jpeg (相似度: 0.605)
  💜 [Sharon 匹配] IMG_8148.jpeg (相似度: 0.640)
  💜 [Sharon 匹配] IMG_8109.jpeg (相似度: 0.571)
  💜 [Sharon 匹配] IMG_8220.jpeg (相似度: 0.616)
  💜 [Sharon 匹配] IMG_8125.jpeg (相似度: 0.599)
  💜 [Sharon 匹配] IMG_8133.jpeg (相似度: 0.688)
  💜 [Sharon 匹配] IMG_8113.jpeg (相似度: 0.675)
  💜 [Sharon 匹配] IMG_8144.jpeg (相似度: 0.632)
  💜 [Sharon 匹配] IMG_8191.jpeg (相似度: 0.506)
  💜 [Sharon 匹配] IMG_8129.jpeg (相似度: 0.477)
  💜 [Sharon 匹配] IMG_8083.jpeg (相似度: 0.678)
  💜 [Sharon 匹配] IMG_8095.jpeg (相似度: 0.650)
  💜 [Sharon 匹配] IMG_8366.jpeg (相似度: 0.595)
  💜 [Sharon 匹配] IMG_8367.jpeg (相似度: 0.510)
  💜 [Sharon 匹配] IMG_8388.jpeg (相似度: 0.576)
  💜 [Sharon 匹配] IMG_8376.jpeg (相似度: 0.596)
  💜 [Sharon 匹配] IMG_8395.jpeg (相似度: 0.633)
  💜 [Sharon 匹配] IMG_8377.jpeg (相似度: 0.588)
  💜 [Sharon 匹配] IMG_8381.jpeg (相似度: 0.583)
  💜 [Sharon 匹配] IMG_8006.jpeg (相似度: 0.672)
  💜 [Sharon 匹配] IMG_8378.jpeg (相似度: 0.598)
  💜 [Sharon 匹配] IMG_8396.jpeg (相似度: 0.615)
  💜 [Sharon 匹配] IMG_8380.jpeg (相似度: 0.626)
  💜 [Sharon 匹配] IMG_8387.jpeg (相似度: 0.556)
  💜 [Sharon 匹配] IMG_8348.jpeg (相似度: 0.450)
  💜 [Sharon 匹配] IMG_8373.jpeg (相似度: 0.526)
  💜 [Sharon 匹配] IMG_8021.jpeg (相似度: 0.639)
  💜 [Sharon 匹配] IMG_8386.jpeg (相似度: 0.572)
  💜 [Sharon 匹配] IMG_8433.jpeg (相似度: 0.649)
  💜 [Sharon 匹配] IMG_8432.jpeg (相似度: 0.681)
  💜 [Sharon 匹配] IMG_8435.jpeg (相似度: 0.644)
  💜 [Sharon 匹配] IMG_8442.jpeg (相似度: 0.615)
  💜 [Sharon 匹配] IMG_8439.jpeg (相似度: 0.639)
  💜 [Sharon 匹配] IMG_8438.jpeg (相似度: 0.644)
  💜 [Sharon 匹配] IMG_8443.jpeg (相似度: 0.648)
  💜 [Sharon 匹配] IMG_8434.jpeg (相似度: 0.657)
  💜 [Sharon 匹配] IMG_8437.jpeg (相似度: 0.679)
  💜 [Sharon 匹配] IMG_8440.jpeg (相似度: 0.513)
  💜 [Sharon 匹配] IMG_8436.jpeg (相似度: 0.648)
  💜 [Sharon 匹配] IMG_8431.jpeg (相似度: 0.690)
  💜 [Sharon 匹配] IMG_7817.jpeg (相似度: 0.611)
  💜 [Sharon 匹配] IMG_7806.jpeg (相似度: 0.541)
  💜 [Sharon 匹配] IMG_7846.jpeg (相似度: 0.546)
  💜 [Sharon 匹配] IMG_7845.jpeg (相似度: 0.546)
  💜 [Sharon 匹配] IMG_7848.jpeg (相似度: 0.515)
  💜 [Sharon 匹配] IMG_7823.jpeg (相似度: 0.642)
  💜 [Sharon 匹配] IMG_7479.jpeg (相似度: 0.636)
  💜 [Sharon 匹配] IMG_7474.jpeg (相似度: 0.692)
  💜 [Sharon 匹配] IMG_7555.jpeg (相似度: 0.560)
  💜 [Sharon 匹配] IMG_7557.jpeg (相似度: 0.538)
  💜 [Sharon 匹配] IMG_7556.jpeg (相似度: 0.488)
  💖 [Sophia 匹配] IMG_7939.JPG (相似度: 0.494)
  💖 [Sophia 匹配] 1C6510BE-5246-4BD2-A92A-1C7DE9E70A24-COLLAGE.JPG (相似度: 0.601)
  💖 [Sophia 匹配] 1C6510BE-5246-4BD2-A92A-1C7DE9E70A24-COLLAGE.JPG (相似度: 0.506)
  💜 [Sharon 匹配] 1C6510BE-5246-4BD2-A92A-1C7DE9E70A24-COLLAGE.JPG (相似度: 0.666)
  💜 [Sharon 匹配] 1C6510BE-5246-4BD2-A92A-1C7DE9E70A24-COLLAGE.JPG (相似度: 0.695)
  💜 [Sharon 匹配] 1C6510BE-5246-4BD2-A92A-1C7DE9E70A24-COLLAGE.JPG (相似度: 0.602)
  💜 [Sharon 匹配] 1C6510BE-5246-4BD2-A92A-1C7DE9E70A24-COLLAGE.JPG (相似度: 0.683)
  💜 [Sharon 匹配] 1C6510BE-5246-4BD2-A92A-1C7DE9E70A24-COLLAGE.JPG (相似度: 0.585)
  💖 [Sophia 匹配] 1C6510BE-5246-4BD2-A92A-1C7DE9E70A24-COLLAGE.JPG (相似度: 0.475)
  💖 [Sophia 匹配] 1C6510BE-5246-4BD2-A92A-1C7DE9E70A24-COLLAGE.JPG (相似度: 0.494)
  💖 [Sophia 匹配] 1C6510BE-5246-4BD2-A92A-1C7DE9E70A24-COLLAGE.JPG (相似度: 0.587)
  💖 [Sophia 匹配] 1C6510BE-5246-4BD2-A92A-1C7DE9E70A24-COLLAGE.JPG (相似度: 0.568)
  💖 [Sophia 匹配] 1C6510BE-5246-4BD2-A92A-1C7DE9E70A24-COLLAGE.JPG (相似度: 0.543)
  💜 [Sharon 匹配] 1C6510BE-5246-4BD2-A92A-1C7DE9E70A24-COLLAGE.JPG (相似度: 0.714)
  💜 [Sharon 匹配] 1C6510BE-5246-4BD2-A92A-1C7DE9E70A24-COLLAGE.JPG (相似度: 0.632)
  💖 [Sophia 匹配] 1C6510BE-5246-4BD2-A92A-1C7DE9E70A24-COLLAGE.JPG (相似度: 0.680)
  💜 [Sharon 匹配] 1C6510BE-5246-4BD2-A92A-1C7DE9E70A24-COLLAGE.JPG (相似度: 0.561)
  💖 [Sophia 匹配] 1C6510BE-5246-4BD2-A92A-1C7DE9E70A24-COLLAGE.JPG (相似度: 0.561)
  💖 [Sophia 匹配] 1C6510BE-5246-4BD2-A92A-1C7DE9E70A24-COLLAGE.JPG (相似度: 0.568)
  💜 [Sharon 匹配] 1C6510BE-5246-4BD2-A92A-1C7DE9E70A24-COLLAGE.JPG (相似度: 0.661)
  💜 [Sharon 匹配] 1C6510BE-5246-4BD2-A92A-1C7DE9E70A24-COLLAGE.JPG (相似度: 0.610)
  💜 [Sharon 匹配] 1C6510BE-5246-4BD2-A92A-1C7DE9E70A24-COLLAGE.JPG (相似度: 0.499)
  💜 [Sharon 匹配] IMG_8278.jpeg (相似度: 0.602)
  💜 [Sharon 匹配] IMG_8259.jpeg (相似度: 0.606)
  💜 [Sharon 匹配] IMG_8330.jpeg (相似度: 0.459)
  💜 [Sharon 匹配] IMG_8337.jpeg (相似度: 0.579)
  💜 [Sharon 匹配] IMG_8316.jpeg (相似度: 0.470)
  💜 [Sharon 匹配] IMG_8290.jpeg (相似度: 0.639)
  💜 [Sharon 匹配] IMG_8286.jpeg (相似度: 0.625)
  💜 [Sharon 匹配] IMG_8269.jpeg (相似度: 0.496)
  💜 [Sharon 匹配] IMG_8336.jpeg (相似度: 0.518)
  💜 [Sharon 匹配] IMG_8273.jpeg (相似度: 0.523)
  💜 [Sharon 匹配] IMG_8266.jpeg (相似度: 0.571)
  💜 [Sharon 匹配] IMG_8289.jpeg (相似度: 0.635)
  💜 [Sharon 匹配] IMG_8323.jpeg (相似度: 0.602)
  💜 [Sharon 匹配] IMG_8315.jpeg (相似度: 0.584)
  💜 [Sharon 匹配] IMG_8339.jpeg (相似度: 0.693)
  💜 [Sharon 匹配] IMG_8292.jpeg (相似度: 0.644)
  💜 [Sharon 匹配] IMG_8302.jpeg (相似度: 0.581)
  💜 [Sharon 匹配] IMG_8288.jpeg (相似度: 0.675)
  💜 [Sharon 匹配] IMG_8322.jpeg (相似度: 0.579)
  💜 [Sharon 匹配] IMG_8318.jpeg (相似度: 0.478)
  💜 [Sharon 匹配] IMG_8313.jpeg (相似度: 0.679)
  💜 [Sharon 匹配] IMG_8324.jpeg (相似度: 0.608)
  💜 [Sharon 匹配] IMG_8332.jpeg (相似度: 0.507)
  💖 [Sophia 匹配] IMG_7502.JPG (相似度: 0.515)
  💜 [Sharon 匹配] IMG_8448.JPG (相似度: 0.588)
  💜 [Sharon 匹配] IMG_7733.jpeg (相似度: 0.744)
  💜 [Sharon 匹配] IMG_7732.jpeg (相似度: 0.719)
  💜 [Sharon 匹配] IMG_7735.jpeg (相似度: 0.693)
  💜 [Sharon 匹配] IMG_7734.jpeg (相似度: 0.632)
  💜 [Sharon 匹配] IMG_7687.jpeg (相似度: 0.603)
  💜 [Sharon 匹配] IMG_7731.jpeg (相似度: 0.693)
  💜 [Sharon 匹配] IMG_7727.jpeg (相似度: 0.688)
  💜 [Sharon 匹配] IMG_7726.jpeg (相似度: 0.630)
  💜 [Sharon 匹配] IMG_7730.jpeg (相似度: 0.741)
  💜 [Sharon 匹配] IMG_7532.jpeg (相似度: 0.600)
  💜 [Sharon 匹配] IMG_7640.jpeg (相似度: 0.587)
  💜 [Sharon 匹配] IMG_7641.jpeg (相似度: 0.614)
  💜 [Sharon 匹配] IMG_7579.jpeg (相似度: 0.587)
  💜 [Sharon 匹配] IMG_7580.jpeg (相似度: 0.487)
  💜 [Sharon 匹配] IMG_7581.jpeg (相似度: 0.513)
  💜 [Sharon 匹配] IMG_7578.jpeg (相似度: 0.686)
  💜 [Sharon 匹配] IMG_7605.jpeg (相似度: 0.611)
  💜 [Sharon 匹配] IMG_7577.jpeg (相似度: 0.618)
  💜 [Sharon 匹配] IMG_7604.jpeg (相似度: 0.630)
  💜 [Sharon 匹配] IMG_7526.jpeg (相似度: 0.623)
  💜 [Sharon 匹配] IMG_7642.jpeg (相似度: 0.560)
  💜 [Sharon 匹配] IMG_7603.jpeg (相似度: 0.638)
  💜 [Sharon 匹配] IMG_7602.jpeg (相似度: 0.678)
  💜 [Sharon 匹配] IMG_7375.jpeg (相似度: 0.545)
  💜 [Sharon 匹配] IMG_7441.jpeg (相似度: 0.521)
  💜 [Sharon 匹配] IMG_7440.jpeg (相似度: 0.602)
  💜 [Sharon 匹配] IMG_7374.jpeg (相似度: 0.564)
  💜 [Sharon 匹配] IMG_7451.jpeg (相似度: 0.605)
  💜 [Sharon 匹配] IMG_7390.jpeg (相似度: 0.533)
⏳ 已辨識 1500 / 5976 張相片 (436.6 秒)...
  💜 [Sharon 匹配] IMG_7446.jpeg (相似度: 0.633)
  💜 [Sharon 匹配] IMG_7411.jpeg (相似度: 0.451)
  💜 [Sharon 匹配] IMG_7445.jpeg (相似度: 0.648)
  💜 [Sharon 匹配] IMG_7412.jpeg (相似度: 0.568)
  💜 [Sharon 匹配] IMG_7388.jpeg (相似度: 0.591)
  💜 [Sharon 匹配] IMG_7389.jpeg (相似度: 0.533)
  💜 [Sharon 匹配] IMG_7385.jpeg (相似度: 0.575)
  💜 [Sharon 匹配] IMG_7413.jpeg (相似度: 0.542)
  💜 [Sharon 匹配] IMG_7444.jpeg (相似度: 0.671)
  💜 [Sharon 匹配] IMG_7377.jpeg (相似度: 0.524)
  💜 [Sharon 匹配] IMG_7443.jpeg (相似度: 0.663)
  💜 [Sharon 匹配] IMG_7382.jpeg (相似度: 0.537)
  💜 [Sharon 匹配] IMG_7439.jpeg (相似度: 0.589)
  💜 [Sharon 匹配] IMG_7383.jpeg (相似度: 0.557)
  💜 [Sharon 匹配] IMG_7415.jpeg (相似度: 0.567)
  💜 [Sharon 匹配] IMG_7442.jpeg (相似度: 0.586)
  💜 [Sharon 匹配] IMG_7376.jpeg (相似度: 0.510)
  💜 [Sharon 匹配] IMG_8517.jpeg (相似度: 0.609)
  💖 [Sophia 匹配] IMG_8517.jpeg (相似度: 0.582)
  💖 [Sophia 匹配] IMG_8537.jpeg (相似度: 0.498)
  💜 [Sharon 匹配] IMG_8537.jpeg (相似度: 0.610)
  💖 [Sophia 匹配] IMG_8536.jpeg (相似度: 0.565)
  💜 [Sharon 匹配] IMG_8536.jpeg (相似度: 0.569)
  💜 [Sharon 匹配] IMG_8516.jpeg (相似度: 0.619)
  💖 [Sophia 匹配] IMG_8516.jpeg (相似度: 0.551)
  💜 [Sharon 匹配] IMG_8506.jpeg (相似度: 0.650)
  💜 [Sharon 匹配] IMG_8533.jpeg (相似度: 0.582)
  💖 [Sophia 匹配] IMG_8533.jpeg (相似度: 0.623)
  💜 [Sharon 匹配] IMG_8493.jpeg (相似度: 0.532)
  💖 [Sophia 匹配] IMG_8539.jpeg (相似度: 0.517)
  💜 [Sharon 匹配] IMG_8539.jpeg (相似度: 0.510)
  💖 [Sophia 匹配] IMG_8534.jpeg (相似度: 0.593)
  💜 [Sharon 匹配] IMG_8534.jpeg (相似度: 0.496)
  💖 [Sophia 匹配] IMG_8538.jpeg (相似度: 0.503)
  💜 [Sharon 匹配] IMG_8538.jpeg (相似度: 0.557)
  💖 [Sophia 匹配] IMG_6711.jpeg (相似度: 0.478)
  💜 [Sharon 匹配] IMG_8415.jpeg (相似度: 0.603)
  💜 [Sharon 匹配] IMG_7973.jpeg (相似度: 0.651)
  💜 [Sharon 匹配] IMG_7908.jpeg (相似度: 0.641)
  💜 [Sharon 匹配] IMG_7928.jpeg (相似度: 0.681)
  💜 [Sharon 匹配] IMG_7904.jpeg (相似度: 0.628)
  💜 [Sharon 匹配] IMG_7905.jpeg (相似度: 0.593)
  💜 [Sharon 匹配] IMG_7929.jpeg (相似度: 0.688)
  💜 [Sharon 匹配] IMG_7909.jpeg (相似度: 0.663)
  💜 [Sharon 匹配] IMG_7972.jpeg (相似度: 0.604)
  💜 [Sharon 匹配] IMG_7938.jpeg (相似度: 0.626)
  💜 [Sharon 匹配] IMG_7918.jpeg (相似度: 0.714)
  💜 [Sharon 匹配] IMG_7919.jpeg (相似度: 0.635)
  💜 [Sharon 匹配] IMG_7974.jpeg (相似度: 0.607)
  💜 [Sharon 匹配] IMG_7935.jpeg (相似度: 0.533)
  💜 [Sharon 匹配] IMG_7893.jpeg (相似度: 0.683)
  💜 [Sharon 匹配] IMG_7916.jpeg (相似度: 0.658)
  💜 [Sharon 匹配] IMG_7890.jpeg (相似度: 0.689)
  💜 [Sharon 匹配] IMG_7936.jpeg (相似度: 0.507)
  💜 [Sharon 匹配] IMG_7937.jpeg (相似度: 0.621)
  💜 [Sharon 匹配] IMG_7976.jpeg (相似度: 0.634)
  💜 [Sharon 匹配] IMG_7917.jpeg (相似度: 0.660)
  💜 [Sharon 匹配] IMG_7926.jpeg (相似度: 0.696)
  💜 [Sharon 匹配] IMG_7930.jpeg (相似度: 0.680)
  💜 [Sharon 匹配] IMG_7906.jpeg (相似度: 0.609)
  💜 [Sharon 匹配] IMG_7907.jpeg (相似度: 0.617)
  💜 [Sharon 匹配] IMG_4128.jpeg (相似度: 0.537)
  💜 [Sharon 匹配] IMG_4132.jpeg (相似度: 0.523)
  💜 [Sharon 匹配] IMG_4127.jpeg (相似度: 0.636)
  💜 [Sharon 匹配] IMG_4131.jpeg (相似度: 0.507)
  💜 [Sharon 匹配] IMG_4130.jpeg (相似度: 0.564)
  💜 [Sharon 匹配] IMG_4126.jpeg (相似度: 0.579)
  💜 [Sharon 匹配] IMG_4076.jpeg (相似度: 0.682)
  💜 [Sharon 匹配] IMG_4071.jpeg (相似度: 0.495)
  💜 [Sharon 匹配] IMG_4074.jpeg (相似度: 0.684)
  💜 [Sharon 匹配] IMG_4075.jpeg (相似度: 0.662)
  💜 [Sharon 匹配] IMG_4332.jpeg (相似度: 0.607)
  💜 [Sharon 匹配] IMG_4324.jpeg (相似度: 0.612)
  💜 [Sharon 匹配] IMG_4323.jpeg (相似度: 0.618)
  💜 [Sharon 匹配] IMG_4319.jpeg (相似度: 0.593)
  💜 [Sharon 匹配] IMG_4320.jpeg (相似度: 0.561)
  💜 [Sharon 匹配] IMG_4099.jpeg (相似度: 0.522)
  💜 [Sharon 匹配] IMG_4102.jpeg (相似度: 0.605)
  💜 [Sharon 匹配] IMG_4101.jpeg (相似度: 0.670)
  💜 [Sharon 匹配] IMG_3618.JPG (相似度: 0.657)
  💜 [Sharon 匹配] IMG_3616.JPG (相似度: 0.689)
  💜 [Sharon 匹配] IMG_3617.JPG (相似度: 0.636)
  💖 [Sophia 匹配] IMG_3605.JPG (相似度: 0.533)
  💜 [Sharon 匹配] IMG_4139.JPG (相似度: 0.463)
  💜 [Sharon 匹配] IMG_3973.JPG (相似度: 0.502)
  💖 [Sophia 匹配] IMG_4007.JPG (相似度: 0.550)
  💖 [Sophia 匹配] IMG_3999.JPG (相似度: 0.532)
  💜 [Sharon 匹配] IMG_4002.JPG (相似度: 0.542)
  💜 [Sharon 匹配] IMG_4003.JPG (相似度: 0.637)
  💜 [Sharon 匹配] IMG_3988.JPG (相似度: 0.581)
  💜 [Sharon 匹配] IMG_3991.JPG (相似度: 0.497)
  💜 [Sharon 匹配] IMG_3984.JPG (相似度: 0.464)
  💜 [Sharon 匹配] IMG_4144.JPG (相似度: 0.581)
  💜 [Sharon 匹配] IMG_3987.JPG (相似度: 0.572)
  💜 [Sharon 匹配] IMG_3993.JPG (相似度: 0.606)
  💜 [Sharon 匹配] IMG_3983.JPG (相似度: 0.644)
  💜 [Sharon 匹配] IMG_4140.JPG (相似度: 0.451)
  💜 [Sharon 匹配] IMG_4141.JPG (相似度: 0.470)
  💜 [Sharon 匹配] IMG_3996.JPG (相似度: 0.625)
  💜 [Sharon 匹配] IMG_3994.JPG (相似度: 0.535)
  💜 [Sharon 匹配] IMG_4143.JPG (相似度: 0.506)
  💜 [Sharon 匹配] IMG_3995.JPG (相似度: 0.600)
  💜 [Sharon 匹配] 4941096403330738135.96db27816bf41a362b4e2dd79d1d447a.23102308.JPG (相似度: 0.607)
  💜 [Sharon 匹配] 4941096403330738135.61372dd792b903e0352fa2177a119771.23102308.JPG (相似度: 0.533)
  💜 [Sharon 匹配] IMG_4137.JPG (相似度: 0.521)
  💜 [Sharon 匹配] IMG_4136.JPG (相似度: 0.462)
  💜 [Sharon 匹配] IMG_4135.JPG (相似度: 0.517)
  💜 [Sharon 匹配] IMG_3176.jpeg (相似度: 0.545)
  💜 [Sharon 匹配] IMG_3177.jpeg (相似度: 0.589)
  💜 [Sharon 匹配] IMG_3187.jpeg (相似度: 0.472)
  💜 [Sharon 匹配] IMG_3178.jpeg (相似度: 0.542)
  💜 [Sharon 匹配] IMG_3181.jpeg (相似度: 0.588)
  💜 [Sharon 匹配] IMG_3180.jpeg (相似度: 0.571)
  💜 [Sharon 匹配] IMG_3179.jpeg (相似度: 0.598)
  💜 [Sharon 匹配] IMG_2939.jpeg (相似度: 0.612)
  💖 [Sophia 匹配] IMG_2962.jpeg (相似度: 0.486)
  💜 [Sharon 匹配] IMG_2938.jpeg (相似度: 0.569)
  💜 [Sharon 匹配] DSC03104.JPG (相似度: 0.673)
  💜 [Sharon 匹配] DSC03105.JPG (相似度: 0.661)
  💜 [Sharon 匹配] DSC03106.JPG (相似度: 0.680)
  💜 [Sharon 匹配] IMG_8556.jpeg (相似度: 0.546)
  💜 [Sharon 匹配] IMG_8560.jpeg (相似度: 0.549)
  💜 [Sharon 匹配] IMG_8561.jpeg (相似度: 0.551)
  💜 [Sharon 匹配] IMG_8557.jpeg (相似度: 0.581)
  💜 [Sharon 匹配] IMG_3684.JPG (相似度: 0.631)
  💜 [Sharon 匹配] IMG_8550.jpeg (相似度: 0.496)
  💜 [Sharon 匹配] IMG_8551.jpeg (相似度: 0.538)
  💜 [Sharon 匹配] IMG_8547.jpeg (相似度: 0.565)
  💜 [Sharon 匹配] IMG_8564.jpeg (相似度: 0.636)
  💜 [Sharon 匹配] IMG_8548.jpeg (相似度: 0.574)
  💜 [Sharon 匹配] IMG_8552.jpeg (相似度: 0.537)
  💜 [Sharon 匹配] IMG_8553.jpeg (相似度: 0.478)
  💜 [Sharon 匹配] IMG_8549.jpeg (相似度: 0.521)
  💜 [Sharon 匹配] IMG_8565.jpeg (相似度: 0.598)
  💜 [Sharon 匹配] IMG_8554.jpeg (相似度: 0.634)
  💜 [Sharon 匹配] IMG_8562.jpeg (相似度: 0.565)
  💜 [Sharon 匹配] IMG_8558.jpeg (相似度: 0.546)
  💜 [Sharon 匹配] IMG_8559.jpeg (相似度: 0.550)
  💜 [Sharon 匹配] IMG_8563.jpeg (相似度: 0.599)
  💜 [Sharon 匹配] IMG_8555.jpeg (相似度: 0.610)
  💜 [Sharon 匹配] IMG_3415.JPG (相似度: 0.647)
  💜 [Sharon 匹配] IMG_3429.JPG (相似度: 0.727)
  💜 [Sharon 匹配] IMG_3405.JPG (相似度: 0.560)
  💜 [Sharon 匹配] IMG_3406.JPG (相似度: 0.630)
  💜 [Sharon 匹配] IMG_3755.JPG (相似度: 0.670)
  💖 [Sophia 匹配] IMG_3755.JPG (相似度: 0.486)
  💜 [Sharon 匹配] IMG_3013.jpeg (相似度: 0.609)
  💜 [Sharon 匹配] IMG_3012.jpeg (相似度: 0.612)
  💜 [Sharon 匹配] IMG_3273.jpeg (相似度: 0.568)
  💖 [Sophia 匹配] IMG_3273.jpeg (相似度: 0.527)
  💜 [Sharon 匹配] IMG_3265.jpeg (相似度: 0.576)
  💜 [Sharon 匹配] IMG_3269.jpeg (相似度: 0.602)
  💜 [Sharon 匹配] IMG_3268.jpeg (相似度: 0.547)
  💖 [Sophia 匹配] IMG_3272.jpeg (相似度: 0.479)
  💜 [Sharon 匹配] IMG_3272.jpeg (相似度: 0.573)
  💜 [Sharon 匹配] IMG_3279.jpeg (相似度: 0.682)
  💜 [Sharon 匹配] IMG_3280.jpeg (相似度: 0.657)
  💜 [Sharon 匹配] IMG_3275.jpeg (相似度: 0.595)
  💜 [Sharon 匹配] IMG_3281.jpeg (相似度: 0.570)
  💜 [Sharon 匹配] IMG_3276.jpeg (相似度: 0.607)
  💜 [Sharon 匹配] IMG_3267.jpeg (相似度: 0.601)
  💜 [Sharon 匹配] IMG_3271.jpeg (相似度: 0.545)
  💜 [Sharon 匹配] IMG_3270.jpeg (相似度: 0.563)
  💜 [Sharon 匹配] IMG_3266.jpeg (相似度: 0.601)
  💜 [Sharon 匹配] IMG_3546.JPG (相似度: 0.576)
  💜 [Sharon 匹配] IMG_3052.JPG (相似度: 0.562)
  💜 [Sharon 匹配] IMG_3047.JPG (相似度: 0.516)
  💜 [Sharon 匹配] IMG_3053.JPG (相似度: 0.557)
  💜 [Sharon 匹配] IMG_3048.JPG (相似度: 0.521)
  💜 [Sharon 匹配] IMG_4580.jpeg (相似度: 0.514)
  💜 [Sharon 匹配] IMG_4587.jpeg (相似度: 0.557)
  💜 [Sharon 匹配] IMG_4615.jpeg (相似度: 0.492)
  💜 [Sharon 匹配] IMG_3147.JPG (相似度: 0.559)
  💜 [Sharon 匹配] IMG_3150.JPG (相似度: 0.572)
  💜 [Sharon 匹配] IMG_3166.JPG (相似度: 0.608)
  💜 [Sharon 匹配] IMG_3164.JPG (相似度: 0.638)
  💜 [Sharon 匹配] IMG_3170.JPG (相似度: 0.582)
  💜 [Sharon 匹配] IMG_3161.JPG (相似度: 0.640)
  💜 [Sharon 匹配] IMG_3149.JPG (相似度: 0.612)
  💜 [Sharon 匹配] IMG_3148.JPG (相似度: 0.558)
  💜 [Sharon 匹配] IMG_3160.JPG (相似度: 0.639)
  💜 [Sharon 匹配] IMG_3162.JPG (相似度: 0.603)
  💜 [Sharon 匹配] IMG_3163.JPG (相似度: 0.638)
  💜 [Sharon 匹配] IMG_3115.jpeg (相似度: 0.518)
  💜 [Sharon 匹配] IMG_3114.jpeg (相似度: 0.557)
  💜 [Sharon 匹配] IMG_4236.jpeg (相似度: 0.546)
  💜 [Sharon 匹配] IMG_4241.jpeg (相似度: 0.595)
  💜 [Sharon 匹配] IMG_4240.jpeg (相似度: 0.572)
  💜 [Sharon 匹配] IMG_4237.jpeg (相似度: 0.573)
  💜 [Sharon 匹配] IMG_4245.jpeg (相似度: 0.563)
  💜 [Sharon 匹配] IMG_4225.jpeg (相似度: 0.608)
⏳ 已辨識 2000 / 5976 張相片 (599.3 秒)...
  💜 [Sharon 匹配] IMG_4244.jpeg (相似度: 0.501)
  💜 [Sharon 匹配] IMG_4238.jpeg (相似度: 0.592)
  💜 [Sharon 匹配] IMG_4243.jpeg (相似度: 0.622)
  💜 [Sharon 匹配] IMG_3398.jpeg (相似度: 0.491)
  💜 [Sharon 匹配] IMG_3404.jpeg (相似度: 0.483)
  💜 [Sharon 匹配] IMG_3110.jpeg (相似度: 0.517)
  💜 [Sharon 匹配] IMG_3413.jpeg (相似度: 0.617)
  💜 [Sharon 匹配] IMG_3109.jpeg (相似度: 0.599)
  💜 [Sharon 匹配] IMG_3104.jpeg (相似度: 0.610)
  💜 [Sharon 匹配] IMG_3397.jpeg (相似度: 0.586)
  💜 [Sharon 匹配] IMG_3740.jpeg (相似度: 0.593)
  💜 [Sharon 匹配] IMG_3739.jpeg (相似度: 0.580)
  💜 [Sharon 匹配] IMG_3743.jpeg (相似度: 0.487)
  💜 [Sharon 匹配] IMG_3811.jpeg (相似度: 0.466)
  💜 [Sharon 匹配] IMG_4021.jpeg (相似度: 0.592)
  💜 [Sharon 匹配] IMG_4020.jpeg (相似度: 0.556)
  💜 [Sharon 匹配] IMG_4027.jpeg (相似度: 0.659)
  💜 [Sharon 匹配] IMG_4031.jpeg (相似度: 0.578)
  💜 [Sharon 匹配] IMG_4033.jpeg (相似度: 0.592)
  💜 [Sharon 匹配] IMG_4032.jpeg (相似度: 0.584)
  💜 [Sharon 匹配] IMG_4022.jpeg (相似度: 0.463)
  💜 [Sharon 匹配] IMG_3286.jpeg (相似度: 0.588)
  💜 [Sharon 匹配] IMG_3287.jpeg (相似度: 0.554)
  💜 [Sharon 匹配] IMG_3259.jpeg (相似度: 0.639)
  💜 [Sharon 匹配] IMG_3258.jpeg (相似度: 0.613)
  💜 [Sharon 匹配] IMG_3257.jpeg (相似度: 0.598)
  💜 [Sharon 匹配] IMG_3288.jpeg (相似度: 0.589)
  💜 [Sharon 匹配] IMG_3289.jpeg (相似度: 0.600)
  💜 [Sharon 匹配] FullSizeRender (1).JPG (相似度: 0.649)
  💜 [Sharon 匹配] FullSizeRender.JPG (相似度: 0.636)
  💜 [Sharon 匹配] FullSizeRender (4).JPG (相似度: 0.621)
  💜 [Sharon 匹配] IMG_4268.jpeg (相似度: 0.464)
  💜 [Sharon 匹配] FullSizeRender (3).JPG (相似度: 0.642)
  💜 [Sharon 匹配] FullSizeRender (2).JPG (相似度: 0.641)
  💜 [Sharon 匹配] BA1F3F52-61B7-45BC-9CCD-469A0213178E.jpeg (相似度: 0.487)
  💜 [Sharon 匹配] 4BC99232-C660-46E6-B7E0-77306662D759.jpeg (相似度: 0.654)
  💖 [Sophia 匹配] 4BC99232-C660-46E6-B7E0-77306662D759.jpeg (相似度: 0.726)
  💖 [Sophia 匹配] D6C1C033-5232-4F2C-8776-1DDE57F9923A.jpeg (相似度: 0.594)
  💖 [Sophia 匹配] D2DECB67-B0A0-4869-9FA8-11ABE72F57A1.jpeg (相似度: 0.562)
  💖 [Sophia 匹配] 006E115A-C855-411A-8EEC-0D007D0F2717.jpeg (相似度: 0.788)
  💜 [Sharon 匹配] 006E115A-C855-411A-8EEC-0D007D0F2717.jpeg (相似度: 0.622)
  💖 [Sophia 匹配] FF7ADD92-A314-45C7-A42B-A8DEA7C04E9B.jpeg (相似度: 0.761)
  💜 [Sharon 匹配] FF7ADD92-A314-45C7-A42B-A8DEA7C04E9B.jpeg (相似度: 0.659)
  💖 [Sophia 匹配] 3C233125-A208-415B-8317-360C055D24F2.jpeg (相似度: 0.612)
  💖 [Sophia 匹配] 9245F8C4-4FD1-4AD8-893D-8586BC1D7AC2.jpeg (相似度: 0.652)
  💜 [Sharon 匹配] 715B1A08-A465-49A4-98D4-2F38D2A7FE37.jpeg (相似度: 0.549)
  💖 [Sophia 匹配] BD8DDA44-546F-4C64-AD63-D0DD9B088736_1_201_a.jpeg (相似度: 0.598)
  💜 [Sharon 匹配] 01726A27-55B5-4C00-8CA9-4966A4411E6B.jpeg (相似度: 0.467)
  💖 [Sophia 匹配] 6C585FD7-A4F2-4E61-BAE0-EDD9FF42E05B.jpeg (相似度: 0.692)
  💜 [Sharon 匹配] 6C585FD7-A4F2-4E61-BAE0-EDD9FF42E05B.jpeg (相似度: 0.638)
  💖 [Sophia 匹配] 7EFED771-82D1-4795-8015-7CF978FF9FD8.jpeg (相似度: 0.708)
  💜 [Sharon 匹配] B7891360-309D-4CA2-8E71-59D84AA57E05.jpeg (相似度: 0.662)
  💖 [Sophia 匹配] B7891360-309D-4CA2-8E71-59D84AA57E05.jpeg (相似度: 0.716)
  💖 [Sophia 匹配] 38AD07E3-0556-4266-A48F-593CFE3DB0ED.jpeg (相似度: 0.662)
  💖 [Sophia 匹配] AF561D1F-CB1D-42A8-BD1B-E614268CE9AD.jpeg (相似度: 0.573)
  💜 [Sharon 匹配] 31560909-CFAA-4EFF-838E-8E040138AE98.jpeg (相似度: 0.613)
  💖 [Sophia 匹配] 31560909-CFAA-4EFF-838E-8E040138AE98.jpeg (相似度: 0.671)
  💖 [Sophia 匹配] C50B6822-4611-4AEF-A00A-48E4BCE125AA.jpeg (相似度: 0.728)
  💜 [Sharon 匹配] C50B6822-4611-4AEF-A00A-48E4BCE125AA.jpeg (相似度: 0.638)
  💖 [Sophia 匹配] 5BD2136E-3E53-4604-952C-E620A529A638.jpeg (相似度: 0.741)
  💜 [Sharon 匹配] 5BD2136E-3E53-4604-952C-E620A529A638.jpeg (相似度: 0.675)
  💖 [Sophia 匹配] A88F2863-A75C-4060-88E9-2FEE16DE6EB7.jpeg (相似度: 0.750)
  💜 [Sharon 匹配] A88F2863-A75C-4060-88E9-2FEE16DE6EB7.jpeg (相似度: 0.643)
  💜 [Sharon 匹配] 79A0798B-C6EB-4FA9-BC8E-C4125CA1D36F.jpeg (相似度: 0.655)
  💜 [Sharon 匹配] BE6AA9FA-FC7F-4F6D-B1A6-5E2BC87B7532.jpeg (相似度: 0.535)
  💖 [Sophia 匹配] 169EE0A7-9417-48C4-B633-9283537A6E59.jpeg (相似度: 0.607)
  💜 [Sharon 匹配] D0F2B428-474D-4DB1-9E38-8E67BC603287.jpeg (相似度: 0.615)
  💖 [Sophia 匹配] 7FB04777-84FD-4C9A-AFBC-CBAA2AEC212C.jpeg (相似度: 0.713)
  💜 [Sharon 匹配] 415AEB0A-D69F-4EC9-867A-94861B9507A1.jpeg (相似度: 0.530)
  💖 [Sophia 匹配] F29DEB04-F737-4E28-982B-CBE6A81C48F2.jpeg (相似度: 0.672)
  💖 [Sophia 匹配] 03A87965-E97A-49B2-8622-C9607C3B0079.jpeg (相似度: 0.611)
  💖 [Sophia 匹配] 5253F893-B68C-45CA-B984-43AAB7B58B0E.jpeg (相似度: 0.553)
  💖 [Sophia 匹配] 24B6AF57-DCAA-4651-8554-FAFA60C435E1.jpeg (相似度: 0.632)
  💖 [Sophia 匹配] D885C77F-A3B2-4A18-BDC1-821840F19BCD.jpeg (相似度: 0.709)
  💜 [Sharon 匹配] D885C77F-A3B2-4A18-BDC1-821840F19BCD.jpeg (相似度: 0.624)
  💖 [Sophia 匹配] A2E67A10-0166-4337-9B25-5428C41D69F1.jpeg (相似度: 0.632)
  💖 [Sophia 匹配] 1846EFC1-8520-427D-80E9-00E4995955A3.jpeg (相似度: 0.586)
  💖 [Sophia 匹配] 602F64CF-7D36-4A9B-8811-574B08B6978E.jpeg (相似度: 0.557)
  💖 [Sophia 匹配] 120F2000-1045-44C9-82D2-DFAD7A0E87FE.jpeg (相似度: 0.646)
  💖 [Sophia 匹配] B68ECE14-0EA5-4406-91E0-D6ADF3CA4F2B.jpeg (相似度: 0.689)
  💖 [Sophia 匹配] 9D041EA6-FC45-4F69-99B6-4223204688AE.jpeg (相似度: 0.637)
  💖 [Sophia 匹配] AA9485F6-59D7-4B0D-A8CE-7D7251B82E1B.jpeg (相似度: 0.764)
  💖 [Sophia 匹配] B2888741-60AB-4ED9-9B45-EDB83A306393.jpeg (相似度: 0.681)
  💖 [Sophia 匹配] 5A22A6B8-957B-4B23-8789-310CC1545455.jpeg (相似度: 0.673)
  💖 [Sophia 匹配] 1A444D6E-20BB-437A-A6F8-632536A0C59A.jpeg (相似度: 0.634)
  💜 [Sharon 匹配] 50CF85A6-BB3D-44F2-911D-25A4D426DA70.jpeg (相似度: 0.594)
  💖 [Sophia 匹配] 50CF85A6-BB3D-44F2-911D-25A4D426DA70.jpeg (相似度: 0.702)
  💖 [Sophia 匹配] 2EBF7EBA-9563-4BBC-9090-334E8676FC89.jpeg (相似度: 0.696)
  💜 [Sharon 匹配] 1A30119A-3A05-4B51-BE85-C5B3CA5986E7.jpeg (相似度: 0.606)
  💖 [Sophia 匹配] 1A30119A-3A05-4B51-BE85-C5B3CA5986E7.jpeg (相似度: 0.733)
  💖 [Sophia 匹配] 76768F45-547D-4F79-9FA8-2A08579FCECF.jpeg (相似度: 0.716)
  💜 [Sharon 匹配] 76768F45-547D-4F79-9FA8-2A08579FCECF.jpeg (相似度: 0.577)
  💖 [Sophia 匹配] 6553C893-2ED2-4310-BD06-3EB3CA4C3FF0.jpeg (相似度: 0.764)
  💖 [Sophia 匹配] 793EF672-148F-482B-AC21-56225B213BAF.jpeg (相似度: 0.724)
  💜 [Sharon 匹配] B5A9DF72-24E0-4656-A188-7578158809BE.jpeg (相似度: 0.554)
  💖 [Sophia 匹配] 05F56789-4D87-43EC-83AF-10A2F3E382EF.jpeg (相似度: 0.684)
  💜 [Sharon 匹配] 05F56789-4D87-43EC-83AF-10A2F3E382EF.jpeg (相似度: 0.614)
  💖 [Sophia 匹配] AED6921A-D7D0-4519-AE13-F237D3842AD0.jpeg (相似度: 0.618)
  💖 [Sophia 匹配] 9F87F53C-4F60-40A4-A2B8-13B0D54B708D.jpeg (相似度: 0.624)
  💖 [Sophia 匹配] 7A441615-5C03-4E61-B9CC-2E8E2A43CE7A.jpeg (相似度: 0.676)
  💖 [Sophia 匹配] 5BE71C2C-39B0-44A2-8831-F606C8FC39CC.jpeg (相似度: 0.573)
  💜 [Sharon 匹配] E36041EA-0E53-43D8-9F70-1FC7BFF3249E.jpeg (相似度: 0.635)
  💖 [Sophia 匹配] E36041EA-0E53-43D8-9F70-1FC7BFF3249E.jpeg (相似度: 0.766)
  💖 [Sophia 匹配] 9036AB11-1482-45FE-B0EE-CEABBF1CE073.jpeg (相似度: 0.703)
  💜 [Sharon 匹配] 9036AB11-1482-45FE-B0EE-CEABBF1CE073.jpeg (相似度: 0.596)
  💖 [Sophia 匹配] C999837E-E5CC-49FE-911A-F2C1F7ED1817.jpeg (相似度: 0.507)
  💖 [Sophia 匹配] 125A731E-935A-4782-BE9C-A6A26D180B46.jpeg (相似度: 0.724)
  💖 [Sophia 匹配] 73113CB5-04C7-4D7A-9709-108EA793CF40.jpeg (相似度: 0.643)
  💖 [Sophia 匹配] C0C3ED93-C13E-451D-ACFC-92D6E25C4B72.jpeg (相似度: 0.709)
  💖 [Sophia 匹配] 8ED4369D-D4EB-4554-B844-7F1F136963ED.jpeg (相似度: 0.767)
  💜 [Sharon 匹配] 8ED4369D-D4EB-4554-B844-7F1F136963ED.jpeg (相似度: 0.631)
  💖 [Sophia 匹配] 87051BFF-7882-4F2A-B074-392EABE47D65.jpeg (相似度: 0.788)
  💜 [Sharon 匹配] 87051BFF-7882-4F2A-B074-392EABE47D65.jpeg (相似度: 0.608)
  💖 [Sophia 匹配] 4EAAB00F-9A52-4179-94EB-FC60F7521884.jpeg (相似度: 0.514)
  💖 [Sophia 匹配] 52C4BD87-52E5-42D8-9145-C6E8B98DEF6D.jpeg (相似度: 0.734)
  💖 [Sophia 匹配] EE0BB507-6D28-4219-AE5E-3D26E53CF654.jpeg (相似度: 0.507)
  💜 [Sharon 匹配] EE0BB507-6D28-4219-AE5E-3D26E53CF654.jpeg (相似度: 0.612)
  💖 [Sophia 匹配] 5D5BEEF1-289D-4F88-BD07-B2F3BF4D89B8.jpeg (相似度: 0.699)
  💖 [Sophia 匹配] AA63ED67-43F7-455E-BE7A-A989A66FAA4D.jpeg (相似度: 0.674)
  💜 [Sharon 匹配] AA63ED67-43F7-455E-BE7A-A989A66FAA4D.jpeg (相似度: 0.650)
  💖 [Sophia 匹配] 01BC9069-E847-44C8-9D92-80337D69FFB4.jpeg (相似度: 0.754)
  💖 [Sophia 匹配] 03A0F15E-A6AB-4CF5-98C4-2F1119C66533.jpeg (相似度: 0.623)
  💖 [Sophia 匹配] 89C320F9-DBDC-4D50-8B04-F3CB7D952EFA.jpeg (相似度: 0.742)
  💖 [Sophia 匹配] D0AC7A2D-97FE-4FC6-AC5B-90C6F934A343.jpeg (相似度: 0.735)
  💜 [Sharon 匹配] D0AC7A2D-97FE-4FC6-AC5B-90C6F934A343.jpeg (相似度: 0.708)
  💜 [Sharon 匹配] 84AED7CE-E3E5-4BD0-B073-A3CBEDA10EC2.jpeg (相似度: 0.640)
  💖 [Sophia 匹配] 24B233F9-7658-4CBC-BD10-74EEBF09556D.jpeg (相似度: 0.686)
  💜 [Sharon 匹配] 24B233F9-7658-4CBC-BD10-74EEBF09556D.jpeg (相似度: 0.601)
  💖 [Sophia 匹配] 195CA25D-6FB6-452E-B5CD-D7863F86DA00.jpeg (相似度: 0.740)
  💜 [Sharon 匹配] 195CA25D-6FB6-452E-B5CD-D7863F86DA00.jpeg (相似度: 0.624)
  💖 [Sophia 匹配] 71050D5A-F172-41A6-B308-DB859221A7AF.jpeg (相似度: 0.636)
  💖 [Sophia 匹配] B988DEA1-137F-4ED5-84E3-018EC4EAA4F3.jpeg (相似度: 0.653)
  💖 [Sophia 匹配] 6433E273-F206-4290-AF33-C350A6549F05.jpeg (相似度: 0.656)
  💖 [Sophia 匹配] D0734695-B294-46AE-A27F-16C385C8B6C5.jpeg (相似度: 0.623)
  💖 [Sophia 匹配] C5189B3F-8540-45D1-BE41-DEDE282F0B7B.jpeg (相似度: 0.661)
  💖 [Sophia 匹配] 2F2FF549-6678-49DD-8B72-14110FB7AE94.jpeg (相似度: 0.683)
  💖 [Sophia 匹配] 9702D3FF-7019-4ED5-9B41-A9528108BFEC.jpeg (相似度: 0.582)
  💖 [Sophia 匹配] EFC6A5D3-6ED5-4327-A450-392D169CE866.jpeg (相似度: 0.653)
  💖 [Sophia 匹配] A3C0DDBF-1EE4-428C-94C0-9E81DEB65754.jpeg (相似度: 0.628)
  💖 [Sophia 匹配] CEF5C3A7-4E5D-454A-8B37-912F4E191FB1.jpeg (相似度: 0.560)
  💖 [Sophia 匹配] 94D8B1E0-4EB0-479B-A86C-DD2B83A642B9_1_201_a.jpeg (相似度: 0.562)
  💜 [Sharon 匹配] 3D065B2C-C2D5-4867-9091-8ED4AE0EB6EF.jpeg (相似度: 0.605)
  💖 [Sophia 匹配] 70D4D2A8-F245-4441-96C1-B777890C6E72.jpeg (相似度: 0.635)
  💜 [Sharon 匹配] 4E130E92-DCB3-4CAA-8599-0A0868506D8F.jpeg (相似度: 0.598)
  💜 [Sharon 匹配] 0DB781E6-AA0D-452B-ABBA-90BABE321358.jpeg (相似度: 0.507)
  💖 [Sophia 匹配] 2B8B18BD-1347-407A-9AF9-28BC5E075564.jpeg (相似度: 0.696)
  💖 [Sophia 匹配] 3F363394-EA0A-49F0-8F2E-27CCD1F2CE7A.jpeg (相似度: 0.671)
  💖 [Sophia 匹配] 60D833D9-921F-4493-AD3A-2C2A4CF97928.jpeg (相似度: 0.747)
  💜 [Sharon 匹配] 60D833D9-921F-4493-AD3A-2C2A4CF97928.jpeg (相似度: 0.624)
  💖 [Sophia 匹配] 07AE6B0D-532E-40D0-9F2E-2E13ECDBDB28.jpeg (相似度: 0.688)
  💖 [Sophia 匹配] 32029F66-0A27-4B50-B020-6974F483910C.jpeg (相似度: 0.747)
  💜 [Sharon 匹配] 32029F66-0A27-4B50-B020-6974F483910C.jpeg (相似度: 0.660)
  💖 [Sophia 匹配] 074E2525-0FF2-41F9-9891-F237C21FE9D1.jpeg (相似度: 0.668)
  💖 [Sophia 匹配] E417204D-EB61-4E01-9396-74E2E3BB4052.jpeg (相似度: 0.611)
  💖 [Sophia 匹配] A85B24C2-70DC-4251-9B8D-297BE6D47BE3.jpeg (相似度: 0.627)
  💖 [Sophia 匹配] 524F9171-CDC9-4EE9-ACB6-F394A5AB98FA.jpeg (相似度: 0.475)
  💖 [Sophia 匹配] 3E8D461E-9E92-49B6-A805-41110ED8265C.jpeg (相似度: 0.679)
  💖 [Sophia 匹配] 7808F3E5-4D94-498B-82EC-46E3C3914EBC.jpeg (相似度: 0.696)
  💜 [Sharon 匹配] 7808F3E5-4D94-498B-82EC-46E3C3914EBC.jpeg (相似度: 0.605)
  💖 [Sophia 匹配] 734C2B33-5C90-489C-9978-E76E15691D97.jpeg (相似度: 0.726)
  💜 [Sharon 匹配] D24D6F63-42EF-405A-B049-16D3627E7E19.jpeg (相似度: 0.599)
  💖 [Sophia 匹配] 467BB902-DDBA-4A34-8854-8210FA5B0D46.jpeg (相似度: 0.676)
  💖 [Sophia 匹配] D5D55253-54D9-4954-B979-BCD070B11089.jpeg (相似度: 0.670)
  💖 [Sophia 匹配] 63B469FA-C06F-4EE4-B3F7-D62A1214486D.jpeg (相似度: 0.486)
  💖 [Sophia 匹配] 08C03DCB-189C-4F95-B42F-F8DB9EA1F599.jpeg (相似度: 0.640)
  💖 [Sophia 匹配] 0638BAA3-853F-4774-BECC-D17788516F75.jpeg (相似度: 0.717)
  💖 [Sophia 匹配] 856C69EE-65D6-4495-B59F-451D28478F05.jpeg (相似度: 0.687)
  💖 [Sophia 匹配] 7F5709CE-7125-4E47-941C-E176B428F304.jpeg (相似度: 0.685)
  💖 [Sophia 匹配] E5D56D22-419F-4170-9E42-9F0A0325C93F.jpeg (相似度: 0.668)
  💜 [Sharon 匹配] E5D56D22-419F-4170-9E42-9F0A0325C93F.jpeg (相似度: 0.638)
  💖 [Sophia 匹配] BA309E88-196E-4CD3-BDD2-648E72F11C89.jpeg (相似度: 0.584)
  💜 [Sharon 匹配] BA309E88-196E-4CD3-BDD2-648E72F11C89.jpeg (相似度: 0.526)
  💖 [Sophia 匹配] F35B261F-40E3-4EDD-BE07-D8AC3279879A.jpeg (相似度: 0.647)
  💖 [Sophia 匹配] F0EE4925-B76D-489F-97B9-A5B5EAEF2617.jpeg (相似度: 0.656)
  💖 [Sophia 匹配] 80141BBF-32FA-4757-902D-C9D691434869.jpeg (相似度: 0.695)
  💖 [Sophia 匹配] 5B962065-3630-4211-98A4-84FC53283CFB.jpeg (相似度: 0.747)
  💖 [Sophia 匹配] DAF8DB88-562D-439D-BE4A-8DCFDF7ED8FA.jpeg (相似度: 0.740)
  💜 [Sharon 匹配] 0FD90030-40E9-482E-B19C-3D9FB5FAB3EF.jpeg (相似度: 0.637)
  💖 [Sophia 匹配] E13055DE-3B3A-46AD-8B48-93947A2E0D34.jpeg (相似度: 0.762)
  💖 [Sophia 匹配] 6C3DED7B-DEDB-4475-8647-889FF7545F05.jpeg (相似度: 0.584)
  💖 [Sophia 匹配] 9A344A82-2B6B-4A5E-ACFD-1A4D4D937BC7.jpeg (相似度: 0.721)
  💖 [Sophia 匹配] CA6259C3-45EB-4353-B5E3-47DA751E68DD.jpeg (相似度: 0.700)
  💜 [Sharon 匹配] F0D4A913-1CAF-43CE-8C94-FC23B9CF9615.jpeg (相似度: 0.468)
  💖 [Sophia 匹配] 4192561C-C096-4331-9700-0DB06E439913.jpeg (相似度: 0.546)
  💜 [Sharon 匹配] 4192561C-C096-4331-9700-0DB06E439913.jpeg (相似度: 0.507)
  💖 [Sophia 匹配] BBAEB968-E438-42DA-8FD1-5892C651C1D1.jpeg (相似度: 0.615)
  💖 [Sophia 匹配] CEE68055-0899-4DD3-A481-702F35DAF867.jpeg (相似度: 0.748)
  💖 [Sophia 匹配] 58E0CC38-DCAC-4BA5-BEA6-75E47144CD26.jpeg (相似度: 0.646)
  💜 [Sharon 匹配] 58E0CC38-DCAC-4BA5-BEA6-75E47144CD26.jpeg (相似度: 0.490)
  💖 [Sophia 匹配] 79BA1020-F5B4-416A-B015-9FEF3BC9DA35.jpeg (相似度: 0.575)
  💖 [Sophia 匹配] 585D39B8-C5F1-453B-81F4-1E4091D29489.jpeg (相似度: 0.562)
  💜 [Sharon 匹配] 585D39B8-C5F1-453B-81F4-1E4091D29489.jpeg (相似度: 0.472)
  💖 [Sophia 匹配] 60907FC8-70C1-466D-B23A-C0E653C9A725.jpeg (相似度: 0.663)
  💖 [Sophia 匹配] 7FBECAA0-F823-4633-A820-B82D111B6868.jpeg (相似度: 0.711)
  💖 [Sophia 匹配] 5866BB52-5F11-4F4F-93D1-C9E28F2DBACA.jpeg (相似度: 0.535)
  💖 [Sophia 匹配] 74543AA7-81A5-4187-859D-7AB98466B79F.jpeg (相似度: 0.747)
  💖 [Sophia 匹配] F2C5F265-13CA-4808-A6CB-61189818E95D.jpeg (相似度: 0.574)
  💖 [Sophia 匹配] 4CD9A7F7-1DA0-4B2A-B66A-1C5296C79045.jpeg (相似度: 0.494)
  💖 [Sophia 匹配] 99E55416-402E-4230-99D9-7C285EC2CFB8.jpeg (相似度: 0.488)
  💖 [Sophia 匹配] C1A2F689-E9BB-44A2-B20E-4FE308CA0EDE.jpeg (相似度: 0.618)
  💖 [Sophia 匹配] 8B1D984F-E9BD-44E0-B1AB-2EFA4714676F.jpeg (相似度: 0.545)
  💖 [Sophia 匹配] 5D846D6F-D1A9-4400-B84B-8EF4E4A7CFA0.jpeg (相似度: 0.620)
  💖 [Sophia 匹配] 2F2BD7C4-9041-464B-82C6-257AC06D25CF.jpeg (相似度: 0.726)
  💖 [Sophia 匹配] 3488B8F8-846A-4E89-85E8-7EEE470E96EA.jpeg (相似度: 0.630)
  💖 [Sophia 匹配] 7A73CD21-7B8D-45C4-8C29-FC50BD541975.jpeg (相似度: 0.508)
  💖 [Sophia 匹配] 23F6B819-F8F7-4BE3-9756-D698C3B7D5D6.jpeg (相似度: 0.575)
  💜 [Sharon 匹配] 10F1B58C-C8BE-43B1-A878-A413EC78F50A.jpeg (相似度: 0.586)
  💖 [Sophia 匹配] 10F1B58C-C8BE-43B1-A878-A413EC78F50A.jpeg (相似度: 0.528)
  💖 [Sophia 匹配] 8936C2E9-1B98-4DBE-B7BD-A6A0BA369CD4.jpeg (相似度: 0.631)
  💖 [Sophia 匹配] 3A22B635-379A-4D54-9ABD-928AFF5F248E.jpeg (相似度: 0.585)
  💖 [Sophia 匹配] 1936B3E3-A5B4-485F-8A96-464903F936B6.jpeg (相似度: 0.560)
  💖 [Sophia 匹配] 7F1F8CB3-9213-4135-A633-B2D2418CA1F8.jpeg (相似度: 0.656)
  💜 [Sharon 匹配] 7F1F8CB3-9213-4135-A633-B2D2418CA1F8.jpeg (相似度: 0.567)
  💖 [Sophia 匹配] D23D7A28-6A57-461A-8CFF-C9F553DBF0A5.jpeg (相似度: 0.545)
  💜 [Sharon 匹配] F5D0CC4E-E3E6-4A15-BD5E-86ACE95EC76D.jpeg (相似度: 0.610)
  💖 [Sophia 匹配] 3B8F3A00-AA32-4955-ABF5-D0857A8EEB32.jpeg (相似度: 0.655)
  💖 [Sophia 匹配] 0170FC65-4CD2-4F06-BB7C-13C894941CF6.jpeg (相似度: 0.502)
  💖 [Sophia 匹配] 5BEB4B75-2A52-42B3-BC46-BBB191808FD3.jpeg (相似度: 0.729)
  💖 [Sophia 匹配] ADEEA242-8350-4C3E-B6AF-7C3287276A09.jpeg (相似度: 0.468)
  💜 [Sharon 匹配] E4109D4F-AE58-4163-A28B-E7B633342992.jpeg (相似度: 0.561)
  💖 [Sophia 匹配] 5BDCDAE7-B550-485D-9416-0E214F90F9D7.jpeg (相似度: 0.579)
  💖 [Sophia 匹配] 70380B23-3BFB-4408-9E98-D53CE7F30204.jpeg (相似度: 0.692)
  💖 [Sophia 匹配] 6352D9BF-2B4D-42DB-83DD-FBE4AABD16C6.jpeg (相似度: 0.556)
  💜 [Sharon 匹配] 6352D9BF-2B4D-42DB-83DD-FBE4AABD16C6.jpeg (相似度: 0.536)
  💜 [Sharon 匹配] E40A3E4F-2F12-4E11-ADD6-E694873E975E.jpeg (相似度: 0.582)
  💖 [Sophia 匹配] E40A3E4F-2F12-4E11-ADD6-E694873E975E.jpeg (相似度: 0.672)
  💜 [Sharon 匹配] 1E55B732-7073-4B50-86DB-7CC25DB35DC6.jpeg (相似度: 0.597)
  💖 [Sophia 匹配] 1E55B732-7073-4B50-86DB-7CC25DB35DC6.jpeg (相似度: 0.584)
  💖 [Sophia 匹配] 2FF7D451-78F9-413B-BAFB-C3213D572613.jpeg (相似度: 0.696)
  💖 [Sophia 匹配] CD9F4E3A-7958-4273-A373-6D8C10E8CF22.jpeg (相似度: 0.530)
  💖 [Sophia 匹配] DBB863E8-8A15-42E7-8B52-853C0CFF3AAF.jpeg (相似度: 0.594)
  💖 [Sophia 匹配] D3ACC584-61AC-4C7B-957B-AD0C563F9962.jpeg (相似度: 0.617)
  💖 [Sophia 匹配] CE0E3DFD-906F-4452-801D-71CA248F422E.jpeg (相似度: 0.677)
  💖 [Sophia 匹配] DA9CB962-EC79-4EA6-83A7-D98186758C63.jpeg (相似度: 0.634)
  💖 [Sophia 匹配] 0B210180-7DC5-4C4C-8C6D-300587BC4EAD.jpeg (相似度: 0.563)
  💜 [Sharon 匹配] 6A4F7D3A-DF8D-40EC-881C-BB5FC5E5FBED.jpeg (相似度: 0.620)
  💖 [Sophia 匹配] 7F82F525-C6FD-4ED8-8FAD-BB1093D0A3D3.jpeg (相似度: 0.745)
  💜 [Sharon 匹配] 7F82F525-C6FD-4ED8-8FAD-BB1093D0A3D3.jpeg (相似度: 0.663)
  💖 [Sophia 匹配] 348C8E61-5075-4708-B885-82306B3D2203.jpeg (相似度: 0.691)
  💖 [Sophia 匹配] 45249F62-DCC9-4AF2-A7AB-D0D9386DAAA6.jpeg (相似度: 0.568)
  💖 [Sophia 匹配] D70E32AE-BB65-4C50-80D9-7B76C03D75D6.jpeg (相似度: 0.683)
  💖 [Sophia 匹配] 42FB4545-02DA-4633-840D-21406D2DB34B.jpeg (相似度: 0.555)
  💖 [Sophia 匹配] 710BB200-55AC-41E6-883D-041D75C481D7.jpeg (相似度: 0.545)
  💖 [Sophia 匹配] 365AE3FD-B987-4F88-95D6-18E9B11EEAF9.jpeg (相似度: 0.683)
  💖 [Sophia 匹配] 60E25FC8-BF37-4D07-9DCE-085EB1628E11.jpeg (相似度: 0.634)
  💖 [Sophia 匹配] D2A015E9-EA2B-493D-9A58-067AEADC7866.jpeg (相似度: 0.578)
  💜 [Sharon 匹配] DD62E1FA-5A70-4ED1-8AF2-0FCCD51C973E.jpeg (相似度: 0.497)
  💖 [Sophia 匹配] 22491D39-ECFB-4769-90A2-78EEFBBB6DEF.jpeg (相似度: 0.509)
  💜 [Sharon 匹配] 22491D39-ECFB-4769-90A2-78EEFBBB6DEF.jpeg (相似度: 0.612)
  💖 [Sophia 匹配] 362F1969-EA6C-40FE-BCB8-F889A6671301.jpeg (相似度: 0.496)
  💖 [Sophia 匹配] 8394777C-EC35-47D2-8219-549404A1FF1C.jpeg (相似度: 0.545)
  💜 [Sharon 匹配] 7A3D1F00-591D-4190-913E-76CD182D8B98.jpeg (相似度: 0.648)
  💖 [Sophia 匹配] 6A555E64-F561-411E-B6AA-9BCDC140EC5E.jpeg (相似度: 0.683)
  💖 [Sophia 匹配] 6C47B513-E826-4CB8-8182-54CCA6BE89FD.jpeg (相似度: 0.547)
  💜 [Sharon 匹配] 6C47B513-E826-4CB8-8182-54CCA6BE89FD.jpeg (相似度: 0.511)
  💖 [Sophia 匹配] F4462571-684D-44AD-87F4-ABC967ECD8A6.jpeg (相似度: 0.719)
  💜 [Sharon 匹配] CDB9546C-D11D-4BC0-8FFE-7EB0C2B38DDA.jpeg (相似度: 0.651)
  💖 [Sophia 匹配] CDB9546C-D11D-4BC0-8FFE-7EB0C2B38DDA.jpeg (相似度: 0.730)
  💜 [Sharon 匹配] AC9D93E2-77B8-4778-B62C-CC3B8B374D0E.jpeg (相似度: 0.602)
  💖 [Sophia 匹配] 97A19314-EE02-49A8-8434-A8D5D939CD33.jpeg (相似度: 0.577)
  💖 [Sophia 匹配] B9FFAD38-049F-42B5-A499-B92BC9A3C523.jpeg (相似度: 0.500)
  💖 [Sophia 匹配] 55DE01D4-AB91-4E1B-9F71-A78C451FA9CC.jpeg (相似度: 0.747)
  💖 [Sophia 匹配] 92F18E92-7E06-4152-B1DF-FA8F906974AD.jpeg (相似度: 0.697)
  💜 [Sharon 匹配] 92F18E92-7E06-4152-B1DF-FA8F906974AD.jpeg (相似度: 0.485)
  💖 [Sophia 匹配] 9C483A21-1FBE-4917-B107-A18361A7AF1A.jpeg (相似度: 0.778)
  💜 [Sharon 匹配] 9C483A21-1FBE-4917-B107-A18361A7AF1A.jpeg (相似度: 0.697)
  💜 [Sharon 匹配] 239BDA88-76C3-4B2A-804E-372977FB5268.jpeg (相似度: 0.468)
  💖 [Sophia 匹配] 5B7E092D-E0BE-4600-A4BF-66C43A989418.jpeg (相似度: 0.694)
  💜 [Sharon 匹配] 5B7E092D-E0BE-4600-A4BF-66C43A989418.jpeg (相似度: 0.681)
  💖 [Sophia 匹配] 67C61B76-8CA1-4592-A1E5-D289674C0D98.jpeg (相似度: 0.769)
  💖 [Sophia 匹配] F492535D-E555-4E7D-8C93-69F9D0E133CD.jpeg (相似度: 0.658)
  💖 [Sophia 匹配] 8A99D2AD-22EF-452A-B0DB-1280D3C1A88A.jpeg (相似度: 0.706)
  💖 [Sophia 匹配] CF99EA7C-16F9-4786-81DF-27FF3F46A2E2.jpeg (相似度: 0.750)
  💜 [Sharon 匹配] CF99EA7C-16F9-4786-81DF-27FF3F46A2E2.jpeg (相似度: 0.733)
  💖 [Sophia 匹配] FDA7DE67-7AB6-47EE-BB6D-2A12727CD7CC.jpeg (相似度: 0.706)
  💖 [Sophia 匹配] CC106756-7B9B-40A1-82E6-40F1C08E1062.jpeg (相似度: 0.730)
  💜 [Sharon 匹配] CC106756-7B9B-40A1-82E6-40F1C08E1062.jpeg (相似度: 0.689)
  💖 [Sophia 匹配] 78169B94-F400-4B5F-902A-81A5CDA9E836.jpeg (相似度: 0.666)
  💖 [Sophia 匹配] 7C510D9A-4362-42B8-A1A0-4A367BD762C1.jpeg (相似度: 0.696)
  💜 [Sharon 匹配] AC1132BD-5518-4443-B558-72836EC2E5ED.jpeg (相似度: 0.747)
  💖 [Sophia 匹配] AC1132BD-5518-4443-B558-72836EC2E5ED.jpeg (相似度: 0.747)
  💖 [Sophia 匹配] 942EECF8-47FB-4537-83AE-DA8C26560C84.jpeg (相似度: 0.736)
  💖 [Sophia 匹配] CF79CD77-E1F8-415D-B505-BA14FEC4D18D.jpeg (相似度: 0.740)
  💜 [Sharon 匹配] CF79CD77-E1F8-415D-B505-BA14FEC4D18D.jpeg (相似度: 0.725)
  💖 [Sophia 匹配] 21164C26-65A7-4702-96F9-67222211F31D.jpeg (相似度: 0.709)
  💜 [Sharon 匹配] 9A0B2DDA-EB2A-4628-818D-2211233A7AAB.jpeg (相似度: 0.479)
  💖 [Sophia 匹配] 3EBDFF0E-0F24-4725-8605-BBCF5415A7E5.jpeg (相似度: 0.759)
  💜 [Sharon 匹配] 3EBDFF0E-0F24-4725-8605-BBCF5415A7E5.jpeg (相似度: 0.749)
  💖 [Sophia 匹配] 3D476CA5-4945-46B4-A0F4-E3F794E142C2.jpeg (相似度: 0.743)
  💖 [Sophia 匹配] 715C44A9-653A-40C5-BD66-D67591C3EEF0.jpeg (相似度: 0.774)
  💜 [Sharon 匹配] 715C44A9-653A-40C5-BD66-D67591C3EEF0.jpeg (相似度: 0.681)
  💖 [Sophia 匹配] 3F5A6B9C-851F-4993-BC5F-0F94D91FD48C.jpeg (相似度: 0.722)
  💖 [Sophia 匹配] 6F722A5C-BA26-44BF-86B2-55DFB15C4757.jpeg (相似度: 0.513)
  💖 [Sophia 匹配] E573EDCD-F75D-4A8B-A0FD-8F1319B38D2D.jpeg (相似度: 0.736)
  💜 [Sharon 匹配] E573EDCD-F75D-4A8B-A0FD-8F1319B38D2D.jpeg (相似度: 0.732)
  💜 [Sharon 匹配] 6F8438F6-60E9-4CA6-8C5A-DEE5DC645F7A.jpeg (相似度: 0.474)
  💖 [Sophia 匹配] 73143875-809A-46A1-98DE-2A327ED18AF3.jpeg (相似度: 0.686)
  💖 [Sophia 匹配] 8F683E0C-0D43-4267-869C-4D5BB54035DC.jpeg (相似度: 0.748)
  💖 [Sophia 匹配] FDD57855-2C22-45AC-A316-188E977507F7_1_201_a.jpeg (相似度: 0.705)
  💜 [Sharon 匹配] FDD57855-2C22-45AC-A316-188E977507F7_1_201_a.jpeg (相似度: 0.588)
  💖 [Sophia 匹配] AD7B8B95-2F07-4165-97CB-012E8FA13DA4.jpeg (相似度: 0.700)
  💜 [Sharon 匹配] AD7B8B95-2F07-4165-97CB-012E8FA13DA4.jpeg (相似度: 0.633)
  💖 [Sophia 匹配] 5344E08C-8C3C-443E-A5E2-FB377B800C41.jpeg (相似度: 0.620)
  💜 [Sharon 匹配] 5344E08C-8C3C-443E-A5E2-FB377B800C41.jpeg (相似度: 0.560)
  💖 [Sophia 匹配] 61A2029F-C221-437B-AF02-06AD6FE1CC12.jpeg (相似度: 0.738)
  💖 [Sophia 匹配] B3BBB049-A6CB-455D-8758-5E360AD06964.jpeg (相似度: 0.664)
  💜 [Sharon 匹配] B3BBB049-A6CB-455D-8758-5E360AD06964.jpeg (相似度: 0.633)
  💖 [Sophia 匹配] 56BFC6A1-D45E-44DE-8F1E-BBB67FEA603D.jpeg (相似度: 0.725)
⏳ 已辨識 2500 / 5976 張相片 (741.8 秒)...
  💖 [Sophia 匹配] 5ACF20D5-D4BC-4DB9-B095-6F61B4E7E95F.jpeg (相似度: 0.730)
  💜 [Sharon 匹配] 5ACF20D5-D4BC-4DB9-B095-6F61B4E7E95F.jpeg (相似度: 0.527)
  💖 [Sophia 匹配] 4987EC21-6E59-4EB4-952D-425825343F1B.jpeg (相似度: 0.644)
  💖 [Sophia 匹配] 3024B12D-1641-4D09-8485-A06668981F5D.jpeg (相似度: 0.779)
  💜 [Sharon 匹配] 3024B12D-1641-4D09-8485-A06668981F5D.jpeg (相似度: 0.669)
  💜 [Sharon 匹配] FDAB77C6-DA2D-4217-8715-35641F525CEE.jpeg (相似度: 0.660)
  💜 [Sharon 匹配] 059B2E3F-E746-453E-A460-DC1924F058D3.jpeg (相似度: 0.619)
  💜 [Sharon 匹配] 060E1731-7324-40FF-9737-1734F1393B44.jpeg (相似度: 0.624)
  💜 [Sharon 匹配] 58653C89-CD40-48E4-A429-EE9F0687C8FA.jpeg (相似度: 0.588)
  💜 [Sharon 匹配] C2680284-5AC9-44E4-8075-9582D384FB15.jpeg (相似度: 0.649)
  💜 [Sharon 匹配] 3159621E-9508-45A4-AFB1-CC947B98FA34.jpeg (相似度: 0.677)
  💜 [Sharon 匹配] D7DF960A-277E-4A31-8556-E2F02C8CCD4C.jpeg (相似度: 0.588)
  💖 [Sophia 匹配] D7DF960A-277E-4A31-8556-E2F02C8CCD4C.jpeg (相似度: 0.660)
  💖 [Sophia 匹配] 6049812F-B6C8-4C99-869E-F56AFCE01FDB.jpeg (相似度: 0.729)
  💜 [Sharon 匹配] 6049812F-B6C8-4C99-869E-F56AFCE01FDB.jpeg (相似度: 0.598)
  💜 [Sharon 匹配] 1821161F-02A2-45C8-AB20-291DFCF0F29F.jpeg (相似度: 0.609)
  💖 [Sophia 匹配] 1821161F-02A2-45C8-AB20-291DFCF0F29F.jpeg (相似度: 0.746)
  💖 [Sophia 匹配] 6237C1E2-AFDE-48E2-BE1B-3FEFC7D608FC.jpeg (相似度: 0.713)
  💜 [Sharon 匹配] 6237C1E2-AFDE-48E2-BE1B-3FEFC7D608FC.jpeg (相似度: 0.674)
  💜 [Sharon 匹配] B2A906AA-5C8F-48E5-B770-D6B48268F322.jpeg (相似度: 0.547)
  💜 [Sharon 匹配] D40BBA00-5B98-47B8-82D3-893CA7F5C352.jpeg (相似度: 0.533)
  💖 [Sophia 匹配] D359FF00-1A5A-4C7F-843B-8BA82906BA4A.jpeg (相似度: 0.746)
  💜 [Sharon 匹配] D359FF00-1A5A-4C7F-843B-8BA82906BA4A.jpeg (相似度: 0.625)
  💜 [Sharon 匹配] 4B035BA0-1F70-49C6-8960-E66252EFD478.jpeg (相似度: 0.611)
  💜 [Sharon 匹配] 5CB928D4-B284-40CD-84E1-01AF042C5FE3.jpeg (相似度: 0.631)
  💜 [Sharon 匹配] 90E1141B-E431-49CD-9554-5F3FCE40968E.jpeg (相似度: 0.658)
  💖 [Sophia 匹配] 90E1141B-E431-49CD-9554-5F3FCE40968E.jpeg (相似度: 0.784)
  💜 [Sharon 匹配] 0C061C9D-795C-4FAD-9E8F-A5684628B960.jpeg (相似度: 0.666)
  💜 [Sharon 匹配] FE9ED042-278F-4A64-9B69-7C214CFA1445.jpeg (相似度: 0.607)
  💖 [Sophia 匹配] FE9ED042-278F-4A64-9B69-7C214CFA1445.jpeg (相似度: 0.712)
  💜 [Sharon 匹配] C92627C5-DEF5-4F2D-8084-DF299F495B7F.jpeg (相似度: 0.625)
  💜 [Sharon 匹配] 6BAAFC39-FBCD-473E-8FB8-B399AA86D949.jpeg (相似度: 0.558)
  💜 [Sharon 匹配] E5E294C7-36E9-42AE-9AD2-A936D54780EA.jpeg (相似度: 0.620)
  💖 [Sophia 匹配] E5E294C7-36E9-42AE-9AD2-A936D54780EA.jpeg (相似度: 0.691)
  💖 [Sophia 匹配] 76FEADAB-3E44-4913-ABA4-09B33AB15801.jpeg (相似度: 0.688)
  💜 [Sharon 匹配] 76FEADAB-3E44-4913-ABA4-09B33AB15801.jpeg (相似度: 0.575)
  💜 [Sharon 匹配] 0619CA25-FEE2-41BA-BD77-F0946544F90B.jpeg (相似度: 0.621)
  💖 [Sophia 匹配] 0619CA25-FEE2-41BA-BD77-F0946544F90B.jpeg (相似度: 0.741)
  💜 [Sharon 匹配] 15B3701D-E5A7-4B50-B98F-ABF796F62C9A.jpeg (相似度: 0.648)
  💖 [Sophia 匹配] 68C9FCF5-0D2D-4E9B-BB0A-721A2B6286A0.jpeg (相似度: 0.727)
  💜 [Sharon 匹配] 68C9FCF5-0D2D-4E9B-BB0A-721A2B6286A0.jpeg (相似度: 0.588)
  💜 [Sharon 匹配] E0C1185B-D9F3-4498-9AB1-C2A9F84DCBAD.jpeg (相似度: 0.581)
  💖 [Sophia 匹配] E0C1185B-D9F3-4498-9AB1-C2A9F84DCBAD.jpeg (相似度: 0.684)
  💜 [Sharon 匹配] 9499EB74-D13F-4B8A-B620-1B57560326C9.jpeg (相似度: 0.578)
  💖 [Sophia 匹配] 9499EB74-D13F-4B8A-B620-1B57560326C9.jpeg (相似度: 0.705)
  💖 [Sophia 匹配] 2FE75354-3A49-44C2-906A-CD2A1763D701.jpeg (相似度: 0.758)
  💜 [Sharon 匹配] 2FE75354-3A49-44C2-906A-CD2A1763D701.jpeg (相似度: 0.673)
  💜 [Sharon 匹配] 951A4509-247A-47CA-914B-102B7121F576.jpeg (相似度: 0.582)
  💖 [Sophia 匹配] 951A4509-247A-47CA-914B-102B7121F576.jpeg (相似度: 0.723)
  💖 [Sophia 匹配] 4FF18453-4F43-4B60-A170-CBD2B4ACC390.jpeg (相似度: 0.722)
  💜 [Sharon 匹配] 4FF18453-4F43-4B60-A170-CBD2B4ACC390.jpeg (相似度: 0.476)
  💜 [Sharon 匹配] 728BF67A-D99F-47DA-8BBD-8B866AF242D7.jpeg (相似度: 0.614)
  💜 [Sharon 匹配] 5C35EE22-7CFA-4040-AD66-2E59C97221D4.jpeg (相似度: 0.584)
  💖 [Sophia 匹配] 5C35EE22-7CFA-4040-AD66-2E59C97221D4.jpeg (相似度: 0.729)
  💜 [Sharon 匹配] 0C61CB63-685E-4C08-8958-F00270B2A24B.jpeg (相似度: 0.538)
  💜 [Sharon 匹配] 986CD168-1851-41E5-811A-D2CAA955AD4C_1_201_a.jpeg (相似度: 0.451)
  💜 [Sharon 匹配] 749C6B39-1FD1-4A78-B79F-FF104561F9A8.jpeg (相似度: 0.531)
  💖 [Sophia 匹配] 341B3548-4419-4F68-B92A-26245D9456B2.jpeg (相似度: 0.460)
  💜 [Sharon 匹配] A6EFCA78-5339-4F27-A4FD-84DBCF5B7E68.jpeg (相似度: 0.570)
  💜 [Sharon 匹配] 1B6AC76D-28CF-4E4B-B30A-B6054D84ABEA.jpeg (相似度: 0.451)
  💜 [Sharon 匹配] BC88175E-7CA6-4855-97F0-79C8DC394B20.jpeg (相似度: 0.666)
  💜 [Sharon 匹配] 074AE2CB-4C4C-4035-B78B-8E98053317B4.jpeg (相似度: 0.519)
  💖 [Sophia 匹配] F77883F7-B319-4117-A02E-DB7D64DA26FE.jpeg (相似度: 0.603)
  💜 [Sharon 匹配] 1457823F-A13B-4817-98EC-97174A875CA8.jpeg (相似度: 0.581)
  💖 [Sophia 匹配] F655E0DF-1FAF-4918-8025-0A08BB2F903B.jpeg (相似度: 0.664)
  💜 [Sharon 匹配] E8FFCC74-48C7-46F2-B6D8-836790264217.jpeg (相似度: 0.533)
  💜 [Sharon 匹配] 68425C96-CC38-4FD2-B54D-7B4C9EAFAA5D.jpeg (相似度: 0.503)
  💜 [Sharon 匹配] 2DDC2795-08D8-4B8F-8567-7617EA196457_1_201_a.jpeg (相似度: 0.455)
  💖 [Sophia 匹配] 5C6186EB-D4B3-4FE6-A46C-1EF1691B55A6.jpeg (相似度: 0.629)
  💖 [Sophia 匹配] 05618AE1-F662-4792-95AE-6FF22EA24E59.jpeg (相似度: 0.592)
  💖 [Sophia 匹配] 806AE9D8-1B16-4110-B06A-5217BFC8B756.jpeg (相似度: 0.773)
  💜 [Sharon 匹配] 806AE9D8-1B16-4110-B06A-5217BFC8B756.jpeg (相似度: 0.572)
  💖 [Sophia 匹配] B11B854D-DB09-42F9-828E-CB98C4575A2E.jpeg (相似度: 0.729)
  💜 [Sharon 匹配] B11B854D-DB09-42F9-828E-CB98C4575A2E.jpeg (相似度: 0.636)
  💖 [Sophia 匹配] 6EF4FCBE-6BE2-4806-B050-0CAA71932B9D.jpeg (相似度: 0.753)
  💜 [Sharon 匹配] 6EF4FCBE-6BE2-4806-B050-0CAA71932B9D.jpeg (相似度: 0.632)
  💜 [Sharon 匹配] E922771C-53F4-4C8D-A06A-8B87EE27FA13.jpeg (相似度: 0.642)
  💖 [Sophia 匹配] E922771C-53F4-4C8D-A06A-8B87EE27FA13.jpeg (相似度: 0.721)
  💖 [Sophia 匹配] E754D98D-1E10-4964-B085-20D5477103CA.jpeg (相似度: 0.760)
  💖 [Sophia 匹配] 81427123-CB63-4EC6-A5C7-28DCCEF4A25D_1_201_a.jpeg (相似度: 0.639)
  💖 [Sophia 匹配] 048B04A6-6D31-4075-A2AC-6031BE27A88A.jpeg (相似度: 0.731)
  💜 [Sharon 匹配] 048B04A6-6D31-4075-A2AC-6031BE27A88A.jpeg (相似度: 0.619)
  💖 [Sophia 匹配] 92A851FA-C581-471A-A0F9-1FB5944386AF.jpeg (相似度: 0.673)
  💜 [Sharon 匹配] 27803205-619B-44D4-B25E-0E89123F2CF0.jpeg (相似度: 0.571)
  💖 [Sophia 匹配] 8ED0193A-B750-4969-B9F7-A2E153FA26C5.jpeg (相似度: 0.585)
  💜 [Sharon 匹配] B419F494-FBE5-4C07-8218-55494C3B17E9.jpeg (相似度: 0.589)
  💖 [Sophia 匹配] 296B8FFB-3075-458E-A802-CE974B040BD1.jpeg (相似度: 0.585)
  💜 [Sharon 匹配] 85704F67-B728-4142-92D7-A8AF7DB66318.jpeg (相似度: 0.537)
  💜 [Sharon 匹配] 0C82ADE6-9273-4333-8F40-9D291BC2BE27.jpeg (相似度: 0.603)
  💖 [Sophia 匹配] 0C82ADE6-9273-4333-8F40-9D291BC2BE27.jpeg (相似度: 0.687)
  💜 [Sharon 匹配] BF4B94AE-0494-4329-A0F8-65E53D9B75D3.jpeg (相似度: 0.585)
  💖 [Sophia 匹配] BF4B94AE-0494-4329-A0F8-65E53D9B75D3.jpeg (相似度: 0.682)
  💜 [Sharon 匹配] 49CEB0AF-2C7F-4E03-B65C-BD89DB9CD7AF.jpeg (相似度: 0.585)
  💖 [Sophia 匹配] 49CEB0AF-2C7F-4E03-B65C-BD89DB9CD7AF.jpeg (相似度: 0.696)
  💜 [Sharon 匹配] 54C12BF8-AB67-4579-94E9-2EE4E4547109.jpeg (相似度: 0.656)
  💜 [Sharon 匹配] EA5B0679-EE2A-4282-946B-0E7D23707DC7.jpeg (相似度: 0.608)
  💜 [Sharon 匹配] F0342F35-1709-4EAF-8716-120030FACA29.jpeg (相似度: 0.649)
  💜 [Sharon 匹配] 47D8352A-7D3E-4D0D-9116-97B255E9549A.jpeg (相似度: 0.559)
  💖 [Sophia 匹配] 9693F67B-5BEE-4537-8256-B2DBE5ABD92C.jpeg (相似度: 0.793)
  💜 [Sharon 匹配] 0FFD55B3-04DD-4DCD-9CAD-4EB8B4157281.jpeg (相似度: 0.649)
  💜 [Sharon 匹配] 60A6BCD9-649B-48B4-A70B-4E14FEBF4332.jpeg (相似度: 0.578)
  💜 [Sharon 匹配] B06893B1-16FA-49B9-986E-4A30A7F562B2.jpeg (相似度: 0.691)
  💖 [Sophia 匹配] B8644ECC-A8BA-4320-983C-3CE1A8CE850E.jpeg (相似度: 0.612)
  💜 [Sharon 匹配] B8644ECC-A8BA-4320-983C-3CE1A8CE850E.jpeg (相似度: 0.513)
  💖 [Sophia 匹配] 3F19E853-11CA-45B2-876A-BA76686CFA2C.jpeg (相似度: 0.651)
  💖 [Sophia 匹配] A3999B25-66CC-405A-BEE2-31FDA5C4A5A7.jpeg (相似度: 0.695)
  💖 [Sophia 匹配] 6A6C6377-5F3C-414A-BFD5-1416C3F8F0A5.jpeg (相似度: 0.780)
  💖 [Sophia 匹配] 88310459-A558-434D-9756-3A8EA2D840AB.jpeg (相似度: 0.597)
  💖 [Sophia 匹配] DCD3E002-ADD4-4103-94AD-2E83867407EE.jpeg (相似度: 0.736)
  💖 [Sophia 匹配] 2490D32A-AB52-49A7-8604-29FDF43F708A.jpeg (相似度: 0.588)
  💖 [Sophia 匹配] 1E3F1724-D5D8-4421-885F-E87820E5FB08.jpeg (相似度: 0.779)
  💖 [Sophia 匹配] FEABE1DB-2FB2-4B10-8B12-5AEC933F84E8.jpeg (相似度: 0.613)
  💜 [Sharon 匹配] FEABE1DB-2FB2-4B10-8B12-5AEC933F84E8.jpeg (相似度: 0.611)
  💖 [Sophia 匹配] 632E109A-EF58-47E3-BAED-F87F8DE6FE05.jpeg (相似度: 0.723)
  💜 [Sharon 匹配] 9CAD056E-CC95-40D4-8C79-480EDA49CC2D.jpeg (相似度: 0.510)
  💖 [Sophia 匹配] 9CAD056E-CC95-40D4-8C79-480EDA49CC2D.jpeg (相似度: 0.741)
  💖 [Sophia 匹配] 74BE9520-2F33-4977-9A02-6B46D9CEB700.jpeg (相似度: 0.701)
  💖 [Sophia 匹配] 9C5B5CD0-547C-4701-A970-F993F686F420.jpeg (相似度: 0.697)
  💖 [Sophia 匹配] A6DDBA2E-385F-4AC3-AAA5-AC56783A5071.jpeg (相似度: 0.728)
  💜 [Sharon 匹配] A6DDBA2E-385F-4AC3-AAA5-AC56783A5071.jpeg (相似度: 0.517)
  💖 [Sophia 匹配] 702D11FC-CF6D-414D-88CE-3F99588628F4.jpeg (相似度: 0.710)
  💖 [Sophia 匹配] 7ED9086D-3EF3-4DA1-B918-72A00874FCF2.jpeg (相似度: 0.642)
  💜 [Sharon 匹配] A1BD4251-91DE-40A2-A606-4412F56F042E.jpeg (相似度: 0.545)
  💖 [Sophia 匹配] 8DE89F15-BE20-4D5A-9591-C971077C81CE.jpeg (相似度: 0.734)
  💖 [Sophia 匹配] E7B7A907-76F6-4821-9382-8745C2DDC3CF.jpeg (相似度: 0.695)
  💜 [Sharon 匹配] 6B1F9902-AEBF-44F8-883E-72A66E8E12F3.jpeg (相似度: 0.639)
  💖 [Sophia 匹配] 6B1F9902-AEBF-44F8-883E-72A66E8E12F3.jpeg (相似度: 0.640)
  💜 [Sharon 匹配] DBBF1484-2F16-4859-B844-AC4554AC593E.jpeg (相似度: 0.523)
  💖 [Sophia 匹配] CDF6B59A-2045-4FEA-8A35-DAB2CAE2427F.jpeg (相似度: 0.639)
  💜 [Sharon 匹配] CDF6B59A-2045-4FEA-8A35-DAB2CAE2427F.jpeg (相似度: 0.541)
  💖 [Sophia 匹配] 9CC7596B-2115-49EB-A915-31835C8C653A.jpeg (相似度: 0.712)
  💜 [Sharon 匹配] 9CC7596B-2115-49EB-A915-31835C8C653A.jpeg (相似度: 0.625)
  💖 [Sophia 匹配] AA154035-4091-4998-B4FD-EBAC7BE68C87.jpeg (相似度: 0.648)
  💖 [Sophia 匹配] 9D8EE421-6E3F-4F4F-934B-BF7E7D528B77.jpeg (相似度: 0.705)
  💜 [Sharon 匹配] 6F270409-285D-46B6-B0C0-A4FFA0383B72_1_201_a.jpeg (相似度: 0.567)
  💖 [Sophia 匹配] 6F270409-285D-46B6-B0C0-A4FFA0383B72_1_201_a.jpeg (相似度: 0.691)
  💖 [Sophia 匹配] B79C3862-C521-47D9-872C-FE4194D38FF5.jpeg (相似度: 0.708)
  💖 [Sophia 匹配] 87895665-109E-4496-B27F-D5A0EBBC4FD8.jpeg (相似度: 0.634)
  💜 [Sharon 匹配] 87895665-109E-4496-B27F-D5A0EBBC4FD8.jpeg (相似度: 0.616)
  💜 [Sharon 匹配] FB393C7C-CC63-41D9-BE38-A6912D8FC674_1_201_a.jpeg (相似度: 0.621)
  💖 [Sophia 匹配] 1FD66000-D65B-4947-AAD1-B14239D54735.jpeg (相似度: 0.798)
  💖 [Sophia 匹配] 2B4F0D35-B22F-425B-A8B9-FE3882324C52_1_201_a.jpeg (相似度: 0.702)
  💜 [Sharon 匹配] 2B4F0D35-B22F-425B-A8B9-FE3882324C52_1_201_a.jpeg (相似度: 0.498)
  💖 [Sophia 匹配] FA71263C-282C-4F73-A449-76AC863EA155.jpeg (相似度: 0.642)
  💜 [Sharon 匹配] FA71263C-282C-4F73-A449-76AC863EA155.jpeg (相似度: 0.635)
  💖 [Sophia 匹配] FBD45FB9-8243-44AE-87DE-50E7E5CAA695.jpeg (相似度: 0.705)
  💜 [Sharon 匹配] FBD45FB9-8243-44AE-87DE-50E7E5CAA695.jpeg (相似度: 0.622)
  💜 [Sharon 匹配] 265771DF-6EB6-455D-B64F-E5E27C58BB30_1_201_a.jpeg (相似度: 0.655)
  💖 [Sophia 匹配] 9964969A-A354-4A0D-85C1-43990BD400C5.jpeg (相似度: 0.729)
  💖 [Sophia 匹配] A7BECFD8-B578-4F86-8AEE-A32E557EC819.jpeg (相似度: 0.728)
  💖 [Sophia 匹配] 6D2244C3-0F39-41D2-9DFB-9855F211B7CB.jpeg (相似度: 0.684)
  💜 [Sharon 匹配] 6D2244C3-0F39-41D2-9DFB-9855F211B7CB.jpeg (相似度: 0.548)
  💖 [Sophia 匹配] E6EBAC0F-18EE-4782-866E-C13CF8B2BB72.jpeg (相似度: 0.757)
  💖 [Sophia 匹配] 61233F62-D3AB-4E80-BB27-0294C3CD7BF6.jpeg (相似度: 0.749)
  💖 [Sophia 匹配] 167531A4-BC68-445B-B53A-B8D84AFBFEB5.jpeg (相似度: 0.682)
  💜 [Sharon 匹配] 167531A4-BC68-445B-B53A-B8D84AFBFEB5.jpeg (相似度: 0.463)
  💖 [Sophia 匹配] A00D441D-FDF0-4109-A18E-B335F879504B.jpeg (相似度: 0.580)
  💜 [Sharon 匹配] A00D441D-FDF0-4109-A18E-B335F879504B.jpeg (相似度: 0.504)
  💖 [Sophia 匹配] 6E96E1CA-0B80-4AC3-A106-57B6580B9249.jpeg (相似度: 0.518)
  💖 [Sophia 匹配] C356FFFA-346C-46BE-9693-3CADD9B283AB.jpeg (相似度: 0.782)
  💖 [Sophia 匹配] F385748D-DCD2-4C33-ADD8-5593E0B589C4.jpeg (相似度: 0.624)
  💖 [Sophia 匹配] 6A087F0E-0F09-4968-AC92-CAEBDFCE8CEE.jpeg (相似度: 0.658)
  💜 [Sharon 匹配] 6A087F0E-0F09-4968-AC92-CAEBDFCE8CEE.jpeg (相似度: 0.650)
  💖 [Sophia 匹配] C3B5AC39-CFD2-4D7E-A7D3-3F141D5C27CD.jpeg (相似度: 0.581)
  💜 [Sharon 匹配] C3B5AC39-CFD2-4D7E-A7D3-3F141D5C27CD.jpeg (相似度: 0.523)
  💖 [Sophia 匹配] 8E0C92A8-A1AD-45CE-807D-D090BACDC5A2.jpeg (相似度: 0.654)
  💖 [Sophia 匹配] 806BC1DD-8316-4478-9BAB-C8A1FEE39D9A.jpeg (相似度: 0.568)
  💖 [Sophia 匹配] C77DEF79-938E-466A-9413-146BB14216C9.jpeg (相似度: 0.762)
  💖 [Sophia 匹配] 03E8EE1D-3FA3-4FB4-AF62-046B423430A6.jpeg (相似度: 0.683)
  💜 [Sharon 匹配] 03E8EE1D-3FA3-4FB4-AF62-046B423430A6.jpeg (相似度: 0.611)
  💖 [Sophia 匹配] 7C7FBF48-9689-497A-8111-C300A08B362D.jpeg (相似度: 0.747)
  💜 [Sharon 匹配] 7C7FBF48-9689-497A-8111-C300A08B362D.jpeg (相似度: 0.639)
  💖 [Sophia 匹配] A537164B-5DE1-427F-94BC-84DFC4D4396E_1_201_a.jpeg (相似度: 0.676)
  💜 [Sharon 匹配] A537164B-5DE1-427F-94BC-84DFC4D4396E_1_201_a.jpeg (相似度: 0.617)
  💖 [Sophia 匹配] B2A42012-E254-4BF4-9507-33CBD5FEB8BF.jpeg (相似度: 0.706)
  💜 [Sharon 匹配] B2A42012-E254-4BF4-9507-33CBD5FEB8BF.jpeg (相似度: 0.497)
  💜 [Sharon 匹配] 5C3C070A-2DE5-4617-A07B-74C9BA65F70E.jpeg (相似度: 0.582)
  💖 [Sophia 匹配] 5C3C070A-2DE5-4617-A07B-74C9BA65F70E.jpeg (相似度: 0.731)
  💜 [Sharon 匹配] B633ACBF-4C6E-4400-AD95-AAE045C60894.jpeg (相似度: 0.592)
  💖 [Sophia 匹配] 18A8D385-1E6F-4485-B9C7-824C0D8086A5.jpeg (相似度: 0.583)
  💖 [Sophia 匹配] CDFCC8D9-A439-4900-852F-6B953BC318DB.jpeg (相似度: 0.689)
  💜 [Sharon 匹配] CDFCC8D9-A439-4900-852F-6B953BC318DB.jpeg (相似度: 0.513)
  💖 [Sophia 匹配] C526A6F1-4F69-4E00-B66E-A7A9466F1A32.jpeg (相似度: 0.719)
  💜 [Sharon 匹配] C526A6F1-4F69-4E00-B66E-A7A9466F1A32.jpeg (相似度: 0.614)
  💖 [Sophia 匹配] 4524AFEA-6762-46C9-BE70-DFE81BE4EF89.jpeg (相似度: 0.717)
  💖 [Sophia 匹配] 0A894D17-0A10-4DDD-A774-F1DC2F658FB6.jpeg (相似度: 0.503)
  💖 [Sophia 匹配] 0D1C929E-E132-4B37-BC41-9A92F116D29B.jpeg (相似度: 0.685)
  💖 [Sophia 匹配] F6005524-6E7F-406B-8148-C67B13D2C3DE.jpeg (相似度: 0.783)
  💖 [Sophia 匹配] A5383F93-2019-4917-AD58-36EFCFEE6F3D.jpeg (相似度: 0.679)
  💜 [Sharon 匹配] A5383F93-2019-4917-AD58-36EFCFEE6F3D.jpeg (相似度: 0.645)
  💜 [Sharon 匹配] FA11E3B6-E0CC-4C70-BB22-527A2E3A01AF.jpeg (相似度: 0.582)
  💖 [Sophia 匹配] A23F724C-4480-49B4-A6C5-68596FAE904A.jpeg (相似度: 0.749)
  💜 [Sharon 匹配] E2636A07-3F55-41B4-94E2-CEDB00980F88.jpeg (相似度: 0.594)
  💖 [Sophia 匹配] E2636A07-3F55-41B4-94E2-CEDB00980F88.jpeg (相似度: 0.575)
  💖 [Sophia 匹配] 71ECFC09-01F5-4C39-B680-568A251BEE2B.jpeg (相似度: 0.755)
  💖 [Sophia 匹配] E12C5D3C-45D9-4296-B642-6417A240D9DE.jpeg (相似度: 0.585)
  💖 [Sophia 匹配] 2A82913A-4B25-4EBA-A51A-CF3EF9F5C4DB.jpeg (相似度: 0.751)
  💖 [Sophia 匹配] 4B433CDA-FACC-4F6D-AC92-27F737D33EEF.jpeg (相似度: 0.484)
  💖 [Sophia 匹配] 7087840C-F704-445B-B8DA-EE5FE72850D1.jpeg (相似度: 0.686)
  💖 [Sophia 匹配] FA13EA80-80B3-430D-A23E-498D397E036E.jpeg (相似度: 0.751)
  💖 [Sophia 匹配] CA3A60BC-E315-4087-853B-47BE0765B6EF.jpeg (相似度: 0.728)
  💖 [Sophia 匹配] C7791B2F-52AF-4FA5-B45A-2FB623CC0DAB.jpeg (相似度: 0.707)
  💜 [Sharon 匹配] C7791B2F-52AF-4FA5-B45A-2FB623CC0DAB.jpeg (相似度: 0.598)
  💖 [Sophia 匹配] 4EDA847C-54A7-47A2-BDFC-DB5B59DBD78E.jpeg (相似度: 0.773)
  💜 [Sharon 匹配] 4EDA847C-54A7-47A2-BDFC-DB5B59DBD78E.jpeg (相似度: 0.672)
  💖 [Sophia 匹配] D706AAE5-28EB-4EB8-9AD3-550CB3BE0846.jpeg (相似度: 0.770)
  💜 [Sharon 匹配] D706AAE5-28EB-4EB8-9AD3-550CB3BE0846.jpeg (相似度: 0.694)
  💜 [Sharon 匹配] 505C6C4A-681A-478C-B58F-4ECFBD2E9248.jpeg (相似度: 0.644)
  💖 [Sophia 匹配] 505C6C4A-681A-478C-B58F-4ECFBD2E9248.jpeg (相似度: 0.741)
  💜 [Sharon 匹配] 954B5BB9-97DD-4675-8A6D-645B7E232A32.jpeg (相似度: 0.600)
  💜 [Sharon 匹配] 541BDF92-089C-451C-A376-49D290E40A7B.jpeg (相似度: 0.617)
  💜 [Sharon 匹配] F04892F0-E2FC-43A9-8B68-F2F932AED693.jpeg (相似度: 0.628)
  💜 [Sharon 匹配] 018E4323-2500-412F-9BAA-3F40CA5ABFDF.jpeg (相似度: 0.682)
  💜 [Sharon 匹配] E5284BDC-53EB-438E-BE92-46A5F0DCF587.jpeg (相似度: 0.670)
  💜 [Sharon 匹配] 10946A62-2C9F-4F5F-8DD8-A2710C21DECF.jpeg (相似度: 0.638)
  💜 [Sharon 匹配] 649F4CD8-2366-48CB-9B99-FF5D2A99D8B7.jpeg (相似度: 0.680)
  💜 [Sharon 匹配] AF6C3786-700E-4B32-AFC3-324EE3377D04.jpeg (相似度: 0.746)
  💜 [Sharon 匹配] 11FBEABA-B1E6-4D0E-A6B9-0577A81FD0D4.jpeg (相似度: 0.599)
  💖 [Sophia 匹配] 1C3214B7-AC4D-4F39-AB5E-AEA41E460808.jpeg (相似度: 0.634)
  💜 [Sharon 匹配] C22AE996-5FED-42B6-856A-B4ECF45EE748.jpeg (相似度: 0.579)
  💖 [Sophia 匹配] C22AE996-5FED-42B6-856A-B4ECF45EE748.jpeg (相似度: 0.461)
  💜 [Sharon 匹配] 95C3A708-0FEC-4990-9F35-C0F939AFBF46.jpeg (相似度: 0.589)
  💖 [Sophia 匹配] A6DCE7A0-BC85-4D00-A5E5-28A781C930F1.jpeg (相似度: 0.535)
  💜 [Sharon 匹配] A6DCE7A0-BC85-4D00-A5E5-28A781C930F1.jpeg (相似度: 0.658)
  💜 [Sharon 匹配] 2584B234-0BE6-4B9B-A79B-218771B4CCB8.jpeg (相似度: 0.706)
  💜 [Sharon 匹配] 06CF8206-2281-4E2E-BC4E-99952784DE39.jpeg (相似度: 0.612)
  💖 [Sophia 匹配] 5D3FA37A-E86E-4018-A610-72B8C8AA2DD4.jpeg (相似度: 0.569)
  💖 [Sophia 匹配] 61B214C1-F2FB-48D6-8E96-515735FF31D8.jpeg (相似度: 0.579)
  💜 [Sharon 匹配] CCFD8D66-5C12-4127-9310-68BD0A30D7A6.jpeg (相似度: 0.611)
  💖 [Sophia 匹配] FAD2B850-13E6-42D7-9130-2386E1E2E928.jpeg (相似度: 0.595)
  💖 [Sophia 匹配] 7832FB5C-7F9C-470F-8E68-2EEF6308BF74.jpeg (相似度: 0.613)
  💖 [Sophia 匹配] 99F7B97D-DB70-4CC5-B8CD-C3DD2A560CB7.jpeg (相似度: 0.505)
  💖 [Sophia 匹配] 853CBA80-58EA-497E-A9F8-C69C64E79CE9.jpeg (相似度: 0.609)
  💜 [Sharon 匹配] 07DB6C6D-E53D-4BD2-9B7F-6F7A40BACC84.jpeg (相似度: 0.559)
  💖 [Sophia 匹配] 835B147E-8B2C-4AF3-A0A2-2E2CC1BB5B40.jpeg (相似度: 0.600)
  💖 [Sophia 匹配] 9C71E8E7-2BF0-41ED-89D0-2BEB1AEEE519.jpeg (相似度: 0.535)
  💖 [Sophia 匹配] F705AE30-9A2A-4E66-97C0-795FC253FBDF.jpeg (相似度: 0.681)
  💜 [Sharon 匹配] 8789768D-0278-4B5C-85D9-A28E2B7C79CF.jpeg (相似度: 0.737)
  💖 [Sophia 匹配] 8789768D-0278-4B5C-85D9-A28E2B7C79CF.jpeg (相似度: 0.699)
  💖 [Sophia 匹配] BD644F7F-3B7A-450E-AED0-46C4BBEC6C87.jpeg (相似度: 0.723)
  💜 [Sharon 匹配] BD644F7F-3B7A-450E-AED0-46C4BBEC6C87.jpeg (相似度: 0.736)
  💜 [Sharon 匹配] 3EF617E3-76B3-483F-932E-86E5BE6A35B1.jpeg (相似度: 0.680)
  💜 [Sharon 匹配] E65E8A91-D463-4B84-824E-0B226DFEFA0A.jpeg (相似度: 0.582)
  💜 [Sharon 匹配] 3F09A5E1-C40F-44A6-9DF0-040A568531E9.jpeg (相似度: 0.672)
⏳ 已辨識 3000 / 5976 張相片 (883.3 秒)...
  💖 [Sophia 匹配] 6DFD4500-A18B-4B4F-B49B-BBA53E7015C4.jpeg (相似度: 0.709)
  💜 [Sharon 匹配] 6DFD4500-A18B-4B4F-B49B-BBA53E7015C4.jpeg (相似度: 0.716)
  💜 [Sharon 匹配] 43F8A53B-83D0-4730-A77C-FFEDD1DA414B.jpeg (相似度: 0.523)
  💜 [Sharon 匹配] 4D402F92-DE95-4294-B097-9A508D515D67.jpeg (相似度: 0.533)
  💜 [Sharon 匹配] 8F652B62-68FB-4627-A0D7-9AD278F9E423.jpeg (相似度: 0.606)
  💖 [Sophia 匹配] 86934B0F-317C-4C78-8E37-FA622F456C4C.jpeg (相似度: 0.685)
  💜 [Sharon 匹配] 86934B0F-317C-4C78-8E37-FA622F456C4C.jpeg (相似度: 0.714)
  💜 [Sharon 匹配] 670D9535-7CBD-4F27-BE85-51DCD45386B9.jpeg (相似度: 0.629)
  💖 [Sophia 匹配] 26FF3FBF-7FBF-4F78-BA34-465A743CB175.jpeg (相似度: 0.590)
  💜 [Sharon 匹配] 26FF3FBF-7FBF-4F78-BA34-465A743CB175.jpeg (相似度: 0.665)
  💖 [Sophia 匹配] 4D17F09A-226F-4DF8-8113-031D2BAFF4DB.jpeg (相似度: 0.686)
  💜 [Sharon 匹配] 4D17F09A-226F-4DF8-8113-031D2BAFF4DB.jpeg (相似度: 0.644)
  💜 [Sharon 匹配] C7231791-184B-4FA8-BEAD-E19277F63EB9.jpeg (相似度: 0.735)
  💖 [Sophia 匹配] 76D8B1EB-F736-415D-8B20-72BBE1DDADC2.jpeg (相似度: 0.691)
  💜 [Sharon 匹配] 76D8B1EB-F736-415D-8B20-72BBE1DDADC2.jpeg (相似度: 0.693)
  💜 [Sharon 匹配] 2BBD82D5-A080-4CA5-880E-B28044E7925D.jpeg (相似度: 0.656)
  💜 [Sharon 匹配] 1640E50B-3038-43B2-A552-CCD127A9CBA2.jpeg (相似度: 0.645)
  💜 [Sharon 匹配] FFFDEF46-C7CD-49C9-A7F9-E30B27F8E743.jpeg (相似度: 0.669)
  💖 [Sophia 匹配] E4BF0C11-6F79-4AB2-80D3-BA608270EAB1.jpeg (相似度: 0.700)
  💜 [Sharon 匹配] E4BF0C11-6F79-4AB2-80D3-BA608270EAB1.jpeg (相似度: 0.734)
  💜 [Sharon 匹配] 20E0CB6A-3162-4C26-8E8B-DA8906B52498.jpeg (相似度: 0.606)
  💖 [Sophia 匹配] 25CCEB46-F1B5-44A3-B6F7-9C66683322E0.jpeg (相似度: 0.621)
  💜 [Sharon 匹配] 25CCEB46-F1B5-44A3-B6F7-9C66683322E0.jpeg (相似度: 0.661)
  💜 [Sharon 匹配] C8B717E1-5A52-4587-8429-D29F1D119B48.jpeg (相似度: 0.581)
  💜 [Sharon 匹配] 2D43E6BB-193E-4A55-93CA-D03EA30BAB6C.jpeg (相似度: 0.616)
  💜 [Sharon 匹配] 696C3EA1-052B-466B-84B9-636AC8DAFE3E.jpeg (相似度: 0.632)
  💜 [Sharon 匹配] 43971EBC-2421-4FF6-BE13-BBC05F3F5B6D.jpeg (相似度: 0.657)
  💜 [Sharon 匹配] 3A73E32E-B3A1-4462-8A2F-F2897756CB21.jpeg (相似度: 0.665)
  💜 [Sharon 匹配] 947F2E66-02AD-4E51-8E45-D453B56010A5.jpeg (相似度: 0.621)
  💖 [Sophia 匹配] 6FC2650C-9F7E-4027-AA3D-DD332C84CEA9.jpeg (相似度: 0.693)
  💜 [Sharon 匹配] 6FC2650C-9F7E-4027-AA3D-DD332C84CEA9.jpeg (相似度: 0.746)
  💜 [Sharon 匹配] 718046FD-E65A-4515-91AD-3EF055C6A937.jpeg (相似度: 0.541)
  💖 [Sophia 匹配] C5A9BD21-4AB7-4A3C-B0A0-9EFBA178DD14.jpeg (相似度: 0.698)
  💜 [Sharon 匹配] C5A9BD21-4AB7-4A3C-B0A0-9EFBA178DD14.jpeg (相似度: 0.733)
  💜 [Sharon 匹配] D311D7AF-7842-4EF6-BDAC-3AB2FEE26CC8.jpeg (相似度: 0.665)
  💜 [Sharon 匹配] 19785782-1CF3-4B2C-9C0C-8209AE4F6F96.jpeg (相似度: 0.578)
  💜 [Sharon 匹配] 6E27F397-3951-4534-89E7-3D0D97F8EA04.jpeg (相似度: 0.617)
  💜 [Sharon 匹配] ED6F2B82-A30E-4897-9C6D-B52E044A291C.jpeg (相似度: 0.659)
  💜 [Sharon 匹配] 99CEE83E-FB88-4E03-BE86-E583111C9F2E.jpeg (相似度: 0.464)
  💜 [Sharon 匹配] 33EF1E01-EF5D-4EAA-99B3-26AC2B5FB632.jpeg (相似度: 0.486)
  💜 [Sharon 匹配] 1A900AB5-8E03-4021-9001-4CF3FB879044.jpeg (相似度: 0.634)
  💖 [Sophia 匹配] 1A900AB5-8E03-4021-9001-4CF3FB879044.jpeg (相似度: 0.633)
  💜 [Sharon 匹配] 89C85C85-4744-4F10-B5F5-6F438D026234.jpeg (相似度: 0.497)
  💜 [Sharon 匹配] 275AF46E-F1BA-4BBF-8013-3E7ADCE76A5B.jpeg (相似度: 0.586)
  💜 [Sharon 匹配] EF5CF0BC-44AF-4B8A-9279-8E6706BA30D7.jpeg (相似度: 0.513)
  💖 [Sophia 匹配] DD63CDD3-DA10-4FB3-82DB-26DCEE1010E4.jpeg (相似度: 0.672)
  💜 [Sharon 匹配] DD63CDD3-DA10-4FB3-82DB-26DCEE1010E4.jpeg (相似度: 0.739)
  💖 [Sophia 匹配] 83AA10B9-4A77-4931-BC4C-99717D208452.jpeg (相似度: 0.721)
  💜 [Sharon 匹配] 83AA10B9-4A77-4931-BC4C-99717D208452.jpeg (相似度: 0.715)
  💜 [Sharon 匹配] 8C0EC61C-2095-407F-8033-26FEB7BE241B_1_201_a.jpeg (相似度: 0.644)
  💖 [Sophia 匹配] 8C0EC61C-2095-407F-8033-26FEB7BE241B_1_201_a.jpeg (相似度: 0.635)
  💖 [Sophia 匹配] 01ADCDD6-C4C1-4BB2-8DEC-7EE7D5509398_1_201_a.jpeg (相似度: 0.648)
  💜 [Sharon 匹配] 01ADCDD6-C4C1-4BB2-8DEC-7EE7D5509398_1_201_a.jpeg (相似度: 0.647)
  💖 [Sophia 匹配] C149BA2D-E3DC-4566-9D13-8B4259339D81.jpeg (相似度: 0.589)
  💖 [Sophia 匹配] C083CC9C-B8DF-4F80-81C2-6CE2D3FB18DA_1_201_a.jpeg (相似度: 0.635)
  💜 [Sharon 匹配] C083CC9C-B8DF-4F80-81C2-6CE2D3FB18DA_1_201_a.jpeg (相似度: 0.680)
  💖 [Sophia 匹配] E948EAFC-9B64-4AFC-A52A-C6F8BBDEE05B_1_201_a.jpeg (相似度: 0.654)
  💜 [Sharon 匹配] E948EAFC-9B64-4AFC-A52A-C6F8BBDEE05B_1_201_a.jpeg (相似度: 0.672)
  💖 [Sophia 匹配] 988B30E7-D673-48AB-9F6D-B99933060E23.jpeg (相似度: 0.630)
  💜 [Sharon 匹配] 988B30E7-D673-48AB-9F6D-B99933060E23.jpeg (相似度: 0.710)
  💖 [Sophia 匹配] 8A5A429C-220E-4446-B71F-8FEB586A7291.jpeg (相似度: 0.594)
  💜 [Sharon 匹配] 8A5A429C-220E-4446-B71F-8FEB586A7291.jpeg (相似度: 0.593)
  💖 [Sophia 匹配] 60861DC2-C8FC-4A51-9F6B-9A9D578D8CE9.jpeg (相似度: 0.621)
  💖 [Sophia 匹配] E56D2320-2FD9-423D-9B4A-A8F565265EBE.jpeg (相似度: 0.667)
  💖 [Sophia 匹配] F3593EDB-011C-45DE-B414-74B58A9714B6.jpeg (相似度: 0.452)
  💜 [Sharon 匹配] F3593EDB-011C-45DE-B414-74B58A9714B6.jpeg (相似度: 0.592)
  💖 [Sophia 匹配] D910089B-93FD-414E-A473-FDFF3C47775D_1_201_a.jpeg (相似度: 0.665)
  💖 [Sophia 匹配] F3F87080-B2DB-4CD1-86CE-1428E36E0CEC.jpeg (相似度: 0.625)
  💜 [Sharon 匹配] F3F87080-B2DB-4CD1-86CE-1428E36E0CEC.jpeg (相似度: 0.551)
  💖 [Sophia 匹配] 300D5E2E-8C04-4F09-BC16-39A36255B974_1_201_a.jpeg (相似度: 0.627)
  💜 [Sharon 匹配] 300D5E2E-8C04-4F09-BC16-39A36255B974_1_201_a.jpeg (相似度: 0.633)
  💜 [Sharon 匹配] 190FC734-9E14-4505-87F4-B23EA64B749F_1_201_a.jpeg (相似度: 0.717)
  💖 [Sophia 匹配] 190FC734-9E14-4505-87F4-B23EA64B749F_1_201_a.jpeg (相似度: 0.630)
  💖 [Sophia 匹配] 750C2118-CAE8-43B5-9187-66C499B856BF_1_201_a.jpeg (相似度: 0.603)
  💜 [Sharon 匹配] 750C2118-CAE8-43B5-9187-66C499B856BF_1_201_a.jpeg (相似度: 0.629)
  💜 [Sharon 匹配] FB94F3E8-BB00-451E-B630-A2300C23F8C3_1_201_a.jpeg (相似度: 0.626)
  💖 [Sophia 匹配] FB94F3E8-BB00-451E-B630-A2300C23F8C3_1_201_a.jpeg (相似度: 0.584)
  💖 [Sophia 匹配] 1AD03844-9F78-421B-8CA2-756D75F01F30_1_201_a.jpeg (相似度: 0.679)
  💖 [Sophia 匹配] 93505D4A-9947-4EDE-9A67-84C58E734B6D.jpeg (相似度: 0.713)
  💖 [Sophia 匹配] D3D7079C-C2EB-422D-9FEA-408E941A1044_1_201_a.jpeg (相似度: 0.597)
  💜 [Sharon 匹配] D3D7079C-C2EB-422D-9FEA-408E941A1044_1_201_a.jpeg (相似度: 0.687)
  💖 [Sophia 匹配] 8480F92D-CB06-4D6D-9952-A40F458340EB_1_201_a.jpeg (相似度: 0.603)
  💜 [Sharon 匹配] 8480F92D-CB06-4D6D-9952-A40F458340EB_1_201_a.jpeg (相似度: 0.664)
  💖 [Sophia 匹配] 1DA9CF6D-6BA8-4B6D-8274-5C995E441D14.jpeg (相似度: 0.495)
  💖 [Sophia 匹配] CA8F1BD8-CE06-4B8E-A63B-08203839BAAE.jpeg (相似度: 0.655)
  💜 [Sharon 匹配] 7BD98997-2343-4901-89F0-DF6539AD135A.jpeg (相似度: 0.578)
  💖 [Sophia 匹配] 7C120F24-D15D-4828-A827-2543BA2A3FEF.jpeg (相似度: 0.566)
  💜 [Sharon 匹配] 7C120F24-D15D-4828-A827-2543BA2A3FEF.jpeg (相似度: 0.660)
  💖 [Sophia 匹配] 8BF7DDDF-2494-4CF9-A661-538ACEDD3ED2.jpeg (相似度: 0.566)
  💖 [Sophia 匹配] B8051EA0-5BF1-4B73-8B1E-556C21D1BC9D.jpeg (相似度: 0.537)
  💖 [Sophia 匹配] 7418BA34-4600-42CD-A164-DCF56E234A61.jpeg (相似度: 0.605)
  💜 [Sharon 匹配] 7418BA34-4600-42CD-A164-DCF56E234A61.jpeg (相似度: 0.675)
  💖 [Sophia 匹配] 195B9FFD-A7AA-4F17-8C17-574BC8CD9025.jpeg (相似度: 0.628)
  💜 [Sharon 匹配] 195B9FFD-A7AA-4F17-8C17-574BC8CD9025.jpeg (相似度: 0.678)
  💖 [Sophia 匹配] 4038D62A-A7B6-424C-B49D-588A67AC30DE.jpeg (相似度: 0.513)
  💖 [Sophia 匹配] A51CB6D4-2ABB-4F41-940B-1973CC84CFC5.jpeg (相似度: 0.602)
  💜 [Sharon 匹配] A51CB6D4-2ABB-4F41-940B-1973CC84CFC5.jpeg (相似度: 0.623)
  💜 [Sharon 匹配] 474A4B87-2E33-4B4E-8CCF-94B9E22BA43B.jpeg (相似度: 0.645)
  💖 [Sophia 匹配] 474A4B87-2E33-4B4E-8CCF-94B9E22BA43B.jpeg (相似度: 0.608)
  💖 [Sophia 匹配] 3A7DD028-9975-4677-9B58-7A55F981AA85.jpeg (相似度: 0.552)
  💜 [Sharon 匹配] 3A7DD028-9975-4677-9B58-7A55F981AA85.jpeg (相似度: 0.548)
  💜 [Sharon 匹配] 9C87D730-EC10-4767-A392-0A29F570D27E.jpeg (相似度: 0.689)
  💖 [Sophia 匹配] 4B49A852-8C23-46D4-8D01-8A1AAC841EBF.jpeg (相似度: 0.665)
  💜 [Sharon 匹配] 4B49A852-8C23-46D4-8D01-8A1AAC841EBF.jpeg (相似度: 0.684)
  💖 [Sophia 匹配] C5EC07B2-BCBA-4174-9332-75636E7BD1E2.jpeg (相似度: 0.660)
  💜 [Sharon 匹配] C5EC07B2-BCBA-4174-9332-75636E7BD1E2.jpeg (相似度: 0.694)
  💜 [Sharon 匹配] F959245F-9E97-4771-AB0C-A82CBF29016F.jpeg (相似度: 0.508)
  💜 [Sharon 匹配] 2EF27755-1DE3-443B-9D29-4E1E4A3AB683.jpeg (相似度: 0.499)
  💖 [Sophia 匹配] 0466BC9B-D477-4B58-AD03-0CCE513CFCFC.jpeg (相似度: 0.596)
  💖 [Sophia 匹配] 9937E330-E891-4413-A425-B2AC88DD8DBB.jpeg (相似度: 0.723)
  💖 [Sophia 匹配] 2DE2A7C2-6E10-4540-AC48-A74C7242E286.jpeg (相似度: 0.523)
  💖 [Sophia 匹配] 4C09C952-AFDC-466E-9445-76941A366984.jpeg (相似度: 0.508)
  💖 [Sophia 匹配] 7835DD69-07E0-4744-BE15-9375A260E8CE.jpeg (相似度: 0.578)
  💜 [Sharon 匹配] 7835DD69-07E0-4744-BE15-9375A260E8CE.jpeg (相似度: 0.698)
  💜 [Sharon 匹配] 6367A7C3-9025-4D37-B11C-EB2729C5AD99.jpeg (相似度: 0.673)
  💖 [Sophia 匹配] 6367A7C3-9025-4D37-B11C-EB2729C5AD99.jpeg (相似度: 0.672)
  💖 [Sophia 匹配] 09032B9A-7385-4B1F-8FAF-092CFE1E8AA4.jpeg (相似度: 0.619)
  💜 [Sharon 匹配] 09032B9A-7385-4B1F-8FAF-092CFE1E8AA4.jpeg (相似度: 0.651)
  💖 [Sophia 匹配] 45752BA3-6844-4369-8FA8-8732DD0F32CA_1_201_a.jpeg (相似度: 0.626)
  💜 [Sharon 匹配] 48E9C488-C5E7-44FB-B374-5DC1A6B498AC.jpeg (相似度: 0.658)
  💜 [Sharon 匹配] 26520940-A010-48FF-935F-5855E5949085.jpeg (相似度: 0.682)
  💖 [Sophia 匹配] 26520940-A010-48FF-935F-5855E5949085.jpeg (相似度: 0.674)
  💖 [Sophia 匹配] 7E663BE3-CC48-4716-8AA9-A7F6C3F517A5.jpeg (相似度: 0.620)
  💜 [Sharon 匹配] 85928917-E6F9-4BBC-AF91-9E0E38F01223.jpeg (相似度: 0.642)
  💜 [Sharon 匹配] B6AC1EE4-577E-4BC2-BA41-DAAD472279F5.jpeg (相似度: 0.662)
  💖 [Sophia 匹配] A7172B1C-8975-451C-8406-33C14281F4B0_1_201_a.jpeg (相似度: 0.621)
  💜 [Sharon 匹配] 508623D2-5A94-453B-8D84-B55F3D0BF626.jpeg (相似度: 0.642)
  💖 [Sophia 匹配] 71DBB1DD-5076-475E-8FC9-4C9731148CAA_1_201_a.jpeg (相似度: 0.627)
  💜 [Sharon 匹配] 71DBB1DD-5076-475E-8FC9-4C9731148CAA_1_201_a.jpeg (相似度: 0.619)
  💜 [Sharon 匹配] 8660B704-8E3E-450A-A440-5174D281A084.jpeg (相似度: 0.623)
  💖 [Sophia 匹配] 9674F0F5-CC90-4E18-B4AF-5ADE5E7A19D8.jpeg (相似度: 0.693)
  💜 [Sharon 匹配] 9674F0F5-CC90-4E18-B4AF-5ADE5E7A19D8.jpeg (相似度: 0.618)
  💜 [Sharon 匹配] 07495DFF-2591-4BD9-AD9D-3C5E8A9D6AAC.jpeg (相似度: 0.624)
  💖 [Sophia 匹配] 07495DFF-2591-4BD9-AD9D-3C5E8A9D6AAC.jpeg (相似度: 0.602)
  💜 [Sharon 匹配] 9D8BB487-67F6-40AE-9CB8-E7433DCEA174.jpeg (相似度: 0.678)
  💖 [Sophia 匹配] 9D8BB487-67F6-40AE-9CB8-E7433DCEA174.jpeg (相似度: 0.672)
  💜 [Sharon 匹配] 08278434-7CA3-44F2-8AA9-CB5C071AB414.jpeg (相似度: 0.623)
  💜 [Sharon 匹配] A4C7D703-B9DF-4B80-A9DB-6C50B44F02F5.jpeg (相似度: 0.658)
  💜 [Sharon 匹配] 8092EEE7-0247-4B3E-A152-8214A13422FF.jpeg (相似度: 0.692)
  💖 [Sophia 匹配] A9558760-260D-4458-ABA1-68BAC4FF84B8.jpeg (相似度: 0.668)
  💜 [Sharon 匹配] A9558760-260D-4458-ABA1-68BAC4FF84B8.jpeg (相似度: 0.645)
  💜 [Sharon 匹配] FA943632-30E7-4989-9F4A-FACBE4B8F7D6.jpeg (相似度: 0.656)
  💖 [Sophia 匹配] FA943632-30E7-4989-9F4A-FACBE4B8F7D6.jpeg (相似度: 0.639)
  💜 [Sharon 匹配] BEB05A68-8182-4B58-91FA-F4E81692A462.jpeg (相似度: 0.533)
  💜 [Sharon 匹配] 2A46C310-306E-483F-8B9A-BDC344178A65.jpeg (相似度: 0.622)
  💜 [Sharon 匹配] E5A45545-595C-4912-947B-C9CD6F75D2B7.jpeg (相似度: 0.539)
  💜 [Sharon 匹配] 2AEA22E2-A30C-42E3-8224-D02C0D77E5AD.jpeg (相似度: 0.622)
  💜 [Sharon 匹配] 9AB26CA1-B3B8-4DBF-A69D-30E23AC24637.jpeg (相似度: 0.713)
  💖 [Sophia 匹配] 9AB26CA1-B3B8-4DBF-A69D-30E23AC24637.jpeg (相似度: 0.638)
  💖 [Sophia 匹配] A6D9A222-DA91-4E41-8AEC-A6572C42DF12_1_201_a.jpeg (相似度: 0.614)
  💜 [Sharon 匹配] A6D9A222-DA91-4E41-8AEC-A6572C42DF12_1_201_a.jpeg (相似度: 0.669)
  💜 [Sharon 匹配] ED8D2CB9-4643-4EA6-94BF-FE0529A0A17C.jpeg (相似度: 0.713)
  💜 [Sharon 匹配] 4204A11F-3278-4370-A466-E91BF9418956.jpeg (相似度: 0.727)
  💜 [Sharon 匹配] 28D0BEEB-BBC2-4BF3-B060-1713C43E8455.jpeg (相似度: 0.675)
  💜 [Sharon 匹配] 06C9B22F-F333-4033-8E58-C05632DE0230.jpeg (相似度: 0.545)
  💜 [Sharon 匹配] 42322957-46A2-4B48-8059-8B7AB43341F8.jpeg (相似度: 0.623)
  💖 [Sophia 匹配] BFB1B31B-2C95-4289-AAEC-C9C769005972.jpeg (相似度: 0.569)
  💜 [Sharon 匹配] BFB1B31B-2C95-4289-AAEC-C9C769005972.jpeg (相似度: 0.647)
  💖 [Sophia 匹配] 478AFF67-BEA8-434A-B4D1-10A544D9C148_1_201_a.jpeg (相似度: 0.610)
  💜 [Sharon 匹配] 994DB468-2FE9-4F3A-8662-ED81AD0DF5B8.jpeg (相似度: 0.628)
  💖 [Sophia 匹配] 19E35FE6-2782-48AC-B915-D19E389AB241.jpeg (相似度: 0.646)
  💜 [Sharon 匹配] 19E35FE6-2782-48AC-B915-D19E389AB241.jpeg (相似度: 0.634)
  💜 [Sharon 匹配] DB56A732-5B07-4DE4-AEC9-D40DAFC05251.jpeg (相似度: 0.632)
  💜 [Sharon 匹配] FA4428AD-30A4-45A3-BD9C-6E6C010E4C03_1_201_a.jpeg (相似度: 0.686)
  💖 [Sophia 匹配] FA4428AD-30A4-45A3-BD9C-6E6C010E4C03_1_201_a.jpeg (相似度: 0.675)
  💜 [Sharon 匹配] 593281F8-95FF-4DBD-B2E7-AF7C88E7BCAB.jpeg (相似度: 0.573)
  💜 [Sharon 匹配] DCC52D6F-4046-4EE1-8471-33440FABD65D.jpeg (相似度: 0.640)
  💜 [Sharon 匹配] 46C1298C-8D3F-4D5D-AC16-B2049FB6C693_1_201_a.jpeg (相似度: 0.663)
  💖 [Sophia 匹配] E74EBE92-B135-4AAD-AA43-6822975F8894.jpeg (相似度: 0.650)
  💜 [Sharon 匹配] E74EBE92-B135-4AAD-AA43-6822975F8894.jpeg (相似度: 0.680)
  💖 [Sophia 匹配] 2317C0C1-E359-4E98-81B5-C2834262AB03_1_201_a.jpeg (相似度: 0.669)
  💜 [Sharon 匹配] CBD41BE0-03F5-4AA9-BF79-5FA36254BC09.jpeg (相似度: 0.638)
  💖 [Sophia 匹配] F311310A-FF93-44AD-A84F-6749D4E08B64.jpeg (相似度: 0.655)
  💜 [Sharon 匹配] F311310A-FF93-44AD-A84F-6749D4E08B64.jpeg (相似度: 0.675)
  💖 [Sophia 匹配] 095C0A84-769A-4D16-B575-871B38075313.jpeg (相似度: 0.619)
  💜 [Sharon 匹配] DF5B6676-2148-48E9-8230-ADC7379C4965_1_201_a.jpeg (相似度: 0.493)
  💜 [Sharon 匹配] EE063372-17F6-4F34-8E81-1B5B2F730266.jpeg (相似度: 0.697)
  💜 [Sharon 匹配] 9811BBA1-5E10-4E1A-8B10-E220867DEDFC.jpeg (相似度: 0.661)
  💖 [Sophia 匹配] 322C09D1-130C-4755-8556-313BDA9BCD4A.jpeg (相似度: 0.623)
  💜 [Sharon 匹配] 613E0E7F-BD79-4E52-9E04-73F8C82D2EF8_1_201_a.jpeg (相似度: 0.656)
  💖 [Sophia 匹配] EF3E90A1-3C60-4F39-9BDB-05C037790552.jpeg (相似度: 0.643)
  💜 [Sharon 匹配] EF3E90A1-3C60-4F39-9BDB-05C037790552.jpeg (相似度: 0.683)
  💖 [Sophia 匹配] 8B915AD4-36EE-40A7-A610-40151C1F1D08.jpeg (相似度: 0.654)
  💖 [Sophia 匹配] 7CEA39FB-4D6E-47A4-A718-8401F4637545.jpeg (相似度: 0.613)
  💜 [Sharon 匹配] CBB35903-5D14-4135-9AC0-C444CF300772.jpeg (相似度: 0.673)
  💜 [Sharon 匹配] A636F616-748B-4634-A659-CBE8042B3145.jpeg (相似度: 0.678)
  💜 [Sharon 匹配] 61D99976-D3BC-48E5-89E1-B909806087C8_1_201_a.jpeg (相似度: 0.653)
  💜 [Sharon 匹配] DB0A8E37-3A49-47F4-B07D-41631D6FF405.jpeg (相似度: 0.547)
  💖 [Sophia 匹配] 3B8D8E10-A86B-4807-8A54-0FEA79701C01.jpeg (相似度: 0.691)
  💜 [Sharon 匹配] 3B8D8E10-A86B-4807-8A54-0FEA79701C01.jpeg (相似度: 0.717)
  💜 [Sharon 匹配] 9C7E0851-1004-46D2-8817-4F74ECCE8DAA.jpeg (相似度: 0.695)
  💜 [Sharon 匹配] AFF617C4-73E9-49AB-AA77-37DB04EE7DC4.jpeg (相似度: 0.576)
  💜 [Sharon 匹配] 562EBD00-7D48-4C58-B5D3-64B2A201C1F2.jpeg (相似度: 0.521)
  💜 [Sharon 匹配] 5CDCFCAD-8202-4B74-900E-460A9E4F7237.jpeg (相似度: 0.664)
  💖 [Sophia 匹配] CABE304E-EED7-448C-B8A9-2B9DB2811D39.jpeg (相似度: 0.588)
  💖 [Sophia 匹配] 9DBEEAEB-C574-441F-A2C2-14CE053187A4_1_201_a.jpeg (相似度: 0.607)
  💜 [Sharon 匹配] 1D24E9C2-964C-4694-A34F-CDDDDB01EDCA.jpeg (相似度: 0.700)
  💜 [Sharon 匹配] 8BDFEE6D-CF23-4588-9755-6401ADEE1A0A.jpeg (相似度: 0.564)
  💖 [Sophia 匹配] 69CEA4E6-0CF1-4185-9DE6-96619752D7DD_1_201_a.jpeg (相似度: 0.655)
  💜 [Sharon 匹配] 69CEA4E6-0CF1-4185-9DE6-96619752D7DD_1_201_a.jpeg (相似度: 0.671)
  💖 [Sophia 匹配] EF9FFBCC-0235-4C06-A323-24995636CC23_1_201_a.jpeg (相似度: 0.705)
  💜 [Sharon 匹配] EF9FFBCC-0235-4C06-A323-24995636CC23_1_201_a.jpeg (相似度: 0.665)
  💜 [Sharon 匹配] 8876FC29-7231-4B59-B400-1FAC161B2F41.jpeg (相似度: 0.635)
  💖 [Sophia 匹配] 8876FC29-7231-4B59-B400-1FAC161B2F41.jpeg (相似度: 0.688)
  💜 [Sharon 匹配] 55A183D5-8A9F-4233-A5E0-883E01C76E86.jpeg (相似度: 0.669)
  💖 [Sophia 匹配] D5EE4F7B-CC8D-45FF-B425-FBDECB902321.jpeg (相似度: 0.614)
  💜 [Sharon 匹配] D5EE4F7B-CC8D-45FF-B425-FBDECB902321.jpeg (相似度: 0.645)
  💜 [Sharon 匹配] 2724F2E9-A820-4B6E-AB3C-9D33CC4E8A88.jpeg (相似度: 0.706)
  💖 [Sophia 匹配] 3AE1EA79-DE49-44C3-ABA3-4F0F21F970DC.jpeg (相似度: 0.585)
  💜 [Sharon 匹配] FC9BAB9A-C283-4D6C-B114-D440CF13945C.jpeg (相似度: 0.703)
  💜 [Sharon 匹配] 1FE99BD6-7788-4E58-9A3C-5A6C813869C0_1_201_a.jpeg (相似度: 0.651)
  💜 [Sharon 匹配] 5B698F13-6562-4C90-BE28-1C8E7BC1FBFC.jpeg (相似度: 0.655)
  💜 [Sharon 匹配] FF84B4D0-0083-4C7A-9E3E-3DAB919B1E06.jpeg (相似度: 0.646)
  💜 [Sharon 匹配] 1DD34D31-2547-481A-97C6-99C90ED0FAC9.jpeg (相似度: 0.678)
  💜 [Sharon 匹配] 94454B0F-A7C2-4132-8031-33D92E4439AF.jpeg (相似度: 0.691)
  💜 [Sharon 匹配] DECAB988-8320-436F-967D-92DDDFE73C5F.jpeg (相似度: 0.684)
  💜 [Sharon 匹配] F76BAF8D-6845-423B-879E-D114ACBB033C_1_201_a.jpeg (相似度: 0.660)
  💜 [Sharon 匹配] 5B8DBC14-7538-40F6-8247-9164175C4FCE_1_201_a.jpeg (相似度: 0.703)
  💜 [Sharon 匹配] 2A33E5BC-3D9B-4CF7-84D9-6444E45159DA.jpeg (相似度: 0.658)
  💜 [Sharon 匹配] 6A06863D-76AD-48DA-9E1B-2B3CDD689085_1_201_a.jpeg (相似度: 0.671)
  💜 [Sharon 匹配] CAAAF776-4CB0-42A9-87D5-5A249EA4FB02.jpeg (相似度: 0.666)
  💜 [Sharon 匹配] 1B1D5E83-C4D6-4A41-AD42-CB736EEAA27B_1_201_a.jpeg (相似度: 0.641)
  💜 [Sharon 匹配] 8FD16D50-79DC-40CB-8FF0-43999194BC87.jpeg (相似度: 0.695)
  💜 [Sharon 匹配] 25BC0337-6CB9-4042-B0A3-DD63647E4AE9.jpeg (相似度: 0.670)
  💜 [Sharon 匹配] 748ADA9F-C8F6-464C-B341-7BFCFE635E73.jpeg (相似度: 0.582)
  💜 [Sharon 匹配] 4F290A24-14E6-4A4F-BF5B-284F36CD1841.jpeg (相似度: 0.684)
  💖 [Sophia 匹配] 8DC6CBCC-E302-443A-8AF7-E9EBF559C1EA.jpeg (相似度: 0.555)
  💖 [Sophia 匹配] 61EA6B4A-B544-4B83-B144-37D5B219B928.jpeg (相似度: 0.555)
  💜 [Sharon 匹配] 927CBA8B-FB86-4F68-8963-133B9C3374D0.jpeg (相似度: 0.549)
  💖 [Sophia 匹配] 927CBA8B-FB86-4F68-8963-133B9C3374D0.jpeg (相似度: 0.583)
  💜 [Sharon 匹配] 5D6CDB93-178E-44F7-B42D-0EF01227BDA8.jpeg (相似度: 0.603)
  💜 [Sharon 匹配] 0533E87C-5668-4F11-83A9-8DC23820F34E_1_201_a.jpeg (相似度: 0.595)
  💜 [Sharon 匹配] F7D22B28-B578-4876-A754-47AE95F1457A.jpeg (相似度: 0.608)
  💜 [Sharon 匹配] 80075ED8-D0A1-4775-97B3-00E3B1C3700A.jpeg (相似度: 0.621)
  💜 [Sharon 匹配] 2F7C4742-AF7F-4796-B815-8E566EF8DD94.jpeg (相似度: 0.632)
  💖 [Sophia 匹配] DFF75813-CAC7-48B1-AA7B-7F6A2AC48594.jpeg (相似度: 0.477)
  💜 [Sharon 匹配] DFF75813-CAC7-48B1-AA7B-7F6A2AC48594.jpeg (相似度: 0.627)
  💖 [Sophia 匹配] DE3DD104-8CB6-47A2-9B94-288E50D61082_1_201_a.jpeg (相似度: 0.474)
  💜 [Sharon 匹配] DE3DD104-8CB6-47A2-9B94-288E50D61082_1_201_a.jpeg (相似度: 0.593)
  💖 [Sophia 匹配] 7DD979A9-4851-433C-BC88-48DB5FAE0265.jpeg (相似度: 0.503)
  💜 [Sharon 匹配] 3322E5BA-A53F-4209-BF41-BD947FF80CD0.jpeg (相似度: 0.491)
  💜 [Sharon 匹配] E6D45EE5-BCF1-4DF6-86A9-E3059ECD7666.jpeg (相似度: 0.483)
  💜 [Sharon 匹配] 86AB737F-C0F7-4AF4-BDF7-0333AE9ECA1F.jpeg (相似度: 0.728)
  💜 [Sharon 匹配] 1E2062BB-EE2E-4DFE-B663-6ADC4DF7FAC2.jpeg (相似度: 0.630)
  💖 [Sophia 匹配] 179A43B8-EAD1-42CC-A61B-70C5B49A7726.jpeg (相似度: 0.518)
  💖 [Sophia 匹配] 30921F4E-A51E-4A2E-B843-AD9B1379C914.jpeg (相似度: 0.514)
  💜 [Sharon 匹配] 30921F4E-A51E-4A2E-B843-AD9B1379C914.jpeg (相似度: 0.592)
  💜 [Sharon 匹配] 47EC84BC-7BAB-413C-A8A6-61A5787B186D.jpeg (相似度: 0.701)
  💜 [Sharon 匹配] 57C0FB18-B4DE-405E-94F8-139AFDDA90C8.jpeg (相似度: 0.582)
  💖 [Sophia 匹配] 57C0FB18-B4DE-405E-94F8-139AFDDA90C8.jpeg (相似度: 0.465)
  💜 [Sharon 匹配] 36EBE63A-F27D-459E-900E-338EF6CEAE8F.jpeg (相似度: 0.581)
  💜 [Sharon 匹配] BDF16A5F-079B-4C6B-92D7-1D0AD19CF64F.jpeg (相似度: 0.604)
  💜 [Sharon 匹配] FDD23DF0-851E-4160-A0C3-B6DAF48C154B.jpeg (相似度: 0.604)
  💜 [Sharon 匹配] CF61DB63-CB92-45DC-9A58-0082A7D07B7B.jpeg (相似度: 0.689)
  💜 [Sharon 匹配] E00DE700-80A6-43AA-91D4-BE1A79535175.jpeg (相似度: 0.628)
  💜 [Sharon 匹配] CF72A771-8ECF-4034-93F9-D6E7C0138B04.jpeg (相似度: 0.709)
  💜 [Sharon 匹配] DE3B82F6-DF5D-4223-9A77-12E48062075D.jpeg (相似度: 0.700)
  💜 [Sharon 匹配] 68F7C677-1007-4C27-A355-97AA17693CE4.jpeg (相似度: 0.763)
  💜 [Sharon 匹配] 1E0DAF33-46CE-42C5-8E33-F1E2C6868595.jpeg (相似度: 0.630)
  💜 [Sharon 匹配] 7D88554E-F2C5-4DAA-B1D9-2D4C8DA58B7B.jpeg (相似度: 0.709)
  💜 [Sharon 匹配] 86565E06-47E1-4AFC-B35D-94290FDD1AE2.jpeg (相似度: 0.635)
  💜 [Sharon 匹配] 6AA11BFB-FB3D-4DB6-89DD-FF3D615285FA.jpeg (相似度: 0.713)
  💜 [Sharon 匹配] D7C2E553-87CF-4552-BF8A-3721E55C5DC4.jpeg (相似度: 0.685)
  💜 [Sharon 匹配] AE442763-8054-41D9-B12A-15E4D4E0B88D.jpeg (相似度: 0.679)
  💜 [Sharon 匹配] BF30D0A8-C15C-4030-8030-F96CF674D607.jpeg (相似度: 0.663)
  💖 [Sophia 匹配] BF30D0A8-C15C-4030-8030-F96CF674D607.jpeg (相似度: 0.661)
  💜 [Sharon 匹配] 27701D02-CEFE-4F72-B893-F3BC541D8BA3.jpeg (相似度: 0.618)
  💖 [Sophia 匹配] 835138F4-673A-4DB3-925F-3D900F5B02F9.jpeg (相似度: 0.663)
  💖 [Sophia 匹配] 39FB653D-3342-4A12-B676-576790740CFA.jpeg (相似度: 0.633)
  💖 [Sophia 匹配] 41EFDBA2-4A1B-4F3D-86CC-13CF2D6440A2.jpeg (相似度: 0.643)
  💖 [Sophia 匹配] 76C00002-453F-400C-B57B-EAB5BB554A6A.jpeg (相似度: 0.635)
  💜 [Sharon 匹配] 8D32E631-5FA9-42E1-A8BB-FFFBA6518D69.jpeg (相似度: 0.634)
  💖 [Sophia 匹配] 3B9712A1-A88F-4F78-8D52-9F2DE02BC061.jpeg (相似度: 0.546)
  💖 [Sophia 匹配] 2E02B2B4-56F2-48CF-A80D-7CF45917F574.jpeg (相似度: 0.634)
  💜 [Sharon 匹配] 2E02B2B4-56F2-48CF-A80D-7CF45917F574.jpeg (相似度: 0.655)
  💜 [Sharon 匹配] FB81E17B-867E-4EDD-897D-BBC7AF268795.jpeg (相似度: 0.640)
  💖 [Sophia 匹配] E4058F32-FA87-4137-ABC6-3E334644F3BF.jpeg (相似度: 0.654)
  💜 [Sharon 匹配] 7589F231-32EF-4B65-951F-98280D0A9474_1_201_a.jpeg (相似度: 0.673)
  💜 [Sharon 匹配] 32D89D31-D506-4701-957F-E01DF24EEF1F.jpeg (相似度: 0.710)
  💜 [Sharon 匹配] 43F6DC76-D27D-488C-9229-6BAF1CEDEA03.jpeg (相似度: 0.659)
  💜 [Sharon 匹配] 2CAB84C1-32B1-4280-AA25-B80FB1394536.jpeg (相似度: 0.670)
  💖 [Sophia 匹配] E52DF5F0-02A6-44D7-B63A-D1922CD0E674.jpeg (相似度: 0.596)
  💜 [Sharon 匹配] E52DF5F0-02A6-44D7-B63A-D1922CD0E674.jpeg (相似度: 0.669)
  💖 [Sophia 匹配] 1AF18944-22D4-4AA5-A2BF-891D282F869B.jpeg (相似度: 0.587)
  💜 [Sharon 匹配] 1AF18944-22D4-4AA5-A2BF-891D282F869B.jpeg (相似度: 0.669)
  💖 [Sophia 匹配] A83BC596-615B-448C-8176-E034118E2621.jpeg (相似度: 0.555)
  💜 [Sharon 匹配] A83BC596-615B-448C-8176-E034118E2621.jpeg (相似度: 0.723)
  💖 [Sophia 匹配] 27C534EC-E0EE-4823-BE76-1A6A13CE9F3C.jpeg (相似度: 0.577)
  💜 [Sharon 匹配] 27C534EC-E0EE-4823-BE76-1A6A13CE9F3C.jpeg (相似度: 0.705)
  💖 [Sophia 匹配] 09881A87-F607-47D4-A4F9-D80A6B28E376.jpeg (相似度: 0.595)
  💜 [Sharon 匹配] 09881A87-F607-47D4-A4F9-D80A6B28E376.jpeg (相似度: 0.674)
  💜 [Sharon 匹配] 07D3AAAD-C84A-4CDE-A7A5-CF1768497F79.jpeg (相似度: 0.629)
  💖 [Sophia 匹配] 07D3AAAD-C84A-4CDE-A7A5-CF1768497F79.jpeg (相似度: 0.501)
  💜 [Sharon 匹配] 5B62EE34-2B8F-4499-992D-FD203AC3C766.jpeg (相似度: 0.718)
  💖 [Sophia 匹配] 5B62EE34-2B8F-4499-992D-FD203AC3C766.jpeg (相似度: 0.597)
  💖 [Sophia 匹配] 78DCEF5E-A668-40FD-AE60-59F9457405A6.jpeg (相似度: 0.584)
  💜 [Sharon 匹配] 78DCEF5E-A668-40FD-AE60-59F9457405A6.jpeg (相似度: 0.731)
  💜 [Sharon 匹配] 94262743-7B59-4C78-B4E4-25838A5585ED.jpeg (相似度: 0.633)
  💖 [Sophia 匹配] 7662182C-CD68-4128-8A21-F5A0105CD33C.jpeg (相似度: 0.638)
  💜 [Sharon 匹配] 7662182C-CD68-4128-8A21-F5A0105CD33C.jpeg (相似度: 0.710)
  💜 [Sharon 匹配] 6E6E9E2E-B0C7-4A74-A5E7-E9B6E8BEC58C.jpeg (相似度: 0.796)
  💜 [Sharon 匹配] B1E0F018-95D0-490D-96E1-FD176D9CC25C.jpeg (相似度: 0.859)
  💜 [Sharon 匹配] 90465D9C-D938-4B68-A2E2-2C2AD0F1264F.jpeg (相似度: 0.877)
  💜 [Sharon 匹配] 954AEF60-9B61-4345-B4A4-7B81AB6A77C0.jpeg (相似度: 0.726)
  💜 [Sharon 匹配] 7464721C-6A4E-40C2-BA83-526E95002A47.jpeg (相似度: 0.756)
  💜 [Sharon 匹配] 6CB8B244-062C-447D-9DE4-C68410799192.jpeg (相似度: 0.700)
  💜 [Sharon 匹配] C2B6DA4D-1B6D-4E83-B60D-E142409E709F.jpeg (相似度: 0.734)
  💜 [Sharon 匹配] 878056D8-3065-4D0B-8F80-BBE6D258987F.jpeg (相似度: 0.771)
  💜 [Sharon 匹配] 9330C210-DBC3-46E5-A49F-573A47B139ED.jpeg (相似度: 0.907)
  💜 [Sharon 匹配] FB2641EE-8BFB-4F7B-9359-AE94DDD66E63.jpeg (相似度: 0.800)
  💜 [Sharon 匹配] 91838F18-FAE5-4BBF-9D2C-5665C4F7B1FF.jpeg (相似度: 0.885)
  💜 [Sharon 匹配] B1BB6214-AE9D-4B51-AB9E-450E399C099C.jpeg (相似度: 0.908)
  💜 [Sharon 匹配] CCC80448-DA7D-4737-B2B1-F78E8C0FC4C9.jpeg (相似度: 0.783)
  💜 [Sharon 匹配] 05BC60B5-132B-4688-A153-657B28880E6D.jpeg (相似度: 0.871)
  💜 [Sharon 匹配] C829C984-0BBF-4184-A48D-3FC5AD05AF58.jpeg (相似度: 0.974)
  💜 [Sharon 匹配] A55A04FB-6F81-4C45-B12A-26CA535A99FB.jpeg (相似度: 0.761)
  💜 [Sharon 匹配] E4D3B260-ADCE-4AA3-B9BC-3E2A135C694C.jpeg (相似度: 0.688)
  💜 [Sharon 匹配] DA75BAC6-3571-495E-86A1-8B2F0E32E0F6.jpeg (相似度: 0.714)
  💜 [Sharon 匹配] CF61824E-D390-442A-834C-468AC3E72210.jpeg (相似度: 0.751)
  💜 [Sharon 匹配] D8A64E40-527B-4CA4-9534-BB8AE4C8F984.jpeg (相似度: 0.669)
  💜 [Sharon 匹配] 0BBB7B48-F686-435E-9947-B5A91F682320.jpeg (相似度: 0.859)
  💜 [Sharon 匹配] 2C580019-9FE1-4A67-89DD-B33CF0CFDCD5.jpeg (相似度: 0.750)
  💜 [Sharon 匹配] F984CBB3-A56B-47D1-8F68-7347812AA2D0.jpeg (相似度: 0.836)
  💜 [Sharon 匹配] 3CF7E120-7ABE-494C-BAD6-DF6A684DA322.jpeg (相似度: 0.883)
  💜 [Sharon 匹配] AA1CAEC4-5000-4066-B68A-C49FA9B07643.jpeg (相似度: 0.731)
  💜 [Sharon 匹配] EA095721-B25D-4AA9-9F79-B7F406AE153C.jpeg (相似度: 0.854)
  💜 [Sharon 匹配] 775495BC-5386-4373-9183-C5F51379B323.jpeg (相似度: 0.777)
  💜 [Sharon 匹配] 6A133D8C-FD4C-4AE3-B2A6-9E01C13A5013.jpeg (相似度: 0.779)
  💜 [Sharon 匹配] 3F00A5F0-7314-439F-8A32-B2D3887D0111.jpeg (相似度: 0.890)
  💜 [Sharon 匹配] 510ECE9B-C4E3-48AB-9132-DBA7FEDC1BFA.jpeg (相似度: 0.763)
  💜 [Sharon 匹配] 40B8EFF3-AAE0-43B8-9DB1-3362FCF2DF17.jpeg (相似度: 0.947)
  💜 [Sharon 匹配] 91865555-7943-4AEC-A708-6DD62EC4F70F.jpeg (相似度: 0.746)
  💜 [Sharon 匹配] E3E7C847-5219-447C-805A-1B6BC814BE53.jpeg (相似度: 0.766)
  💜 [Sharon 匹配] FBD05B33-2A84-48BA-AB54-79D1CB04CE49.jpeg (相似度: 0.739)
  💜 [Sharon 匹配] 07E1414F-383E-4A0D-A698-0F9133ADEB2C.jpeg (相似度: 0.848)
  💜 [Sharon 匹配] 95A9E799-185B-457A-A7E6-009A8E9BF744.jpeg (相似度: 0.913)
  💜 [Sharon 匹配] 31416593-95E4-4B66-BB7F-B38D92E176FB.jpeg (相似度: 0.874)
  💜 [Sharon 匹配] D0759E16-0862-4521-8AFF-FFA9D1B51AD5.jpeg (相似度: 0.873)
  💜 [Sharon 匹配] 1D1E8B81-6252-4D89-B029-FE63BB023A92.jpeg (相似度: 0.725)
  💜 [Sharon 匹配] 785A2DF7-1CDB-45B4-BC5A-55454C90E790.jpeg (相似度: 0.703)
  💜 [Sharon 匹配] 8FEB4AC0-3606-408A-A29B-EE4025A2A350.jpeg (相似度: 0.775)
  💜 [Sharon 匹配] 62F166AF-5AFC-4FBC-B20E-5730D24727E7.jpeg (相似度: 0.901)
  💜 [Sharon 匹配] 4EBDD59B-4BC3-4A49-9DAA-C7AA9AE0BD2C.jpeg (相似度: 0.710)
  💜 [Sharon 匹配] A147BB87-1D15-4A17-AC74-8FF7BE864126.jpeg (相似度: 0.724)
  💜 [Sharon 匹配] 572F67F8-56D2-4A9E-92E8-7F942134F4BD.jpeg (相似度: 0.888)
  💖 [Sophia 匹配] 31C37275-2027-46A8-8B1F-539FF553F270.jpeg (相似度: 0.582)
  💜 [Sharon 匹配] 31C37275-2027-46A8-8B1F-539FF553F270.jpeg (相似度: 0.696)
  💜 [Sharon 匹配] 6F5BD965-C698-468C-9A5A-B9607790E6F3.jpeg (相似度: 0.752)
  💜 [Sharon 匹配] FE4E022C-D243-4A42-9F5F-925FCD61929D.jpeg (相似度: 0.681)
  💜 [Sharon 匹配] BAE13CEA-C532-428D-8BA7-F2ED6B659131.jpeg (相似度: 0.924)
  💜 [Sharon 匹配] D1A0092B-BCC4-452C-8FB2-2374FFD458CD.jpeg (相似度: 0.852)
  💜 [Sharon 匹配] A1D0E32A-FE86-4DE8-A089-39798A60AB7E.jpeg (相似度: 0.787)
  💜 [Sharon 匹配] F2E8CF93-8B24-47D3-8B47-1CB79AFCBE8B.jpeg (相似度: 0.925)
  💜 [Sharon 匹配] 99449B9B-A074-44BC-B8D3-31AE3FBE1B04.jpeg (相似度: 0.771)
  💜 [Sharon 匹配] BD9544C1-DE23-41DC-A384-CC32F8F473EB.jpeg (相似度: 0.826)
  💜 [Sharon 匹配] 37EB65DD-CDB6-4B69-B89B-F5B08A733194.jpeg (相似度: 0.766)
  💜 [Sharon 匹配] 1C3C4697-44D5-4F00-923B-A0E64B68DA56.jpeg (相似度: 0.754)
  💜 [Sharon 匹配] C02AB18D-0308-4381-8A7D-B25D0E268847.jpeg (相似度: 0.903)
  💜 [Sharon 匹配] D1298C51-7C35-4FF1-ACA6-211BEC486734.jpeg (相似度: 0.736)
  💜 [Sharon 匹配] F3B04AF6-6818-49B8-8BC9-8FA3B946ACF4.jpeg (相似度: 0.753)
  💜 [Sharon 匹配] 6CA48627-A2BF-42CC-BECF-3478E0970C29.jpeg (相似度: 0.801)
  💜 [Sharon 匹配] 195182FE-0BAC-4104-9D6A-20EB5DC66A53.jpeg (相似度: 0.746)
  💜 [Sharon 匹配] 62BF2DC4-18E0-4FDD-81A4-01EBD7506650.jpeg (相似度: 0.736)
  💜 [Sharon 匹配] 16FEF6F4-B761-4214-9B9E-5EB6D4738969.jpeg (相似度: 0.910)
  💜 [Sharon 匹配] 0A3D557D-B1DC-44D0-BA20-23D4EA34D0ED.jpeg (相似度: 0.599)
  💜 [Sharon 匹配] 90D391C0-2155-4D9B-985B-E158D608A7B3.jpeg (相似度: 0.719)
  💜 [Sharon 匹配] 9E36816C-901F-4801-8E93-95887B3C6107.jpeg (相似度: 0.730)
  💜 [Sharon 匹配] 16955D75-B887-4378-8CCF-438B41C6BE5C.jpeg (相似度: 0.576)
  💜 [Sharon 匹配] 9EB6F92C-841E-480F-8B58-62AC59871ABA.jpeg (相似度: 0.770)
  💜 [Sharon 匹配] CF3B3F8B-79F4-45A5-9F70-011222EC82A3.jpeg (相似度: 0.733)
  💜 [Sharon 匹配] A48E4F66-5D04-4D34-AA5A-974688A6FFE1.jpeg (相似度: 0.801)
  💜 [Sharon 匹配] 9BCF75EB-33C3-414E-B8A4-B191799108EB.jpeg (相似度: 0.811)
  💜 [Sharon 匹配] 331839FE-7B6E-41DE-A2D1-19578DE70C68.jpeg (相似度: 0.861)
  💜 [Sharon 匹配] CE6AFCF7-FAA7-4C98-8538-ED8C27DBECCD.jpeg (相似度: 0.750)
  💜 [Sharon 匹配] 4C1D8BD9-BADA-416C-BCAD-8ADD46B2E750.jpeg (相似度: 0.865)
  💜 [Sharon 匹配] 842C174C-A048-4E72-B833-F7B3152B7439.jpeg (相似度: 0.892)
⏳ 已辨識 3500 / 5976 張相片 (1112.8 秒)...
  💜 [Sharon 匹配] D9F902C2-9B25-40BC-8B5E-E3DF95A3FC15.jpeg (相似度: 0.768)
  💜 [Sharon 匹配] 322B787F-3261-4D11-B0B0-8D20C416200D.jpeg (相似度: 0.828)
  💜 [Sharon 匹配] 29940402-4006-48EF-9D39-D17D89AF6B02.jpeg (相似度: 0.730)
  💜 [Sharon 匹配] 8ED8DA07-D9BB-4424-920E-A3A740278040.jpeg (相似度: 0.890)
  💜 [Sharon 匹配] C50C4A0F-71CF-416D-B31F-4AD4D4E84BFF.jpeg (相似度: 0.902)
  💜 [Sharon 匹配] AF0FFD83-3026-45AA-BEA2-26908F5ABB68.jpeg (相似度: 0.716)
  💜 [Sharon 匹配] 1B3EF6ED-AD53-4BDF-B6A5-74504BACE52D.jpeg (相似度: 0.874)
  💜 [Sharon 匹配] 9B594293-DF32-46FB-9518-357EB0001517.jpeg (相似度: 0.879)
  💜 [Sharon 匹配] 842F1AD2-EF80-4E7C-B3A5-73E37121C626.jpeg (相似度: 0.665)
  💜 [Sharon 匹配] E4279B43-8F28-4354-BEE1-370A37811888.jpeg (相似度: 0.907)
  💜 [Sharon 匹配] DCDA95A6-BE8F-4462-9446-2C678EC6A655.jpeg (相似度: 0.770)
  💜 [Sharon 匹配] 30A97823-12E6-4E1F-9286-2C5FFDA0509E.jpeg (相似度: 0.718)
  💜 [Sharon 匹配] CA95D845-9FEE-49D5-A8B9-12DA885CA918.jpeg (相似度: 0.558)
  💜 [Sharon 匹配] C0D36847-A214-47C3-97DE-C550B811AC1B.jpeg (相似度: 0.731)
  💜 [Sharon 匹配] 813F43EA-3D64-4AFE-B0D1-8F9737EE7A2E.jpeg (相似度: 0.728)
  💜 [Sharon 匹配] F8CCE2AC-ED8D-479F-BF51-85568C800154.jpeg (相似度: 0.755)
  💖 [Sophia 匹配] 33003577-E6AD-4775-8ACE-CD942E605B15.jpeg (相似度: 0.467)
  💖 [Sophia 匹配] 5D080E66-38BC-4649-85BD-D99403D7864E.jpeg (相似度: 0.513)
  💖 [Sophia 匹配] DE0EAA0E-0BDD-4B1F-8AC1-9A505FA0FFC7.jpeg (相似度: 0.683)
  💖 [Sophia 匹配] A5D85697-3150-48ED-A6FB-D9F401E3501F.jpeg (相似度: 0.603)
  💖 [Sophia 匹配] 71DAE9A9-54B4-41B6-9D47-2A25E132CC51.jpeg (相似度: 0.648)
  💜 [Sharon 匹配] A975ADE5-3FFF-4DAB-9840-303291DD2CAC.jpeg (相似度: 0.685)
  💖 [Sophia 匹配] 7C8056A1-8B16-49FD-9CA6-074E672F96FF.jpeg (相似度: 0.641)
  💜 [Sharon 匹配] 3CE12C3D-D2E9-499D-9486-215DFBB43768.jpeg (相似度: 0.534)
  💜 [Sharon 匹配] E3CE74F1-D052-4267-B51C-D945D18B479D.jpeg (相似度: 0.729)
  💜 [Sharon 匹配] 626580A9-8943-4BAE-B1E9-30B072DBB6B8.jpeg (相似度: 0.602)
  💜 [Sharon 匹配] 65FE5555-6F37-4402-A905-3DDCC0881A2B_1_201_a.jpeg (相似度: 0.584)
  💖 [Sophia 匹配] 0E0211D7-F094-4348-9CD6-B0314706BB7B.jpeg (相似度: 0.574)
  💜 [Sharon 匹配] 624D317F-4AF4-4C20-AF40-5AB2812428AF.jpeg (相似度: 0.665)
  💖 [Sophia 匹配] 62E3E17B-1C36-4D96-B80D-E2B8CA05A568.jpeg (相似度: 0.565)
  💖 [Sophia 匹配] 07F1FF55-262A-4B6C-B646-B0F113CED75B.jpeg (相似度: 0.527)
  💜 [Sharon 匹配] 07F1FF55-262A-4B6C-B646-B0F113CED75B.jpeg (相似度: 0.686)
  💖 [Sophia 匹配] E3C43EAA-FA4C-47D2-A9FF-8E47BF0CC7C3.jpeg (相似度: 0.580)
  💜 [Sharon 匹配] E3C43EAA-FA4C-47D2-A9FF-8E47BF0CC7C3.jpeg (相似度: 0.719)
  💜 [Sharon 匹配] B5096BC2-B8B5-401D-A07E-E4374996009D.jpeg (相似度: 0.691)
  💖 [Sophia 匹配] B5096BC2-B8B5-401D-A07E-E4374996009D.jpeg (相似度: 0.556)
  💜 [Sharon 匹配] B3B8FCD2-B2C6-47F1-8154-B8679A6E40ED.jpeg (相似度: 0.697)
  💖 [Sophia 匹配] B3B8FCD2-B2C6-47F1-8154-B8679A6E40ED.jpeg (相似度: 0.591)
  💖 [Sophia 匹配] 907CCFBB-4A30-4DCF-B378-61BBFECAE0C5.jpeg (相似度: 0.538)
  💜 [Sharon 匹配] 907CCFBB-4A30-4DCF-B378-61BBFECAE0C5.jpeg (相似度: 0.649)
  💜 [Sharon 匹配] DA33CC4F-F54C-43EB-8520-0A683A41DF46.jpeg (相似度: 0.662)
  💖 [Sophia 匹配] DA33CC4F-F54C-43EB-8520-0A683A41DF46.jpeg (相似度: 0.611)
  💖 [Sophia 匹配] 2574CB5F-1F26-4749-A82D-AC668AF4FE87_1_201_a.jpeg (相似度: 0.683)
  💖 [Sophia 匹配] 77757EFD-C876-4BF0-9F53-0174FF71C755.jpeg (相似度: 0.576)
  💜 [Sharon 匹配] 77757EFD-C876-4BF0-9F53-0174FF71C755.jpeg (相似度: 0.621)
  💖 [Sophia 匹配] 132751A6-DDB3-4CFE-A3ED-64E40BE4548A.jpeg (相似度: 0.661)
  💜 [Sharon 匹配] 132751A6-DDB3-4CFE-A3ED-64E40BE4548A.jpeg (相似度: 0.677)
  💜 [Sharon 匹配] 0BE388FF-5499-4C51-9847-540108EE7256.jpeg (相似度: 0.635)
  💖 [Sophia 匹配] 0BE388FF-5499-4C51-9847-540108EE7256.jpeg (相似度: 0.630)
  💜 [Sharon 匹配] D5F19105-E06C-4A6D-8008-14CF8C828E12_1_201_a.jpeg (相似度: 0.716)
  💖 [Sophia 匹配] B2A2AEB2-9390-4412-BDFD-D5B061883111.jpeg (相似度: 0.655)
  💜 [Sharon 匹配] B2A2AEB2-9390-4412-BDFD-D5B061883111.jpeg (相似度: 0.684)
  💖 [Sophia 匹配] 01F167D9-A95C-499F-A2D2-2FD6E1F1CC39_1_201_a.jpeg (相似度: 0.618)
  💜 [Sharon 匹配] 6F127E14-3C8C-414A-BAF0-EFB4169D551E.jpeg (相似度: 0.588)
  💖 [Sophia 匹配] B565895E-36EA-42D8-98EA-AA64594E4FB6_1_201_a.jpeg (相似度: 0.658)
  💜 [Sharon 匹配] B0485DE7-5DD3-4BCE-81A8-C95F9C335304.jpeg (相似度: 0.708)
  💜 [Sharon 匹配] 2448593C-843F-48E1-BAD9-67CBD4C3E4C7.jpeg (相似度: 0.555)
  💜 [Sharon 匹配] 114844B6-1AA8-4E16-80DF-2A3A069BDE3E.jpeg (相似度: 0.735)
  💜 [Sharon 匹配] 7E2B2F13-89FA-4CC0-A2F6-B7BBE05B1A9F.jpeg (相似度: 0.582)
  💜 [Sharon 匹配] 319AE68D-75DF-4011-B68F-1C1EF213588E.jpeg (相似度: 0.543)
  💖 [Sophia 匹配] F1DB4E26-7E14-48D5-81A4-431821D9133C.jpeg (相似度: 0.627)
  💜 [Sharon 匹配] EC441D2D-0B52-447C-901F-8F0814BF8438.jpeg (相似度: 0.657)
  💜 [Sharon 匹配] AD6F2BF8-241B-4B2C-9B4F-725F43EAB5DF.jpeg (相似度: 0.756)
  💜 [Sharon 匹配] A51D92F5-8D97-4E28-B920-EE6781C3F71F.jpeg (相似度: 0.560)
  💜 [Sharon 匹配] 7C93553F-756F-4DE2-9425-3E865B587E15_1_201_a.jpeg (相似度: 0.688)
  💖 [Sophia 匹配] AD610B4B-119F-4EEF-B44A-C0FC85EEE4AF_1_201_a.jpeg (相似度: 0.675)
  💜 [Sharon 匹配] BB9EAF90-6C59-4FAE-801D-E1B6FFB457EB.jpeg (相似度: 0.732)
  💖 [Sophia 匹配] 7529F7EB-1DB0-4F71-9EBD-D9F3C0F67980.jpeg (相似度: 0.592)
  💖 [Sophia 匹配] D7D66A1F-B810-4061-82B8-07FF6C6A8562.jpeg (相似度: 0.651)
  💜 [Sharon 匹配] D7D66A1F-B810-4061-82B8-07FF6C6A8562.jpeg (相似度: 0.710)
  💜 [Sharon 匹配] 68EB8226-9C17-42B2-9A27-9168B51BF7B9.jpeg (相似度: 0.677)
  💜 [Sharon 匹配] 165E4019-A5BB-4AF8-910F-D94C768BFC40.jpeg (相似度: 0.724)
  💖 [Sophia 匹配] 2CA6266D-DB9F-4809-88C4-46809A1D002C.jpeg (相似度: 0.678)
  💜 [Sharon 匹配] 2CA6266D-DB9F-4809-88C4-46809A1D002C.jpeg (相似度: 0.686)
  💜 [Sharon 匹配] 35EB2CB8-407C-4AE4-A8E4-F39A38166F34.jpeg (相似度: 0.690)
  💜 [Sharon 匹配] 9A87FDAD-5044-4380-A36F-82857241AB4B.jpeg (相似度: 0.712)
  💜 [Sharon 匹配] 1B297CAB-E691-4A88-A40A-99E5E20C5F1A.jpeg (相似度: 0.741)
  💜 [Sharon 匹配] BCDE98B8-6DB9-4C66-885D-D13278F8BE5C.jpeg (相似度: 0.760)
  💜 [Sharon 匹配] 0D57FD2B-CFF4-4B76-992D-1D1E351F5D17.jpeg (相似度: 0.670)
  💜 [Sharon 匹配] 0CDC78C2-CB42-4735-ACB5-D7B0FA60B73B.jpeg (相似度: 0.710)
  💜 [Sharon 匹配] 1CDD8A4D-976C-4234-8BB5-06C099BD0581.jpeg (相似度: 0.745)
  💜 [Sharon 匹配] 2F9B1A59-64E5-47BD-BBEE-427986F3AF4D.jpeg (相似度: 0.712)
  💜 [Sharon 匹配] 0B04D8FD-4C8C-44FB-9FF1-33039B4AE16A.jpeg (相似度: 0.490)
  💜 [Sharon 匹配] D8A1B7DC-FD26-4B8D-95F0-1E316C29F6C3.jpeg (相似度: 0.540)
  💜 [Sharon 匹配] 9C0703C8-C422-4D8E-B5BE-5944DE9B3CF1.jpeg (相似度: 0.457)
  💜 [Sharon 匹配] 6E398131-7688-4B8D-9E2D-9751F4658E9D.jpeg (相似度: 0.713)
  💜 [Sharon 匹配] 4ABB53C8-011D-47C4-BFB2-D0BD42091AF3.jpeg (相似度: 0.702)
  💜 [Sharon 匹配] 96D443F8-4AB1-43DB-B515-0ADD4234A787.jpeg (相似度: 0.723)
  💖 [Sophia 匹配] 68DB7998-23FC-41C2-9B49-B399EE5FA367.jpeg (相似度: 0.507)
  💜 [Sharon 匹配] 68DB7998-23FC-41C2-9B49-B399EE5FA367.jpeg (相似度: 0.722)
  💜 [Sharon 匹配] 175B8F30-6E18-4D6D-ADE4-D5FF636BFB8E.jpeg (相似度: 0.681)
  💜 [Sharon 匹配] E8DAAEDD-BCAD-4D24-851B-DCE798DA5A1B.jpeg (相似度: 0.649)
  💖 [Sophia 匹配] 7F721850-B1DE-4C70-A38F-7530EED33248.jpeg (相似度: 0.584)
  💖 [Sophia 匹配] D1375AAF-F74C-4633-81A9-D9F688CE42C3.jpeg (相似度: 0.631)
  💜 [Sharon 匹配] 17B6E3F5-0D23-4EE9-961C-4B586272EBB1.jpeg (相似度: 0.705)
  💖 [Sophia 匹配] 17B6E3F5-0D23-4EE9-961C-4B586272EBB1.jpeg (相似度: 0.632)
  💜 [Sharon 匹配] 99555347-3B95-40BD-8721-445654CDEB9A.jpeg (相似度: 0.740)
  💜 [Sharon 匹配] F9A49511-C3D7-4D36-B59F-3D6DBBFDAE8A_1_201_a.jpeg (相似度: 0.621)
  💜 [Sharon 匹配] C1500D17-E22B-4172-ADEE-6901AEAB20A0.jpeg (相似度: 0.739)
  💜 [Sharon 匹配] 791C7FC1-9B23-4FF3-81A3-4A12A3272BD8.jpeg (相似度: 0.735)
  💜 [Sharon 匹配] E5848561-46BB-4CC5-B157-3F215ECF433D.jpeg (相似度: 0.747)
  💜 [Sharon 匹配] 877093CC-543B-41E5-80E8-94B492B2FD14.jpeg (相似度: 0.784)
  💖 [Sophia 匹配] 7BE32421-F7EC-431C-8953-DB23E82DD9A5.jpeg (相似度: 0.552)
  💜 [Sharon 匹配] 0C984BB5-472C-466E-B432-0965EC4CAFDA.jpeg (相似度: 0.786)
  💜 [Sharon 匹配] E3562C06-0CF5-4EBB-9550-E3CC9BF301DD.jpeg (相似度: 0.658)
  💖 [Sophia 匹配] 96B2B505-B9D5-4AC6-8847-EBB9C36B6456.jpeg (相似度: 0.641)
  💜 [Sharon 匹配] 96B2B505-B9D5-4AC6-8847-EBB9C36B6456.jpeg (相似度: 0.728)
  💜 [Sharon 匹配] 30261BAD-3FF5-4B4E-A182-595508DB33B5.jpeg (相似度: 0.705)
  💖 [Sophia 匹配] 30261BAD-3FF5-4B4E-A182-595508DB33B5.jpeg (相似度: 0.656)
  💜 [Sharon 匹配] A5223394-B627-44BE-A2BD-D54570B30C26.jpeg (相似度: 0.718)
  💜 [Sharon 匹配] 6E169731-0EF8-4C9A-9F44-E02406FADD3A.jpeg (相似度: 0.719)
  💜 [Sharon 匹配] E71E594B-2F0E-4D42-A49C-85F000C0A1CA.jpeg (相似度: 0.720)
  💜 [Sharon 匹配] 04E0BD32-C76C-4B93-9F7D-E140FA600EA2.jpeg (相似度: 0.760)
  💜 [Sharon 匹配] 58E7DDCB-583F-4AA7-A4F1-410D84CDD5CE.jpeg (相似度: 0.682)
  💜 [Sharon 匹配] 144D38F1-E4C9-46DC-A2EE-D40658CB9CE7.jpeg (相似度: 0.685)
  💖 [Sophia 匹配] 3748853F-77AE-4F05-9979-537E74340EFF.jpeg (相似度: 0.591)
  💜 [Sharon 匹配] 3748853F-77AE-4F05-9979-537E74340EFF.jpeg (相似度: 0.724)
  💜 [Sharon 匹配] 38AD8401-6B9E-4C9B-9FAA-308B77595D70.jpeg (相似度: 0.732)
  💖 [Sophia 匹配] F382570B-A29E-453E-8F56-532742D99245.jpeg (相似度: 0.566)
  💜 [Sharon 匹配] F382570B-A29E-453E-8F56-532742D99245.jpeg (相似度: 0.724)
  💜 [Sharon 匹配] 62281F5A-BA7C-4840-B405-AF395B80669A.jpeg (相似度: 0.700)
  💖 [Sophia 匹配] 8CECF3D1-CCE6-42D3-B67C-91212D74B69B.jpeg (相似度: 0.520)
  💖 [Sophia 匹配] 4A980A82-70EE-4538-A046-6BCEA7F85157.jpeg (相似度: 0.557)
  💜 [Sharon 匹配] 4A980A82-70EE-4538-A046-6BCEA7F85157.jpeg (相似度: 0.728)
  💜 [Sharon 匹配] D67AA847-BC24-4CF2-B23A-24EED6F8C1FB.jpeg (相似度: 0.720)
  💜 [Sharon 匹配] 60AF62E4-6E80-4503-BCD9-03A1269B19D6.jpeg (相似度: 0.730)
  💖 [Sophia 匹配] DCE316AB-3A24-471E-9505-08F72487CC83.jpeg (相似度: 0.485)
  💜 [Sharon 匹配] 769F9E7B-83A1-4CDC-A3CB-5AF9C9B9118C.jpeg (相似度: 0.720)
  💖 [Sophia 匹配] 0D5ACE4F-A3E9-4C97-B6CE-AEF41BE82378.jpeg (相似度: 0.584)
  💜 [Sharon 匹配] 36820297-17BF-410A-9440-61312FF98BA9.jpeg (相似度: 0.599)
  💖 [Sophia 匹配] 77597E22-ADE6-43FA-B060-1F774AFF2C91.jpeg (相似度: 0.622)
  💜 [Sharon 匹配] 77597E22-ADE6-43FA-B060-1F774AFF2C91.jpeg (相似度: 0.777)
  💖 [Sophia 匹配] EFAC3A76-5726-421A-9B82-A05C05223493.jpeg (相似度: 0.631)
  💖 [Sophia 匹配] FE3B682E-33CF-441D-9BA9-0B3EB95FD761.jpeg (相似度: 0.532)
  💖 [Sophia 匹配] 6038BA6B-EEC8-4027-ABBD-D9E5123121FF.jpeg (相似度: 0.617)
  💜 [Sharon 匹配] 6038BA6B-EEC8-4027-ABBD-D9E5123121FF.jpeg (相似度: 0.742)
  💜 [Sharon 匹配] 7EFD372A-BEF1-4662-9835-51F18EFDDE74.jpeg (相似度: 0.659)
  💖 [Sophia 匹配] C6EE3635-A674-429C-BC81-CEEDA485E218.jpeg (相似度: 0.661)
  💜 [Sharon 匹配] 89927CBF-6FB5-4537-AB31-A93227FAF0D4.jpeg (相似度: 0.694)
  💜 [Sharon 匹配] 4F18C83A-1D63-4F70-B389-858F5EF77E60.jpeg (相似度: 0.588)
  💖 [Sophia 匹配] BC7713BC-284C-4403-A9C8-C7CE068EF669.jpeg (相似度: 0.577)
  💖 [Sophia 匹配] C2807449-D213-4CE1-95C1-0DC9B4072529.jpeg (相似度: 0.508)
  💖 [Sophia 匹配] 25E940C5-6BD7-4103-B83D-42004FC807B4.jpeg (相似度: 0.603)
  💜 [Sharon 匹配] F006A3DD-258D-4C23-865B-63CA18C3992E.jpeg (相似度: 0.588)
  💖 [Sophia 匹配] F006A3DD-258D-4C23-865B-63CA18C3992E.jpeg (相似度: 0.611)
  💖 [Sophia 匹配] 249292D9-679C-4CE2-B2E9-B495724132C2.jpeg (相似度: 0.552)
  💜 [Sharon 匹配] 0C30CF17-3B7D-437E-B8B2-D6920CD03669.jpeg (相似度: 0.668)
  💜 [Sharon 匹配] C77B2C3E-9708-48E6-88EC-34EE1FAF5711.jpeg (相似度: 0.662)
  💜 [Sharon 匹配] 1BA6EE19-9DB5-483C-810E-1A1F3D7559DE.jpeg (相似度: 0.656)
  💖 [Sophia 匹配] 05943D9A-9116-4281-B43A-03418274F010.jpeg (相似度: 0.611)
  💖 [Sophia 匹配] 9B25B92A-8FD7-463A-A8D5-DA6CF1CE16CB.jpeg (相似度: 0.646)
  💖 [Sophia 匹配] 2B0AB1CB-5D1F-4BF7-AB44-53EC9A1A5F13.jpeg (相似度: 0.501)
  💜 [Sharon 匹配] A088438A-DB69-4B8C-990A-AE9152F026A4.jpeg (相似度: 0.647)
  💖 [Sophia 匹配] 4270A2AF-ADEC-4A83-8198-3660BB819A15.jpeg (相似度: 0.640)
  💖 [Sophia 匹配] 1335D9AD-E121-425A-BC42-C1D78475B325.jpeg (相似度: 0.591)
  💜 [Sharon 匹配] 0B75C304-F45E-4D32-BFD7-007EE048387D.jpeg (相似度: 0.739)
  💜 [Sharon 匹配] EE0EF0E3-31D6-403B-A47C-24CB8AEB1ECD_1_201_a.jpeg (相似度: 0.705)
  💜 [Sharon 匹配] A6987887-82D2-4F64-A709-A8840C932144.jpeg (相似度: 0.736)
  💖 [Sophia 匹配] F9DFF1F4-758B-470B-909F-3E3652E86C3F.jpeg (相似度: 0.646)
  💖 [Sophia 匹配] 57AA2E3F-0770-49E6-A82C-796527E3282F.jpeg (相似度: 0.469)
  💖 [Sophia 匹配] 303DF57F-B1A3-4952-A96B-8BE6A02FD9AE.jpeg (相似度: 0.653)
  💜 [Sharon 匹配] D0D37C07-FE50-4AD6-94DB-05E1126EC6FE.jpeg (相似度: 0.658)
  💖 [Sophia 匹配] FCBA8803-7269-4D7F-BBDD-44240F65026E.jpeg (相似度: 0.553)
  💜 [Sharon 匹配] FF5B5A74-BA99-43F8-BAF6-53073E00ED2B.jpeg (相似度: 0.663)
  💖 [Sophia 匹配] E1C785C0-7173-4EB7-8F6C-32359FBFB651.jpeg (相似度: 0.561)
  💜 [Sharon 匹配] A17997E8-2386-45CF-BFD9-37470EEC4B2F.jpeg (相似度: 0.691)
  💖 [Sophia 匹配] 6294C8EC-8877-4667-9F25-685845AB8016.jpeg (相似度: 0.679)
  💜 [Sharon 匹配] 6294C8EC-8877-4667-9F25-685845AB8016.jpeg (相似度: 0.756)
  💖 [Sophia 匹配] 435D3CD4-60D2-4964-8946-CC099C799716.jpeg (相似度: 0.650)
  💖 [Sophia 匹配] 4D231F66-CDFD-4DB6-9255-4E2D4F55BFC3.jpeg (相似度: 0.453)
  💜 [Sharon 匹配] A7CD46E9-EC4F-4825-BDF0-F86D7B31566E_1_201_a.jpeg (相似度: 0.724)
  💜 [Sharon 匹配] 86FDB8B4-22D8-48C2-A6DE-5DF09F34EE8D.jpeg (相似度: 0.584)
  💜 [Sharon 匹配] 1E222474-9F05-4670-BB33-F4B9A5B7F4C3.jpeg (相似度: 0.682)
  💜 [Sharon 匹配] BE232681-D6D6-42BD-A508-6458BA35DF56.jpeg (相似度: 0.459)
  💜 [Sharon 匹配] 00299D60-DE15-483F-8DA8-0CA7F2E68BEF.jpeg (相似度: 0.550)
  💜 [Sharon 匹配] BEDC19C3-83E6-4D31-B844-9BCDFE1E3B94_1_201_a.jpeg (相似度: 0.665)
  💜 [Sharon 匹配] 83BEA5F4-A485-46A3-9E15-9EEFF966EEF7.jpeg (相似度: 0.586)
  💜 [Sharon 匹配] 77BE045A-9DCB-4D44-8E6D-31EE1D9FD6A9.jpeg (相似度: 0.608)
  💜 [Sharon 匹配] 407052E7-C370-4EC1-8F55-F70D360A9226.jpeg (相似度: 0.636)
  💜 [Sharon 匹配] 1EB0C82D-E7A5-4429-86EE-96AF07A66CFF.jpeg (相似度: 0.623)
  💜 [Sharon 匹配] D7C34326-2632-4BE3-86BE-A467976742D8.jpeg (相似度: 0.613)
  💜 [Sharon 匹配] BEE75680-6997-4C6D-BCFE-DA62DB8F14C6.jpeg (相似度: 0.452)
  💜 [Sharon 匹配] 948B0FE4-C8A4-4434-A5A3-4882517BDE9C.jpeg (相似度: 0.586)
  💜 [Sharon 匹配] F6456E10-9205-4016-88F1-B5845086594D.jpeg (相似度: 0.743)
  💜 [Sharon 匹配] 3E1149A9-8BE8-41C0-80E6-2167E5C5DAA2.jpeg (相似度: 0.629)
  💜 [Sharon 匹配] 110A354A-23A4-4B55-BD92-0AAE42BE1AF9.jpeg (相似度: 0.541)
  💜 [Sharon 匹配] 7A696F8E-F404-403C-A959-4B4E2B813A7D.jpeg (相似度: 0.540)
  💜 [Sharon 匹配] B503B87A-2547-4FC7-B184-26934F6BE2B2.jpeg (相似度: 0.610)
  💜 [Sharon 匹配] 052791DF-18B0-4598-BDF7-878571CA5896.jpeg (相似度: 0.591)
  💜 [Sharon 匹配] 90C068DB-F4F0-4EE1-AEBC-60C99B930AEC.jpeg (相似度: 0.584)
  💜 [Sharon 匹配] 9FE9D5A0-CB14-4D95-BC3D-5D7A5F509CED.jpeg (相似度: 0.634)
  💜 [Sharon 匹配] 11785BDB-B866-4376-9791-AA937BAF9023.jpeg (相似度: 0.542)
  💜 [Sharon 匹配] FB2F9E0A-E4CD-4BAE-A493-234A1B836F5F.jpeg (相似度: 0.664)
  💜 [Sharon 匹配] 3A98C178-58BF-4205-95F9-273BD7384E8B.jpeg (相似度: 0.632)
  💜 [Sharon 匹配] 29138DA2-8F82-4817-9DA1-8B0D8EA41DD3.jpeg (相似度: 0.558)
  💜 [Sharon 匹配] 526414E0-4148-4A54-850A-7D220DD7AEE3.jpeg (相似度: 0.559)
  💜 [Sharon 匹配] BC471A91-CE5E-40A7-B948-8BD60668667D.jpeg (相似度: 0.610)
  💜 [Sharon 匹配] A87FEB1B-8568-4DAE-888D-91E01E1012C4.jpeg (相似度: 0.633)
  💜 [Sharon 匹配] 62EB5BF0-7395-4A30-B07C-C214421BAD59_1_201_a.jpeg (相似度: 0.673)
  💜 [Sharon 匹配] D24ABDCB-ACC1-4D83-A0B3-72FAA2B5AFA4.jpeg (相似度: 0.540)
  💜 [Sharon 匹配] F89ADB89-F3C5-4B53-B7F5-E4CE23D3BA69.jpeg (相似度: 0.711)
  💜 [Sharon 匹配] 15A1F24F-7E20-456E-BFD4-08C83AAC76D5.jpeg (相似度: 0.709)
  💜 [Sharon 匹配] 0308230D-9FE4-4465-8BDD-87A08F2C0445_1_201_a.jpeg (相似度: 0.497)
  💜 [Sharon 匹配] 7817AA74-ABE3-478B-99A6-DD9813F99EEA.jpeg (相似度: 0.666)
  💖 [Sophia 匹配] 31043538-DB30-4939-AC04-BBE4087676CE.jpeg (相似度: 0.683)
  💖 [Sophia 匹配] 3F56340E-D035-4DB1-9C34-D3872B0A369B.jpeg (相似度: 0.598)
  💜 [Sharon 匹配] 31F8CC23-F5FB-40BE-A489-47A21FCD51D9.jpeg (相似度: 0.635)
  💜 [Sharon 匹配] E752BFF4-D932-4D84-8D46-C878579EFD48.jpeg (相似度: 0.675)
  💜 [Sharon 匹配] 6D821393-D612-4105-B42A-347A0EFE4F23.jpeg (相似度: 0.648)
  💜 [Sharon 匹配] 9A5F5057-782B-474A-BF09-38BBF3FA8632.jpeg (相似度: 0.716)
  💜 [Sharon 匹配] FC9510FA-0D6E-4E1F-9D55-BF91635E60C6.jpeg (相似度: 0.697)
  💖 [Sophia 匹配] A70EC851-C01A-4CFF-B914-E519B560D4FF.jpeg (相似度: 0.645)
  💜 [Sharon 匹配] 78BB38A6-17F0-4612-9157-5ED78BB2FFD6.jpeg (相似度: 0.703)
  💜 [Sharon 匹配] 4858F0BA-6A4C-47F4-A2BB-6BB958DFEC13.jpeg (相似度: 0.711)
  💖 [Sophia 匹配] B82E5E6B-ACC5-4AA7-9953-7824F0D5D2AE.jpeg (相似度: 0.592)
  💜 [Sharon 匹配] 13B0E010-D4B8-4C28-BFB3-1BF5726B6063.jpeg (相似度: 0.691)
  💖 [Sophia 匹配] 968A30B0-06A5-45E7-AF40-20FBE521F585.jpeg (相似度: 0.494)
  💖 [Sophia 匹配] 65126F2E-5776-4A13-9775-36E73B79F001.jpeg (相似度: 0.547)
  💖 [Sophia 匹配] 6EC9EAFA-6C8C-4206-968D-897D84EDBEF8.jpeg (相似度: 0.495)
  💖 [Sophia 匹配] 28352D0D-C388-4746-B87A-E917BBE85B17.jpeg (相似度: 0.503)
  💜 [Sharon 匹配] B5CA5E2F-977B-4746-AB09-56E02B535270.jpeg (相似度: 0.700)
  💖 [Sophia 匹配] F347B9F3-6075-4D64-AC0E-9233FF85FB22.jpeg (相似度: 0.545)
  💜 [Sharon 匹配] BF88FCEE-835E-4327-B7A1-1C21B0D95059.jpeg (相似度: 0.698)
  💜 [Sharon 匹配] 1C1F1247-0643-4F18-9078-0F21808599F3.jpeg (相似度: 0.660)
  💖 [Sophia 匹配] 63EDE4C4-5848-429E-95AE-0F00B9C466B6.jpeg (相似度: 0.569)
  💖 [Sophia 匹配] BB800531-0EC3-414A-B59E-6DDD30E4ED5D.jpeg (相似度: 0.584)
  💖 [Sophia 匹配] 041CF916-BF68-45C6-A9E8-20A2F70AB16F.jpeg (相似度: 0.508)
  💖 [Sophia 匹配] A7DA67AB-DE47-426A-B2B0-1215FF242E63.jpeg (相似度: 0.517)
  💜 [Sharon 匹配] BD00B923-E717-482F-997B-2053D53BA63E.jpeg (相似度: 0.732)
  💜 [Sharon 匹配] 83EC7FD6-87AC-4EAF-81F9-DABFAC73DD3D.jpeg (相似度: 0.683)
  💖 [Sophia 匹配] 3E2D3EC4-8B33-44A3-B6F2-85E65F773DC0.jpeg (相似度: 0.562)
  💜 [Sharon 匹配] 92B08E53-C557-4178-845C-4B808A479F28_1_201_a.jpeg (相似度: 0.681)
  💜 [Sharon 匹配] 05F908A3-BEBC-4075-B819-AECCFFFC7033.jpeg (相似度: 0.741)
  💜 [Sharon 匹配] 4874E6A4-3FA0-4FC3-8E2C-102B463AE81F.jpeg (相似度: 0.717)
  💜 [Sharon 匹配] E489B687-0A66-4228-B0C4-3FA15965C594.jpeg (相似度: 0.741)
  💜 [Sharon 匹配] 200ACD3B-223F-4BF9-9C7D-3C99AADEF099.jpeg (相似度: 0.700)
  💜 [Sharon 匹配] 65D39BB9-C6C9-481B-A1D1-C6EC11713F0E_1_201_a.jpeg (相似度: 0.481)
  💜 [Sharon 匹配] E68BBE9F-57F0-41E1-9299-262B6A7049B9.jpeg (相似度: 0.733)
  💜 [Sharon 匹配] 7ABFC89F-1703-41DA-BFE4-751F3D555CA3_1_201_a.jpeg (相似度: 0.663)
  💜 [Sharon 匹配] D0FC5D1E-6EDC-42CA-9B99-CC24CF4049AE_1_201_a.jpeg (相似度: 0.588)
  💜 [Sharon 匹配] 37FC6E13-4BD1-4D7C-A191-9971B26FC44E_1_201_a.jpeg (相似度: 0.490)
  💜 [Sharon 匹配] 5FD413BE-B894-4212-8E4B-4ABAFAD5985B_1_201_a.jpeg (相似度: 0.630)
  💜 [Sharon 匹配] FB24A7AF-846E-4973-A9E4-66540036EDA0.jpeg (相似度: 0.729)
  💜 [Sharon 匹配] 543CA3DD-65C6-43C1-A32F-A0DEFF78F2B2_1_201_a.jpeg (相似度: 0.540)
  💜 [Sharon 匹配] 10F1AD3F-6806-43BD-A38E-9FB6D08A4BA6.jpeg (相似度: 0.692)
  💜 [Sharon 匹配] 1BC5FA8A-7E5D-4FE8-8846-AE9AB4620085_1_201_a.jpeg (相似度: 0.464)
  💜 [Sharon 匹配] B6544348-1D86-4644-A9E6-3F2761746868.jpeg (相似度: 0.681)
  💜 [Sharon 匹配] 14F471E2-862E-4930-AFF2-E664CA01A225.jpeg (相似度: 0.689)
  💜 [Sharon 匹配] F228817E-92FF-41CB-939D-D7C13270AA83.jpeg (相似度: 0.721)
  💜 [Sharon 匹配] DB66C4C0-7CC0-4880-9C0B-3EA8CC7555D3.jpeg (相似度: 0.706)
  💜 [Sharon 匹配] 68DD825C-60AF-4AEC-9A24-40F22F82647E_1_201_a.jpeg (相似度: 0.453)
  💜 [Sharon 匹配] 9A8084ED-4345-40DC-BD26-497DD4D288C3.jpeg (相似度: 0.706)
  💜 [Sharon 匹配] 8142D06F-AA84-44E4-A447-50821B1FA770.jpeg (相似度: 0.664)
  💜 [Sharon 匹配] 3E045F2C-D780-4D4A-9239-CE5304F0359E_1_201_a.jpeg (相似度: 0.458)
  💜 [Sharon 匹配] 33476D24-AD79-4D17-B379-90DB2A9276FE.jpeg (相似度: 0.712)
  💖 [Sophia 匹配] C4B87766-8713-437C-887A-A855004A5C02_1_201_a.jpeg (相似度: 0.463)
  💜 [Sharon 匹配] C4B87766-8713-437C-887A-A855004A5C02_1_201_a.jpeg (相似度: 0.601)
  💜 [Sharon 匹配] 7010782D-6202-4AD7-842F-8C99985B7E07.jpeg (相似度: 0.687)
  💜 [Sharon 匹配] 2ADBB5D0-5BBC-44B3-A9C0-8329F01E8617.jpeg (相似度: 0.784)
  💖 [Sophia 匹配] 2ADBB5D0-5BBC-44B3-A9C0-8329F01E8617.jpeg (相似度: 0.698)
  💖 [Sophia 匹配] FDDE1CD2-96AC-45F8-9DDE-02B275CD3E53.jpeg (相似度: 0.498)
  💜 [Sharon 匹配] B48E4DC0-B2A4-4EAC-9DE6-E679B531AEAD.jpeg (相似度: 0.680)
  💜 [Sharon 匹配] D8F7FF97-BE67-408C-8BFD-D654F0EA75AE.jpeg (相似度: 0.728)
  💜 [Sharon 匹配] 5A651751-FF25-487B-ACE8-7EE6D9997EFB.jpeg (相似度: 0.688)
  💖 [Sophia 匹配] F11FF671-A0F9-479C-91E2-352B951BCC20.jpeg (相似度: 0.511)
  💜 [Sharon 匹配] F11FF671-A0F9-479C-91E2-352B951BCC20.jpeg (相似度: 0.670)
  💖 [Sophia 匹配] 93CB8D1A-3C77-4AAC-9622-2BABD0FD3346.jpeg (相似度: 0.578)
  💜 [Sharon 匹配] 6D5D287D-4CBB-4555-A2CD-45EBDACC71F2.jpeg (相似度: 0.733)
  💜 [Sharon 匹配] 12021603-9834-47B0-B2EB-ED3133D62996.jpeg (相似度: 0.758)
  💖 [Sophia 匹配] 12021603-9834-47B0-B2EB-ED3133D62996.jpeg (相似度: 0.716)
  💜 [Sharon 匹配] 7B7E5D2D-071C-41BA-823A-AC84DFD8FFDB.jpeg (相似度: 0.760)
  💜 [Sharon 匹配] 66030801-ABD4-4382-93A6-A6A0F63DC62E.jpeg (相似度: 0.741)
  💖 [Sophia 匹配] AB6F5959-072B-4CC0-8F92-364D6FF5126D.jpeg (相似度: 0.621)
  💖 [Sophia 匹配] 5815F537-40F6-4C46-9001-8E811378E3A9.jpeg (相似度: 0.621)
  💜 [Sharon 匹配] 5815F537-40F6-4C46-9001-8E811378E3A9.jpeg (相似度: 0.724)
  💖 [Sophia 匹配] 88FFE24E-FABD-4851-B59F-FE46C48DE121.jpeg (相似度: 0.568)
  💖 [Sophia 匹配] 7790F52E-CB38-4E0E-8698-371DFEEFD823.jpeg (相似度: 0.558)
  💖 [Sophia 匹配] BCC8D646-6CC2-4E8D-911D-C41D39D2758D.jpeg (相似度: 0.637)
  💖 [Sophia 匹配] 14060B23-022D-4054-B9FC-3DE96CFB6F9D.jpeg (相似度: 0.606)
  💜 [Sharon 匹配] 14060B23-022D-4054-B9FC-3DE96CFB6F9D.jpeg (相似度: 0.704)
  💖 [Sophia 匹配] 635F3641-B35F-43CF-BC77-652DB5E8B310.jpeg (相似度: 0.571)
  💖 [Sophia 匹配] 986A6BAC-AACA-4585-8A79-E1BF0DAAA6DE.jpeg (相似度: 0.616)
  💖 [Sophia 匹配] 580ED779-13A5-41A5-81CE-33185AC46906_1_201_a.jpeg (相似度: 0.602)
  💜 [Sharon 匹配] F1FFA15D-9E84-4CD4-9065-EF55796BE750.jpeg (相似度: 0.727)
  💜 [Sharon 匹配] CCB590E0-4FBA-43FA-BD3A-657834895338.jpeg (相似度: 0.746)
  💜 [Sharon 匹配] 9E18F4A6-D770-42A9-876D-FFBEC9F34B15.jpeg (相似度: 0.625)
  💖 [Sophia 匹配] 8BC5308E-87F6-4B5D-A918-2494B9F02F27.jpeg (相似度: 0.591)
  💜 [Sharon 匹配] 8BC5308E-87F6-4B5D-A918-2494B9F02F27.jpeg (相似度: 0.693)
  💜 [Sharon 匹配] D8E140A5-86F9-466C-9B59-3FDE2F464418.jpeg (相似度: 0.653)
  💜 [Sharon 匹配] 929C67C9-B4F1-46B3-9C95-8407ED2A68AD.jpeg (相似度: 0.739)
  💖 [Sophia 匹配] 21AD468D-A574-4BD4-BB43-33526D2F9B0C.jpeg (相似度: 0.590)
  💜 [Sharon 匹配] FDE3CFC4-D2C7-4783-B508-E06987723427.jpeg (相似度: 0.739)
  💖 [Sophia 匹配] ED9AA65B-E15E-47A7-AD0D-919993DE2019_1_201_a.jpeg (相似度: 0.674)
  💖 [Sophia 匹配] 3F315A5A-BFE6-4748-B9F4-2E0A7BF1E050_1_201_a.jpeg (相似度: 0.590)
  💖 [Sophia 匹配] 7BAB8345-96A8-4365-A9EB-32243CC109DD_1_201_a.jpeg (相似度: 0.609)
  💖 [Sophia 匹配] 6F87F6A5-4CBD-4FCE-8B18-866CCF6F7616.jpeg (相似度: 0.613)
  💖 [Sophia 匹配] AB33FF80-D85A-467B-8435-5E8914774A94.jpeg (相似度: 0.523)
  💖 [Sophia 匹配] 9A122913-2F63-4A42-964C-EE6E8C85D663.jpeg (相似度: 0.593)
  💜 [Sharon 匹配] 4489140D-1B69-4A1B-80BB-4E4B61139514.jpeg (相似度: 0.743)
  💜 [Sharon 匹配] F42B61F8-899A-464E-A493-A0B98729E1C8.jpeg (相似度: 0.725)
  💖 [Sophia 匹配] 6D96A80B-0A84-4324-9A5C-C7955C47689D.jpeg (相似度: 0.484)
  💖 [Sophia 匹配] C927C3D7-B46E-4D86-ABA7-C99C62723ACC_1_201_a.jpeg (相似度: 0.653)
  💖 [Sophia 匹配] 992D244F-96C4-4754-ACBA-35F8D2C31B43.jpeg (相似度: 0.647)
  💖 [Sophia 匹配] 6C6B306E-1CE7-4339-A697-545B6F086FD3.jpeg (相似度: 0.632)
  💜 [Sharon 匹配] 6C6B306E-1CE7-4339-A697-545B6F086FD3.jpeg (相似度: 0.672)
  💜 [Sharon 匹配] 2392AB1B-BA1F-49BA-B58E-53E527624CE3.jpeg (相似度: 0.734)
  💜 [Sharon 匹配] IMG_9746.jpeg (相似度: 0.624)
  💖 [Sophia 匹配] IMG_9746.jpeg (相似度: 0.521)
  💜 [Sharon 匹配] IMG_0404.jpeg (相似度: 0.664)
  💜 [Sharon 匹配] IMG_0392.jpeg (相似度: 0.712)
  💜 [Sharon 匹配] IMG_0412.jpeg (相似度: 0.639)
  💜 [Sharon 匹配] IMG_0393.jpeg (相似度: 0.559)
  💜 [Sharon 匹配] IMG_0405.jpeg (相似度: 0.696)
  💜 [Sharon 匹配] IMG_0402.jpeg (相似度: 0.654)
  💜 [Sharon 匹配] IMG_0394.jpeg (相似度: 0.714)
  💜 [Sharon 匹配] IMG_0422.jpeg (相似度: 0.717)
  💜 [Sharon 匹配] IMG_0398.jpeg (相似度: 0.625)
  💜 [Sharon 匹配] IMG_0419.jpeg (相似度: 0.676)
  💜 [Sharon 匹配] IMG_0399.jpeg (相似度: 0.648)
  💜 [Sharon 匹配] IMG_0395.jpeg (相似度: 0.692)
  💜 [Sharon 匹配] IMG_0403.jpeg (相似度: 0.667)
  💜 [Sharon 匹配] IMG_0416.jpeg (相似度: 0.613)
  💜 [Sharon 匹配] IMG_0396.jpeg (相似度: 0.576)
  💜 [Sharon 匹配] IMG_0400.jpeg (相似度: 0.633)
  💜 [Sharon 匹配] IMG_0421.jpeg (相似度: 0.732)
  💜 [Sharon 匹配] IMG_0401.jpeg (相似度: 0.665)
  💜 [Sharon 匹配] IMG_0397.jpeg (相似度: 0.711)
  💜 [Sharon 匹配] IMG_0426.jpeg (相似度: 0.759)
  💜 [Sharon 匹配] IMG_0406.jpeg (相似度: 0.697)
  💜 [Sharon 匹配] IMG_0407.jpeg (相似度: 0.631)
  💜 [Sharon 匹配] IMG_0391.jpeg (相似度: 0.710)
  💜 [Sharon 匹配] IMG_0648.jpeg (相似度: 0.462)
  💜 [Sharon 匹配] IMG_0633.jpeg (相似度: 0.489)
  💜 [Sharon 匹配] IMG_0652.jpeg (相似度: 0.568)
  💜 [Sharon 匹配] IMG_0629.jpeg (相似度: 0.500)
  💜 [Sharon 匹配] IMG_0628.jpeg (相似度: 0.456)
  💜 [Sharon 匹配] IMG_0645.jpeg (相似度: 0.547)
  💜 [Sharon 匹配] IMG_0632.jpeg (相似度: 0.522)
  💜 [Sharon 匹配] IMG_0649.jpeg (相似度: 0.468)
  💜 [Sharon 匹配] IMG_0642.jpeg (相似度: 0.529)
  💜 [Sharon 匹配] IMG_0639.jpeg (相似度: 0.572)
  💜 [Sharon 匹配] IMG_0635.jpeg (相似度: 0.493)
  💜 [Sharon 匹配] IMG_0634.jpeg (相似度: 0.533)
  💜 [Sharon 匹配] IMG_0640.jpeg (相似度: 0.565)
  💜 [Sharon 匹配] IMG_0636.jpeg (相似度: 0.464)
  💜 [Sharon 匹配] IMG_0641.jpeg (相似度: 0.551)
  💜 [Sharon 匹配] IMG_0631.jpeg (相似度: 0.500)
  💜 [Sharon 匹配] IMG_0646.jpeg (相似度: 0.547)
  💜 [Sharon 匹配] IMG_0650.jpeg (相似度: 0.557)
  💜 [Sharon 匹配] IMG_0651.jpeg (相似度: 0.565)
  💜 [Sharon 匹配] IMG_0630.jpeg (相似度: 0.527)
  💜 [Sharon 匹配] IMG_9957.jpeg (相似度: 0.747)
  💜 [Sharon 匹配] IMG_9956.jpeg (相似度: 0.716)
  💜 [Sharon 匹配] IMG_9951.jpeg (相似度: 0.657)
  💜 [Sharon 匹配] IMG_9949.jpeg (相似度: 0.696)
  💜 [Sharon 匹配] IMG_9955.jpeg (相似度: 0.708)
  💜 [Sharon 匹配] IMG_9954.jpeg (相似度: 0.737)
  💜 [Sharon 匹配] IMG_0672.jpeg (相似度: 0.597)
  💜 [Sharon 匹配] IMG_0701.jpeg (相似度: 0.604)
  💜 [Sharon 匹配] IMG_0678.jpeg (相似度: 0.580)
  💜 [Sharon 匹配] IMG_0675.jpeg (相似度: 0.556)
  💜 [Sharon 匹配] IMG_0679.jpeg (相似度: 0.583)
  💜 [Sharon 匹配] IMG_0768.jpeg (相似度: 0.480)
  💜 [Sharon 匹配] IMG_0713.jpeg (相似度: 0.482)
  💜 [Sharon 匹配] IMG_0699.jpeg (相似度: 0.486)
  💜 [Sharon 匹配] IMG_0733.jpeg (相似度: 0.598)
  💜 [Sharon 匹配] IMG_0676.jpeg (相似度: 0.540)
  💜 [Sharon 匹配] IMG_0764.jpeg (相似度: 0.471)
  💜 [Sharon 匹配] IMG_0724.jpeg (相似度: 0.498)
  💜 [Sharon 匹配] IMG_0698.jpeg (相似度: 0.459)
  💜 [Sharon 匹配] IMG_0732.jpeg (相似度: 0.632)
  💜 [Sharon 匹配] IMG_0677.jpeg (相似度: 0.633)
  💜 [Sharon 匹配] IMG_0712.jpeg (相似度: 0.538)
  💜 [Sharon 匹配] IMG_0769.jpeg (相似度: 0.486)
  💜 [Sharon 匹配] IMG_0703.jpeg (相似度: 0.575)
  💜 [Sharon 匹配] IMG_0743.jpeg (相似度: 0.456)
  💜 [Sharon 匹配] IMG_0714.jpeg (相似度: 0.541)
  💜 [Sharon 匹配] IMG_0702.jpeg (相似度: 0.596)
  💜 [Sharon 匹配] IMG_0734.jpeg (相似度: 0.612)
  💜 [Sharon 匹配] IMG_0671.jpeg (相似度: 0.544)
  💜 [Sharon 匹配] IMG_0146.jpeg (相似度: 0.606)
  💜 [Sharon 匹配] IMG_0143.jpeg (相似度: 0.627)
  💜 [Sharon 匹配] IMG_0144.jpeg (相似度: 0.628)
  💖 [Sophia 匹配] IMG_9828.jpeg (相似度: 0.543)
  💜 [Sharon 匹配] IMG_9828.jpeg (相似度: 0.514)
  💖 [Sophia 匹配] IMG_9853.jpeg (相似度: 0.481)
  💖 [Sophia 匹配] IMG_9845.jpeg (相似度: 0.478)
  💜 [Sharon 匹配] IMG_9845.jpeg (相似度: 0.452)
  💖 [Sophia 匹配] IMG_9832.jpeg (相似度: 0.486)
  💖 [Sophia 匹配] IMG_9824.jpeg (相似度: 0.590)
  💖 [Sophia 匹配] IMG_9849.jpeg (相似度: 0.484)
  💖 [Sophia 匹配] IMG_9825.jpeg (相似度: 0.557)
  💜 [Sharon 匹配] IMG_9825.jpeg (相似度: 0.535)
  💖 [Sophia 匹配] IMG_9833.jpeg (相似度: 0.490)
  💖 [Sophia 匹配] IMG_9813.jpeg (相似度: 0.482)
  💜 [Sharon 匹配] IMG_9852.jpeg (相似度: 0.476)
  💖 [Sophia 匹配] IMG_9829.jpeg (相似度: 0.536)
  💖 [Sophia 匹配] IMG_9834.jpeg (相似度: 0.489)
  💖 [Sophia 匹配] IMG_9822.jpeg (相似度: 0.519)
  💜 [Sharon 匹配] IMG_9789.jpeg (相似度: 0.656)
  💖 [Sophia 匹配] IMG_9818.jpeg (相似度: 0.533)
  💜 [Sharon 匹配] IMG_9785.jpeg (相似度: 0.649)
  💖 [Sophia 匹配] IMG_9814.jpeg (相似度: 0.489)
  💜 [Sharon 匹配] IMG_9792.jpeg (相似度: 0.683)
  💖 [Sophia 匹配] IMG_9815.jpeg (相似度: 0.543)
  💖 [Sophia 匹配] IMG_9819.jpeg (相似度: 0.546)
  💖 [Sophia 匹配] IMG_9788.jpeg (相似度: 0.562)
  💜 [Sharon 匹配] IMG_9788.jpeg (相似度: 0.702)
  💖 [Sophia 匹配] IMG_9823.jpeg (相似度: 0.596)
  💖 [Sophia 匹配] IMG_9835.jpeg (相似度: 0.488)
  💖 [Sophia 匹配] IMG_9820.jpeg (相似度: 0.532)
  💜 [Sharon 匹配] IMG_9791.jpeg (相似度: 0.718)
  💖 [Sophia 匹配] IMG_9816.jpeg (相似度: 0.531)
  💖 [Sophia 匹配] IMG_9787.jpeg (相似度: 0.532)
  💜 [Sharon 匹配] IMG_9786.jpeg (相似度: 0.708)
  💖 [Sophia 匹配] IMG_9817.jpeg (相似度: 0.537)
  💜 [Sharon 匹配] IMG_9790.jpeg (相似度: 0.701)
  💖 [Sophia 匹配] IMG_9821.jpeg (相似度: 0.575)
  💖 [Sophia 匹配] IMG_9851.jpeg (相似度: 0.512)
  💜 [Sharon 匹配] IMG_9851.jpeg (相似度: 0.456)
  💜 [Sharon 匹配] IMG_9826.jpeg (相似度: 0.535)
  💖 [Sophia 匹配] IMG_9826.jpeg (相似度: 0.528)
  💖 [Sophia 匹配] IMG_9830.jpeg (相似度: 0.555)
  💜 [Sharon 匹配] IMG_9830.jpeg (相似度: 0.507)
  💖 [Sophia 匹配] IMG_9831.jpeg (相似度: 0.524)
  💜 [Sharon 匹配] IMG_9831.jpeg (相似度: 0.468)
  💖 [Sophia 匹配] IMG_9827.jpeg (相似度: 0.506)
  💖 [Sophia 匹配] IMG_9850.jpeg (相似度: 0.505)
  💖 [Sophia 匹配] IMG_9846.jpeg (相似度: 0.451)
  💜 [Sharon 匹配] IMG_9862.jpeg (相似度: 0.593)
  💖 [Sophia 匹配] IMG_9862.jpeg (相似度: 0.595)
  💜 [Sharon 匹配] IMG_9861.jpeg (相似度: 0.558)
  💖 [Sophia 匹配] IMG_9861.jpeg (相似度: 0.529)
  💖 [Sophia 匹配] IMG_9860.jpeg (相似度: 0.546)
  💜 [Sharon 匹配] IMG_0222.jpeg (相似度: 0.658)
  💜 [Sharon 匹配] IMG_0223.jpeg (相似度: 0.627)
  💜 [Sharon 匹配] IMG_0224.jpeg (相似度: 0.701)
  💜 [Sharon 匹配] IMG_0225.jpeg (相似度: 0.698)
  💜 [Sharon 匹配] IMG_0226.jpeg (相似度: 0.675)
  💜 [Sharon 匹配] IMG_0230.jpeg (相似度: 0.682)
  💜 [Sharon 匹配] IMG_0231.jpeg (相似度: 0.635)
  💜 [Sharon 匹配] IMG_0227.jpeg (相似度: 0.682)
  💜 [Sharon 匹配] IMG_0221.jpeg (相似度: 0.692)
  💜 [Sharon 匹配] IMG_0202.jpeg (相似度: 0.663)
  💜 [Sharon 匹配] IMG_0184.jpeg (相似度: 0.712)
  💜 [Sharon 匹配] IMG_0203.jpeg (相似度: 0.600)
  💜 [Sharon 匹配] IMG_0188.jpeg (相似度: 0.618)
  💜 [Sharon 匹配] IMG_0195.jpeg (相似度: 0.597)
  💜 [Sharon 匹配] IMG_0204.jpeg (相似度: 0.599)
  💜 [Sharon 匹配] IMG_0176.jpeg (相似度: 0.570)
  💜 [Sharon 匹配] IMG_0199.jpeg (相似度: 0.570)
  💜 [Sharon 匹配] IMG_0208.jpeg (相似度: 0.694)
  💜 [Sharon 匹配] IMG_0209.jpeg (相似度: 0.636)
  💜 [Sharon 匹配] IMG_0177.jpeg (相似度: 0.536)
  💜 [Sharon 匹配] IMG_0198.jpeg (相似度: 0.635)
  💜 [Sharon 匹配] IMG_0182.jpeg (相似度: 0.630)
  💜 [Sharon 匹配] IMG_0205.jpeg (相似度: 0.639)
  💜 [Sharon 匹配] IMG_0194.jpeg (相似度: 0.631)
  💜 [Sharon 匹配] IMG_0181.jpeg (相似度: 0.624)
  💜 [Sharon 匹配] IMG_0206.jpeg (相似度: 0.673)
  💜 [Sharon 匹配] IMG_0178.jpeg (相似度: 0.625)
  💜 [Sharon 匹配] IMG_0174.jpeg (相似度: 0.609)
  💜 [Sharon 匹配] IMG_0175.jpeg (相似度: 0.609)
  💜 [Sharon 匹配] IMG_0196.jpeg (相似度: 0.619)
  💜 [Sharon 匹配] IMG_0179.jpeg (相似度: 0.562)
  💜 [Sharon 匹配] IMG_0207.jpeg (相似度: 0.640)
  💜 [Sharon 匹配] IMG_0180.jpeg (相似度: 0.613)
  💜 [Sharon 匹配] IMG_0172.jpeg (相似度: 0.678)
  💜 [Sharon 匹配] IMG_0187.jpeg (相似度: 0.673)
  💜 [Sharon 匹配] IMG_0200.jpeg (相似度: 0.680)
  💜 [Sharon 匹配] IMG_0201.jpeg (相似度: 0.682)
  💜 [Sharon 匹配] IMG_0186.jpeg (相似度: 0.692)
  💜 [Sharon 匹配] IMG_0173.jpeg (相似度: 0.604)
  💜 [Sharon 匹配] IMG_0465.jpeg (相似度: 0.516)
  💜 [Sharon 匹配] IMG_0473.jpeg (相似度: 0.681)
  💜 [Sharon 匹配] IMG_0541.jpeg (相似度: 0.514)
  💜 [Sharon 匹配] IMG_0474.jpeg (相似度: 0.472)
  💜 [Sharon 匹配] IMG_0546.jpeg (相似度: 0.585)
  💜 [Sharon 匹配] IMG_0545.jpeg (相似度: 0.491)
  💜 [Sharon 匹配] IMG_0544.jpeg (相似度: 0.562)
  💜 [Sharon 匹配] IMG_0471.jpeg (相似度: 0.658)
  💜 [Sharon 匹配] IMG_0543.jpeg (相似度: 0.547)
  💜 [Sharon 匹配] IMG_0542.jpeg (相似度: 0.542)
  💜 [Sharon 匹配] IMG_0466.jpeg (相似度: 0.569)
  💜 [Sharon 匹配] IMG_0470.jpeg (相似度: 0.680)
  💜 [Sharon 匹配] IMG_0520.jpeg (相似度: 0.468)
  💜 [Sharon 匹配] IMG_0582.jpeg (相似度: 0.506)
  💜 [Sharon 匹配] IMG_0516.jpeg (相似度: 0.510)
  💜 [Sharon 匹配] IMG_0500.jpeg (相似度: 0.499)
  💜 [Sharon 匹配] IMG_0501.jpeg (相似度: 0.508)
  💜 [Sharon 匹配] IMG_0491.jpeg (相似度: 0.461)
  💜 [Sharon 匹配] IMG_0537.jpeg (相似度: 0.520)
  💜 [Sharon 匹配] IMG_0521.jpeg (相似度: 0.503)
  💜 [Sharon 匹配] IMG_0496.jpeg (相似度: 0.458)
  💜 [Sharon 匹配] IMG_0506.jpeg (相似度: 0.486)
  💜 [Sharon 匹配] IMG_0526.jpeg (相似度: 0.479)
  💜 [Sharon 匹配] IMG_0530.jpeg (相似度: 0.501)
  💜 [Sharon 匹配] IMG_0531.jpeg (相似度: 0.523)
  💜 [Sharon 匹配] IMG_0527.jpeg (相似度: 0.485)
  💜 [Sharon 匹配] IMG_0507.jpeg (相似度: 0.511)
  💜 [Sharon 匹配] IMG_0511.jpeg (相似度: 0.452)
  💜 [Sharon 匹配] IMG_0504.jpeg (相似度: 0.470)
  💜 [Sharon 匹配] IMG_0512.jpeg (相似度: 0.488)
  💜 [Sharon 匹配] IMG_0494.jpeg (相似度: 0.499)
  💜 [Sharon 匹配] IMG_0528.jpeg (相似度: 0.463)
  💜 [Sharon 匹配] IMG_0508.jpeg (相似度: 0.537)
  💜 [Sharon 匹配] IMG_0498.jpeg (相似度: 0.528)
  💜 [Sharon 匹配] IMG_0499.jpeg (相似度: 0.452)
⏳ 已辨識 4500 / 5976 張相片 (1533.8 秒)...
  💜 [Sharon 匹配] IMG_0509.jpeg (相似度: 0.525)
  💜 [Sharon 匹配] IMG_0529.jpeg (相似度: 0.483)
  💜 [Sharon 匹配] IMG_0495.jpeg (相似度: 0.477)
  💜 [Sharon 匹配] IMG_0513.jpeg (相似度: 0.512)
  💜 [Sharon 匹配] IMG_0505.jpeg (相似度: 0.501)
  💜 [Sharon 匹配] IMG_0518.jpeg (相似度: 0.453)
  💜 [Sharon 匹配] IMG_0522.jpeg (相似度: 0.529)
  💜 [Sharon 匹配] IMG_0502.jpeg (相似度: 0.479)
  💜 [Sharon 匹配] IMG_0514.jpeg (相似度: 0.494)
  💜 [Sharon 匹配] IMG_0492.jpeg (相似度: 0.478)
  💜 [Sharon 匹配] IMG_0581.jpeg (相似度: 0.513)
  💜 [Sharon 匹配] IMG_0493.jpeg (相似度: 0.471)
  💜 [Sharon 匹配] IMG_0515.jpeg (相似度: 0.525)
  💜 [Sharon 匹配] IMG_0503.jpeg (相似度: 0.502)
  💜 [Sharon 匹配] IMG_0519.jpeg (相似度: 0.464)
  💜 [Sharon 匹配] IMG_0609.jpeg (相似度: 0.631)
  💜 [Sharon 匹配] IMG_0613.jpeg (相似度: 0.665)
  💜 [Sharon 匹配] IMG_0612.jpeg (相似度: 0.645)
  💜 [Sharon 匹配] IMG_0624.jpeg (相似度: 0.504)
  💜 [Sharon 匹配] IMG_0615.jpeg (相似度: 0.527)
  💜 [Sharon 匹配] IMG_0619.jpeg (相似度: 0.503)
  💜 [Sharon 匹配] IMG_0623.jpeg (相似度: 0.481)
  💜 [Sharon 匹配] IMG_0622.jpeg (相似度: 0.528)
  💜 [Sharon 匹配] IMG_0618.jpeg (相似度: 0.480)
  💜 [Sharon 匹配] IMG_0617.jpeg (相似度: 0.517)
  💜 [Sharon 匹配] IMG_0621.jpeg (相似度: 0.537)
  💜 [Sharon 匹配] IMG_0620.jpeg (相似度: 0.619)
  💜 [Sharon 匹配] IMG_0611.jpeg (相似度: 0.645)
  💜 [Sharon 匹配] IMG_0607.jpeg (相似度: 0.474)
  💜 [Sharon 匹配] IMG_0606.jpeg (相似度: 0.553)
  💜 [Sharon 匹配] IMG_0610.jpeg (相似度: 0.594)
  💜 [Sharon 匹配] IMG_0626.jpeg (相似度: 0.471)
  💜 [Sharon 匹配] IMG_0595.jpeg (相似度: 0.506)
  💜 [Sharon 匹配] IMG_0259.jpeg (相似度: 0.655)
  💜 [Sharon 匹配] IMG_0275.jpeg (相似度: 0.617)
  💜 [Sharon 匹配] IMG_0255.jpeg (相似度: 0.631)
  💜 [Sharon 匹配] IMG_0280.jpeg (相似度: 0.582)
  💜 [Sharon 匹配] IMG_0279.jpeg (相似度: 0.647)
  💜 [Sharon 匹配] IMG_0278.jpeg (相似度: 0.665)
  💜 [Sharon 匹配] IMG_0254.jpeg (相似度: 0.606)
  💜 [Sharon 匹配] IMG_0262.jpeg (相似度: 0.534)
  💜 [Sharon 匹配] IMG_0253.jpeg (相似度: 0.647)
  💜 [Sharon 匹配] IMG_0290.jpeg (相似度: 0.464)
  💜 [Sharon 匹配] IMG_0252.jpeg (相似度: 0.669)
  💜 [Sharon 匹配] IMG_0261.jpeg (相似度: 0.474)
  💜 [Sharon 匹配] IMG_0257.jpeg (相似度: 0.609)
  💜 [Sharon 匹配] IMG_0256.jpeg (相似度: 0.661)
  💜 [Sharon 匹配] IMG_0276.jpeg (相似度: 0.607)
  💜 [Sharon 匹配] IMG_0788.JPG (相似度: 0.607)
  💜 [Sharon 匹配] IMG_0789.JPG (相似度: 0.606)
  💜 [Sharon 匹配] IMG_0670.JPG (相似度: 0.659)
  💜 [Sharon 匹配] IMG_0476.JPG (相似度: 0.565)
  💜 [Sharon 匹配] IMG_0784.JPG (相似度: 0.591)
  💜 [Sharon 匹配] IMG_0785.JPG (相似度: 0.586)
  💜 [Sharon 匹配] IMG_0791.JPG (相似度: 0.666)
  💜 [Sharon 匹配] IMG_0787.JPG (相似度: 0.577)
  💜 [Sharon 匹配] IMG_0786.JPG (相似度: 0.574)
  💜 [Sharon 匹配] IMG_0783.JPG (相似度: 0.574)
  💖 [Sophia 匹配] IMG_9721.JPG (相似度: 0.556)
  💖 [Sophia 匹配] IMG_9720.JPG (相似度: 0.483)
  💖 [Sophia 匹配] IMG_9722.JPG (相似度: 0.486)
  💖 [Sophia 匹配] IMG_9723.JPG (相似度: 0.625)
  💜 [Sharon 匹配] IMG_9718.JPG (相似度: 0.572)
  💖 [Sophia 匹配] IMG_9718.JPG (相似度: 0.525)
  💜 [Sharon 匹配] IMG_9719.JPG (相似度: 0.539)
  💜 [Sharon 匹配] IMG_9714.JPG (相似度: 0.485)
  💜 [Sharon 匹配] IMG_9700.JPG (相似度: 0.657)
  💜 [Sharon 匹配] IMG_9701.JPG (相似度: 0.646)
  💜 [Sharon 匹配] IMG_9715.JPG (相似度: 0.552)
  💜 [Sharon 匹配] IMG_9703.JPG (相似度: 0.629)
  💜 [Sharon 匹配] IMG_9717.JPG (相似度: 0.630)
  💖 [Sophia 匹配] IMG_9717.JPG (相似度: 0.565)
  💜 [Sharon 匹配] IMG_9716.JPG (相似度: 0.616)
  💖 [Sophia 匹配] IMG_9716.JPG (相似度: 0.569)
  💜 [Sharon 匹配] IMG_9702.JPG (相似度: 0.649)
  💜 [Sharon 匹配] IMG_9699.JPG (相似度: 0.627)
  💜 [Sharon 匹配] IMG_9713.JPG (相似度: 0.487)
  💜 [Sharon 匹配] IMG_9705.JPG (相似度: 0.615)
  💜 [Sharon 匹配] IMG_9704.JPG (相似度: 0.633)
  💜 [Sharon 匹配] IMG_0334.jpeg (相似度: 0.500)
  💜 [Sharon 匹配] IMG_0333.jpeg (相似度: 0.454)
  💖 [Sophia 匹配] IMG_0824.jpeg (相似度: 0.581)
  💜 [Sharon 匹配] IMG_0814.jpeg (相似度: 0.619)
  💜 [Sharon 匹配] IMG_0822.jpeg (相似度: 0.615)
  💖 [Sophia 匹配] IMG_0834.jpeg (相似度: 0.523)
  💖 [Sophia 匹配] IMG_1008.JPG (相似度: 0.574)
  💜 [Sharon 匹配] IMG_1020.JPG (相似度: 0.682)
  💜 [Sharon 匹配] IMG_0818.jpeg (相似度: 0.677)
  💜 [Sharon 匹配] IMG_1021.JPG (相似度: 0.596)
  💜 [Sharon 匹配] IMG_1018.JPG (相似度: 0.622)
  💜 [Sharon 匹配] IMG_0823.jpeg (相似度: 0.634)
  💜 [Sharon 匹配] IMG_0815.jpeg (相似度: 0.637)
  💖 [Sophia 匹配] IMG_1027.JPG (相似度: 0.521)
  💖 [Sophia 匹配] IMG_1017.JPG (相似度: 0.570)
  💖 [Sophia 匹配] IMG_1015.JPG (相似度: 0.551)
  💜 [Sharon 匹配] IMG_1015.JPG (相似度: 0.694)
  💖 [Sophia 匹配] IMG_1014.JPG (相似度: 0.535)
  💜 [Sharon 匹配] IMG_1014.JPG (相似度: 0.684)
  💜 [Sharon 匹配] IMG_0821.jpeg (相似度: 0.559)
  💜 [Sharon 匹配] IMG_9632.jpeg (相似度: 0.503)
  💜 [Sharon 匹配] IMG_9966.jpeg (相似度: 0.695)
  💜 [Sharon 匹配] IMG_9965.jpeg (相似度: 0.673)
  💖 [Sophia 匹配] IMG_8686.jpeg (相似度: 0.537)
  💜 [Sharon 匹配] IMG_8686.jpeg (相似度: 0.595)
  💖 [Sophia 匹配] IMG_8690.jpeg (相似度: 0.485)
  💜 [Sharon 匹配] IMG_8690.jpeg (相似度: 0.577)
  💖 [Sophia 匹配] IMG_8700.jpeg (相似度: 0.567)
  💜 [Sharon 匹配] IMG_8700.jpeg (相似度: 0.625)
  💜 [Sharon 匹配] IMG_8648.jpeg (相似度: 0.594)
  💜 [Sharon 匹配] IMG_8687.jpeg (相似度: 0.567)
  💖 [Sophia 匹配] IMG_8687.jpeg (相似度: 0.540)
  💜 [Sharon 匹配] IMG_8696.jpeg (相似度: 0.582)
  💖 [Sophia 匹配] IMG_8696.jpeg (相似度: 0.569)
  💖 [Sophia 匹配] IMG_8697.jpeg (相似度: 0.530)
  💖 [Sophia 匹配] IMG_8698.jpeg (相似度: 0.595)
  💖 [Sophia 匹配] IMG_8694.jpeg (相似度: 0.545)
  💜 [Sharon 匹配] IMG_8694.jpeg (相似度: 0.610)
  💖 [Sophia 匹配] IMG_8695.jpeg (相似度: 0.568)
  💜 [Sharon 匹配] IMG_8695.jpeg (相似度: 0.593)
  💜 [Sharon 匹配] IMG_8699.jpeg (相似度: 0.642)
  💖 [Sophia 匹配] IMG_8699.jpeg (相似度: 0.560)
  💜 [Sharon 匹配] IMG_8647.jpeg (相似度: 0.548)
  💖 [Sophia 匹配] IMG_8684.jpeg (相似度: 0.496)
  💜 [Sharon 匹配] IMG_8684.jpeg (相似度: 0.585)
  💜 [Sharon 匹配] IMG_8688.jpeg (相似度: 0.569)
  💖 [Sophia 匹配] IMG_8688.jpeg (相似度: 0.521)
  💖 [Sophia 匹配] IMG_8685.jpeg (相似度: 0.509)
  💜 [Sharon 匹配] IMG_8685.jpeg (相似度: 0.606)
  💖 [Sophia 匹配] IMG_8693.jpeg (相似度: 0.510)
  💜 [Sharon 匹配] IMG_8693.jpeg (相似度: 0.582)
  💜 [Sharon 匹配] IMG_9712.jpeg (相似度: 0.524)
  💜 [Sharon 匹配] IMG_9764.jpeg (相似度: 0.586)
  💖 [Sophia 匹配] IMG_9764.jpeg (相似度: 0.473)
  💜 [Sharon 匹配] IMG_9769.jpeg (相似度: 0.510)
  💜 [Sharon 匹配] IMG_9946.jpeg (相似度: 0.593)
  💖 [Sophia 匹配] IMG_0035.jpeg (相似度: 0.552)
  💜 [Sharon 匹配] IMG_0039.jpeg (相似度: 0.600)
  💖 [Sophia 匹配] IMG_0039.jpeg (相似度: 0.513)
  💖 [Sophia 匹配] IMG_0038.jpeg (相似度: 0.516)
  💜 [Sharon 匹配] IMG_0038.jpeg (相似度: 0.619)
  💖 [Sophia 匹配] IMG_0034.jpeg (相似度: 0.575)
  💖 [Sophia 匹配] IMG_0033.jpeg (相似度: 0.609)
  💜 [Sharon 匹配] IMG_0033.jpeg (相似度: 0.577)
  💖 [Sophia 匹配] IMG_0037.jpeg (相似度: 0.550)
  💖 [Sophia 匹配] IMG_0036.jpeg (相似度: 0.607)
  💖 [Sophia 匹配] IMG_0166.jpeg (相似度: 0.564)
  💜 [Sharon 匹配] IMG_0166.jpeg (相似度: 0.689)
  💜 [Sharon 匹配] IMG_0111.jpeg (相似度: 0.611)
  💜 [Sharon 匹配] IMG_0110.jpeg (相似度: 0.617)
  💖 [Sophia 匹配] IMG_0167.jpeg (相似度: 0.564)
  💖 [Sophia 匹配] IMG_0160.jpeg (相似度: 0.511)
  💖 [Sophia 匹配] IMG_0161.jpeg (相似度: 0.519)
  💜 [Sharon 匹配] IMG_0115.jpeg (相似度: 0.601)
  💖 [Sophia 匹配] IMG_0162.jpeg (相似度: 0.562)
  💜 [Sharon 匹配] IMG_0162.jpeg (相似度: 0.660)
  💖 [Sophia 匹配] IMG_0163.jpeg (相似度: 0.522)
  💜 [Sharon 匹配] IMG_0163.jpeg (相似度: 0.678)
  💜 [Sharon 匹配] IMG_0114.jpeg (相似度: 0.589)
  💜 [Sharon 匹配] IMG_0164.jpeg (相似度: 0.647)
  💖 [Sophia 匹配] IMG_0164.jpeg (相似度: 0.566)
  💜 [Sharon 匹配] IMG_0113.jpeg (相似度: 0.608)
  💖 [Sophia 匹配] IMG_0168.jpeg (相似度: 0.560)
  💖 [Sophia 匹配] IMG_0169.jpeg (相似度: 0.540)
  💜 [Sharon 匹配] IMG_0165.jpeg (相似度: 0.662)
  💖 [Sophia 匹配] IMG_0165.jpeg (相似度: 0.558)
  💖 [Sophia 匹配] BB325778-98BA-4F9A-9192-44E72216F6C2.jpeg (相似度: 0.586)
  💜 [Sharon 匹配] C2E8B1E1-BC41-405A-8EBF-332C0CCEFEFD_1_105_c.jpeg (相似度: 0.684)
  💜 [Sharon 匹配] AFEE410F-9DFB-4A43-A1A8-95C0F7878284_1_105_c.jpeg (相似度: 0.631)
  💜 [Sharon 匹配] 7E23A5D2-612C-41C5-95EC-8001CB1E2278_1_105_c.jpeg (相似度: 0.678)
  💜 [Sharon 匹配] CDC126E7-7AA0-4CFB-951F-E8776068E55A_1_105_c.jpeg (相似度: 0.693)
  💜 [Sharon 匹配] F60FC993-8ECA-40F8-A3B2-C5DF601CBCD6_1_105_c.jpeg (相似度: 0.662)
  💜 [Sharon 匹配] D8DAD5D8-BFF6-4993-BE17-495B16DEC4E9_1_105_c.jpeg (相似度: 0.683)
  💜 [Sharon 匹配] 87A033A8-A790-4B16-BB44-A75470AD0276_1_105_c.jpeg (相似度: 0.642)
  💜 [Sharon 匹配] C9589C0B-6841-4033-9E88-56282AD90979_1_105_c.jpeg (相似度: 0.661)
  💖 [Sophia 匹配] 6F69A506-468A-4020-AD2E-3A3011161497.jpeg (相似度: 0.631)
  💖 [Sophia 匹配] 2946EBCC-CB43-46BE-8037-714147BFC4EA.jpeg (相似度: 0.544)
⏳ 已辨識 5000 / 5976 張相片 (1717.5 秒)...
  💜 [Sharon 匹配] 6B369281-4C88-4E19-9E2F-985D7A8E3F86.jpeg (相似度: 0.593)
  💜 [Sharon 匹配] 464A9266-833F-46FC-AF2C-F249671D368C.jpeg (相似度: 0.660)
  💖 [Sophia 匹配] 464A9266-833F-46FC-AF2C-F249671D368C.jpeg (相似度: 0.609)
  💜 [Sharon 匹配] AE68A418-A247-4561-AABA-0160CC65CFD8.jpeg (相似度: 0.455)
  💜 [Sharon 匹配] BEB4199E-6E22-45D0-988D-AD9F8100F9D0.jpeg (相似度: 0.635)
  💜 [Sharon 匹配] B1BA94FF-8374-4505-92FA-0817205A0899.jpeg (相似度: 0.650)
  💖 [Sophia 匹配] 1C4AC542-7762-4195-A39F-CCA18E1DD796.jpeg (相似度: 0.611)
  💖 [Sophia 匹配] 18C30D87-83F0-4B8A-8DD4-4A4DA1F0A5F1.jpeg (相似度: 0.533)
  💖 [Sophia 匹配] 7C5BF432-6474-47E6-8BAD-6463CA7C9F3A.jpeg (相似度: 0.501)
  💖 [Sophia 匹配] 5B37F9AF-1099-4E0F-A45F-CD0B4AB69E7B.jpeg (相似度: 0.543)
  💖 [Sophia 匹配] DE9A9D7F-BCC3-479D-97E1-582F5E9427EF.jpeg (相似度: 0.557)
  💖 [Sophia 匹配] FC4C5547-3925-4B62-BF29-A76836143CED.jpeg (相似度: 0.471)
  💖 [Sophia 匹配] FF31D66C-DC1D-4ABB-8FDE-BAD7DFCF00AF.jpeg (相似度: 0.556)
  💖 [Sophia 匹配] 72B3E462-A9B1-478A-8D8D-A34043E8B5C3.jpeg (相似度: 0.493)
  💖 [Sophia 匹配] C01F0444-7B07-4F96-A3C4-9C8C585A1A13.jpeg (相似度: 0.659)
  💖 [Sophia 匹配] 10421A3A-C98B-4BCE-9BA3-D5115D5E01C3.jpeg (相似度: 0.511)
  💖 [Sophia 匹配] 1A24A72F-8C62-4BC2-A85B-7F90C0514ED5.jpeg (相似度: 0.511)
  💖 [Sophia 匹配] CEA8598A-FC0F-4146-86C1-C248977F3166.jpeg (相似度: 0.592)
  💖 [Sophia 匹配] 4269CD63-E9F9-46EA-92EB-8C898D488415.jpeg (相似度: 0.590)
  💖 [Sophia 匹配] 6C71897E-2204-4A1A-AE61-DDD51A823018.jpeg (相似度: 0.570)
  💖 [Sophia 匹配] 01B591A2-0809-43F2-8329-858E07C095C8.jpeg (相似度: 0.556)
  💖 [Sophia 匹配] B9282106-DE34-42D7-8788-704481A8F6BA.jpeg (相似度: 0.536)
  💖 [Sophia 匹配] DB83C476-141E-45B5-9881-0100293BC8F9.jpeg (相似度: 0.596)
  💖 [Sophia 匹配] B2F72CE3-89C8-490B-8608-57A4456AF910.jpeg (相似度: 0.595)
  💖 [Sophia 匹配] 4AEF8B3C-07F2-4931-9789-56BADCF45519.jpeg (相似度: 0.589)
  💜 [Sharon 匹配] 01D2F8E5-0206-4483-85FA-EDF9CB85D081.jpeg (相似度: 0.679)
  💖 [Sophia 匹配] EEDD20DD-32C8-4EC9-8A12-3D94A5C56F96.jpeg (相似度: 0.628)
  💖 [Sophia 匹配] 6FADDF6B-3997-4EB5-B558-75299996644D.jpeg (相似度: 0.578)
  💖 [Sophia 匹配] 76DB1B60-756A-4EE2-8D4E-F77503D0D7DD.jpeg (相似度: 0.572)
  💖 [Sophia 匹配] C498FEBE-BD5D-4ACD-B5E0-5E0D969AB471.jpeg (相似度: 0.526)
  💖 [Sophia 匹配] 57E39FFE-6E46-4808-8E1F-DEB88B132421.jpeg (相似度: 0.581)
  💖 [Sophia 匹配] 9A90D4BD-0099-44E4-931C-C3EF1E140B09.jpeg (相似度: 0.626)
  💖 [Sophia 匹配] 77DB2B4C-79D1-4331-A225-9309D65785CB.jpeg (相似度: 0.622)
  💖 [Sophia 匹配] 203E6822-F25C-4D52-A43B-6CE06D113F1C.jpeg (相似度: 0.612)
  💖 [Sophia 匹配] 660D77C3-4430-4A4E-83EE-7BBED6BEF11E.jpeg (相似度: 0.609)
  💖 [Sophia 匹配] 38058D52-F434-4BF1-B54B-36011100D9C7.jpeg (相似度: 0.589)
  💖 [Sophia 匹配] 79D38552-C0F8-4F3F-83B0-484709D72C79.jpeg (相似度: 0.532)
  💖 [Sophia 匹配] D116192C-0120-4BFC-B083-A657357FEC9C.jpeg (相似度: 0.522)
  💖 [Sophia 匹配] 29D6315F-7226-44BF-88C0-B89196E37510.jpeg (相似度: 0.592)
  💖 [Sophia 匹配] 0EAFCABC-443B-43DE-9090-7F6325615B22.jpeg (相似度: 0.575)
  💜 [Sharon 匹配] 55F1B6FE-3BD7-4232-9A25-4F6DA186B4A0.jpeg (相似度: 0.674)
  💖 [Sophia 匹配] F19E3E2D-2E7A-4018-8B09-58744005584E.jpeg (相似度: 0.567)
  💖 [Sophia 匹配] F3F7A274-2398-4563-B046-234201D6DB25.jpeg (相似度: 0.531)
  💖 [Sophia 匹配] 00BFB7A2-3A42-4BA9-B5D5-08CCFE808BFE.jpeg (相似度: 0.518)
  💖 [Sophia 匹配] 87393E9B-3FA6-47E6-A8E7-0D0D00527255.jpeg (相似度: 0.549)
  💖 [Sophia 匹配] EB29105D-FFF0-4DF6-A68E-CA9E6BC8C484.jpeg (相似度: 0.518)
  💖 [Sophia 匹配] CAD4EAE4-320B-47FB-8669-E951C953A043.jpeg (相似度: 0.525)
  💖 [Sophia 匹配] 245D0C2B-EA37-4F88-92CA-107E12F8AFF8.jpeg (相似度: 0.533)
  💖 [Sophia 匹配] 6FD5C03A-FC58-4F79-8CA0-E1ACA8165315.jpeg (相似度: 0.547)
  💖 [Sophia 匹配] 4A3265E3-C1F3-451F-9C05-F5A8EF575998.jpeg (相似度: 0.623)
  💖 [Sophia 匹配] 5609E27B-2560-4E9B-845A-3A4C136EE321.jpeg (相似度: 0.581)
  💜 [Sharon 匹配] C36A5808-4B2A-4875-A80D-5489AED42318.jpeg (相似度: 0.724)
  💜 [Sharon 匹配] C1B20E81-3DB2-4487-ACD6-125E09CCC7AA.jpeg (相似度: 0.559)
  💜 [Sharon 匹配] 5DB316E7-1A28-4E7A-B939-4DE3DCF0D637.jpeg (相似度: 0.657)
  💖 [Sophia 匹配] 5E60610A-4806-4EF2-8A21-00E328ACB764.jpeg (相似度: 0.542)
  💜 [Sharon 匹配] 533EA289-1FE4-48F2-870E-1E173E99F30F.jpeg (相似度: 0.651)
  💜 [Sharon 匹配] D41D6387-5FD4-4EB1-A5BE-76DD409E8FB0.jpeg (相似度: 0.665)
  💜 [Sharon 匹配] 5CB6A450-CB48-42DF-869F-5A2DE221D09C.jpeg (相似度: 0.669)
  💜 [Sharon 匹配] 26C6E966-E446-4579-B63E-C0E2963FE98C.jpeg (相似度: 0.677)
  💜 [Sharon 匹配] D1782B81-A780-4C58-92B6-F3E4C01EB106.jpeg (相似度: 0.631)
  💜 [Sharon 匹配] 140D1F25-7070-49D3-9954-B926BD09E2C8.jpeg (相似度: 0.588)
  💖 [Sophia 匹配] 1E4DF294-5BEB-41B3-AE82-2401450A6B0D_1_201_a.jpeg (相似度: 0.615)
  💖 [Sophia 匹配] 8BDECCB6-B7AD-475E-A6F1-2CB73068AF2B_1_201_a.jpeg (相似度: 0.574)
  💖 [Sophia 匹配] D863F0A8-0AC9-4357-8ADD-350A750F7F77_1_201_a.jpeg (相似度: 0.591)
  💜 [Sharon 匹配] C802B34C-8604-4B48-8F77-8BA49B77C101.jpeg (相似度: 0.679)
  💖 [Sophia 匹配] BD4B7236-3596-4903-BEF5-3BF466C51676_1_201_a.jpeg (相似度: 0.618)
  💜 [Sharon 匹配] 5B10436F-663F-417E-98B0-87864138A8D8.jpeg (相似度: 0.769)
  💜 [Sharon 匹配] 306E103F-400F-448A-B42E-820E66175F1A.jpeg (相似度: 0.746)
  💖 [Sophia 匹配] 14510079-8865-4A7F-855B-BAFC14C036D0_1_201_a.jpeg (相似度: 0.605)
  💖 [Sophia 匹配] A1531A6E-AB93-4992-B71B-C73CCE41B8C4_1_201_a.jpeg (相似度: 0.590)
  💖 [Sophia 匹配] AA451908-EFB5-40ED-931A-00166482B9BE_1_201_a.jpeg (相似度: 0.648)
  💜 [Sharon 匹配] 0D1F8B68-406F-4C54-BDEB-D3983F323495_1_201_a.jpeg (相似度: 0.625)
  💜 [Sharon 匹配] 3E6065BA-C443-43B7-8D8A-73031B301808.jpeg (相似度: 0.752)
  💖 [Sophia 匹配] 2875B7C5-218B-4F04-8B67-8359335274FA_1_201_a.jpeg (相似度: 0.593)
  💖 [Sophia 匹配] 279169CF-6CA1-4762-BD0D-2B1B488C8B9C_1_201_a.jpeg (相似度: 0.537)
  💖 [Sophia 匹配] 528AAD8A-A591-4A4D-9E8E-5D68D09FD1E4_1_201_a.jpeg (相似度: 0.587)
  💖 [Sophia 匹配] 15A43537-305E-439F-A4B1-F014970BACAC_1_201_a.jpeg (相似度: 0.685)
  💖 [Sophia 匹配] 0D8DE2D6-F66F-4DE5-914A-6E6AB11C2116_1_201_a.jpeg (相似度: 0.608)
  💖 [Sophia 匹配] 89CB5B10-69B9-402A-A5BD-17641A0C52B1_1_201_a.jpeg (相似度: 0.684)
  💖 [Sophia 匹配] 5F328C60-D608-4EA6-A8CF-1F8DB93F7744_1_201_a.jpeg (相似度: 0.633)
  💖 [Sophia 匹配] 07C4F1C2-A27F-4CC1-84B5-DF3D9AC3D505_1_201_a.jpeg (相似度: 0.540)
  💜 [Sharon 匹配] E67841B4-20BA-4FE1-AF4E-C7718D09C77C.jpeg (相似度: 0.641)
  💜 [Sharon 匹配] 1C87D965-02B8-4D1F-A90A-E32C17EB3C66.jpeg (相似度: 0.577)
  💖 [Sophia 匹配] 2B5DA7EC-7544-4F7C-BB2F-D7B5EFC319AD.jpeg (相似度: 0.648)
  💖 [Sophia 匹配] 7993A057-0C3A-4FC6-82D5-CCF51D0B0823.jpeg (相似度: 0.521)
  💜 [Sharon 匹配] 7993A057-0C3A-4FC6-82D5-CCF51D0B0823.jpeg (相似度: 0.534)
  💜 [Sharon 匹配] 49FC7A5E-2D54-409A-B482-D982D587502A.jpeg (相似度: 0.614)
  💖 [Sophia 匹配] 8631D0B3-19E4-45B2-8E89-D2B2BD88EECC.jpeg (相似度: 0.612)
  💖 [Sophia 匹配] 9AD9ACF0-B387-4024-A20B-7A143450D80C.jpeg (相似度: 0.568)
  💜 [Sharon 匹配] 3012AF0F-347B-4E9E-88D2-B65EAA2F8B2C.jpeg (相似度: 0.582)
  💜 [Sharon 匹配] 244F4913-F177-4B6F-97DE-DDD5D4ACD5C4.jpeg (相似度: 0.625)
  💖 [Sophia 匹配] ED8262A8-D2B5-4495-8147-4EF2AF27EB16.jpeg (相似度: 0.571)
  💖 [Sophia 匹配] 4B5B2587-B0BA-4617-9D71-A786B08A1150.jpeg (相似度: 0.618)
  💜 [Sharon 匹配] 4316B80E-B215-4986-A95D-FD38AE9036A8.jpeg (相似度: 0.673)
  💖 [Sophia 匹配] 4316B80E-B215-4986-A95D-FD38AE9036A8.jpeg (相似度: 0.579)
  💖 [Sophia 匹配] C41C3CAB-01B9-48F7-B0F0-16F3C7C01898.jpeg (相似度: 0.534)
  💖 [Sophia 匹配] C7D8840B-DF04-428A-BE17-4D1ED35C3554.jpeg (相似度: 0.543)
  💜 [Sharon 匹配] C7D8840B-DF04-428A-BE17-4D1ED35C3554.jpeg (相似度: 0.648)
  💜 [Sharon 匹配] 10C1C13A-7FE6-4AC1-9798-3D8D450A7381.jpeg (相似度: 0.620)
  💖 [Sophia 匹配] 10C1C13A-7FE6-4AC1-9798-3D8D450A7381.jpeg (相似度: 0.631)
  💖 [Sophia 匹配] 6E58AD65-71F1-408D-A643-08310766D90F.jpeg (相似度: 0.590)
  💜 [Sharon 匹配] 6E58AD65-71F1-408D-A643-08310766D90F.jpeg (相似度: 0.600)
  💜 [Sharon 匹配] 5BC5A5F9-DFCA-401B-94D1-03D2A880626A.jpeg (相似度: 0.629)
  💖 [Sophia 匹配] 5BC5A5F9-DFCA-401B-94D1-03D2A880626A.jpeg (相似度: 0.568)
  💖 [Sophia 匹配] DAE893E2-1F73-4496-94E8-3FB97560FC19.jpeg (相似度: 0.506)
  💜 [Sharon 匹配] 36F418B5-10D7-4F1D-ADAC-1F999E8D0E2C.jpeg (相似度: 0.616)
  💖 [Sophia 匹配] 6949DAF5-C1A2-41C6-9A22-6D1A95168422_1_201_a.jpeg (相似度: 0.554)
  💜 [Sharon 匹配] 6949DAF5-C1A2-41C6-9A22-6D1A95168422_1_201_a.jpeg (相似度: 0.658)
  💜 [Sharon 匹配] 1BDF87C8-6402-411A-A4EB-5431473DC029.jpeg (相似度: 0.631)
  💜 [Sharon 匹配] F72E5E29-42A6-4CDB-AD51-BAE8635B1DA0.jpeg (相似度: 0.486)
  💜 [Sharon 匹配] B1C2292F-EED8-488A-8BA7-9B443838D39B_1_201_a.jpeg (相似度: 0.708)
  💖 [Sophia 匹配] B1C2292F-EED8-488A-8BA7-9B443838D39B_1_201_a.jpeg (相似度: 0.468)
  💖 [Sophia 匹配] D90E99F8-FAF0-4036-A858-C0EBD7CD1B82.jpeg (相似度: 0.657)
  💜 [Sharon 匹配] D90E99F8-FAF0-4036-A858-C0EBD7CD1B82.jpeg (相似度: 0.683)
  💖 [Sophia 匹配] 4C8F6A75-30B6-4A58-9004-09E801EE16DF.jpeg (相似度: 0.683)
  💖 [Sophia 匹配] 96E8DAC7-6330-4A77-976B-43A8C1B63721_1_201_a.jpeg (相似度: 0.683)
  💜 [Sharon 匹配] 96E8DAC7-6330-4A77-976B-43A8C1B63721_1_201_a.jpeg (相似度: 0.692)
  💖 [Sophia 匹配] 261D8E11-17BA-45A0-AF5D-AEF584135C57.jpeg (相似度: 0.698)
  💖 [Sophia 匹配] E310D4E9-945A-4DFD-A4EC-384EF7A42CB3.jpeg (相似度: 0.728)
  💜 [Sharon 匹配] E310D4E9-945A-4DFD-A4EC-384EF7A42CB3.jpeg (相似度: 0.684)
  💖 [Sophia 匹配] 7A0C414F-9037-46FE-86DA-F3E8E3BA1AFF.jpeg (相似度: 0.719)
  💜 [Sharon 匹配] 7A0C414F-9037-46FE-86DA-F3E8E3BA1AFF.jpeg (相似度: 0.738)
  💖 [Sophia 匹配] 0CF0374E-7B3D-4F83-9C38-61CD3C94490B.jpeg (相似度: 0.636)
  💜 [Sharon 匹配] 0CF0374E-7B3D-4F83-9C38-61CD3C94490B.jpeg (相似度: 0.500)
  💖 [Sophia 匹配] 25F76AC4-429F-4CF8-A7BF-C98397F07954.jpeg (相似度: 0.728)
  💜 [Sharon 匹配] 25F76AC4-429F-4CF8-A7BF-C98397F07954.jpeg (相似度: 0.699)
  💖 [Sophia 匹配] 416569E2-A555-4C4F-A490-0FE10F9040EE.jpeg (相似度: 0.668)
  💜 [Sharon 匹配] 416569E2-A555-4C4F-A490-0FE10F9040EE.jpeg (相似度: 0.707)
  💖 [Sophia 匹配] 3929E5AB-26C6-45EE-B3A6-F1F78DFE984C_1_201_a.jpeg (相似度: 0.701)
  💜 [Sharon 匹配] 3929E5AB-26C6-45EE-B3A6-F1F78DFE984C_1_201_a.jpeg (相似度: 0.729)
  💖 [Sophia 匹配] 28A4AFAC-787B-4BB0-A646-EAD27A0D7AA7_1_201_a.jpeg (相似度: 0.675)
  💜 [Sharon 匹配] 28A4AFAC-787B-4BB0-A646-EAD27A0D7AA7_1_201_a.jpeg (相似度: 0.687)
  💖 [Sophia 匹配] AEEE1BD6-1D35-40BA-9FE0-9F5DA9886DEE.jpeg (相似度: 0.698)
  💖 [Sophia 匹配] 7CDE0FB1-2130-4D0E-BD90-BE8354B85239.jpeg (相似度: 0.719)
  💜 [Sharon 匹配] 7CDE0FB1-2130-4D0E-BD90-BE8354B85239.jpeg (相似度: 0.684)
  💖 [Sophia 匹配] 5480AB29-4E85-41C5-A4B0-BEAA8D8B36B9.jpeg (相似度: 0.685)
  💜 [Sharon 匹配] 5480AB29-4E85-41C5-A4B0-BEAA8D8B36B9.jpeg (相似度: 0.701)
  💖 [Sophia 匹配] 69065668-6518-4EA6-A345-D90B26E0EB0A.jpeg (相似度: 0.529)
  💖 [Sophia 匹配] 89D27A7B-4881-436C-8DC2-9284E97F114D.jpeg (相似度: 0.669)
  💜 [Sharon 匹配] 89D27A7B-4881-436C-8DC2-9284E97F114D.jpeg (相似度: 0.693)
  💖 [Sophia 匹配] 06ED4209-4D09-4C32-87D8-4C82AAE0409D.jpeg (相似度: 0.646)
  💖 [Sophia 匹配] D4826F32-9611-4823-B4DA-12248D5580EF.jpeg (相似度: 0.717)
  💖 [Sophia 匹配] 6EF6F82B-2A6E-4BCD-B6B1-1AFF7FADAF1B.jpeg (相似度: 0.713)
  💜 [Sharon 匹配] 6EF6F82B-2A6E-4BCD-B6B1-1AFF7FADAF1B.jpeg (相似度: 0.696)
  💜 [Sharon 匹配] 18EC63AC-4A5B-4E2D-9C33-AB287A5D1D84.jpeg (相似度: 0.716)
  💖 [Sophia 匹配] 18EC63AC-4A5B-4E2D-9C33-AB287A5D1D84.jpeg (相似度: 0.674)
  💖 [Sophia 匹配] A69CA8E5-1BD9-4F9D-A19A-A735344476C1.jpeg (相似度: 0.690)
  💜 [Sharon 匹配] A69CA8E5-1BD9-4F9D-A19A-A735344476C1.jpeg (相似度: 0.721)
  💜 [Sharon 匹配] 8C27A35E-A2D0-4C85-AAE1-43B735A16EB1.jpeg (相似度: 0.701)
  💖 [Sophia 匹配] 8C27A35E-A2D0-4C85-AAE1-43B735A16EB1.jpeg (相似度: 0.470)
  💜 [Sharon 匹配] E268698B-5A7B-4FC0-B867-97B3A840CD58.jpeg (相似度: 0.714)
  💖 [Sophia 匹配] E268698B-5A7B-4FC0-B867-97B3A840CD58.jpeg (相似度: 0.481)
  💖 [Sophia 匹配] 29672A06-5641-47A2-83EF-BA40BFD0D46A.jpeg (相似度: 0.723)
  💖 [Sophia 匹配] F788E87D-1118-44DA-8F2F-4D1715CB981C.jpeg (相似度: 0.697)
  💖 [Sophia 匹配] D18F01AD-54A0-420E-A9F5-90AFE5231AD1.jpeg (相似度: 0.710)
  💖 [Sophia 匹配] 6055F7AE-9BA2-4449-B163-E666BEBAF294.jpeg (相似度: 0.586)
  💜 [Sharon 匹配] 6055F7AE-9BA2-4449-B163-E666BEBAF294.jpeg (相似度: 0.470)
  💖 [Sophia 匹配] 2F65E7F4-879E-495E-A09E-F9E97042CB0D.jpeg (相似度: 0.728)
  💜 [Sharon 匹配] 2F65E7F4-879E-495E-A09E-F9E97042CB0D.jpeg (相似度: 0.711)
  💖 [Sophia 匹配] 031F5EC1-B6FA-499F-8AC2-EF034A12541A.jpeg (相似度: 0.582)
  💖 [Sophia 匹配] A7B52707-825C-435A-A30C-B16ADC5CE6B0.jpeg (相似度: 0.464)
  💖 [Sophia 匹配] 8412CC82-ACA2-482F-8B0B-036B98AB795F.jpeg (相似度: 0.536)
  💖 [Sophia 匹配] 5DF85779-C37E-41E0-8297-5B323E1EC4F0.jpeg (相似度: 0.547)
  💖 [Sophia 匹配] D2029CA8-64B8-4C73-B233-AEE97A9D5FD5.jpeg (相似度: 0.649)
  💖 [Sophia 匹配] 5A90B226-5182-4680-9ACB-F7F78E4F17A6.jpeg (相似度: 0.579)
  💖 [Sophia 匹配] 7C09B45E-17DE-4269-8BFC-A26855FE2494.jpeg (相似度: 0.582)
  💖 [Sophia 匹配] 9E5221C3-EF34-4941-A13D-6391C0305B35.jpeg (相似度: 0.624)
  💖 [Sophia 匹配] 22039A42-2F51-4513-97CE-57B6C6DDF799.jpeg (相似度: 0.524)
  💖 [Sophia 匹配] 54F83FEC-7492-4726-8DBE-97CD12D4AE28.jpeg (相似度: 0.618)
  💖 [Sophia 匹配] AB6F42A9-CD87-4A86-8E8F-2783F160A143.jpeg (相似度: 0.635)
  💖 [Sophia 匹配] 744F1A29-6C43-4853-AD9C-A545FC7F2C94.jpeg (相似度: 0.597)
  💖 [Sophia 匹配] A52348B3-C67E-4E9C-89FB-F151F4B43762.jpeg (相似度: 0.616)
  💖 [Sophia 匹配] 54F09243-3E3A-4C09-A380-7AED04528086.jpeg (相似度: 0.540)
  💜 [Sharon 匹配] 54F09243-3E3A-4C09-A380-7AED04528086.jpeg (相似度: 0.722)
  💖 [Sophia 匹配] 0A12A4DF-3717-403B-9606-6FA6DCD9AB1E.jpeg (相似度: 0.559)
  💖 [Sophia 匹配] 060256E7-F340-49F6-A660-7E38A8F42B4E.jpeg (相似度: 0.601)
  💖 [Sophia 匹配] 519137BE-53C8-4DFA-9433-803B10587AC4.jpeg (相似度: 0.485)
  💜 [Sharon 匹配] 9CD1A24D-6108-4C2A-A525-0C337B2E0787.jpeg (相似度: 0.707)
  💖 [Sophia 匹配] 2A80EFAE-3F5C-480E-971C-B245E93A07F0_1_201_a.jpeg (相似度: 0.564)
  💜 [Sharon 匹配] CCB47490-B330-48EC-AC28-5738CC6B4869.jpeg (相似度: 0.626)
  💖 [Sophia 匹配] CCB47490-B330-48EC-AC28-5738CC6B4869.jpeg (相似度: 0.562)
  💖 [Sophia 匹配] 12B499FA-F0AA-4FBF-9D4A-699F593883C6.jpeg (相似度: 0.568)
  💜 [Sharon 匹配] 3A64C39E-E084-4B90-AEB1-E603C8F92550.jpeg (相似度: 0.671)
  💖 [Sophia 匹配] A72982E0-68C8-413E-82D5-997B8D5C1287.jpeg (相似度: 0.489)
  💖 [Sophia 匹配] 65CCBCD6-C9A8-4B74-A88E-ABC953955F5E.jpeg (相似度: 0.540)
  💖 [Sophia 匹配] 2D84E56B-4395-4D1C-AAC0-826B027C8388.jpeg (相似度: 0.509)
  💜 [Sharon 匹配] 13230774-EB58-47A1-BA90-2A04CD4C402A_1_201_a.jpeg (相似度: 0.672)
  💖 [Sophia 匹配] 59DE52A2-84A1-446E-B7A6-1E391B2A2B61.jpeg (相似度: 0.488)
  💖 [Sophia 匹配] 8631AD9A-B67E-4216-A4D1-0DA541E04F44.jpeg (相似度: 0.601)
  💖 [Sophia 匹配] B5102349-41AE-4B7F-882F-220FE1B8B66E.jpeg (相似度: 0.452)
  💖 [Sophia 匹配] D83BE002-C81F-4928-A0C6-B4580A2346EE.jpeg (相似度: 0.601)
  💖 [Sophia 匹配] EA8CFBBE-EB42-4E27-A258-0BE2A85F70F4.jpeg (相似度: 0.599)
  💖 [Sophia 匹配] D5FC6F52-AD36-4BE1-BFF3-E9DDCD939B17.jpeg (相似度: 0.526)
  💖 [Sophia 匹配] 8B179819-F746-4E31-BDD6-BFCCA9C14348.jpeg (相似度: 0.614)
  💜 [Sharon 匹配] 8B179819-F746-4E31-BDD6-BFCCA9C14348.jpeg (相似度: 0.606)
  💖 [Sophia 匹配] 6A026F76-2C6D-4D7A-944B-2E8FD2C4AA68.jpeg (相似度: 0.618)
  💖 [Sophia 匹配] CCC8D8D6-D3B8-477E-AB62-7B4DD772EE45.jpeg (相似度: 0.596)
  💖 [Sophia 匹配] AF22010A-259F-43B1-8829-AA159B0C5EEC.jpeg (相似度: 0.526)
  💖 [Sophia 匹配] A60F8F6C-AB6F-4716-994D-BA65EF15631E.jpeg (相似度: 0.583)
  💖 [Sophia 匹配] D3BFA290-6EB7-4B7C-9E42-FA929D5C0627.jpeg (相似度: 0.603)
  💖 [Sophia 匹配] 286E9B4E-7DA2-45DC-92B7-F86EDB1DD449.jpeg (相似度: 0.539)
  💜 [Sharon 匹配] 286E9B4E-7DA2-45DC-92B7-F86EDB1DD449.jpeg (相似度: 0.656)
  💖 [Sophia 匹配] 8982D8AB-B18B-4869-9725-81079A95E6BE.jpeg (相似度: 0.483)
  💖 [Sophia 匹配] 297691F5-FA5D-43F9-8579-BE448AA66DB8.jpeg (相似度: 0.601)
  💖 [Sophia 匹配] 7D3E4F22-CECD-4D06-8BF7-C3E89E390678.jpeg (相似度: 0.537)
  💜 [Sharon 匹配] B97DBB9B-1FAF-4DF7-B7BB-EAAE5AF4A2E2.jpeg (相似度: 0.641)
  💜 [Sharon 匹配] 0DCDE12F-6AD5-401E-8BC3-0DC4499B0D85.jpeg (相似度: 0.605)
  💜 [Sharon 匹配] 788628BB-C979-4112-98C5-CA7CFA00D36D.jpeg (相似度: 0.662)
  💜 [Sharon 匹配] 830B7731-E6DF-44CB-A1BD-A66D0CBB0611.jpeg (相似度: 0.630)
  💜 [Sharon 匹配] E046FB4F-CCEC-42B4-8F1E-3F4E88DD366B.jpeg (相似度: 0.640)
  💜 [Sharon 匹配] C74AF6AA-B2D7-4DC1-8865-527D9BDC5A66.jpeg (相似度: 0.552)
  💜 [Sharon 匹配] 5260F05E-9434-4925-8895-7B720AA07468.jpeg (相似度: 0.669)
  💜 [Sharon 匹配] AC42DB5F-B538-4CE4-8AC5-DA1240FFB0FC.jpeg (相似度: 0.532)
  💜 [Sharon 匹配] 4D67685F-5344-4E07-A143-CA75B9C514FF.jpeg (相似度: 0.620)
  💜 [Sharon 匹配] 60CFCFAD-E716-4415-9B23-7D98FB286746.jpeg (相似度: 0.740)
  💖 [Sophia 匹配] 60CFCFAD-E716-4415-9B23-7D98FB286746.jpeg (相似度: 0.627)
  💖 [Sophia 匹配] 2DC77E15-5C56-49FC-9B5B-8C31F65ECF3A.jpeg (相似度: 0.573)
  💜 [Sharon 匹配] 2DC77E15-5C56-49FC-9B5B-8C31F65ECF3A.jpeg (相似度: 0.770)
  💖 [Sophia 匹配] F20BC289-B59D-4070-9A09-440F4E4E7E8E.jpeg (相似度: 0.652)
  💜 [Sharon 匹配] F20BC289-B59D-4070-9A09-440F4E4E7E8E.jpeg (相似度: 0.739)
  💖 [Sophia 匹配] 5C50806C-2DDE-4570-B279-1750635A34AE.jpeg (相似度: 0.579)
  💜 [Sharon 匹配] 061CAF0E-7BE3-4441-AE52-41D14E2626C4.jpeg (相似度: 0.674)
  💖 [Sophia 匹配] B796E42B-10F5-4A7F-9AA2-639C7754545C.jpeg (相似度: 0.559)
  💖 [Sophia 匹配] 00A966A8-59E9-4366-8CA2-47CD676C3409.jpeg (相似度: 0.466)
  💖 [Sophia 匹配] 07F2B0C3-D94F-4F73-ADC0-780D8D2B0BBF.jpeg (相似度: 0.591)
  💖 [Sophia 匹配] E89ED6BC-D5B5-4CDF-988C-AA37ECAEBD0E.jpeg (相似度: 0.561)
  💖 [Sophia 匹配] 80BFE792-8F85-4646-96B9-33A879C8841F.jpeg (相似度: 0.534)
  💖 [Sophia 匹配] 5FE2E7D2-9073-4DA3-B88C-9E11E56992F8_1_201_a.jpeg (相似度: 0.579)
  💖 [Sophia 匹配] C9BF9EAF-42A1-42B9-B9CE-F4F366B206EE.jpeg (相似度: 0.563)
  💖 [Sophia 匹配] FCEAAAE4-AF83-4197-BB7F-AA32D11DED12.jpeg (相似度: 0.527)
  💜 [Sharon 匹配] FCEAAAE4-AF83-4197-BB7F-AA32D11DED12.jpeg (相似度: 0.659)
  💖 [Sophia 匹配] 4A7828CF-2E80-4D57-872F-A8A972DDF474.jpeg (相似度: 0.608)
  💖 [Sophia 匹配] 53433AC1-DBFE-4716-BFD5-5B9356C10680.jpeg (相似度: 0.549)
  💜 [Sharon 匹配] 53433AC1-DBFE-4716-BFD5-5B9356C10680.jpeg (相似度: 0.648)
  💖 [Sophia 匹配] D2FE51E1-C8FF-4D02-939C-53BB888CD2CA.jpeg (相似度: 0.591)
  💖 [Sophia 匹配] 6A513749-6D41-4412-B456-494816B301BB.jpeg (相似度: 0.471)
  💖 [Sophia 匹配] 31D97DC1-CAA7-45FE-8D3C-43859ACF9191.jpeg (相似度: 0.554)
  💜 [Sharon 匹配] 31D97DC1-CAA7-45FE-8D3C-43859ACF9191.jpeg (相似度: 0.583)
  💖 [Sophia 匹配] 3B10C2B1-BC46-472B-8996-DCB6F1E01252.jpeg (相似度: 0.553)
  💜 [Sharon 匹配] 88AC73B2-F00E-43FD-8EE2-39E110C791F1.jpeg (相似度: 0.668)
  💖 [Sophia 匹配] E9B8480C-3A00-4523-806D-BE38623CB1F7.jpeg (相似度: 0.493)
  💖 [Sophia 匹配] 5D3972F5-BB26-4799-8AB2-EB7562627A70.jpeg (相似度: 0.575)
  💖 [Sophia 匹配] 11FE5B19-5526-45B7-9C48-38D98E759D25.jpeg (相似度: 0.488)
  💖 [Sophia 匹配] C5E54C23-38AD-4A26-A963-33CECB0897EA.jpeg (相似度: 0.529)
  💖 [Sophia 匹配] 56BC5313-08BB-4A9E-A7F0-06653B6514BF.jpeg (相似度: 0.496)
  💖 [Sophia 匹配] CB6937F1-6570-422B-99A4-A5B654F1FA09.jpeg (相似度: 0.622)
  💖 [Sophia 匹配] 03BE6C75-0D20-4E97-B688-1841099EBC17.jpeg (相似度: 0.593)
  💖 [Sophia 匹配] 148AF2D1-5009-4022-B1A2-A7E4E8D3F891.jpeg (相似度: 0.569)
  💜 [Sharon 匹配] 148AF2D1-5009-4022-B1A2-A7E4E8D3F891.jpeg (相似度: 0.630)
  💖 [Sophia 匹配] 919137AA-DEB6-472B-8994-A15894CB5306.jpeg (相似度: 0.604)
  💖 [Sophia 匹配] E35A3EEC-EFC6-40C2-B73B-2FDF9FF840B9.jpeg (相似度: 0.645)
  💜 [Sharon 匹配] E35A3EEC-EFC6-40C2-B73B-2FDF9FF840B9.jpeg (相似度: 0.630)
  💖 [Sophia 匹配] 1D21817C-FB2A-4280-AF6E-7CAAAE1C2173.jpeg (相似度: 0.578)
  💜 [Sharon 匹配] 1D21817C-FB2A-4280-AF6E-7CAAAE1C2173.jpeg (相似度: 0.642)
  💖 [Sophia 匹配] FD01EB6D-D6FB-4336-8ECC-D2BEA40DB0DE.jpeg (相似度: 0.498)
  💖 [Sophia 匹配] BF71CB44-ABDC-4FFF-A1D0-77525BC6A066.jpeg (相似度: 0.658)
  💜 [Sharon 匹配] BF71CB44-ABDC-4FFF-A1D0-77525BC6A066.jpeg (相似度: 0.583)
  💖 [Sophia 匹配] 661D31FD-9600-44C2-B6C7-1F4C25B82539.jpeg (相似度: 0.668)
  💖 [Sophia 匹配] 658162B5-4086-4586-8B56-B3B523B5D5E7.jpeg (相似度: 0.636)
  💜 [Sharon 匹配] 658162B5-4086-4586-8B56-B3B523B5D5E7.jpeg (相似度: 0.571)
  💖 [Sophia 匹配] 27DEFBE5-477D-44BB-B75D-F5044ABDDC5D.jpeg (相似度: 0.665)
  💜 [Sharon 匹配] 27DEFBE5-477D-44BB-B75D-F5044ABDDC5D.jpeg (相似度: 0.577)
  💖 [Sophia 匹配] 319E06EC-4569-46DB-B7CA-0E9BF54F377C.jpeg (相似度: 0.630)
  💜 [Sharon 匹配] 319E06EC-4569-46DB-B7CA-0E9BF54F377C.jpeg (相似度: 0.588)
  💖 [Sophia 匹配] C2580E5A-CDD3-492E-9AD8-0E2A734D8C17.jpeg (相似度: 0.575)
  💜 [Sharon 匹配] C2580E5A-CDD3-492E-9AD8-0E2A734D8C17.jpeg (相似度: 0.568)
  💖 [Sophia 匹配] 8B2649C4-B381-4337-8A99-83C113DEA0A8.jpeg (相似度: 0.571)
  💜 [Sharon 匹配] 8B2649C4-B381-4337-8A99-83C113DEA0A8.jpeg (相似度: 0.654)
  💖 [Sophia 匹配] 7196D3E7-AF8F-4AD2-9AB5-FE7948B9BE14_1_201_a.jpeg (相似度: 0.586)
  💖 [Sophia 匹配] C085FDB2-6EFD-4F42-834A-82F809EBFFB3.jpeg (相似度: 0.605)
  💜 [Sharon 匹配] C085FDB2-6EFD-4F42-834A-82F809EBFFB3.jpeg (相似度: 0.553)
  💖 [Sophia 匹配] 743D4AFB-244B-4753-B434-AFBDEB4D30DD.jpeg (相似度: 0.662)
  💜 [Sharon 匹配] 743D4AFB-244B-4753-B434-AFBDEB4D30DD.jpeg (相似度: 0.599)
  💜 [Sharon 匹配] D5326B83-B317-4786-9288-524B54D06D70.jpeg (相似度: 0.460)
  💖 [Sophia 匹配] B38CC820-3DF4-48FF-92A0-4D1A431E71F2.jpeg (相似度: 0.654)
  💜 [Sharon 匹配] B38CC820-3DF4-48FF-92A0-4D1A431E71F2.jpeg (相似度: 0.573)
  💖 [Sophia 匹配] C2146B76-8252-40F7-8CD8-9B595124FD9E.jpeg (相似度: 0.589)
  💜 [Sharon 匹配] C2146B76-8252-40F7-8CD8-9B595124FD9E.jpeg (相似度: 0.639)
  💖 [Sophia 匹配] 05266200-7F47-43CA-BC2D-72A14F61E945.jpeg (相似度: 0.667)
  💖 [Sophia 匹配] C933A4B6-97C8-4372-8CB7-2CDD44073A9D.jpeg (相似度: 0.506)
  💜 [Sharon 匹配] C933A4B6-97C8-4372-8CB7-2CDD44073A9D.jpeg (相似度: 0.626)
  💜 [Sharon 匹配] 0C2B902B-6F0F-4F43-B39F-5DC1A5F962D6.jpeg (相似度: 0.497)
  💖 [Sophia 匹配] 9B9F8786-8FDD-4ED6-AA1D-0164D355C1F4.jpeg (相似度: 0.577)
  💜 [Sharon 匹配] 9B9F8786-8FDD-4ED6-AA1D-0164D355C1F4.jpeg (相似度: 0.684)
  💖 [Sophia 匹配] CC04B9D9-9C9D-4EAB-824D-354B367F2C00_1_201_a.jpeg (相似度: 0.583)
  💜 [Sharon 匹配] CC04B9D9-9C9D-4EAB-824D-354B367F2C00_1_201_a.jpeg (相似度: 0.693)
  💖 [Sophia 匹配] 72505A55-5090-4BF3-A601-11ED938EDF76_1_201_a.jpeg (相似度: 0.616)
  💜 [Sharon 匹配] 72505A55-5090-4BF3-A601-11ED938EDF76_1_201_a.jpeg (相似度: 0.658)
  💖 [Sophia 匹配] 92E2B9F4-8850-437D-A3B7-B13C999D0E37.jpeg (相似度: 0.648)
  💜 [Sharon 匹配] 92E2B9F4-8850-437D-A3B7-B13C999D0E37.jpeg (相似度: 0.624)
  💜 [Sharon 匹配] 9C429D85-B80C-4D20-A800-47B42AA3B27A.jpeg (相似度: 0.633)
  💖 [Sophia 匹配] 9C429D85-B80C-4D20-A800-47B42AA3B27A.jpeg (相似度: 0.627)
  💜 [Sharon 匹配] 2DB3BCD6-84B0-4255-BED2-4BCE67C91AE0.jpeg (相似度: 0.538)
  💜 [Sharon 匹配] D56DBC28-C8BE-4B7E-9E67-5630CFA82EC1.jpeg (相似度: 0.590)
  💖 [Sophia 匹配] D56DBC28-C8BE-4B7E-9E67-5630CFA82EC1.jpeg (相似度: 0.612)
  💖 [Sophia 匹配] 01C4F065-7B98-4E87-A236-5DDC86140141.jpeg (相似度: 0.660)
  💜 [Sharon 匹配] 01C4F065-7B98-4E87-A236-5DDC86140141.jpeg (相似度: 0.657)
  💜 [Sharon 匹配] 044A08F5-E83A-4005-BDD9-42B9710FBD0F.jpeg (相似度: 0.574)
  💜 [Sharon 匹配] CC1CA217-90D1-4505-A4C0-46E563D41CAA.jpeg (相似度: 0.552)
  💖 [Sophia 匹配] 56F6D652-445F-46F6-B0F5-72182E5E4010.jpeg (相似度: 0.664)
  💜 [Sharon 匹配] 505A8BAA-018A-4267-8CFF-DE116B2B011E.jpeg (相似度: 0.643)
  💜 [Sharon 匹配] AFEA8DE5-2C43-47C2-8BD7-2FCDBBB991A3.jpeg (相似度: 0.589)
  💜 [Sharon 匹配] 5AE4724B-C1E3-430C-8650-BA5A88371E37.jpeg (相似度: 0.676)
  💜 [Sharon 匹配] C71FA187-6A78-4BA0-BA87-1DCF60B93FC4.jpeg (相似度: 0.665)
  💜 [Sharon 匹配] ED93D554-DC7A-4C16-99C3-29F05A14DCC5.jpeg (相似度: 0.665)
  💜 [Sharon 匹配] 6F820529-87EA-49F6-887B-D754893FD5E9.jpeg (相似度: 0.617)
  💜 [Sharon 匹配] 47C41C97-9778-4AE0-8A39-94E27363A192.jpeg (相似度: 0.612)
  💜 [Sharon 匹配] 255687EB-45B9-4371-951A-310EC96085F4.jpeg (相似度: 0.570)
  💜 [Sharon 匹配] E3D27305-DC79-45D3-AD9B-27DF8BCFAF05.jpeg (相似度: 0.642)
  💜 [Sharon 匹配] 102ABFAF-697F-4F84-AFB1-3393D866FC17.jpeg (相似度: 0.630)
  💜 [Sharon 匹配] 0CEF21FC-5D13-48A4-9EA6-0F8B2E52B23D.jpeg (相似度: 0.625)
  💜 [Sharon 匹配] 7787EFCF-956E-4079-9659-E87CCDEEE366.jpeg (相似度: 0.547)
  💜 [Sharon 匹配] 52092D82-583D-42FA-88FF-EBB7B85D14F2.jpeg (相似度: 0.591)
  💜 [Sharon 匹配] C991EE52-F0D5-45EC-8665-7D8FDB4AF445.jpeg (相似度: 0.604)
  💜 [Sharon 匹配] FD4D41EF-8AD5-424F-BD32-A56444909F7D.jpeg (相似度: 0.645)
  💜 [Sharon 匹配] F037C0BD-FB65-499A-ACB0-2F08DEDED51C.jpeg (相似度: 0.543)
  💜 [Sharon 匹配] D32D86F4-6958-47A5-85A9-4DB7C9A064F3.jpeg (相似度: 0.669)
  💜 [Sharon 匹配] 3943FA66-4FAC-4B82-824E-5CDC99EED3AB.jpeg (相似度: 0.539)
  💜 [Sharon 匹配] 68059B55-57D7-4CCE-9EFA-6AAB35611EF9.jpeg (相似度: 0.650)
  💜 [Sharon 匹配] 6140D34A-E90C-43FC-9530-02ED62DEA896.jpeg (相似度: 0.648)
  💜 [Sharon 匹配] 8D6986F6-3EFF-4887-B533-68CC2EBCEAE4.jpeg (相似度: 0.713)
  💜 [Sharon 匹配] 4B162F79-A4BB-4D8B-B6D8-D0211CD030F3.jpeg (相似度: 0.615)
  💜 [Sharon 匹配] 04C6E3FD-57E2-4DE3-97BF-362034542516.jpeg (相似度: 0.589)
  💜 [Sharon 匹配] E34A9578-E1B6-4633-86C4-F1D950E4CC43.jpeg (相似度: 0.611)
  💜 [Sharon 匹配] 491E4BE8-6E64-41E5-94A1-65745050EC39.jpeg (相似度: 0.609)
  💜 [Sharon 匹配] D056444A-4296-4164-95C4-D9D70DB1D100.jpeg (相似度: 0.619)
  💖 [Sophia 匹配] D056444A-4296-4164-95C4-D9D70DB1D100.jpeg (相似度: 0.570)
  💖 [Sophia 匹配] FC9EC787-7F2E-42D2-AB16-419D088148FC.jpeg (相似度: 0.470)
  💜 [Sharon 匹配] 6B973780-C9F8-4F9B-B77F-F128C58B9AB0_1_201_a.jpeg (相似度: 0.735)
  💖 [Sophia 匹配] 6B973780-C9F8-4F9B-B77F-F128C58B9AB0_1_201_a.jpeg (相似度: 0.678)
  💜 [Sharon 匹配] 50F77831-C84F-4A4D-98EB-A981F03F47FE_1_201_a.jpeg (相似度: 0.746)
  💜 [Sharon 匹配] 6AC3C196-75CE-42E3-8C06-08CCD2316B68.jpeg (相似度: 0.712)
⏳ 已辨識 5500 / 5976 張相片 (1948.0 秒)...
  💜 [Sharon 匹配] 92488BAF-C346-416A-BFC5-D5748F6A38A8.jpeg (相似度: 0.664)
  💜 [Sharon 匹配] 2BB5F010-F3B9-4A80-9B12-7B4EB8C6B07F.jpeg (相似度: 0.689)
  💖 [Sophia 匹配] D089054C-068B-471E-BEA4-C2AB97C2E6C5.jpeg (相似度: 0.586)
  💜 [Sharon 匹配] D089054C-068B-471E-BEA4-C2AB97C2E6C5.jpeg (相似度: 0.632)
  💜 [Sharon 匹配] FB5A2B4F-927B-4291-B6D0-6B3424A13179.jpeg (相似度: 0.588)
  💖 [Sophia 匹配] FB5A2B4F-927B-4291-B6D0-6B3424A13179.jpeg (相似度: 0.548)
  💖 [Sophia 匹配] 3F6CD6C7-C30E-459B-A620-940834283DCF.jpeg (相似度: 0.551)
  💜 [Sharon 匹配] 55844B81-7BBE-4BFD-B9D5-53F8955A9CF6.jpeg (相似度: 0.596)
  💖 [Sophia 匹配] 55844B81-7BBE-4BFD-B9D5-53F8955A9CF6.jpeg (相似度: 0.571)
  💖 [Sophia 匹配] 93DDB902-21D5-4F6D-B894-553D83C0A74D.jpeg (相似度: 0.587)
  💜 [Sharon 匹配] 24687380-6D07-4048-A2CE-7C5F2D3BA35B.jpeg (相似度: 0.578)
  💜 [Sharon 匹配] C2C9FD2B-D474-4C74-8196-0EE53273C300.jpeg (相似度: 0.587)
  💖 [Sophia 匹配] 39BAE66E-0770-4E2B-8A40-02CA57D2A18C.jpeg (相似度: 0.500)
  💜 [Sharon 匹配] 4C4FA2C5-9D43-4A1E-A4F6-12142973DE02.jpeg (相似度: 0.622)
  💜 [Sharon 匹配] 0B0DBECC-7DF4-4E22-9FAC-EAE18851BFDE.jpeg (相似度: 0.530)
  💜 [Sharon 匹配] D8B08A1B-5361-491C-BEB6-2176A2EA3744.jpeg (相似度: 0.728)
  💜 [Sharon 匹配] CF3AA63D-4D3D-4054-A5B6-412349A99F74_1_201_a.jpeg (相似度: 0.554)
  💜 [Sharon 匹配] 91EC008C-D0C8-420B-BE2A-2B630735E235.jpeg (相似度: 0.602)
  💖 [Sophia 匹配] 70A1E43A-C5BD-4A62-B753-C457B74E9970_1_201_a.jpeg (相似度: 0.648)
  💜 [Sharon 匹配] 70A1E43A-C5BD-4A62-B753-C457B74E9970_1_201_a.jpeg (相似度: 0.705)
  💜 [Sharon 匹配] 94988045-C346-47BB-BB4E-8779B475F27B.jpeg (相似度: 0.597)
  💖 [Sophia 匹配] 795AF6A5-3692-4613-8FF9-5139D56DD9E3.jpeg (相似度: 0.572)
  💜 [Sharon 匹配] 795AF6A5-3692-4613-8FF9-5139D56DD9E3.jpeg (相似度: 0.614)
  💜 [Sharon 匹配] 8DF2C285-2AA9-45BF-96E2-16FC4FE98102.jpeg (相似度: 0.648)
  💜 [Sharon 匹配] F01E531A-8E79-49F6-AD13-F1EE9AA43D2F.jpeg (相似度: 0.633)
  💜 [Sharon 匹配] 47A675EB-BB48-4BD1-8A9B-EDD543FE4E53.jpeg (相似度: 0.661)
  💜 [Sharon 匹配] 0FB1573C-9683-4EB4-AB4B-151B591F8DE7_1_201_a.jpeg (相似度: 0.681)
  💜 [Sharon 匹配] 799418CD-9088-421A-8609-322E230BB003.jpeg (相似度: 0.591)
  💜 [Sharon 匹配] 62B16C96-45B4-412F-B286-C5141C228B1E.jpeg (相似度: 0.626)
  💜 [Sharon 匹配] A867DA4B-7CF3-4385-8E6C-540E1338D14A.jpeg (相似度: 0.553)
  💜 [Sharon 匹配] 12AB9149-F4FE-4BB1-B436-619F625162D2_1_201_a.jpeg (相似度: 0.648)
  💖 [Sophia 匹配] 12AB9149-F4FE-4BB1-B436-619F625162D2_1_201_a.jpeg (相似度: 0.675)
  💜 [Sharon 匹配] 7BCC7B3D-A9E3-49A4-9C18-9D8ACB369E48.jpeg (相似度: 0.629)
  💜 [Sharon 匹配] C2BE5730-D014-4976-A756-458BEE012435.jpeg (相似度: 0.635)
  💜 [Sharon 匹配] 8D38D4B2-4EAC-4D0F-BDFC-0196D8A0FBD2.jpeg (相似度: 0.580)
  💖 [Sophia 匹配] 9CBEE742-EE9F-4794-B35B-E7FEA425652B.jpeg (相似度: 0.604)
  💜 [Sharon 匹配] 9CBEE742-EE9F-4794-B35B-E7FEA425652B.jpeg (相似度: 0.728)
  💜 [Sharon 匹配] 2D4BA39B-E97B-49CD-B314-7C0C824386B0.jpeg (相似度: 0.745)
  💜 [Sharon 匹配] B087C96F-53A2-4B09-A565-5F8E85E830B3_1_201_a.jpeg (相似度: 0.652)
  💜 [Sharon 匹配] A4109C42-5B67-4E15-8F80-BFBAE815BD53.jpeg (相似度: 0.577)
  💖 [Sophia 匹配] 132F98F7-64B0-428B-B900-7C6DDCC953B8.jpeg (相似度: 0.562)
  💜 [Sharon 匹配] 132F98F7-64B0-428B-B900-7C6DDCC953B8.jpeg (相似度: 0.624)
  💜 [Sharon 匹配] F8E107FD-05A6-483E-B6E3-5FC474E6A88B.jpeg (相似度: 0.686)
  💖 [Sophia 匹配] CDE09356-1BE8-4DEC-9617-E3A748B8764C.jpeg (相似度: 0.700)
  💜 [Sharon 匹配] CDE09356-1BE8-4DEC-9617-E3A748B8764C.jpeg (相似度: 0.684)
  💜 [Sharon 匹配] C70C216D-8ACC-4AC3-8D11-FF2AE03F873C.jpeg (相似度: 0.594)
  💜 [Sharon 匹配] 46210EF5-BBA8-4075-9E5F-42B9165351B2.jpeg (相似度: 0.631)
  💜 [Sharon 匹配] 4780E3A6-7DE5-4459-889D-1C4D21808D24.jpeg (相似度: 0.720)
  💜 [Sharon 匹配] 7F454946-ED0F-4B43-883F-A54A56C2D5EF.jpeg (相似度: 0.619)
  💜 [Sharon 匹配] 911D0573-D124-42A2-BA52-DEC340CD8A8E.jpeg (相似度: 0.514)
  💜 [Sharon 匹配] 050C0630-21F9-4DC1-BF34-1362BBB311D7.jpeg (相似度: 0.583)
  💜 [Sharon 匹配] 3E10B34F-14A0-4BAD-A6C5-B92A9AE5C8B6.jpeg (相似度: 0.641)
  💜 [Sharon 匹配] 2BF3E9F7-8452-4734-8586-DF7902EDFF4B.jpeg (相似度: 0.558)
  💜 [Sharon 匹配] 9C1844AB-3C30-4B34-B35C-ABF3B8912D3D.jpeg (相似度: 0.539)
  💜 [Sharon 匹配] 99442EC3-6F09-46AB-A915-DBF55CB3349A.jpeg (相似度: 0.735)
  💜 [Sharon 匹配] AD2BA1B4-AF01-4F82-B323-602605B192D0.jpeg (相似度: 0.567)
  💜 [Sharon 匹配] 229AB0FE-802A-4A72-AE06-4F531D024895.jpeg (相似度: 0.591)
  💜 [Sharon 匹配] 1CCFC568-984A-4BC4-8D98-1D45B2B06F88.jpeg (相似度: 0.661)
  💖 [Sophia 匹配] B7257717-F748-4039-93D1-A2524F79EE78_1_201_a.jpeg (相似度: 0.699)
  💜 [Sharon 匹配] B7257717-F748-4039-93D1-A2524F79EE78_1_201_a.jpeg (相似度: 0.726)
  💜 [Sharon 匹配] A705963E-81B2-4387-9262-6F1139341EA5_1_201_a.jpeg (相似度: 0.646)
  💜 [Sharon 匹配] 158E2313-0349-416E-A370-B4C7B78C1E51.jpeg (相似度: 0.743)
  💖 [Sophia 匹配] AE75DEE3-571B-4916-883B-7C9EEB40465D.jpeg (相似度: 0.491)
  💖 [Sophia 匹配] 6DAAECA2-EE8F-4181-AA63-240BE6320887.jpeg (相似度: 0.650)
  💜 [Sharon 匹配] 6DAAECA2-EE8F-4181-AA63-240BE6320887.jpeg (相似度: 0.675)
  💜 [Sharon 匹配] 4276098A-AA25-4C00-8252-898F6C0D94FB.jpeg (相似度: 0.620)
  💖 [Sophia 匹配] 4276098A-AA25-4C00-8252-898F6C0D94FB.jpeg (相似度: 0.636)
  💖 [Sophia 匹配] 4D5760CF-B121-4F98-B7C6-1CC9EDF69741.jpeg (相似度: 0.576)
  💖 [Sophia 匹配] B5ADAF27-09C3-4D40-84F2-5DD964F47D42.jpeg (相似度: 0.565)
  💖 [Sophia 匹配] 945375CF-C971-4663-99C9-05292A0E68F2.jpeg (相似度: 0.593)
  💖 [Sophia 匹配] 217BCE43-D1F5-43BA-B03F-2724644C99BF.jpeg (相似度: 0.528)
  💖 [Sophia 匹配] B52D234E-D410-4E5F-860E-A87133EFEA71.jpeg (相似度: 0.566)
  💖 [Sophia 匹配] 3AA0AFA2-15EB-4E95-9C52-25147D7EE84D.jpeg (相似度: 0.579)
  💖 [Sophia 匹配] 2628DB57-B880-414C-B8E8-A9F29687DE93.jpeg (相似度: 0.550)
  💜 [Sharon 匹配] 2628DB57-B880-414C-B8E8-A9F29687DE93.jpeg (相似度: 0.664)
  💖 [Sophia 匹配] 90A54CB4-4BBA-445E-BE5F-888C378FE531.jpeg (相似度: 0.604)
  💖 [Sophia 匹配] A14562EB-0845-4E17-B7E2-7579F58CA8B6.jpeg (相似度: 0.649)
  💖 [Sophia 匹配] 4F6E3D74-980E-4294-8493-B04F04913B19.jpeg (相似度: 0.648)
  💖 [Sophia 匹配] 0F70C2D8-20FF-45E8-8EC6-26AF51F4BA00.jpeg (相似度: 0.593)
  💖 [Sophia 匹配] 982C0E21-652A-40A9-B00E-E9F715AD358A.jpeg (相似度: 0.668)
  💖 [Sophia 匹配] 83BE93AC-C86A-4C29-AC67-DE63A3981B21_1_201_a.jpeg (相似度: 0.639)
  💖 [Sophia 匹配] 2D7CD42F-FD89-46FA-8DFF-D72EFEF5D032.jpeg (相似度: 0.673)
  💖 [Sophia 匹配] D5FB7C07-61D7-42B6-9153-E486BB713AC7.jpeg (相似度: 0.627)
  💖 [Sophia 匹配] 9B4D6A84-7582-45C1-BE02-750807D226D2.jpeg (相似度: 0.634)
  💖 [Sophia 匹配] C53D776B-135E-47D5-B1FA-F388B2D0DBEC.jpeg (相似度: 0.615)
  💖 [Sophia 匹配] 3C57DBA6-FE10-4322-95D9-76CE995539AC.jpeg (相似度: 0.642)
  💜 [Sharon 匹配] 3C57DBA6-FE10-4322-95D9-76CE995539AC.jpeg (相似度: 0.712)
  💖 [Sophia 匹配] 55DF4AA4-9906-424F-95AD-09762DD160D9.jpeg (相似度: 0.646)
  💜 [Sharon 匹配] 55DF4AA4-9906-424F-95AD-09762DD160D9.jpeg (相似度: 0.614)
  💖 [Sophia 匹配] 0004A490-AB75-4DE6-828A-C63F92310997.jpeg (相似度: 0.587)
  💜 [Sharon 匹配] 0004A490-AB75-4DE6-828A-C63F92310997.jpeg (相似度: 0.651)
  💖 [Sophia 匹配] 90B20AE6-5C03-4D3A-9D35-7A524949C5EC.jpeg (相似度: 0.618)
  💖 [Sophia 匹配] 4473EADE-DA33-4D0F-B3FD-5182594D63BB.jpeg (相似度: 0.573)
  💖 [Sophia 匹配] 7D15D0C5-268A-4FC6-917A-AC81A8094B25.jpeg (相似度: 0.574)
  💖 [Sophia 匹配] 0AA288D1-7404-4B80-8311-5FDF793A0958.jpeg (相似度: 0.568)
  💖 [Sophia 匹配] F0E27672-733E-4F72-9B9D-B9FE78C35862.jpeg (相似度: 0.588)
  💖 [Sophia 匹配] 4B59AE09-17E4-4223-A70A-5166E3B4AE33.jpeg (相似度: 0.580)
  💖 [Sophia 匹配] 0CB0EFA5-B4DD-4487-9FB0-EF9524FEB65E.jpeg (相似度: 0.613)
  💜 [Sharon 匹配] 0CB0EFA5-B4DD-4487-9FB0-EF9524FEB65E.jpeg (相似度: 0.633)
  💖 [Sophia 匹配] 8E69A22A-AC46-4C9C-9A3F-B6BCA77852D5.jpeg (相似度: 0.658)
  💖 [Sophia 匹配] 60636074-1255-42BC-967D-8122C0D783B7.jpeg (相似度: 0.659)
  💖 [Sophia 匹配] 9C63EEA9-CB36-4997-9A5A-97D0DC35488D.jpeg (相似度: 0.591)
  💖 [Sophia 匹配] 0DE0DEE2-7A62-4FDF-8FB1-6891EEB3B452.jpeg (相似度: 0.524)
  💖 [Sophia 匹配] F5ECCFF9-BE5D-4020-85C8-496538AF1D16.jpeg (相似度: 0.630)
  💖 [Sophia 匹配] 41B25601-9E3F-4112-AC72-C9B3984720B5.jpeg (相似度: 0.612)
  💜 [Sharon 匹配] 41B25601-9E3F-4112-AC72-C9B3984720B5.jpeg (相似度: 0.657)
  💖 [Sophia 匹配] 02AB0C0B-12EE-492C-88CC-647646BE89C0.jpeg (相似度: 0.611)
  💖 [Sophia 匹配] 95976799-3E8E-4008-A2DB-95457E4E3377.jpeg (相似度: 0.563)
  💜 [Sharon 匹配] C8C98A84-9B62-441F-BFCB-755911486837.jpeg (相似度: 0.613)
  💖 [Sophia 匹配] C8C98A84-9B62-441F-BFCB-755911486837.jpeg (相似度: 0.525)
  💖 [Sophia 匹配] FC3AFE97-8968-4FB6-B32B-722AB4D5A4F5.jpeg (相似度: 0.525)
  💖 [Sophia 匹配] 08913478-68EA-4303-9897-F2CE0BE18F52.jpeg (相似度: 0.590)
  💖 [Sophia 匹配] FB4906EC-25F7-4211-AF62-BE13F4D42DAA_1_201_a.jpeg (相似度: 0.603)
  💖 [Sophia 匹配] F59A5238-6FD7-4085-912C-1658EC3C75CC.jpeg (相似度: 0.589)
  💜 [Sharon 匹配] F59A5238-6FD7-4085-912C-1658EC3C75CC.jpeg (相似度: 0.654)
  💖 [Sophia 匹配] 5A5C7A86-58D5-46A1-99F9-6362339D508C.jpeg (相似度: 0.578)
  💖 [Sophia 匹配] ABA4F2F3-D2D9-40E5-BA6D-E0925CFB40CA.jpeg (相似度: 0.656)
  💖 [Sophia 匹配] 7F630F0C-0C9F-4F7C-8C3D-80B58561244C.jpeg (相似度: 0.674)
  💖 [Sophia 匹配] 52989957-C3B7-4341-B373-EFB9B3C907F4.jpeg (相似度: 0.615)
  💖 [Sophia 匹配] 49BBF2B1-100C-4620-B584-7E41AF539514.jpeg (相似度: 0.613)
  💖 [Sophia 匹配] 8D5E2EDC-FC79-48FA-B59D-F808D12205F3.jpeg (相似度: 0.621)
  💖 [Sophia 匹配] 9515FA4F-9698-4F26-A1AB-E50DE7CD5730.jpeg (相似度: 0.557)
  💖 [Sophia 匹配] 90E6595A-699D-4B4F-B87E-4B7184B869B8.jpeg (相似度: 0.505)
  💖 [Sophia 匹配] 906A86B7-B390-48AD-A50D-E83E4DAAF35A_1_201_a.jpeg (相似度: 0.622)
  💖 [Sophia 匹配] 83C16AC5-8321-4FA9-AC94-6EC211ABB141.jpeg (相似度: 0.529)
  💜 [Sharon 匹配] 5824DBDD-3780-4F71-BF97-0D479E4DD692.jpeg (相似度: 0.622)
  💖 [Sophia 匹配] 92EAB760-9141-4960-BB37-9F5DB17AEFE2.jpeg (相似度: 0.626)
  💖 [Sophia 匹配] A2A5C26D-0267-4F1E-B706-28EC72F1CCD0.jpeg (相似度: 0.546)
  💜 [Sharon 匹配] 937249F0-A793-49A5-9332-EFF561779481.jpeg (相似度: 0.668)
  💖 [Sophia 匹配] C87350A6-C632-474A-8128-E1AB71B22CE9.jpeg (相似度: 0.536)
  💖 [Sophia 匹配] 38EE3BD9-018E-4C76-95DC-71A8391320F4.jpeg (相似度: 0.681)
  💜 [Sharon 匹配] 38EE3BD9-018E-4C76-95DC-71A8391320F4.jpeg (相似度: 0.691)
  💜 [Sharon 匹配] 65386FE7-A0D2-4534-BAC5-2CF008E267C0.jpeg (相似度: 0.675)
  💖 [Sophia 匹配] EDE598DC-B170-44C8-8F49-B0DE5B61D0FB.jpeg (相似度: 0.456)
  💖 [Sophia 匹配] 4ED49504-5C8A-4851-81C8-8B7741F7D203.jpeg (相似度: 0.507)
  💖 [Sophia 匹配] 6D7F8276-9286-4E5D-85B7-6F7951BA80F1.jpeg (相似度: 0.497)
  💖 [Sophia 匹配] 48AAF5B6-7E3B-4658-86BD-2F56B37EDB2E.jpeg (相似度: 0.586)
  💖 [Sophia 匹配] 4DBD144C-E8BE-4AFA-873A-22944B2FD3E0.jpeg (相似度: 0.500)
  💖 [Sophia 匹配] 47529C6F-F95B-4EA2-9C4B-208989440D4D.jpeg (相似度: 0.604)
  💜 [Sharon 匹配] 9DF62CDD-69A6-416A-9496-05C552FEE402.jpeg (相似度: 0.694)
  💖 [Sophia 匹配] 9DF62CDD-69A6-416A-9496-05C552FEE402.jpeg (相似度: 0.601)
  💖 [Sophia 匹配] 5B427B6D-2975-4E86-B95C-A1B0C3BE5E41.jpeg (相似度: 0.659)
  💖 [Sophia 匹配] AE1F5FF9-217A-4060-BB96-A96659A30882.jpeg (相似度: 0.631)
  💖 [Sophia 匹配] 69AF671E-D9F3-474D-88D1-631AD020FB65.jpeg (相似度: 0.649)
  💜 [Sharon 匹配] 69AF671E-D9F3-474D-88D1-631AD020FB65.jpeg (相似度: 0.657)
  💜 [Sharon 匹配] FACBF496-51A6-4404-AC45-BCB2F47C2961.jpeg (相似度: 0.683)
  💖 [Sophia 匹配] FACBF496-51A6-4404-AC45-BCB2F47C2961.jpeg (相似度: 0.624)
  💖 [Sophia 匹配] 0A2F81EF-CF4E-4BDD-A2A7-BF4CB2E9254E.jpeg (相似度: 0.662)
  💖 [Sophia 匹配] ED477961-45B1-47D8-BFF7-55327493F9F2.jpeg (相似度: 0.616)
  💜 [Sharon 匹配] C3E2C07C-AC54-451A-A2B3-EAC6D80F6322.jpeg (相似度: 0.681)
  💖 [Sophia 匹配] 744E8B69-FB7B-40B9-BFFA-F8A69CD7D648.jpeg (相似度: 0.712)
  💜 [Sharon 匹配] 744E8B69-FB7B-40B9-BFFA-F8A69CD7D648.jpeg (相似度: 0.731)
  💜 [Sharon 匹配] BAE1D721-6DE6-4691-B732-1C4CAF444C57.jpeg (相似度: 0.714)
  💖 [Sophia 匹配] BAE1D721-6DE6-4691-B732-1C4CAF444C57.jpeg (相似度: 0.533)
  💜 [Sharon 匹配] 95811C91-E9BA-48E3-ABC4-8CC872A1FB0D.jpeg (相似度: 0.691)
  💜 [Sharon 匹配] 72B21010-E70E-42BC-8058-934CF44CB5F9_1_201_a.jpeg (相似度: 0.684)
  💖 [Sophia 匹配] 72B21010-E70E-42BC-8058-934CF44CB5F9_1_201_a.jpeg (相似度: 0.779)
  💜 [Sharon 匹配] 2D03FE0C-D5CD-42DC-A066-D26414166293.jpeg (相似度: 0.663)
  💖 [Sophia 匹配] 748B32FC-607C-4A26-A411-653794E7A928.jpeg (相似度: 0.682)
  💜 [Sharon 匹配] A7FB5C90-7982-467E-A036-652FB61EE11F.jpeg (相似度: 0.713)
  💖 [Sophia 匹配] 3ECAC658-C593-4D64-A47D-26AB67A2A6B2.jpeg (相似度: 0.757)
  💜 [Sharon 匹配] 3ECAC658-C593-4D64-A47D-26AB67A2A6B2.jpeg (相似度: 0.655)
  💜 [Sharon 匹配] 186F4F93-6C43-4457-89AA-225507017457.jpeg (相似度: 0.682)
  💖 [Sophia 匹配] 94D5A4C2-1F11-48B5-A348-D279074AC974.jpeg (相似度: 0.777)
  💜 [Sharon 匹配] 52624DFC-FDBD-44D1-96C5-AE5DA5FFC961.jpeg (相似度: 0.689)
  💖 [Sophia 匹配] 6DD16C3C-EE6D-4877-96FA-8C31FDD1BA18.jpeg (相似度: 0.749)
  💜 [Sharon 匹配] 6DD16C3C-EE6D-4877-96FA-8C31FDD1BA18.jpeg (相似度: 0.688)
  💜 [Sharon 匹配] 3D146860-C303-4E5E-8526-86AAA733EC47.jpeg (相似度: 0.658)
  💖 [Sophia 匹配] FEF3F450-C5E2-4F6F-ABFF-91C405CC485E.jpeg (相似度: 0.742)
  💜 [Sharon 匹配] FEF3F450-C5E2-4F6F-ABFF-91C405CC485E.jpeg (相似度: 0.713)
  💖 [Sophia 匹配] 7191BD89-963B-426B-9FE7-94F70C34FC36.jpeg (相似度: 0.662)
  💖 [Sophia 匹配] 18B1B435-B2C3-4847-8476-F163883D6B44_1_201_a.jpeg (相似度: 0.624)
  💜 [Sharon 匹配] D84E0DC2-039B-4C2F-B4F5-2C10CC81FC9F.jpeg (相似度: 0.714)
  💖 [Sophia 匹配] 96B0DA7D-B885-4A7F-9FDB-25C3E4E36710.jpeg (相似度: 0.729)
  💜 [Sharon 匹配] 96B0DA7D-B885-4A7F-9FDB-25C3E4E36710.jpeg (相似度: 0.703)
  💖 [Sophia 匹配] 713FEE86-87FD-4AE8-93BF-D9DDED0B5320.jpeg (相似度: 0.772)
  💜 [Sharon 匹配] B7032C25-3B88-4230-BB91-E63A4C8AB73C.jpeg (相似度: 0.712)
  💖 [Sophia 匹配] EE3EF9AA-958C-4747-9F17-343FABF35323_1_201_a.jpeg (相似度: 0.662)
  💜 [Sharon 匹配] B82A518F-6EAD-4CE2-80BA-051EC937B2D7.jpeg (相似度: 0.656)
  💜 [Sharon 匹配] DD34A3ED-3469-440C-B21F-43A08FA09DBA.jpeg (相似度: 0.654)
  💜 [Sharon 匹配] 88A85CA9-2A08-43BE-B411-5D80FEE4CC9D.jpeg (相似度: 0.506)
  💜 [Sharon 匹配] BB9D587E-4C06-4BB0-BEF5-D98160A9E6DE.jpeg (相似度: 0.724)
  💖 [Sophia 匹配] 399F7FCB-FD96-46DA-BE55-B7F1CF61673D.jpeg (相似度: 0.729)
  💜 [Sharon 匹配] 399F7FCB-FD96-46DA-BE55-B7F1CF61673D.jpeg (相似度: 0.706)
  💜 [Sharon 匹配] 149C4688-B7D8-4F36-AF88-F4B6675E7C8F.jpeg (相似度: 0.664)
  💜 [Sharon 匹配] 6BD6C694-241F-4BBB-A795-30649B404909.jpeg (相似度: 0.699)
  💖 [Sophia 匹配] 21EC8CDD-EDC5-4802-9C34-0072D7E97A08.jpeg (相似度: 0.671)
  💜 [Sharon 匹配] 22C4A1C6-0BD6-4573-8A8F-2A86AE878112.jpeg (相似度: 0.761)
  💖 [Sophia 匹配] EBA04493-F3BC-4646-AA49-AE31CB7A0472.jpeg (相似度: 0.768)
  💜 [Sharon 匹配] EBA04493-F3BC-4646-AA49-AE31CB7A0472.jpeg (相似度: 0.730)
  💜 [Sharon 匹配] E9EE0EB5-3822-4C89-8CB3-6E40FB49D49C.jpeg (相似度: 0.669)
  💖 [Sophia 匹配] 4EF778F6-B5E2-4E98-90D5-E660260220AC_1_201_a.jpeg (相似度: 0.696)
  💜 [Sharon 匹配] 548FDB82-BFEB-4398-B514-DF4E3907FF67.jpeg (相似度: 0.736)
  💜 [Sharon 匹配] FFC67319-0F98-405E-9D83-8788EB3DFE5E.jpeg (相似度: 0.667)
  💜 [Sharon 匹配] DB23685C-60A7-480F-AC04-708E543BA8B4.jpeg (相似度: 0.741)
  💜 [Sharon 匹配] D9B61043-7FBB-4E03-BF5C-F4CBC9375333.jpeg (相似度: 0.713)
  💖 [Sophia 匹配] D9B61043-7FBB-4E03-BF5C-F4CBC9375333.jpeg (相似度: 0.774)
  💖 [Sophia 匹配] 40ACA6AB-FE82-436F-8A04-2280A0822CA4.jpeg (相似度: 0.652)
  💖 [Sophia 匹配] FFF48D27-C448-465E-B08E-AC6757337637.jpeg (相似度: 0.754)
  💜 [Sharon 匹配] A3F5B0DA-8868-424B-8051-065D4BA06D6E.jpeg (相似度: 0.654)
  💖 [Sophia 匹配] A3F5B0DA-8868-424B-8051-065D4BA06D6E.jpeg (相似度: 0.744)
  💖 [Sophia 匹配] 89799121-EDD7-41EF-9EDF-41580BEACB44.jpeg (相似度: 0.483)
  💜 [Sharon 匹配] 8D605F83-93AF-492C-85E7-23D6D119CD79.jpeg (相似度: 0.681)
  💖 [Sophia 匹配] 3CB9FF20-40C8-471B-9952-0139C78F4CF5.jpeg (相似度: 0.738)
  💖 [Sophia 匹配] 932C9D74-E217-4B0D-8CBC-06F2824B4B6B.jpeg (相似度: 0.725)
  💜 [Sharon 匹配] 932C9D74-E217-4B0D-8CBC-06F2824B4B6B.jpeg (相似度: 0.591)
  💜 [Sharon 匹配] 12ACF7F4-5AE0-48B0-A8D5-A23B7174DE69.jpeg (相似度: 0.513)
  💖 [Sophia 匹配] 052A60D1-6D76-4192-96BE-C801AAA6B0D3.jpeg (相似度: 0.521)
  💖 [Sophia 匹配] 136CA677-EDF0-4D3C-872F-C0C01F94A36E.jpeg (相似度: 0.617)
  💖 [Sophia 匹配] 56D9D557-52BF-4011-AD4B-32508429D061.jpeg (相似度: 0.519)
  💖 [Sophia 匹配] B85B93D6-C71A-4522-AAE1-977D7E575A1E.jpeg (相似度: 0.489)
  💖 [Sophia 匹配] 3C796EFA-4EDD-466C-8853-1682D13A673A.jpeg (相似度: 0.541)
  💖 [Sophia 匹配] 17C21232-B0F7-491C-8C7F-6FDE40961073.jpeg (相似度: 0.604)
  💖 [Sophia 匹配] 2B8B7180-37D5-4902-B146-418EC1263DD8.jpeg (相似度: 0.652)
  💜 [Sharon 匹配] D724F5D0-8E99-4FD9-9907-1205896352D5.jpeg (相似度: 0.717)
  💜 [Sharon 匹配] 8F10AE11-CB29-4E4E-815B-7C2130514A3D.jpeg (相似度: 0.660)
  💜 [Sharon 匹配] 7247237D-B2F1-46A4-A23F-3241E1132100.jpeg (相似度: 0.670)
  💜 [Sharon 匹配] 7ABB2137-F4DA-4461-BB98-6E08A959F7D2.jpeg (相似度: 0.714)
  💜 [Sharon 匹配] 964E015F-1A1D-48D0-9F72-C24EB59A706A.jpeg (相似度: 0.687)
  💜 [Sharon 匹配] 51CA55E7-F898-43EB-8CFB-2CF2DBE84243.jpeg (相似度: 0.724)
  💜 [Sharon 匹配] 594149DC-FDA1-4082-AD28-92DAF7DC0CE0.jpeg (相似度: 0.698)
  💜 [Sharon 匹配] 9DB73FB7-3540-4FF5-A673-1BFDCB15D3DA.jpeg (相似度: 0.666)
  💜 [Sharon 匹配] 390E1893-411B-4114-9125-3ADE91D6F2EC.jpeg (相似度: 0.697)
  💜 [Sharon 匹配] 964ED5AA-9505-4600-B389-B8DB14291160.jpeg (相似度: 0.693)
  💜 [Sharon 匹配] 959FA0DE-463B-436F-B16B-5DEDD1EEF306.jpeg (相似度: 0.653)
  💜 [Sharon 匹配] 85CD17C5-29F4-4335-99B5-4007D1E48C5D.jpeg (相似度: 0.652)
  💜 [Sharon 匹配] 3508D3C5-C4FC-4201-AA1D-3EF2D9A14218.jpeg (相似度: 0.722)
  💖 [Sophia 匹配] 3508D3C5-C4FC-4201-AA1D-3EF2D9A14218.jpeg (相似度: 0.686)
  💖 [Sophia 匹配] 93607AC1-C8F7-4E42-BFE6-2434EE554576.jpeg (相似度: 0.464)
  💖 [Sophia 匹配] F8B2D5BF-8407-4E9F-8A10-9764ACC0CC95.jpeg (相似度: 0.567)
  💖 [Sophia 匹配] 6F3E8563-1B6B-490F-B317-469AD3D7DFA0.jpeg (相似度: 0.665)
  💜 [Sharon 匹配] 6F3E8563-1B6B-490F-B317-469AD3D7DFA0.jpeg (相似度: 0.701)
  💜 [Sharon 匹配] 31A4C6A1-DB4E-4D22-93FE-8B96F68F884A.jpeg (相似度: 0.692)
  💖 [Sophia 匹配] 31A4C6A1-DB4E-4D22-93FE-8B96F68F884A.jpeg (相似度: 0.673)
  💜 [Sharon 匹配] ED68D6AE-F753-407A-AF55-0778D7C0A162.jpeg (相似度: 0.693)
  💖 [Sophia 匹配] ED68D6AE-F753-407A-AF55-0778D7C0A162.jpeg (相似度: 0.629)
  💖 [Sophia 匹配] 6CE6AC7A-8280-40B7-B6C0-20E7D6383BA4.jpeg (相似度: 0.659)
  💖 [Sophia 匹配] E03A0BDB-EFA8-4355-B9AB-3A6606F9F8DD.jpeg (相似度: 0.721)
  💖 [Sophia 匹配] 7716F8B2-A407-48C4-87AE-701C3DBE0C6A.jpeg (相似度: 0.659)
  💜 [Sharon 匹配] B718E700-D81B-44C2-9AAD-0BEEE0FF31EC.jpeg (相似度: 0.680)
  💖 [Sophia 匹配] B718E700-D81B-44C2-9AAD-0BEEE0FF31EC.jpeg (相似度: 0.664)
  💖 [Sophia 匹配] 54A137B3-C0C2-4312-AC4A-CAB11F2ECB9C.jpeg (相似度: 0.490)
  💖 [Sophia 匹配] 740F7609-5C87-4725-8ABC-2682959FD48E.jpeg (相似度: 0.559)
  💖 [Sophia 匹配] 91AF34D5-D813-4B41-B0FF-A9C36CA6325E.jpeg (相似度: 0.698)
  💜 [Sharon 匹配] 91AF34D5-D813-4B41-B0FF-A9C36CA6325E.jpeg (相似度: 0.660)
  💖 [Sophia 匹配] A2A20BBC-811B-4B8D-83DF-6BD85263F929.jpeg (相似度: 0.585)
  💜 [Sharon 匹配] A2A20BBC-811B-4B8D-83DF-6BD85263F929.jpeg (相似度: 0.536)
  💖 [Sophia 匹配] 0667CFF0-8298-41E9-8B2D-BFBA463ABB30.jpeg (相似度: 0.670)
  💜 [Sharon 匹配] 0667CFF0-8298-41E9-8B2D-BFBA463ABB30.jpeg (相似度: 0.601)
  💜 [Sharon 匹配] 6714DA81-45C1-482F-97CF-05468D6472F8.jpeg (相似度: 0.597)
  💖 [Sophia 匹配] 6714DA81-45C1-482F-97CF-05468D6472F8.jpeg (相似度: 0.659)
  💖 [Sophia 匹配] 153B59C5-C85F-4ADF-87D2-3E7A4DEB9C15.jpeg (相似度: 0.728)
  💜 [Sharon 匹配] 153B59C5-C85F-4ADF-87D2-3E7A4DEB9C15.jpeg (相似度: 0.707)
  💖 [Sophia 匹配] 05135CDC-2DD1-4066-813C-26006297B7BE.jpeg (相似度: 0.603)
  💖 [Sophia 匹配] 469E8F6F-5B69-40FE-A6F5-A4EEB8759EEE.jpeg (相似度: 0.583)
  💜 [Sharon 匹配] 8A7FD33E-A7EE-487A-A518-43179FF1649C.jpeg (相似度: 0.695)
  💖 [Sophia 匹配] 589D6440-CCCE-42BC-840C-8E8826B242BA.jpeg (相似度: 0.658)
  💖 [Sophia 匹配] 5889E706-EDC6-4B70-979C-16CA7991F427.jpeg (相似度: 0.655)
  💜 [Sharon 匹配] 5889E706-EDC6-4B70-979C-16CA7991F427.jpeg (相似度: 0.650)
  💖 [Sophia 匹配] 10CF8AD8-3DC2-471D-8D61-9A5D6F49AD8A.jpeg (相似度: 0.727)
  💜 [Sharon 匹配] 10CF8AD8-3DC2-471D-8D61-9A5D6F49AD8A.jpeg (相似度: 0.705)
  💖 [Sophia 匹配] DDA0B8B8-2328-4C82-95E3-7EC923C653FB.jpeg (相似度: 0.696)
  💜 [Sharon 匹配] DDA0B8B8-2328-4C82-95E3-7EC923C653FB.jpeg (相似度: 0.727)
  💜 [Sharon 匹配] D35BCEBA-0731-483C-BA71-C141070F97F8.jpeg (相似度: 0.625)
  💖 [Sophia 匹配] D35BCEBA-0731-483C-BA71-C141070F97F8.jpeg (相似度: 0.721)
  💖 [Sophia 匹配] 2603D08E-0C74-41B5-AB81-A8D26BFE0224.jpeg (相似度: 0.621)
  💜 [Sharon 匹配] 29BD0BEB-C133-4A9D-B6EC-790B00E9A921.jpeg (相似度: 0.688)
  💖 [Sophia 匹配] 29BD0BEB-C133-4A9D-B6EC-790B00E9A921.jpeg (相似度: 0.731)
  💖 [Sophia 匹配] 6F425B12-0BD8-4C25-80AE-CF07FEC7DC01.jpeg (相似度: 0.714)
  💜 [Sharon 匹配] 6F425B12-0BD8-4C25-80AE-CF07FEC7DC01.jpeg (相似度: 0.700)
  💖 [Sophia 匹配] F1A16DCB-465E-432C-908C-3F4945BAE12D.jpeg (相似度: 0.673)
  💜 [Sharon 匹配] F1A16DCB-465E-432C-908C-3F4945BAE12D.jpeg (相似度: 0.723)
  💖 [Sophia 匹配] CF687D12-1284-4E8A-ADF8-B541001FDAC6.jpeg (相似度: 0.601)
  💖 [Sophia 匹配] 32BE1A20-4D00-4B30-B8F2-298A64749958.jpeg (相似度: 0.544)
  💖 [Sophia 匹配] 7174F57F-5EAB-48E0-9625-3661703AAADA.jpeg (相似度: 0.729)
  💜 [Sharon 匹配] 7174F57F-5EAB-48E0-9625-3661703AAADA.jpeg (相似度: 0.718)
  💖 [Sophia 匹配] CECCE62C-3957-492B-8AE8-098F27CBDF70.jpeg (相似度: 0.654)
  💜 [Sharon 匹配] CECCE62C-3957-492B-8AE8-098F27CBDF70.jpeg (相似度: 0.664)
  💜 [Sharon 匹配] CB07B1DD-173A-486D-83FD-4AE9E98027DF.jpeg (相似度: 0.688)
  💖 [Sophia 匹配] CB07B1DD-173A-486D-83FD-4AE9E98027DF.jpeg (相似度: 0.707)
  💜 [Sharon 匹配] 095CB9B6-1947-4D21-93C6-ADAD2A32AFE4.jpeg (相似度: 0.659)
  💖 [Sophia 匹配] 095CB9B6-1947-4D21-93C6-ADAD2A32AFE4.jpeg (相似度: 0.679)
  💜 [Sharon 匹配] 2EBC45C2-884D-4A8D-AA39-EE040E91FFA1.jpeg (相似度: 0.655)
  💖 [Sophia 匹配] 2EBC45C2-884D-4A8D-AA39-EE040E91FFA1.jpeg (相似度: 0.703)
  💖 [Sophia 匹配] D6B1F2C9-3636-4B79-A592-AA69197E74DA.jpeg (相似度: 0.639)
  💜 [Sharon 匹配] 6DADE101-D017-4BEB-97F8-2E4C6ABDDBB8.jpeg (相似度: 0.644)
  💖 [Sophia 匹配] 6DADE101-D017-4BEB-97F8-2E4C6ABDDBB8.jpeg (相似度: 0.518)
  💜 [Sharon 匹配] D9D3D2F6-11B5-41D2-A6FE-D2E41B401BF5.jpeg (相似度: 0.673)🚀 個人相片管理系統已成功啟動！
🔗 請開啟此連結: http://localhost:8099

🚀 啟動【全套自動化相片匯入與 AI 人臉辨識流程】...
📁 [步驟 1/3] 增量掃描與歸檔新照片...
🔄 轉換新 HEIC: IMG_0071.HEIC -> IMG_0071.jpeg
📁 發現 2437 張全新上傳照片，5976 張既有照片 (100% 保持原檔名稱與內容不修改)。
✅ 索引構建完畢！共索引 8413 張照片。所有原檔名稱與內容 100% 保留未改動。
🗑️ [步驟 2/3] 自動清理已手動刪除的照片索引...
📊 掃描前資料庫紀錄相片總數: 8413 張

🎉 重新掃描與清理完畢！
  ├─ 成功從 Web 移除已刪除照片: 0 張
  ├─ 補全索引新增照片: 0 張
  └─ 目前 Web 保留有效照片總數: 8413 張
  🔒 資料夾名稱 100% 保持原本完全未改動。
🤖 [步驟 3/3] 啟動 InsightFace ArcFace 512維 AI 人臉辨識與分類 (John, Sharon, 郭泊彤Sophia)...
🚀 初始化 InsightFace 512維 ArcFace 深度人臉分析引擎 (buffalo_l)...
Applied providers: ['CPUExecutionProvider'], with options: {'CPUExecutionProvider': {}}
model ignore: /Users/johnkuo/.insightface/models/buffalo_l/1k3d68.onnx landmark_3d_68
Applied providers: ['CPUExecutionProvider'], with options: {'CPUExecutionProvider': {}}
model ignore: /Users/johnkuo/.insightface/models/buffalo_l/2d106det.onnx landmark_2d_106
Applied providers: ['CPUExecutionProvider'], with options: {'CPUExecutionProvider': {}}
find model: /Users/johnkuo/.insightface/models/buffalo_l/det_10g.onnx detection [1, 3, '?', '?'] 127.5 128.0
Applied providers: ['CPUExecutionProvider'], with options: {'CPUExecutionProvider': {}}
model ignore: /Users/johnkuo/.insightface/models/buffalo_l/genderage.onnx genderage
Applied providers: ['CPUExecutionProvider'], with options: {'CPUExecutionProvider': {}}
find model: /Users/johnkuo/.insightface/models/buffalo_l/w600k_r50.onnx recognition ['None', 3, 112, 112] 127.5 127.5
set det-size: (640, 640)
✅ InsightFace 深度引擎加載成功！
  💙 成功提取 John (您本人) 高清 512維特徵向量: john_base.png
  💜 成功提取 Sharon (太太) 高清 512維特徵向量！
  💖 成功提取 郭泊彤Sophia (女兒) 2 組雙重多時期 512維特徵向量！

📸 開始使用 ArcFace 512維向量全庫辨識 John、Sharon 與 郭泊彤Sophia...
📁 收集到 8413 張相片，啟動 ArcFace 核心矩陣計算...
  💖 [Sophia 匹配] 65101648-FC7D-4910-9933-CDEB1BC6185F.jpeg (相似度: 0.590)
  💖 [Sophia 匹配] 4B9D2452-7485-420D-8ADF-98D5370323DD.jpeg (相似度: 0.432)
  💙 [John 匹配] DF418703-B031-4312-ABA7-AEFCE4462FCE.jpeg (相似度: 0.669)
  💜 [Sharon 匹配] DF418703-B031-4312-ABA7-AEFCE4462FCE.jpeg (相似度: 0.562)
  💖 [Sophia 匹配] 77D0EB03-8BCB-4B47-B9D3-58E03B350F66.jpeg (相似度: 0.501)
  💙 [John 匹配] E8579411-CD1B-49F6-9F8E-D1076DC9D5A4.jpeg (相似度: 0.679)
  💜 [Sharon 匹配] E8579411-CD1B-49F6-9F8E-D1076DC9D5A4.jpeg (相似度: 0.659)
  💖 [Sophia 匹配] 0070F37B-D235-4127-909D-94A31A92BD46.jpeg (相似度: 0.448)
  💜 [Sharon 匹配] 0070F37B-D235-4127-909D-94A31A92BD46.jpeg (相似度: 0.517)
  💜 [Sharon 匹配] D6F02760-E50D-4940-8910-1AE7DDAC6858.jpeg (相似度: 0.619)
  💖 [Sophia 匹配] D6F02760-E50D-4940-8910-1AE7DDAC6858.jpeg (相似度: 0.453)
  💖 [Sophia 匹配] 559D0AEE-937E-491A-8FA2-770F586E3736.jpeg (相似度: 0.555)
  💖 [Sophia 匹配] 2490781E-4A04-4597-8F33-2B635E3740E8.jpeg (相似度: 0.431)
  💖 [Sophia 匹配] 30FBD7DC-CD94-4103-AD35-83694296F14E_1_201_a.jpeg (相似度: 0.529)
  💖 [Sophia 匹配] B69D3D9E-B516-4889-BFBA-05A11FDEFE49.jpeg (相似度: 0.426)
  💖 [Sophia 匹配] 8931FA6D-22B3-4DC5-BBD7-6D45ECB9D16F_1_201_a.jpeg (相似度: 0.482)
  💙 [John 匹配] 8931FA6D-22B3-4DC5-BBD7-6D45ECB9D16F_1_201_a.jpeg (相似度: 0.663)
  💜 [Sharon 匹配] 8931FA6D-22B3-4DC5-BBD7-6D45ECB9D16F_1_201_a.jpeg (相似度: 0.526)
  💖 [Sophia 匹配] E3075114-817B-42E9-BE8B-985C9A849AFE.jpeg (相似度: 0.449)
  💜 [Sharon 匹配] E3075114-817B-42E9-BE8B-985C9A849AFE.jpeg (相似度: 0.516)
  💜 [Sharon 匹配] 6ED8ED8C-DB53-4B10-BCEF-EAA61E2521DA.jpeg (相似度: 0.556)
  💖 [Sophia 匹配] 6ED8ED8C-DB53-4B10-BCEF-EAA61E2521DA.jpeg (相似度: 0.442)
  💖 [Sophia 匹配] F8453F9F-3398-453C-BFAC-5EE4896888FA.jpeg (相似度: 0.530)
  💖 [Sophia 匹配] 1D5BDA11-5761-488C-B4A2-E4BE5385851B.jpeg (相似度: 0.570)
  💖 [Sophia 匹配] 946947A3-5791-46AE-BC43-FBBC18D87AC9.jpeg (相似度: 0.535)
  💙 [John 匹配] DA27E1B8-0DA1-456F-A776-EB9E0A123619.jpeg (相似度: 0.542)
  💜 [Sharon 匹配] DA27E1B8-0DA1-456F-A776-EB9E0A123619.jpeg (相似度: 0.450)
  💖 [Sophia 匹配] CEC2C366-D87C-4A49-B5C1-C2779398AF94.jpeg (相似度: 0.437)
  💜 [Sharon 匹配] CEC2C366-D87C-4A49-B5C1-C2779398AF94.jpeg (相似度: 0.498)
  💜 [Sharon 匹配] 90DE4628-D61D-4AA2-B1FE-A4C47896B8C9_1_201_a.jpeg (相似度: 0.567)
  💖 [Sophia 匹配] 90DE4628-D61D-4AA2-B1FE-A4C47896B8C9_1_201_a.jpeg (相似度: 0.449)
  💖 [Sophia 匹配] E66FDB18-7C53-4AD2-BBC1-13BC18F45DF0.jpeg (相似度: 0.518)
  💜 [Sharon 匹配] E66FDB18-7C53-4AD2-BBC1-13BC18F45DF0.jpeg (相似度: 0.415)
  💖 [Sophia 匹配] 85AAADD2-AE54-4907-9E1B-4E20B25D89F7.jpeg (相似度: 0.546)
  💜 [Sharon 匹配] 85AAADD2-AE54-4907-9E1B-4E20B25D89F7.jpeg (相似度: 0.499)
  💖 [Sophia 匹配] A99FFD9B-34D6-4755-82DB-25AD63352056.jpeg (相似度: 0.534)
  💜 [Sharon 匹配] 3EB538D3-3C1B-4240-981B-D75A0DA5242F_1_201_a.jpeg (相似度: 0.609)
  💖 [Sophia 匹配] 3EB538D3-3C1B-4240-981B-D75A0DA5242F_1_201_a.jpeg (相似度: 0.491)
  💙 [John 匹配] 03DB2F13-FEE4-48DD-BE8B-9C3E1C3B9E91.jpeg (相似度: 0.692)
  💜 [Sharon 匹配] 03DB2F13-FEE4-48DD-BE8B-9C3E1C3B9E91.jpeg (相似度: 0.647)
  💖 [Sophia 匹配] AF292B7E-A42D-4F4A-83E2-4C8255B2B751.jpeg (相似度: 0.495)
  💙 [John 匹配] 8865F82A-7B30-482F-95DF-F07D59A4A7B0_1_201_a.jpeg (相似度: 0.683)
  💖 [Sophia 匹配] 20F34AB2-1E89-4437-8013-41EF5D48D5E1.jpeg (相似度: 0.409)
  💙 [John 匹配] 36AF1EAC-F78A-47CD-9578-7A8A7845795E.jpeg (相似度: 0.752)
  💖 [Sophia 匹配] 36AF1EAC-F78A-47CD-9578-7A8A7845795E.jpeg (相似度: 0.501)
  💖 [Sophia 匹配] 87F966CA-63B6-47B1-850A-DCEAA06F95E9.jpeg (相似度: 0.404)
  💖 [Sophia 匹配] 5F89046F-F446-48F6-A27D-E2FE22EBA07A.jpeg (相似度: 0.481)
  💜 [Sharon 匹配] 5F89046F-F446-48F6-A27D-E2FE22EBA07A.jpeg (相似度: 0.502)
  💖 [Sophia 匹配] 2B51ACEE-002A-4A7B-9AD1-953D984B6AA3.jpeg (相似度: 0.418)
  💖 [Sophia 匹配] 069371B1-5CD7-4222-994D-F1E86CBFA199.jpeg (相似度: 0.536)
  💜 [Sharon 匹配] 069371B1-5CD7-4222-994D-F1E86CBFA199.jpeg (相似度: 0.465)
  💖 [Sophia 匹配] 2DEFC610-C733-4BAE-B697-81428EB1EC25.jpeg (相似度: 0.486)
  💖 [Sophia 匹配] 0D97CE51-EC3C-4888-A806-1C247FC8FF27_1_201_a.jpeg (相似度: 0.460)
  💜 [Sharon 匹配] 0D97CE51-EC3C-4888-A806-1C247FC8FF27_1_201_a.jpeg (相似度: 0.473)
  💖 [Sophia 匹配] B895BE78-8A82-4488-8293-73581CAB59FF.jpeg (相似度: 0.544)
  💙 [John 匹配] B895BE78-8A82-4488-8293-73581CAB59FF.jpeg (相似度: 0.480)
  💖 [Sophia 匹配] E7B72EE2-8F42-4F53-99F1-F49E29D1927F_1_201_a.jpeg (相似度: 0.538)
  💖 [Sophia 匹配] BEEA5EB4-5163-418E-8A31-AA8BCA969190_1_201_a.jpeg (相似度: 0.433)
  💜 [Sharon 匹配] BEEA5EB4-5163-418E-8A31-AA8BCA969190_1_201_a.jpeg (相似度: 0.606)
  💙 [John 匹配] 01D230A6-E82C-4954-B673-6CCE2998DF15.jpeg (相似度: 0.762)
  💖 [Sophia 匹配] 01D230A6-E82C-4954-B673-6CCE2998DF15.jpeg (相似度: 0.632)
  💖 [Sophia 匹配] 4983F73B-9717-4BBB-80D8-CBB0E010016A.jpeg (相似度: 0.568)
  💙 [John 匹配] 4983F73B-9717-4BBB-80D8-CBB0E010016A.jpeg (相似度: 0.429)
  💖 [Sophia 匹配] 3BC0F4B9-AB00-475D-8A5F-1A8284D309F8.jpeg (相似度: 0.522)
  💙 [John 匹配] 3BC0F4B9-AB00-475D-8A5F-1A8284D309F8.jpeg (相似度: 0.694)
  💜 [Sharon 匹配] 3BC0F4B9-AB00-475D-8A5F-1A8284D309F8.jpeg (相似度: 0.603)
  💖 [Sophia 匹配] FE6C398A-13D5-4B2A-A441-9D36C87E6DDC.jpeg (相似度: 0.410)
  💜 [Sharon 匹配] FE6C398A-13D5-4B2A-A441-9D36C87E6DDC.jpeg (相似度: 0.445)
  💜 [Sharon 匹配] 9542E388-AE5D-4916-9F61-C62F17E57BB9_1_201_a.jpeg (相似度: 0.634)
  💜 [Sharon 匹配] BA3CE5CC-8754-4F9C-9091-57F284E9C87A_1_201_a.jpeg (相似度: 0.600)
  💖 [Sophia 匹配] 8E9160B0-231C-4801-AF8F-EC24E545415B.jpeg (相似度: 0.475)
  💖 [Sophia 匹配] 4522884A-DAAB-45A2-976B-13718FC035AC.jpeg (相似度: 0.509)
  💙 [John 匹配] 4522884A-DAAB-45A2-976B-13718FC035AC.jpeg (相似度: 0.774)
  💙 [John 匹配] 487B05D1-62E2-46B8-9D9D-8A906E929C0F.jpeg (相似度: 0.743)
  💖 [Sophia 匹配] 487B05D1-62E2-46B8-9D9D-8A906E929C0F.jpeg (相似度: 0.407)
  💖 [Sophia 匹配] 09DE5551-D988-4088-81A1-9C078BA53D05.jpeg (相似度: 0.405)
  💜 [Sharon 匹配] 09DE5551-D988-4088-81A1-9C078BA53D05.jpeg (相似度: 0.552)
  💙 [John 匹配] 09DE5551-D988-4088-81A1-9C078BA53D05.jpeg (相似度: 0.784)
  💙 [John 匹配] 306A572D-A0C3-440F-AC66-E072C4A9A47E.jpeg (相似度: 0.765)
  💖 [Sophia 匹配] 306A572D-A0C3-440F-AC66-E072C4A9A47E.jpeg (相似度: 0.656)
  💖 [Sophia 匹配] ACE485FF-C1AD-4523-8E34-338EC4F72B9A.jpeg (相似度: 0.521)
  💜 [Sharon 匹配] ACE485FF-C1AD-4523-8E34-338EC4F72B9A.jpeg (相似度: 0.637)
  💙 [John 匹配] ACE485FF-C1AD-4523-8E34-338EC4F72B9A.jpeg (相似度: 0.728)
  💖 [Sophia 匹配] 88AE79F7-6542-4F96-8374-ABDA4B37886A.jpeg (相似度: 0.501)
  💙 [John 匹配] CE87E9AA-D164-447F-9FE2-AFC8694C935F.jpeg (相似度: 0.747)
  💖 [Sophia 匹配] DDD755D9-28BA-4C80-A72E-2FE12F244A63.jpeg (相似度: 0.433)
  💜 [Sharon 匹配] DDD755D9-28BA-4C80-A72E-2FE12F244A63.jpeg (相似度: 0.603)
  💙 [John 匹配] 6D79DDCF-23A0-48F4-AC48-49F1AA620008_1_201_a.jpeg (相似度: 0.751)
  💖 [Sophia 匹配] 6D79DDCF-23A0-48F4-AC48-49F1AA620008_1_201_a.jpeg (相似度: 0.631)
  💜 [Sharon 匹配] 6D79DDCF-23A0-48F4-AC48-49F1AA620008_1_201_a.jpeg (相似度: 0.565)
  💖 [Sophia 匹配] 87E61128-8850-42EE-8B87-F30C0CA20DF8.jpeg (相似度: 0.592)
  💙 [John 匹配] 87E61128-8850-42EE-8B87-F30C0CA20DF8.jpeg (相似度: 0.700)
  💜 [Sharon 匹配] 87E61128-8850-42EE-8B87-F30C0CA20DF8.jpeg (相似度: 0.512)
  💙 [John 匹配] 64EBE622-FF52-4A49-89F1-4F0839A19AE5.jpeg (相似度: 0.782)
  💖 [Sophia 匹配] 64EBE622-FF52-4A49-89F1-4F0839A19AE5.jpeg (相似度: 0.415)
  💜 [Sharon 匹配] 64EBE622-FF52-4A49-89F1-4F0839A19AE5.jpeg (相似度: 0.524)
  💖 [Sophia 匹配] 305B26FF-A814-4BD3-9957-AEE52DC9C2D7.jpeg (相似度: 0.403)
  💖 [Sophia 匹配] 6BC3BF77-197E-4E7A-8898-56410105971D_1_201_a.jpeg (相似度: 0.494)
  💜 [Sharon 匹配] 6BC3BF77-197E-4E7A-8898-56410105971D_1_201_a.jpeg (相似度: 0.664)
  💖 [Sophia 匹配] 1CBFA005-82E9-401F-8D20-1F524F51B249.jpeg (相似度: 0.410)
  💖 [Sophia 匹配] D45F045B-E85F-40DC-A43C-A9DB8F3C92E3.jpeg (相似度: 0.561)
  💖 [Sophia 匹配] 36E2BF37-5D9B-45FD-AE6C-E565B3165D8C.jpeg (相似度: 0.431)
  💖 [Sophia 匹配] F587DC1D-FE46-4FDE-8687-BFD5485B3AD4.jpeg (相似度: 0.416)
  💖 [Sophia 匹配] 66687871-B5EE-4C36-A905-1BDD077F5E10.jpeg (相似度: 0.458)
  💜 [Sharon 匹配] 66687871-B5EE-4C36-A905-1BDD077F5E10.jpeg (相似度: 0.595)
  💖 [Sophia 匹配] 770ADA07-4F0E-4378-A1E2-D9214A54317E.jpeg (相似度: 0.577)
  💜 [Sharon 匹配] 770ADA07-4F0E-4378-A1E2-D9214A54317E.jpeg (相似度: 0.615)
  💖 [Sophia 匹配] 40724AE5-C76B-4AD6-9D38-8E46C2094A93.jpeg (相似度: 0.450)
  💜 [Sharon 匹配] 40724AE5-C76B-4AD6-9D38-8E46C2094A93.jpeg (相似度: 0.684)
  💜 [Sharon 匹配] F94BFC89-61DE-435B-9CC9-A21726F45FC9.jpeg (相似度: 0.627)
  💖 [Sophia 匹配] F94BFC89-61DE-435B-9CC9-A21726F45FC9.jpeg (相似度: 0.522)
  💖 [Sophia 匹配] FF85566B-5943-4991-BFF0-8CD15845B16B.jpeg (相似度: 0.503)
  💜 [Sharon 匹配] FF85566B-5943-4991-BFF0-8CD15845B16B.jpeg (相似度: 0.581)
  💖 [Sophia 匹配] 86A7564A-DB52-4347-BF31-4769C99E0048.jpeg (相似度: 0.436)
  💜 [Sharon 匹配] 86A7564A-DB52-4347-BF31-4769C99E0048.jpeg (相似度: 0.412)
  💖 [Sophia 匹配] 550B8C37-6DF0-487B-81D7-087CD89D427F.jpeg (相似度: 0.532)
  💖 [Sophia 匹配] BCFA91C9-0B18-4AC8-9AB0-B1C7B61EC1E0.jpeg (相似度: 0.544)
  💜 [Sharon 匹配] BCFA91C9-0B18-4AC8-9AB0-B1C7B61EC1E0.jpeg (相似度: 0.703)
  💖 [Sophia 匹配] 499F463A-82C1-42F2-9F78-9743AFA27F5B.jpeg (相似度: 0.425)
  💖 [Sophia 匹配] 8185521D-3457-45E6-9763-698A660A4816.jpeg (相似度: 0.457)
  💖 [Sophia 匹配] 9E2A8643-CEBC-429B-B7E5-40DCFAA34F95.jpeg (相似度: 0.576)
  💜 [Sharon 匹配] 9E2A8643-CEBC-429B-B7E5-40DCFAA34F95.jpeg (相似度: 0.621)
  💖 [Sophia 匹配] B44E0C23-C1F1-4E7D-9DF2-83056F50B3EC.jpeg (相似度: 0.413)
  💖 [Sophia 匹配] 3DDA48F6-FB44-4300-817E-B55385B844BF.jpeg (相似度: 0.409)
  💖 [Sophia 匹配] 2ECF57CE-DACC-4177-8B6C-B6F02AF3D90F.jpeg (相似度: 0.442)
  💖 [Sophia 匹配] F43E6CE2-3F39-4A81-BF61-B761FF9A4C08.jpeg (相似度: 0.451)
  💖 [Sophia 匹配] A0B40696-C4F8-4057-9304-9B08FB1A2DFB.jpeg (相似度: 0.498)
  💙 [John 匹配] B0B9767A-4402-49D7-BD49-57A91E0B6611.jpeg (相似度: 0.697)
  💖 [Sophia 匹配] B0B9767A-4402-49D7-BD49-57A91E0B6611.jpeg (相似度: 0.525)
  💖 [Sophia 匹配] C6C0BB9E-D7E2-4522-8056-4EA764036B71.jpeg (相似度: 0.413)
  💙 [John 匹配] F43FD08A-2900-4603-BF10-3898BF5B0642.jpeg (相似度: 0.707)
  💖 [Sophia 匹配] F43FD08A-2900-4603-BF10-3898BF5B0642.jpeg (相似度: 0.502)
  💜 [Sharon 匹配] 50975177-1CC2-46B5-8D5B-DCBD823A3428.jpeg (相似度: 0.583)
  💜 [Sharon 匹配] 2AB5864D-890B-408B-8532-C1BD696CB147_1_201_a.jpeg (相似度: 0.632)
  💜 [Sharon 匹配] 80727B2F-84E3-455D-99E1-12795D0EEEE6.jpeg (相似度: 0.696)
  💙 [John 匹配] FBE9B881-1C22-4C5E-A304-D7A9B9F4EA60.jpeg (相似度: 0.626)
  💜 [Sharon 匹配] 50075931-1D37-4C11-9D92-2A10F835D3D9.jpeg (相似度: 0.619)
  💖 [Sophia 匹配] 50075931-1D37-4C11-9D92-2A10F835D3D9.jpeg (相似度: 0.438)
  💖 [Sophia 匹配] 07E3387D-EA94-4BF4-8207-FCE936771177.jpeg (相似度: 0.425)
  💜 [Sharon 匹配] 07E3387D-EA94-4BF4-8207-FCE936771177.jpeg (相似度: 0.623)
  💖 [Sophia 匹配] FFEA1017-0A3D-43C1-B7C0-94003F78EEC1.jpeg (相似度: 0.542)
  💜 [Sharon 匹配] FFEA1017-0A3D-43C1-B7C0-94003F78EEC1.jpeg (相似度: 0.694)
  💙 [John 匹配] 13E5F047-B20C-473F-BF27-91B75398038C_1_201_a.jpeg (相似度: 0.532)
  💜 [Sharon 匹配] 1193CA18-8F53-454D-B5FC-72460889BD04_1_201_a.jpeg (相似度: 0.564)
  💖 [Sophia 匹配] 1193CA18-8F53-454D-B5FC-72460889BD04_1_201_a.jpeg (相似度: 0.441)
  💙 [John 匹配] 1193CA18-8F53-454D-B5FC-72460889BD04_1_201_a.jpeg (相似度: 0.645)
  💜 [Sharon 匹配] 6BE35E04-55B3-46AE-B080-F49C3B14E14E_1_201_a.jpeg (相似度: 0.461)
  💙 [John 匹配] 6BE35E04-55B3-46AE-B080-F49C3B14E14E_1_201_a.jpeg (相似度: 0.547)
  💜 [Sharon 匹配] 3DCD28C2-848B-46E9-A594-83EB4240DBEA_1_201_a.jpeg (相似度: 0.489)
  💙 [John 匹配] 3DCD28C2-848B-46E9-A594-83EB4240DBEA_1_201_a.jpeg (相似度: 0.534)
  💙 [John 匹配] 5B353DD9-5179-491C-A510-A95B2A5499F4_1_201_a.jpeg (相似度: 0.596)
  💙 [John 匹配] BF8A43DB-2BAA-4071-9EDC-7EDA89CCC700_1_201_a.jpeg (相似度: 0.549)
  💜 [Sharon 匹配] CAD88797-D469-4BE7-8A10-2219D0CF4FDC.jpeg (相似度: 0.605)
  💖 [Sophia 匹配] B59C44FE-95F5-4FB5-9157-FF2CDACAAE9F_1_201_a.jpeg (相似度: 0.444)
  💙 [John 匹配] B59C44FE-95F5-4FB5-9157-FF2CDACAAE9F_1_201_a.jpeg (相似度: 0.731)
  💜 [Sharon 匹配] B59C44FE-95F5-4FB5-9157-FF2CDACAAE9F_1_201_a.jpeg (相似度: 0.697)
  💜 [Sharon 匹配] F1E2E237-10B8-45D5-9EC9-281740FAA91E_1_201_a.jpeg (相似度: 0.493)
  💙 [John 匹配] F1E2E237-10B8-45D5-9EC9-281740FAA91E_1_201_a.jpeg (相似度: 0.547)
  💙 [John 匹配] 9B84D6F0-8A63-42BE-9F32-0C5CA2B1DA7E.jpeg (相似度: 0.608)
  💖 [Sophia 匹配] 76358F20-314F-4FBB-BF79-BA94AF6582EA.jpeg (相似度: 0.408)
  💜 [Sharon 匹配] 76358F20-314F-4FBB-BF79-BA94AF6582EA.jpeg (相似度: 0.635)
  💖 [Sophia 匹配] A8D87E16-1D56-40AD-9621-41D423CAE95A.jpeg (相似度: 0.525)
  💜 [Sharon 匹配] A8D87E16-1D56-40AD-9621-41D423CAE95A.jpeg (相似度: 0.646)
  💖 [Sophia 匹配] ACE983F6-9279-471D-95A2-82A2BFADC563.jpeg (相似度: 0.419)
  💙 [John 匹配] ACE983F6-9279-471D-95A2-82A2BFADC563.jpeg (相似度: 0.679)
  💜 [Sharon 匹配] ACE983F6-9279-471D-95A2-82A2BFADC563.jpeg (相似度: 0.556)
  💖 [Sophia 匹配] 581C9CED-F0CA-43DB-9BB4-DC9BAEB1C6D5.jpeg (相似度: 0.405)
  💙 [John 匹配] 581C9CED-F0CA-43DB-9BB4-DC9BAEB1C6D5.jpeg (相似度: 0.677)
  💜 [Sharon 匹配] 581C9CED-F0CA-43DB-9BB4-DC9BAEB1C6D5.jpeg (相似度: 0.523)
  💖 [Sophia 匹配] 5929FA62-960F-4E54-B3F3-E739FE3BE380.jpeg (相似度: 0.423)
  💖 [Sophia 匹配] 932831CC-9D81-4FE6-8492-63EEA47FA4CD.jpeg (相似度: 0.455)
  💖 [Sophia 匹配] 8A53FE94-9C15-4545-8CBD-7327C07794AA.jpeg (相似度: 0.458)
  💙 [John 匹配] 8A53FE94-9C15-4545-8CBD-7327C07794AA.jpeg (相似度: 0.661)
  💜 [Sharon 匹配] 8A53FE94-9C15-4545-8CBD-7327C07794AA.jpeg (相似度: 0.598)
  💜 [Sharon 匹配] D029748B-E3FA-4B4F-8987-1090D85B0C7E.jpeg (相似度: 0.601)
  💖 [Sophia 匹配] D029748B-E3FA-4B4F-8987-1090D85B0C7E.jpeg (相似度: 0.509)
  💜 [Sharon 匹配] B6880C7D-DB46-485B-9E89-13B33F8D6C9D_1_201_a.jpeg (相似度: 0.644)
  💖 [Sophia 匹配] B6880C7D-DB46-485B-9E89-13B33F8D6C9D_1_201_a.jpeg (相似度: 0.461)
  💖 [Sophia 匹配] 0F4834D6-610A-42BA-8131-F1B9EB30A34A.jpeg (相似度: 0.411)
  💙 [John 匹配] 0F4834D6-610A-42BA-8131-F1B9EB30A34A.jpeg (相似度: 0.655)
  💜 [Sharon 匹配] 0F4834D6-610A-42BA-8131-F1B9EB30A34A.jpeg (相似度: 0.452)
  💙 [John 匹配] 1F6355FF-AFC9-4BBF-AD11-FD91CB2B1CF9.jpeg (相似度: 0.634)
  💖 [Sophia 匹配] 1F6355FF-AFC9-4BBF-AD11-FD91CB2B1CF9.jpeg (相似度: 0.564)
  💜 [Sharon 匹配] 1F6355FF-AFC9-4BBF-AD11-FD91CB2B1CF9.jpeg (相似度: 0.489)
  💖 [Sophia 匹配] 0AB74767-AAD2-40A1-9F81-3D397D099474.jpeg (相似度: 0.401)
  💖 [Sophia 匹配] F526ED26-3023-4C8D-AE6B-CB5B4EF20431_1_201_a.jpeg (相似度: 0.461)
  💙 [John 匹配] F526ED26-3023-4C8D-AE6B-CB5B4EF20431_1_201_a.jpeg (相似度: 0.644)
  💜 [Sharon 匹配] F526ED26-3023-4C8D-AE6B-CB5B4EF20431_1_201_a.jpeg (相似度: 0.640)
  💙 [John 匹配] A7831F54-5003-4266-BC23-1DA34F178DD0.jpeg (相似度: 0.623)
  💖 [Sophia 匹配] A7831F54-5003-4266-BC23-1DA34F178DD0.jpeg (相似度: 0.644)
  💜 [Sharon 匹配] A7831F54-5003-4266-BC23-1DA34F178DD0.jpeg (相似度: 0.529)
  💖 [Sophia 匹配] CA6762D1-BC11-4922-BEAA-060F28324D00.jpeg (相似度: 0.604)
  💙 [John 匹配] CA6762D1-BC11-4922-BEAA-060F28324D00.jpeg (相似度: 0.668)
  💜 [Sharon 匹配] CA6762D1-BC11-4922-BEAA-060F28324D00.jpeg (相似度: 0.553)
  💜 [Sharon 匹配] FDA927FB-4C5D-4B4C-8140-6C10F60A88D8.jpeg (相似度: 0.534)
  💖 [Sophia 匹配] C4012B5A-E7A1-4FC6-869C-56AB0C1573BA.jpeg (相似度: 0.516)
  💜 [Sharon 匹配] C4012B5A-E7A1-4FC6-869C-56AB0C1573BA.jpeg (相似度: 0.665)
  💖 [Sophia 匹配] 6C6A20E1-10CB-40C3-BE1D-3D146DD1441F.jpeg (相似度: 0.428)
  💙 [John 匹配] 6C6A20E1-10CB-40C3-BE1D-3D146DD1441F.jpeg (相似度: 0.637)
  💜 [Sharon 匹配] 6C6A20E1-10CB-40C3-BE1D-3D146DD1441F.jpeg (相似度: 0.586)
  💜 [Sharon 匹配] CA3052EF-7A87-46C2-A1C1-932F03D1F778.jpeg (相似度: 0.597)
  💖 [Sophia 匹配] 2AA27CC2-021C-4951-85BA-6DB7EEBC7563.jpeg (相似度: 0.485)
  💜 [Sharon 匹配] 2AA27CC2-021C-4951-85BA-6DB7EEBC7563.jpeg (相似度: 0.680)
  💖 [Sophia 匹配] A9CDE83B-6A5C-49AB-B913-3903AF52AD74.jpeg (相似度: 0.478)
  💙 [John 匹配] A9CDE83B-6A5C-49AB-B913-3903AF52AD74.jpeg (相似度: 0.653)
  💜 [Sharon 匹配] A9CDE83B-6A5C-49AB-B913-3903AF52AD74.jpeg (相似度: 0.504)
  💙 [John 匹配] 82B4B58C-88ED-4F80-A4FF-C1D0C5EC5477.jpeg (相似度: 0.674)
  💖 [Sophia 匹配] 82B4B58C-88ED-4F80-A4FF-C1D0C5EC5477.jpeg (相似度: 0.434)
  💜 [Sharon 匹配] 82B4B58C-88ED-4F80-A4FF-C1D0C5EC5477.jpeg (相似度: 0.550)
  💜 [Sharon 匹配] 170BC19C-6940-474A-A3C0-36D4BB3E3649.jpeg (相似度: 0.675)
  💜 [Sharon 匹配] 2762B6A7-2D2F-438D-ABEC-EB5C6D56B041.jpeg (相似度: 0.417)
  💙 [John 匹配] 102B244C-BAFD-4C15-BB6C-9E3B52B12B3F.jpeg (相似度: 0.718)
  💖 [Sophia 匹配] 102B244C-BAFD-4C15-BB6C-9E3B52B12B3F.jpeg (相似度: 0.425)
  💙 [John 匹配] 0E38DC45-A1C0-4F11-BE2A-0BF14C59B55C.jpeg (相似度: 0.734)
  💜 [Sharon 匹配] 0E38DC45-A1C0-4F11-BE2A-0BF14C59B55C.jpeg (相似度: 0.585)
  💙 [John 匹配] B61756EF-173F-4AA3-869C-6A402282E817.jpeg (相似度: 0.753)
  💜 [Sharon 匹配] B61756EF-173F-4AA3-869C-6A402282E817.jpeg (相似度: 0.638)
  💖 [Sophia 匹配] 20E38379-C2DD-4636-9686-BEC3BE24DF59.jpeg (相似度: 0.404)
  💙 [John 匹配] 44070BF5-8EFF-4FA0-AEC8-B3F51B904F3E.jpeg (相似度: 0.719)
  💜 [Sharon 匹配] 44070BF5-8EFF-4FA0-AEC8-B3F51B904F3E.jpeg (相似度: 0.638)
  💙 [John 匹配] 8EC19966-7109-41D0-89CB-FDFFA2D5DC2C.jpeg (相似度: 0.520)
  💖 [Sophia 匹配] B1EBEF79-FD86-473E-986B-B6A416BF8F96.jpeg (相似度: 0.447)
  💙 [John 匹配] B1EBEF79-FD86-473E-986B-B6A416BF8F96.jpeg (相似度: 0.732)
  💜 [Sharon 匹配] B1EBEF79-FD86-473E-986B-B6A416BF8F96.jpeg (相似度: 0.568)
  💙 [John 匹配] E55031CA-573E-4E79-9333-9AD71E68B616.jpeg (相似度: 0.443)
  💖 [Sophia 匹配] E55031CA-573E-4E79-9333-9AD71E68B616.jpeg (相似度: 0.435)
  💙 [John 匹配] 960293AA-4B85-4178-882C-53115A6F0C5A.jpeg (相似度: 0.755)
  💜 [Sharon 匹配] 960293AA-4B85-4178-882C-53115A6F0C5A.jpeg (相似度: 0.640)
  💖 [Sophia 匹配] C6A69DF9-189C-4D3C-B0E0-AD45B9E21DE8.jpeg (相似度: 0.531)
  💙 [John 匹配] 5960C2FC-9560-449C-A069-DFDBCAD62929.jpeg (相似度: 0.665)
  💖 [Sophia 匹配] 5960C2FC-9560-449C-A069-DFDBCAD62929.jpeg (相似度: 0.401)
  💙 [John 匹配] 67134D98-D3F7-49C6-8DB6-4527807921DB.jpeg (相似度: 0.512)
  💖 [Sophia 匹配] C8B48E52-1B4F-4DA3-B95F-1ACC27674FDB.jpeg (相似度: 0.482)
  💖 [Sophia 匹配] 01198279-20D2-40EA-949B-DB1C5B31FAE7.jpeg (相似度: 0.476)
  💜 [Sharon 匹配] 01198279-20D2-40EA-949B-DB1C5B31FAE7.jpeg (相似度: 0.573)
  💜 [Sharon 匹配] 663A935B-2357-470B-90FA-C707EFD9D502.jpeg (相似度: 0.437)
  💜 [Sharon 匹配] DE8756C6-BC98-4AC6-AA09-D68ACAC360DD.jpeg (相似度: 0.423)
  💖 [Sophia 匹配] DB052E72-063E-4A99-87EA-6E7273F62689.jpeg (相似度: 0.460)
  💙 [John 匹配] 5994D638-E0F7-4C87-BD02-76CD4998643B.jpeg (相似度: 0.722)
  💙 [John 匹配] 16B3EE8B-1876-4E86-A5CA-03B0FF29A6BC.jpeg (相似度: 0.694)
  💙 [John 匹配] 52DD6471-8F78-4CF9-B0E7-5E11DBE14463.jpeg (相似度: 0.746)
  💖 [Sophia 匹配] 52DD6471-8F78-4CF9-B0E7-5E11DBE14463.jpeg (相似度: 0.514)
  💜 [Sharon 匹配] 52DD6471-8F78-4CF9-B0E7-5E11DBE14463.jpeg (相似度: 0.645)
  💙 [John 匹配] 38586C0D-C9A0-4C03-92C7-7CABCEC85881.jpeg (相似度: 0.601)
  💖 [Sophia 匹配] 38586C0D-C9A0-4C03-92C7-7CABCEC85881.jpeg (相似度: 0.449)
  💙 [John 匹配] 3A6ECDA9-5884-408B-98D1-3C1DD2274C93.jpeg (相似度: 0.706)
  💜 [Sharon 匹配] 3A6ECDA9-5884-408B-98D1-3C1DD2274C93.jpeg (相似度: 0.501)
  💖 [Sophia 匹配] D98F0742-28E5-4003-BBE0-2A0297E90E6C.jpeg (相似度: 0.481)
  💙 [John 匹配] D98F0742-28E5-4003-BBE0-2A0297E90E6C.jpeg (相似度: 0.693)
  💖 [Sophia 匹配] 64CE2C73-8B0A-4CEE-B5FE-356CE161EFC2.jpeg (相似度: 0.561)
  💖 [Sophia 匹配] 9EB0D04A-F8E9-43AF-BBA5-33149513291B.jpeg (相似度: 0.527)
  💙 [John 匹配] 9EB0D04A-F8E9-43AF-BBA5-33149513291B.jpeg (相似度: 0.603)
  💙 [John 匹配] F16D28A0-B84E-4D89-B3A0-4B9EAC92A853.jpeg (相似度: 0.737)
  💜 [Sharon 匹配] F16D28A0-B84E-4D89-B3A0-4B9EAC92A853.jpeg (相似度: 0.611)
  💖 [Sophia 匹配] 268AB4C0-4DDA-42E6-B293-448407EEEFEC.jpeg (相似度: 0.429)
  💖 [Sophia 匹配] A57530BC-9C16-4396-AD6E-767CE6EAB45C.jpeg (相似度: 0.463)
  💖 [Sophia 匹配] 0EF94473-1B8E-4E43-AF78-64795EF5BFE4.jpeg (相似度: 0.543)
  💙 [John 匹配] CC41068C-A378-4626-BD7C-8A72932BB15E.jpeg (相似度: 0.637)
  💜 [Sharon 匹配] CD4A9BCA-5CB0-449E-A655-BB9A00958EAF.jpeg (相似度: 0.661)
  💙 [John 匹配] 41ECB071-EF13-4215-844C-34F73C594B09.jpeg (相似度: 0.650)
  💖 [Sophia 匹配] 41ECB071-EF13-4215-844C-34F73C594B09.jpeg (相似度: 0.497)
  💖 [Sophia 匹配] CE6DAD56-61D2-4A87-9331-9D317FD5F609.jpeg (相似度: 0.455)
  💖 [Sophia 匹配] DA6B2908-4EE7-4D33-B8ED-A11FCCF4DFF9.jpeg (相似度: 0.472)
  💙 [John 匹配] 24D30C99-3920-4460-B1CE-CC14D882A276.jpeg (相似度: 0.674)
  💜 [Sharon 匹配] 24D30C99-3920-4460-B1CE-CC14D882A276.jpeg (相似度: 0.670)
  💙 [John 匹配] E38D1A82-C81D-4EA1-BE19-4D1CB4FE92CF.jpeg (相似度: 0.589)
  💖 [Sophia 匹配] E38D1A82-C81D-4EA1-BE19-4D1CB4FE92CF.jpeg (相似度: 0.468)
  💙 [John 匹配] 5984A6A0-932C-4155-85B3-249F06CF965B.jpeg (相似度: 0.703)
  💖 [Sophia 匹配] 5984A6A0-932C-4155-85B3-249F06CF965B.jpeg (相似度: 0.603)
  💙 [John 匹配] 11B40644-7C0C-4648-976A-B1D4F0BBEA5E.jpeg (相似度: 0.757)
  💜 [Sharon 匹配] 11B40644-7C0C-4648-976A-B1D4F0BBEA5E.jpeg (相似度: 0.636)
  💙 [John 匹配] 0936FF8B-AEE1-4B51-B6DB-20F22F9A9B71.jpeg (相似度: 0.710)
  💖 [Sophia 匹配] 0936FF8B-AEE1-4B51-B6DB-20F22F9A9B71.jpeg (相似度: 0.456)
  💙 [John 匹配] D1AB7E40-B81F-4D43-9CF0-BBA4313AC050.jpeg (相似度: 0.707)
  💜 [Sharon 匹配] D1AB7E40-B81F-4D43-9CF0-BBA4313AC050.jpeg (相似度: 0.470)
  💙 [John 匹配] 76C9F87C-788A-48E0-B758-D00E18559A85.jpeg (相似度: 0.688)
  💜 [Sharon 匹配] 76C9F87C-788A-48E0-B758-D00E18559A85.jpeg (相似度: 0.631)
  💖 [Sophia 匹配] E417B323-162B-4C5D-846D-C0ABCE9ACE01.jpeg (相似度: 0.512)
  💙 [John 匹配] 17398D2D-0FD3-4ACA-86EB-E2EFFC9D4C82.jpeg (相似度: 0.735)
  💜 [Sharon 匹配] 17398D2D-0FD3-4ACA-86EB-E2EFFC9D4C82.jpeg (相似度: 0.604)
  💖 [Sophia 匹配] 164C05F5-F6C0-4E28-BC2A-7E00779DC267.jpeg (相似度: 0.434)
  💙 [John 匹配] 164C05F5-F6C0-4E28-BC2A-7E00779DC267.jpeg (相似度: 0.699)
  💖 [Sophia 匹配] 5BB7556A-A9F7-470E-8FB4-FAE928156461.jpeg (相似度: 0.523)
  💜 [Sharon 匹配] 5BB7556A-A9F7-470E-8FB4-FAE928156461.jpeg (相似度: 0.573)
  💜 [Sharon 匹配] 30ED87D9-2C19-4FCB-A983-865FBC056964.jpeg (相似度: 0.697)
  💙 [John 匹配] 30ED87D9-2C19-4FCB-A983-865FBC056964.jpeg (相似度: 0.709)
  💖 [Sophia 匹配] DB1887D5-8566-462A-B473-307E13E83061.jpeg (相似度: 0.520)
  💙 [John 匹配] DB1887D5-8566-462A-B473-307E13E83061.jpeg (相似度: 0.715)
  💖 [Sophia 匹配] 8D608527-2108-4DC0-BD05-36127BEEDA66.jpeg (相似度: 0.505)
  💜 [Sharon 匹配] 60641EEB-8F41-4395-BFB7-8A6C6CDDC220.jpeg (相似度: 0.633)
  💙 [John 匹配] 8D3FEE49-2F68-434C-9141-3D3905DE864E.jpeg (相似度: 0.772)
  💖 [Sophia 匹配] 1300C9CD-518B-4F0F-8047-9516816A388A.jpeg (相似度: 0.466)
  💙 [John 匹配] 1300C9CD-518B-4F0F-8047-9516816A388A.jpeg (相似度: 0.660)
  💙 [John 匹配] 7FA8E402-A90A-4EAD-B9EC-C4287C0ACA4D.jpeg (相似度: 0.637)
  💖 [Sophia 匹配] 7FA8E402-A90A-4EAD-B9EC-C4287C0ACA4D.jpeg (相似度: 0.483)
  💖 [Sophia 匹配] 270FC892-D829-422E-8D3D-4B98FD980615.jpeg (相似度: 0.509)
  💙 [John 匹配] 8AF726C7-BBFF-4FDF-BF28-FDC362037CCA.jpeg (相似度: 0.690)
  💖 [Sophia 匹配] 8AF726C7-BBFF-4FDF-BF28-FDC362037CCA.jpeg (相似度: 0.426)
  💜 [Sharon 匹配] ECD8C00F-C6D6-4DC1-9A1D-36481C47DBCC.jpeg (相似度: 0.417)
  💖 [Sophia 匹配] 3C3A4710-8D44-4CF8-B1A9-C8600B249434.jpeg (相似度: 0.544)
  💖 [Sophia 匹配] 41C5F60A-842F-48C1-A849-F32497C25C0E.jpeg (相似度: 0.417)
  💖 [Sophia 匹配] E9F0A2F4-9AB4-4047-97C7-8181164CE0EB.jpeg (相似度: 0.568)
  💙 [John 匹配] E9F0A2F4-9AB4-4047-97C7-8181164CE0EB.jpeg (相似度: 0.714)
  💖 [Sophia 匹配] 2308405C-4C7F-4EAF-851C-B39575B9CA83.jpeg (相似度: 0.435)
  💖 [Sophia 匹配] 9F45A7B1-AD4D-41E6-A04E-2FF3679C2392.jpeg (相似度: 0.447)
  💖 [Sophia 匹配] 190CB114-C353-488C-BCD4-049AAEC5176F.jpeg (相似度: 0.507)
  💙 [John 匹配] 4223628D-7346-493A-A49D-85FEF8B44B1D.jpeg (相似度: 0.400)
  💖 [Sophia 匹配] 1A1E1A00-733B-4AD3-99EE-25FF26A512FE.jpeg (相似度: 0.519)
  💜 [Sharon 匹配] 1A1E1A00-733B-4AD3-99EE-25FF26A512FE.jpeg (相似度: 0.595)
  💙 [John 匹配] 1A1E1A00-733B-4AD3-99EE-25FF26A512FE.jpeg (相似度: 0.718)
  💜 [Sharon 匹配] 5F1EACFA-C3F3-469B-BA32-3EA028D1D124.jpeg (相似度: 0.664)
  💙 [John 匹配] C09FCEB0-9312-437E-B6B2-158FED93CA74.jpeg (相似度: 0.685)
  💖 [Sophia 匹配] C09FCEB0-9312-437E-B6B2-158FED93CA74.jpeg (相似度: 0.586)
  💖 [Sophia 匹配] 6A078090-AC4C-4ED6-9FCC-0BFD6A6A3166.jpeg (相似度: 0.473)
  💙 [John 匹配] 6A078090-AC4C-4ED6-9FCC-0BFD6A6A3166.jpeg (相似度: 0.753)
  💖 [Sophia 匹配] F0E5D984-13B9-4A00-A2B8-006DC36A0EBB.jpeg (相似度: 0.416)
  💖 [Sophia 匹配] 5048F534-01DB-4ADE-860F-6A465534A6C1.jpeg (相似度: 0.502)
  💙 [John 匹配] 5048F534-01DB-4ADE-860F-6A465534A6C1.jpeg (相似度: 0.678)
  💙 [John 匹配] 7C72A833-0289-4ABF-9BC0-16D2AA37864F.jpeg (相似度: 0.738)
  💜 [Sharon 匹配] 7C72A833-0289-4ABF-9BC0-16D2AA37864F.jpeg (相似度: 0.580)
  💙 [John 匹配] 5C6FA681-6030-4DED-ACED-ACDB09D6359B.jpeg (相似度: 0.418)
  💖 [Sophia 匹配] A9546861-CC4D-4D83-AC91-455D42CB8B17.jpeg (相似度: 0.508)
  💙 [John 匹配] 957A0EAD-8DEA-4CB3-8D70-D459D4DDCA5B.jpeg (相似度: 0.758)
  💖 [Sophia 匹配] 90EEC2AF-DB3D-471A-AC48-AE3DE40AC941.jpeg (相似度: 0.507)
  💖 [Sophia 匹配] B7118D07-4C5E-4F46-B10C-7E19197265C3.jpeg (相似度: 0.575)
  💖 [Sophia 匹配] C4DF26CB-F4CE-4377-8B3D-281A94ECDF39.jpeg (相似度: 0.541)
  💙 [John 匹配] 652D5764-CB8D-4DE8-919C-4486341E8CBD.jpeg (相似度: 0.677)
  💖 [Sophia 匹配] 652D5764-CB8D-4DE8-919C-4486341E8CBD.jpeg (相似度: 0.432)
  💖 [Sophia 匹配] D4781A7C-E665-4365-ABDA-D535BAF0F145.jpeg (相似度: 0.456)
  💖 [Sophia 匹配] A8ABE09B-7BF5-4CE5-8B88-AB16890E26BF.jpeg (相似度: 0.470)
  💖 [Sophia 匹配] 048DA4E6-A3D9-4B3C-9566-B662118B7FF4.jpeg (相似度: 0.463)
  💙 [John 匹配] ED773ADA-4F4C-4A01-BBAC-654AB1CE3639.jpeg (相似度: 0.676)
  💖 [Sophia 匹配] ED773ADA-4F4C-4A01-BBAC-654AB1CE3639.jpeg (相似度: 0.447)
  💖 [Sophia 匹配] 9DA2D871-AF52-4826-BC2E-E709A3C24BF7.jpeg (相似度: 0.533)
  💙 [John 匹配] 9DA2D871-AF52-4826-BC2E-E709A3C24BF7.jpeg (相似度: 0.718)
  💙 [John 匹配] 1E76CA58-C2EB-4143-8557-E69F37BB5FD4.jpeg (相似度: 0.742)
  💖 [Sophia 匹配] 1E76CA58-C2EB-4143-8557-E69F37BB5FD4.jpeg (相似度: 0.437)
  💖 [Sophia 匹配] DAD9F562-BE0F-46D3-A218-2DCE1A43C129.jpeg (相似度: 0.486)
  💙 [John 匹配] 575699AB-7450-4E42-AF5B-3932B4D9F4AE.jpeg (相似度: 0.742)
  💜 [Sharon 匹配] 575699AB-7450-4E42-AF5B-3932B4D9F4AE.jpeg (相似度: 0.606)
  💖 [Sophia 匹配] 0716522C-2B72-4449-9B4C-2FA67095015F.jpeg (相似度: 0.459)
  💜 [Sharon 匹配] 0716522C-2B72-4449-9B4C-2FA67095015F.jpeg (相似度: 0.611)
  💙 [John 匹配] 0716522C-2B72-4449-9B4C-2FA67095015F.jpeg (相似度: 0.709)
  💖 [Sophia 匹配] CD57BE3F-E3B0-4D78-A27B-16BE29FC5076.jpeg (相似度: 0.665)
  💜 [Sharon 匹配] CD57BE3F-E3B0-4D78-A27B-16BE29FC5076.jpeg (相似度: 0.595)
  💙 [John 匹配] CD57BE3F-E3B0-4D78-A27B-16BE29FC5076.jpeg (相似度: 0.717)
  💙 [John 匹配] 1099A546-B091-4DFC-A50A-2100069E28CF.jpeg (相似度: 0.707)
  💖 [Sophia 匹配] 1099A546-B091-4DFC-A50A-2100069E28CF.jpeg (相似度: 0.670)
  💖 [Sophia 匹配] A45BDB78-DFE3-4D4A-995E-70E3C138E9D0.jpeg (相似度: 0.449)
  💙 [John 匹配] A45BDB78-DFE3-4D4A-995E-70E3C138E9D0.jpeg (相似度: 0.708)
  💜 [Sharon 匹配] EF5661CF-340B-4332-AFC9-9EECB9DF8F59_1_201_a.jpeg (相似度: 0.602)
  💖 [Sophia 匹配] F21EC8B0-1648-41C5-82F6-4FAFDA416E16.jpeg (相似度: 0.454)
  💙 [John 匹配] F21EC8B0-1648-41C5-82F6-4FAFDA416E16.jpeg (相似度: 0.702)
  💙 [John 匹配] 05107094-AD6B-4380-ACC8-776F94BEA355.jpeg (相似度: 0.746)
  💜 [Sharon 匹配] 05107094-AD6B-4380-ACC8-776F94BEA355.jpeg (相似度: 0.501)
  💜 [Sharon 匹配] ACAE0091-49BB-4709-96F4-763B83A19822.jpeg (相似度: 0.615)
  💜 [Sharon 匹配] 82EC8A5B-D4E0-48B4-A629-BF58C1ADC8AB.jpeg (相似度: 0.530)
  💜 [Sharon 匹配] D1BB25AB-226C-4B4D-B1B6-02DD3CD4ECE7.jpeg (相似度: 0.482)
  💖 [Sophia 匹配] D908BB9F-7903-4153-AA93-61C2FCAA788A.jpeg (相似度: 0.428)
  💜 [Sharon 匹配] D908BB9F-7903-4153-AA93-61C2FCAA788A.jpeg (相似度: 0.543)
  💜 [Sharon 匹配] 1914AE55-3E35-47EF-B3B4-0B0E61C3CC24_1_201_a.jpeg (相似度: 0.593)
  💜 [Sharon 匹配] C5ED1263-1231-468C-91A1-119A41AEBBC2.jpeg (相似度: 0.611)
  💜 [Sharon 匹配] 4B9BC8B8-6E02-4383-8219-7B1C93B4D429_1_201_a.jpeg (相似度: 0.598)
  💖 [Sophia 匹配] 4B9BC8B8-6E02-4383-8219-7B1C93B4D429_1_201_a.jpeg (相似度: 0.500)
  💜 [Sharon 匹配] 03BF0E8B-9819-4C85-9A6B-E493BF9A2AF1.jpeg (相似度: 0.664)
  💖 [Sophia 匹配] 0DB34B7A-551B-4817-9741-4401CF56801B.jpeg (相似度: 0.466)
  💜 [Sharon 匹配] 0DB34B7A-551B-4817-9741-4401CF56801B.jpeg (相似度: 0.714)
  💙 [John 匹配] 069EA691-B3DA-4039-8ECF-720801345B9E.jpeg (相似度: 0.742)
  💖 [Sophia 匹配] 069EA691-B3DA-4039-8ECF-720801345B9E.jpeg (相似度: 0.491)
  💜 [Sharon 匹配] 069EA691-B3DA-4039-8ECF-720801345B9E.jpeg (相似度: 0.713)
  💜 [Sharon 匹配] 56B9270A-0480-4D4D-8F59-1039E6959190.jpeg (相似度: 0.689)
  💖 [Sophia 匹配] 56B9270A-0480-4D4D-8F59-1039E6959190.jpeg (相似度: 0.523)
  💖 [Sophia 匹配] 431851F8-0D99-457F-843A-EFDD870A7733.jpeg (相似度: 0.516)
  💖 [Sophia 匹配] 85B07330-1F6F-4208-9967-CBC292BDB17A.jpeg (相似度: 0.540)
  💖 [Sophia 匹配] 69D75DEF-F523-40DD-8546-8E66E1018CC0.jpeg (相似度: 0.488)
  💙 [John 匹配] 0888E135-A48E-46AB-AECB-7CE1D0717A88.jpeg (相似度: 0.659)
  💜 [Sharon 匹配] 0888E135-A48E-46AB-AECB-7CE1D0717A88.jpeg (相似度: 0.537)
  💙 [John 匹配] 72B0248B-2A15-4C8B-B8DF-705CF1D1E97D.jpeg (相似度: 0.629)
  💜 [Sharon 匹配] 72B0248B-2A15-4C8B-B8DF-705CF1D1E97D.jpeg (相似度: 0.579)
  💜 [Sharon 匹配] 739F87CF-89E3-4E41-85BE-AEDF7D318ED8.jpeg (相似度: 0.724)
  💜 [Sharon 匹配] 69F507EB-BDD4-482D-BA63-55BF8E49E102.jpeg (相似度: 0.678)
  💜 [Sharon 匹配] 21D4FAE6-0BE2-4FE2-AC04-B7108AB262A6.jpeg (相似度: 0.639)
  💙 [John 匹配] 5285378A-9483-4115-8E95-9FAC80907975.jpeg (相似度: 0.560)
  💖 [Sophia 匹配] 675E3200-D83A-4F7B-ACBA-05557F110C24.jpeg (相似度: 0.460)
  💖 [Sophia 匹配] IMG_1260.jpeg (相似度: 0.410)
  💖 [Sophia 匹配] IMG_1257.jpeg (相似度: 0.417)
  💖 [Sophia 匹配] IMG_2039.JPG (相似度: 0.619)
  💖 [Sophia 匹配] IMG_2038.JPG (相似度: 0.642)
  💖 [Sophia 匹配] IMG_2035.jpeg (相似度: 0.514)
  💙 [John 匹配] IMG_2048.JPG (相似度: 0.661)
  💖 [Sophia 匹配] IMG_2048.JPG (相似度: 0.599)
  💖 [Sophia 匹配] IMG_2049.JPG (相似度: 0.579)
  💙 [John 匹配] IMG_2049.JPG (相似度: 0.473)
  💖 [Sophia 匹配] IMG_2084.JPG (相似度: 0.676)
  💜 [Sharon 匹配] IMG_2084.JPG (相似度: 0.632)
  💙 [John 匹配] IMG_2084.JPG (相似度: 0.773)
  💜 [Sharon 匹配] IMG_2047.JPG (相似度: 0.614)
  💜 [Sharon 匹配] IMG_2046.JPG (相似度: 0.549)
  💖 [Sophia 匹配] IMG_2046.JPG (相似度: 0.610)
  💖 [Sophia 匹配] IMG_2036.jpeg (相似度: 0.505)
  💖 [Sophia 匹配] IMG_2044.JPG (相似度: 0.464)
  💖 [Sophia 匹配] IMG_2045.JPG (相似度: 0.541)
  💙 [John 匹配] IMG_2082.JPG (相似度: 0.764)
  💖 [Sophia 匹配] IMG_2082.JPG (相似度: 0.731)
  💖 [Sophia 匹配] IMG_2040.JPG (相似度: 0.642)
  💖 [Sophia 匹配] IMG_2083.JPG (相似度: 0.634)
  💙 [John 匹配] IMG_2083.JPG (相似度: 0.769)
  💖 [Sophia 匹配] IMG_2037.jpeg (相似度: 0.473)
  💜 [Sharon 匹配] IMG_2081.JPG (相似度: 0.644)
  💖 [Sophia 匹配] IMG_2081.JPG (相似度: 0.652)
  💖 [Sophia 匹配] IMG_2042.JPG (相似度: 0.674)
  💜 [Sharon 匹配] IMG_2043.JPG (相似度: 0.673)
  💖 [Sophia 匹配] IMG_2043.JPG (相似度: 0.647)
  💖 [Sophia 匹配] IMG_2080.JPG (相似度: 0.697)
  💜 [Sharon 匹配] IMG_2080.JPG (相似度: 0.690)
  💜 [Sharon 匹配] IMG_1433.jpeg (相似度: 0.605)
  💜 [Sharon 匹配] IMG_1413.jpeg (相似度: 0.628)
  💜 [Sharon 匹配] IMG_1412.jpeg (相似度: 0.597)
  💜 [Sharon 匹配] IMG_1432.jpeg (相似度: 0.620)
  💜 [Sharon 匹配] IMG_1415.jpeg (相似度: 0.505)
  💜 [Sharon 匹配] IMG_6256.jpeg (相似度: 0.536)
  💜 [Sharon 匹配] IMG_1419.jpeg (相似度: 0.431)
  💜 [Sharon 匹配] IMG_6260.jpeg (相似度: 0.531)
  💜 [Sharon 匹配] IMG_1434.jpeg (相似度: 0.404)
  💜 [Sharon 匹配] IMG_6261.jpeg (相似度: 0.528)
  💜 [Sharon 匹配] IMG_1418.jpeg (相似度: 0.513)
  💜 [Sharon 匹配] IMG_6257.jpeg (相似度: 0.561)
  💜 [Sharon 匹配] IMG_1357.jpeg (相似度: 0.481)
  💜 [Sharon 匹配] IMG_1414.jpeg (相似度: 0.518)
  💜 [Sharon 匹配] IMG_6254.jpeg (相似度: 0.460)
  💜 [Sharon 匹配] IMG_1417.jpeg (相似度: 0.554)
  💜 [Sharon 匹配] IMG_6258.jpeg (相似度: 0.521)
  💜 [Sharon 匹配] IMG_6262.jpeg (相似度: 0.544)
  💜 [Sharon 匹配] IMG_6263.jpeg (相似度: 0.566)
  💜 [Sharon 匹配] IMG_1420.jpeg (相似度: 0.465)
⏳ 已深度辨識 500 / 8413 張相片 (110.8 秒)...
  💜 [Sharon 匹配] IMG_6259.jpeg (相似度: 0.448)
  💜 [Sharon 匹配] IMG_1416.jpeg (相似度: 0.472)
  💜 [Sharon 匹配] IMG_6255.jpeg (相似度: 0.479)
  💜 [Sharon 匹配] IMG_1431.jpeg (相似度: 0.588)
  💜 [Sharon 匹配] IMG_6252.jpeg (相似度: 0.598)
  💜 [Sharon 匹配] IMG_6253.jpeg (相似度: 0.606)
  💜 [Sharon 匹配] IMG_1430.jpeg (相似度: 0.647)
  💜 [Sharon 匹配] IMG_2491.jpeg (相似度: 0.537)
  💜 [Sharon 匹配] IMG_2490.jpeg (相似度: 0.541)
  💜 [Sharon 匹配] IMG_2489.jpeg (相似度: 0.491)
  💙 [John 匹配] IMG_1673.jpeg (相似度: 0.645)
  💜 [Sharon 匹配] IMG_1673.jpeg (相似度: 0.420)
  💙 [John 匹配] IMG_8761.jpeg (相似度: 0.565)
  💙 [John 匹配] IMG_8760.jpeg (相似度: 0.777)
  💜 [Sharon 匹配] IMG_8760.jpeg (相似度: 0.508)
  💙 [John 匹配] IMG_1672.jpeg (相似度: 0.741)
  💜 [Sharon 匹配] IMG_1672.jpeg (相似度: 0.536)
  💙 [John 匹配] IMG_1706.jpeg (相似度: 0.618)
  💜 [Sharon 匹配] IMG_1706.jpeg (相似度: 0.471)
  💙 [John 匹配] IMG_8827.JPG (相似度: 0.520)
  💙 [John 匹配] IMG_1675.jpeg (相似度: 0.568)
  💙 [John 匹配] IMG_8818.JPG (相似度: 0.522)
  💙 [John 匹配] IMG_1674.jpeg (相似度: 0.715)
  💜 [Sharon 匹配] IMG_1674.jpeg (相似度: 0.585)
  💙 [John 匹配] IMG_8809.JPG (相似度: 0.479)
  💙 [John 匹配] IMG_8837.JPG (相似度: 0.456)
  💙 [John 匹配] IMG_1704.jpeg (相似度: 0.741)
  💜 [Sharon 匹配] IMG_1704.jpeg (相似度: 0.597)
  💙 [John 匹配] IMG_8765.jpeg (相似度: 0.637)
  💙 [John 匹配] IMG_8800.JPG (相似度: 0.497)
  💙 [John 匹配] IMG_8764.jpeg (相似度: 0.580)
  💙 [John 匹配] IMG_1705.jpeg (相似度: 0.714)
  💜 [Sharon 匹配] IMG_1705.jpeg (相似度: 0.582)
  💙 [John 匹配] IMG_1671.jpeg (相似度: 0.762)
  💜 [Sharon 匹配] IMG_1671.jpeg (相似度: 0.517)
  💙 [John 匹配] IMG_8759.jpeg (相似度: 0.599)
  💙 [John 匹配] IMG_1702.jpeg (相似度: 0.410)
  💙 [John 匹配] IMG_8763.jpeg (相似度: 0.735)
  💜 [Sharon 匹配] IMG_8763.jpeg (相似度: 0.558)
  💙 [John 匹配] IMG_8762.jpeg (相似度: 0.746)
  💜 [Sharon 匹配] IMG_8762.jpeg (相似度: 0.546)
  💙 [John 匹配] IMG_1703.jpeg (相似度: 0.775)
  💜 [Sharon 匹配] IMG_1703.jpeg (相似度: 0.596)
  💙 [John 匹配] IMG_1575.jpeg (相似度: 0.453)
  💖 [Sophia 匹配] IMG_2367.JPG (相似度: 0.688)
  💙 [John 匹配] IMG_2373.JPG (相似度: 0.662)
  💖 [Sophia 匹配] IMG_2373.JPG (相似度: 0.679)
  💖 [Sophia 匹配] 4773787789729682352.344ae338f4098f7ccc89a72445c80c2c.22071815.JPG (相似度: 0.580)
  💙 [John 匹配] 4773787789729682352.2fa829ff5958e5731021ec7a4618513e.22071815.JPG (相似度: 0.677)
  💖 [Sophia 匹配] 4773787789729682352.2fa829ff5958e5731021ec7a4618513e.22071815.JPG (相似度: 0.678)
  💙 [John 匹配] IMG_2372.JPG (相似度: 0.686)
  💖 [Sophia 匹配] IMG_2372.JPG (相似度: 0.702)
  💖 [Sophia 匹配] IMG_2366.JPG (相似度: 0.619)
  💙 [John 匹配] IMG_2370.JPG (相似度: 0.684)
  💖 [Sophia 匹配] IMG_2370.JPG (相似度: 0.688)
  💜 [Sharon 匹配] IMG_2370.JPG (相似度: 0.533)
  💖 [Sophia 匹配] IMG_2364.JPG (相似度: 0.641)
  💖 [Sophia 匹配] 4773787789729682352.2427c28db26d69155147a494920a75d8.22071815.JPG (相似度: 0.604)
  💖 [Sophia 匹配] IMG_2359.JPG (相似度: 0.699)
  💖 [Sophia 匹配] IMG_2365.JPG (相似度: 0.647)
  💖 [Sophia 匹配] IMG_2371.JPG (相似度: 0.673)
  💜 [Sharon 匹配] IMG_2371.JPG (相似度: 0.599)
  💙 [John 匹配] IMG_2371.JPG (相似度: 0.658)
  💖 [Sophia 匹配] IMG_2360.JPG (相似度: 0.644)
  💖 [Sophia 匹配] 4773787789729682352.4503801d1237712917fbf22f6cd52fce.22071815.JPG (相似度: 0.566)
  💖 [Sophia 匹配] IMG_2362.JPG (相似度: 0.667)
  💖 [Sophia 匹配] 4773787789729682352.8acc899276e4346f87d893d6c2763809.22071815.JPG (相似度: 0.475)
  💖 [Sophia 匹配] IMG_2363.JPG (相似度: 0.636)
  💖 [Sophia 匹配] 4773787789729682352.96552202a0ee5249489f234313f49152.22071815.JPG (相似度: 0.608)
  💖 [Sophia 匹配] 4773787789729682352.f4817c57c50a828227aea917801f7758.22071815.JPG (相似度: 0.602)
  💙 [John 匹配] 4773787789729682352.2f9323051e35296a92cf5c048bf40720.22071815.JPG (相似度: 0.633)
  💖 [Sophia 匹配] 4773787789729682352.2f9323051e35296a92cf5c048bf40720.22071815.JPG (相似度: 0.666)
  💜 [Sharon 匹配] 4773787789729682352.2f9323051e35296a92cf5c048bf40720.22071815.JPG (相似度: 0.525)
  💖 [Sophia 匹配] 4773787789729682352.a1ff4f4cb86f544cac1deec323fd44a2.22071815.JPG (相似度: 0.662)
  💜 [Sharon 匹配] 4773787789729682352.a1ff4f4cb86f544cac1deec323fd44a2.22071815.JPG (相似度: 0.551)
  💖 [Sophia 匹配] 4773787789729682352.24a4b5daf84b995d482be831f78a10e8.22071815.JPG (相似度: 0.583)
  💖 [Sophia 匹配] 4773787789729682352.6637dcc5b869019533359201769025f7.22071815.JPG (相似度: 0.534)
  💖 [Sophia 匹配] 4773787789729682352.f26546ae9cdcea1a133527f6ca81f90c.22071815.JPG (相似度: 0.584)
  💖 [Sophia 匹配] 4773787789729682352.1819054214e466d0fbc7c240d658f0a4.22071815.JPG (相似度: 0.512)
  💖 [Sophia 匹配] 4773787789729682352.fcc2177d7e26fa711effccf3d807522f.22071815.JPG (相似度: 0.612)
  💙 [John 匹配] 4773787789729682352.fcc2177d7e26fa711effccf3d807522f.22071815.JPG (相似度: 0.644)
  💜 [Sharon 匹配] 4773787789729682352.fcc2177d7e26fa711effccf3d807522f.22071815.JPG (相似度: 0.496)
  💖 [Sophia 匹配] 4773787789729682352.dd02e7032a32438612ec4deffed35293.22071815.JPG (相似度: 0.637)
  💖 [Sophia 匹配] 4773787789729682352.d6926d8acee653dd156d6601b33a6fe9.22071815.JPG (相似度: 0.568)
  💖 [Sophia 匹配] IMG_2368.JPG (相似度: 0.682)
  💖 [Sophia 匹配] IMG_2354.JPG (相似度: 0.619)
  💖 [Sophia 匹配] 4773787789729682352.7fde410982a69fa142b25a8767253975.22071815.JPG (相似度: 0.651)
  💙 [John 匹配] 4773787789729682352.7fde410982a69fa142b25a8767253975.22071815.JPG (相似度: 0.630)
  💜 [Sharon 匹配] 4773787789729682352.7fde410982a69fa142b25a8767253975.22071815.JPG (相似度: 0.596)
  💖 [Sophia 匹配] 4773787789729682352.e882001aca8e763b8d5da8554de67b5b.22071815.JPG (相似度: 0.651)
  💖 [Sophia 匹配] IMG_2355.JPG (相似度: 0.528)
  💙 [John 匹配] IMG_2369.JPG (相似度: 0.677)
  💖 [Sophia 匹配] IMG_2369.JPG (相似度: 0.635)
  💜 [Sharon 匹配] IMG_2369.JPG (相似度: 0.502)
  💙 [John 匹配] 4773787789729682352.66326b193ebcfb772a508d1c1f649a1a.22071815.JPG (相似度: 0.672)
  💜 [Sharon 匹配] 4773787789729682352.66326b193ebcfb772a508d1c1f649a1a.22071815.JPG (相似度: 0.456)
  💖 [Sophia 匹配] 4773787789729682352.66326b193ebcfb772a508d1c1f649a1a.22071815.JPG (相似度: 0.530)
  💖 [Sophia 匹配] 4773787789729682352.c9744a4260c3ecae4823053fc948c825.22071815.JPG (相似度: 0.604)
  💖 [Sophia 匹配] 4773787789729682352.0025f3d644755445a0707ae2e23d0d57.22071815.JPG (相似度: 0.609)
  💖 [Sophia 匹配] IMG_1312.jpeg (相似度: 0.425)
  💙 [John 匹配] IMG_1179.jpeg (相似度: 0.543)
  💙 [John 匹配] IMG_1180.jpeg (相似度: 0.523)
  💙 [John 匹配] IMG_1178.jpeg (相似度: 0.530)
  💖 [Sophia 匹配] IMG_1219.jpeg (相似度: 0.435)
  💙 [John 匹配] IMG_0957.jpeg (相似度: 0.548)
  💙 [John 匹配] IMG_1222.jpeg (相似度: 0.407)
  💙 [John 匹配] IMG_0951.jpeg (相似度: 0.744)
  💙 [John 匹配] IMG_0952.jpeg (相似度: 0.724)
  💙 [John 匹配] IMG_0955.jpeg (相似度: 0.502)
  💙 [John 匹配] IMG_0954.jpeg (相似度: 0.513)
  💖 [Sophia 匹配] IMG_1220.jpeg (相似度: 0.436)
  💙 [John 匹配] IMG_0958.jpeg (相似度: 0.567)
  💜 [Sharon 匹配] IMG_1574.jpeg (相似度: 0.566)
  💜 [Sharon 匹配] IMG_1537.jpeg (相似度: 0.592)
  💜 [Sharon 匹配] IMG_1540.jpeg (相似度: 0.628)
  💜 [Sharon 匹配] IMG_1536.jpeg (相似度: 0.614)
  💜 [Sharon 匹配] IMG_1549.jpeg (相似度: 0.453)
  💜 [Sharon 匹配] IMG_1539.jpeg (相似度: 0.629)
  💜 [Sharon 匹配] IMG_1538.jpeg (相似度: 0.642)
  💜 [Sharon 匹配] IMG_1834.jpeg (相似度: 0.466)
  💜 [Sharon 匹配] IMG_1838.jpeg (相似度: 0.621)
  💜 [Sharon 匹配] IMG_1980.JPG (相似度: 0.539)
  💜 [Sharon 匹配] IMG_1837.jpeg (相似度: 0.612)
  💜 [Sharon 匹配] IMG_1979.JPG (相似度: 0.635)
  💜 [Sharon 匹配] IMG_1978.JPG (相似度: 0.578)
  💜 [Sharon 匹配] DSC05939.JPG (相似度: 0.716)
  💜 [Sharon 匹配] DSC05938.JPG (相似度: 0.705)
  💜 [Sharon 匹配] DSC05959.JPG (相似度: 0.678)
  💙 [John 匹配] DSC05959.JPG (相似度: 0.810)
  💙 [John 匹配] DSC05965.JPG (相似度: 0.783)
  💜 [Sharon 匹配] DSC05965.JPG (相似度: 0.650)
  💜 [Sharon 匹配] DSC05964.JPG (相似度: 0.644)
  💙 [John 匹配] DSC05958.JPG (相似度: 0.786)
  💜 [Sharon 匹配] DSC05958.JPG (相似度: 0.607)
  💙 [John 匹配] DSC05966.JPG (相似度: 0.790)
  💜 [Sharon 匹配] DSC05966.JPG (相似度: 0.645)
  💜 [Sharon 匹配] DSC05963.JPG (相似度: 0.651)
  💜 [Sharon 匹配] DSC05962.JPG (相似度: 0.551)
  💜 [Sharon 匹配] DSC05960.JPG (相似度: 0.633)
  💙 [John 匹配] DSC05944.JPG (相似度: 0.788)
  💙 [John 匹配] DSC05945.JPG (相似度: 0.776)
  💙 [John 匹配] DSC05946.JPG (相似度: 0.758)
  💙 [John 匹配] DSC05956.JPG (相似度: 0.791)
  💜 [Sharon 匹配] DSC05956.JPG (相似度: 0.573)
  💜 [Sharon 匹配] DSC05942.JPG (相似度: 0.716)
  💙 [John 匹配] DSC05942.JPG (相似度: 0.771)
  💙 [John 匹配] DSC05943.JPG (相似度: 0.763)
  💙 [John 匹配] DSC05957.JPG (相似度: 0.830)
  💜 [Sharon 匹配] DSC05957.JPG (相似度: 0.655)
  💜 [Sharon 匹配] DSC05941.JPG (相似度: 0.718)
  💙 [John 匹配] DSC05941.JPG (相似度: 0.786)
  💙 [John 匹配] DSC05955.JPG (相似度: 0.807)
  💜 [Sharon 匹配] DSC05955.JPG (相似度: 0.578)
  💙 [John 匹配] DSC05954.JPG (相似度: 0.773)
  💜 [Sharon 匹配] DSC05954.JPG (相似度: 0.629)
  💜 [Sharon 匹配] DSC05940.JPG (相似度: 0.707)
  💙 [John 匹配] DSC05940.JPG (相似度: 0.794)
  💜 [Sharon 匹配] DSC05936.JPG (相似度: 0.687)
  💜 [Sharon 匹配] DSC05937.JPG (相似度: 0.574)
  💙 [John 匹配] IMG_6112.jpeg (相似度: 0.556)
  💖 [Sophia 匹配] IMG_6109.jpeg (相似度: 0.401)
  💙 [John 匹配] IMG_6113.jpeg (相似度: 0.538)
  💖 [Sophia 匹配] IMG_2039.JPG (相似度: 0.619)
  💖 [Sophia 匹配] IMG_2038.JPG (相似度: 0.642)
  💙 [John 匹配] IMG_2048.JPG (相似度: 0.661)
  💖 [Sophia 匹配] IMG_2048.JPG (相似度: 0.599)
  💖 [Sophia 匹配] IMG_2049.JPG (相似度: 0.579)
  💙 [John 匹配] IMG_2049.JPG (相似度: 0.473)
  💜 [Sharon 匹配] IMG_1823.JPG (相似度: 0.596)
  💖 [Sophia 匹配] IMG_2084.JPG (相似度: 0.676)
  💜 [Sharon 匹配] IMG_2084.JPG (相似度: 0.632)
  💙 [John 匹配] IMG_2084.JPG (相似度: 0.773)
  💜 [Sharon 匹配] IMG_2047.JPG (相似度: 0.614)
  💜 [Sharon 匹配] IMG_2046.JPG (相似度: 0.549)
  💖 [Sophia 匹配] IMG_2046.JPG (相似度: 0.610)
  💖 [Sophia 匹配] IMG_2044.JPG (相似度: 0.464)
  💖 [Sophia 匹配] IMG_2045.JPG (相似度: 0.541)
  💙 [John 匹配] IMG_2082.JPG (相似度: 0.764)
  💖 [Sophia 匹配] IMG_2082.JPG (相似度: 0.731)
  💖 [Sophia 匹配] IMG_2040.JPG (相似度: 0.642)
  💖 [Sophia 匹配] IMG_2083.JPG (相似度: 0.634)
  💙 [John 匹配] IMG_2083.JPG (相似度: 0.769)
  💜 [Sharon 匹配] IMG_2081.JPG (相似度: 0.644)
  💖 [Sophia 匹配] IMG_2081.JPG (相似度: 0.652)
  💖 [Sophia 匹配] IMG_2042.JPG (相似度: 0.674)
  💜 [Sharon 匹配] IMG_2043.JPG (相似度: 0.673)
  💖 [Sophia 匹配] IMG_2043.JPG (相似度: 0.647)
  💖 [Sophia 匹配] IMG_2080.JPG (相似度: 0.697)
  💜 [Sharon 匹配] IMG_2080.JPG (相似度: 0.690)
  💜 [Sharon 匹配] IMG_1354.jpeg (相似度: 0.690)
  💜 [Sharon 匹配] IMG_1355.jpeg (相似度: 0.695)
  💜 [Sharon 匹配] IMG_2830.JPG (相似度: 0.510)
  💙 [John 匹配] IMG_2830.JPG (相似度: 0.644)
  💜 [Sharon 匹配] IMG_2762.JPG (相似度: 0.488)
  💜 [Sharon 匹配] IMG_2831.JPG (相似度: 0.525)
  💙 [John 匹配] IMG_2831.JPG (相似度: 0.604)
  💜 [Sharon 匹配] IMG_2760.JPG (相似度: 0.620)
  💙 [John 匹配] IMG_2760.JPG (相似度: 0.777)
  💜 [Sharon 匹配] IMG_2761.JPG (相似度: 0.614)
  💙 [John 匹配] IMG_2739.JPG (相似度: 0.758)
  💜 [Sharon 匹配] IMG_2739.JPG (相似度: 0.670)
  💙 [John 匹配] IMG_2803.jpeg (相似度: 0.551)
  💙 [John 匹配] IMG_2802.jpeg (相似度: 0.557)
  💙 [John 匹配] IMG_2800.jpeg (相似度: 0.555)
  💙 [John 匹配] IMG_1025.JPG (相似度: 0.678)
  💖 [Sophia 匹配] IMG_1025.JPG (相似度: 0.674)
  💜 [Sharon 匹配] IMG_1025.JPG (相似度: 0.599)
  💖 [Sophia 匹配] IMG_1032.JPG (相似度: 0.986)
  💜 [Sharon 匹配] IMG_2262.jpeg (相似度: 0.524)
  💜 [Sharon 匹配] IMG_2250.jpeg (相似度: 0.581)
  💙 [John 匹配] IMG_2250.jpeg (相似度: 0.504)
  💜 [Sharon 匹配] IMG_1875.JPG (相似度: 0.519)
  💜 [Sharon 匹配] IMG_1849.JPG (相似度: 0.563)
  💜 [Sharon 匹配] IMG_1915.JPG (相似度: 0.523)
  💙 [John 匹配] IMG_1929.JPG (相似度: 0.755)
  💜 [Sharon 匹配] IMG_1929.JPG (相似度: 0.549)
  💜 [Sharon 匹配] IMG_2005.JPG (相似度: 0.550)
  💙 [John 匹配] IMG_2004.JPG (相似度: 0.672)
  💜 [Sharon 匹配] IMG_2004.JPG (相似度: 0.496)
  💙 [John 匹配] IMG_2010.JPG (相似度: 0.582)
  💜 [Sharon 匹配] IMG_1914.JPG (相似度: 0.581)
  💜 [Sharon 匹配] IMG_1848.JPG (相似度: 0.621)
  💙 [John 匹配] IMG_1848.JPG (相似度: 0.675)
  💙 [John 匹配] IMG_1874.JPG (相似度: 0.584)
  💜 [Sharon 匹配] IMG_1862.JPG (相似度: 0.633)
  💙 [John 匹配] IMG_1862.JPG (相似度: 0.682)
  💜 [Sharon 匹配] IMG_1876.JPG (相似度: 0.501)
  💙 [John 匹配] IMG_1916.JPG (相似度: 0.630)
  💜 [Sharon 匹配] IMG_1902.JPG (相似度: 0.663)
  💙 [John 匹配] IMG_1902.JPG (相似度: 0.675)
  💙 [John 匹配] IMG_2012.JPG (相似度: 0.594)
  💜 [Sharon 匹配] IMG_2007.JPG (相似度: 0.564)
  💙 [John 匹配] IMG_2007.JPG (相似度: 0.540)
  💙 [John 匹配] IMG_1903.JPG (相似度: 0.670)
  💜 [Sharon 匹配] IMG_1903.JPG (相似度: 0.565)
  💙 [John 匹配] IMG_1917.JPG (相似度: 0.682)
  💜 [Sharon 匹配] IMG_1877.JPG (相似度: 0.590)
  💜 [Sharon 匹配] IMG_1867.JPG (相似度: 0.473)
  💙 [John 匹配] IMG_1867.JPG (相似度: 0.656)
  💙 [John 匹配] IMG_1873.JPG (相似度: 0.537)
  💙 [John 匹配] IMG_1913.JPG (相似度: 0.684)
  💜 [Sharon 匹配] IMG_1913.JPG (相似度: 0.595)
  💜 [Sharon 匹配] IMG_1907.JPG (相似度: 0.659)
  💙 [John 匹配] IMG_2003.JPG (相似度: 0.511)
  💙 [John 匹配] IMG_2002.JPG (相似度: 0.562)
  💜 [Sharon 匹配] IMG_1906.JPG (相似度: 0.646)
  💜 [Sharon 匹配] IMG_1912.JPG (相似度: 0.632)
  💜 [Sharon 匹配] IMG_1872.JPG (相似度: 0.585)
  💙 [John 匹配] IMG_1872.JPG (相似度: 0.629)
  💜 [Sharon 匹配] IMG_1858.JPG (相似度: 0.600)
  💜 [Sharon 匹配] IMG_1870.JPG (相似度: 0.633)
  💙 [John 匹配] IMG_1870.JPG (相似度: 0.761)
  💜 [Sharon 匹配] IMG_1864.JPG (相似度: 0.529)
  💙 [John 匹配] IMG_1864.JPG (相似度: 0.679)
  💜 [Sharon 匹配] IMG_1938.JPG (相似度: 0.621)
  💜 [Sharon 匹配] IMG_1904.JPG (相似度: 0.473)
  💙 [John 匹配] IMG_1904.JPG (相似度: 0.493)
  💜 [Sharon 匹配] IMG_1910.JPG (相似度: 0.633)
  💙 [John 匹配] IMG_2014.JPG (相似度: 0.492)
  💙 [John 匹配] IMG_2001.JPG (相似度: 0.627)
  💙 [John 匹配] IMG_2015.JPG (相似度: 0.524)
  💙 [John 匹配] IMG_1911.JPG (相似度: 0.579)
  💜 [Sharon 匹配] IMG_1911.JPG (相似度: 0.583)
  💙 [John 匹配] IMG_1905.JPG (相似度: 0.756)
  💜 [Sharon 匹配] IMG_1905.JPG (相似度: 0.563)
  💜 [Sharon 匹配] IMG_1939.JPG (相似度: 0.522)
  💜 [Sharon 匹配] IMG_1865.JPG (相似度: 0.578)
  💙 [John 匹配] IMG_1865.JPG (相似度: 0.721)
  💜 [Sharon 匹配] IMG_1871.JPG (相似度: 0.563)
  💙 [John 匹配] IMG_1859.JPG (相似度: 0.679)
  💜 [Sharon 匹配] IMG_1859.JPG (相似度: 0.658)
  💙 [John 匹配] IMG_1989.JPG (相似度: 0.689)
  💜 [Sharon 匹配] IMG_1988.JPG (相似度: 0.534)
  💙 [John 匹配] IMG_1988.JPG (相似度: 0.691)
  💜 [Sharon 匹配] IMG_1948.JPG (相似度: 0.597)
  💙 [John 匹配] IMG_1998.JPG (相似度: 0.633)
  💙 [John 匹配] IMG_1999.JPG (相似度: 0.686)
  💙 [John 匹配] IMG_1995.JPG (相似度: 0.470)
  💙 [John 匹配] IMG_1954.JPG (相似度: 0.685)
  💜 [Sharon 匹配] IMG_1954.JPG (相似度: 0.453)
  💜 [Sharon 匹配] IMG_1940.JPG (相似度: 0.533)
  💙 [John 匹配] IMG_1940.JPG (相似度: 0.678)
  💙 [John 匹配] IMG_1941.JPG (相似度: 0.643)
  💜 [Sharon 匹配] IMG_1941.JPG (相似度: 0.501)
  💜 [Sharon 匹配] IMG_1945.JPG (相似度: 0.551)
  💙 [John 匹配] IMG_1945.JPG (相似度: 0.549)
  💙 [John 匹配] IMG_1992.JPG (相似度: 0.577)
  💙 [John 匹配] IMG_1952.JPG (相似度: 0.495)
  💙 [John 匹配] IMG_1990.JPG (相似度: 0.440)
  💜 [Sharon 匹配] IMG_1953.JPG (相似度: 0.401)
  💙 [John 匹配] IMG_1854.JPG (相似度: 0.534)
  💜 [Sharon 匹配] IMG_1854.JPG (相似度: 0.489)
  💜 [Sharon 匹配] IMG_1868.JPG (相似度: 0.524)
  💙 [John 匹配] IMG_1868.JPG (相似度: 0.603)
  💙 [John 匹配] IMG_1934.JPG (相似度: 0.591)
  💜 [Sharon 匹配] IMG_1934.JPG (相似度: 0.477)
  💙 [John 匹配] IMG_1908.JPG (相似度: 0.451)
  💜 [Sharon 匹配] IMG_1908.JPG (相似度: 0.489)
  💜 [Sharon 匹配] IMG_1909.JPG (相似度: 0.603)
  💜 [Sharon 匹配] IMG_1935.JPG (相似度: 0.406)
  💙 [John 匹配] IMG_1935.JPG (相似度: 0.631)
  💜 [Sharon 匹配] IMG_1869.JPG (相似度: 0.586)
  💙 [John 匹配] IMG_1869.JPG (相似度: 0.671)
  💜 [Sharon 匹配] IMG_1855.JPG (相似度: 0.586)
  💙 [John 匹配] IMG_1855.JPG (相似度: 0.476)
  💙 [John 匹配] IMG_1843.JPG (相似度: 0.500)
  💙 [John 匹配] IMG_1857.JPG (相似度: 0.730)
  💜 [Sharon 匹配] IMG_1857.JPG (相似度: 0.611)
  💜 [Sharon 匹配] IMG_1937.JPG (相似度: 0.527)
  💙 [John 匹配] IMG_1937.JPG (相似度: 0.646)
  💙 [John 匹配] IMG_1923.JPG (相似度: 0.690)
  💜 [Sharon 匹配] IMG_1923.JPG (相似度: 0.408)
  💙 [John 匹配] IMG_1922.JPG (相似度: 0.797)
  💜 [Sharon 匹配] IMG_1922.JPG (相似度: 0.531)
  💙 [John 匹配] IMG_1936.JPG (相似度: 0.572)
  💜 [Sharon 匹配] IMG_1856.JPG (相似度: 0.553)
  💙 [John 匹配] IMG_1856.JPG (相似度: 0.528)
  💙 [John 匹配] IMG_1846.JPG (相似度: 0.659)
  💜 [Sharon 匹配] IMG_1852.JPG (相似度: 0.633)
  💙 [John 匹配] IMG_1926.JPG (相似度: 0.689)
  💜 [Sharon 匹配] IMG_1926.JPG (相似度: 0.436)
  💙 [John 匹配] IMG_1933.JPG (相似度: 0.571)
  💜 [Sharon 匹配] IMG_1933.JPG (相似度: 0.477)
  💜 [Sharon 匹配] IMG_1853.JPG (相似度: 0.581)
  💜 [Sharon 匹配] IMG_1847.JPG (相似度: 0.579)
  💙 [John 匹配] IMG_1847.JPG (相似度: 0.489)
  💜 [Sharon 匹配] IMG_1879.JPG (相似度: 0.494)
  💙 [John 匹配] IMG_1879.JPG (相似度: 0.578)
  💜 [Sharon 匹配] IMG_1851.JPG (相似度: 0.663)
  💙 [John 匹配] IMG_1845.JPG (相似度: 0.696)
  💜 [Sharon 匹配] IMG_1845.JPG (相似度: 0.597)
  💙 [John 匹配] IMG_1925.JPG (相似度: 0.697)
  💙 [John 匹配] IMG_1931.JPG (相似度: 0.785)
  💜 [Sharon 匹配] IMG_1931.JPG (相似度: 0.580)
  💜 [Sharon 匹配] IMG_2009.JPG (相似度: 0.623)
  💙 [John 匹配] IMG_2009.JPG (相似度: 0.702)
  💜 [Sharon 匹配] IMG_2008.JPG (相似度: 0.487)
  💜 [Sharon 匹配] IMG_1930.JPG (相似度: 0.513)
  💙 [John 匹配] IMG_1924.JPG (相似度: 0.601)
  💜 [Sharon 匹配] IMG_1918.JPG (相似度: 0.661)
  💜 [Sharon 匹配] IMG_1844.JPG (相似度: 0.609)
  💙 [John 匹配] IMG_1844.JPG (相似度: 0.727)
  💙 [John 匹配] IMG_1850.JPG (相似度: 0.580)
  💜 [Sharon 匹配] IMG_1850.JPG (相似度: 0.604)
  💙 [John 匹配] IMG_1878.JPG (相似度: 0.702)
  💙 [John 匹配] IMG_1366.jpeg (相似度: 0.682)
  💙 [John 匹配] IMG_1367.jpeg (相似度: 0.602)
  💜 [Sharon 匹配] IMG_2847.jpeg (相似度: 0.518)
  💙 [John 匹配] IMG_8700.jpeg (相似度: 0.600)
  💜 [Sharon 匹配] IMG_8700.jpeg (相似度: 0.542)
  💙 [John 匹配] IMG_8701.jpeg (相似度: 0.636)
  💜 [Sharon 匹配] IMG_8701.jpeg (相似度: 0.565)
⏳ 已深度辨識 1000 / 8413 張相片 (300.0 秒)...
  💙 [John 匹配] IMG_8652.jpeg (相似度: 0.615)
  💖 [Sophia 匹配] IMG_8652.jpeg (相似度: 0.570)
  💜 [Sharon 匹配] IMG_8708.jpeg (相似度: 0.471)
  💙 [John 匹配] IMG_8708.jpeg (相似度: 0.628)
  💜 [Sharon 匹配] IMG_8712.jpeg (相似度: 0.683)
  💙 [John 匹配] IMG_8694.jpeg (相似度: 0.645)
  💙 [John 匹配] IMG_8695.jpeg (相似度: 0.630)
  💜 [Sharon 匹配] IMG_8713.jpeg (相似度: 0.677)
  💙 [John 匹配] IMG_8699.jpeg (相似度: 0.596)
  💜 [Sharon 匹配] IMG_8699.jpeg (相似度: 0.464)
  💙 [John 匹配] IMG_8702.jpeg (相似度: 0.617)
  💜 [Sharon 匹配] IMG_8702.jpeg (相似度: 0.571)
  💜 [Sharon 匹配] IMG_8714.jpeg (相似度: 0.645)
  💙 [John 匹配] IMG_8693.jpeg (相似度: 0.616)
  💙 [John 匹配] IMG_0463.jpeg (相似度: 0.488)
  💙 [John 匹配] IMG_0462.jpeg (相似度: 0.454)
  💙 [John 匹配] IMG_0461.jpeg (相似度: 0.481)
  💙 [John 匹配] IMG_2747.jpeg (相似度: 0.640)
  💜 [Sharon 匹配] IMG_2747.jpeg (相似度: 0.465)
  💜 [Sharon 匹配] IMG_2750.jpeg (相似度: 0.542)
  💙 [John 匹配] IMG_2746.jpeg (相似度: 0.652)
  💜 [Sharon 匹配] IMG_2746.jpeg (相似度: 0.472)
  💙 [John 匹配] IMG_2741.jpeg (相似度: 0.522)
  💜 [Sharon 匹配] IMG_2757.jpeg (相似度: 0.554)
  💜 [Sharon 匹配] IMG_2777.jpeg (相似度: 0.564)
  💙 [John 匹配] IMG_2777.jpeg (相似度: 0.567)
  💜 [Sharon 匹配] IMG_2776.jpeg (相似度: 0.525)
  💙 [John 匹配] IMG_2776.jpeg (相似度: 0.554)
  💜 [Sharon 匹配] IMG_2738.JPG (相似度: 0.538)
  💖 [Sophia 匹配] IMG_2755.jpeg (相似度: 0.458)
  💜 [Sharon 匹配] IMG_2733.JPG (相似度: 0.446)
  💜 [Sharon 匹配] IMG_2725.JPG (相似度: 0.448)
  💜 [Sharon 匹配] IMG_2732.jpeg (相似度: 0.459)
  💜 [Sharon 匹配] IMG_2745.jpeg (相似度: 0.471)
  💜 [Sharon 匹配] IMG_2744.jpeg (相似度: 0.471)
  💖 [Sophia 匹配] IMG_2752.jpeg (相似度: 0.526)
  💙 [John 匹配] IMG_2748.jpeg (相似度: 0.643)
  💜 [Sharon 匹配] IMG_2748.jpeg (相似度: 0.418)
  💜 [Sharon 匹配] IMG_2500.jpeg (相似度: 0.475)
  💜 [Sharon 匹配] IMG_2525.jpeg (相似度: 0.613)
  💙 [John 匹配] IMG_0577.jpeg (相似度: 0.474)
  💜 [Sharon 匹配] IMG_0595.jpeg (相似度: 0.455)
  💙 [John 匹配] IMG_0576.jpeg (相似度: 0.469)
  💜 [Sharon 匹配] IMG_0576.jpeg (相似度: 0.402)
  💜 [Sharon 匹配] IMG_0608.jpeg (相似度: 0.441)
  💜 [Sharon 匹配] IMG_0570.jpeg (相似度: 0.431)
  💜 [Sharon 匹配] IMG_0614.jpeg (相似度: 0.435)
  💜 [Sharon 匹配] IMG_0585.jpeg (相似度: 0.405)
  💙 [John 匹配] IMG_0573.jpeg (相似度: 0.450)
  💜 [Sharon 匹配] IMG_0572.jpeg (相似度: 0.405)
  💜 [Sharon 匹配] IMG_0616.jpeg (相似度: 0.408)
  💙 [John 匹配] IMG_0616.jpeg (相似度: 0.495)
  💙 [John 匹配] IMG_0575.jpeg (相似度: 0.495)
  💙 [John 匹配] IMG_0579.jpeg (相似度: 0.430)
  💜 [Sharon 匹配] IMG_0579.jpeg (相似度: 0.408)
  💙 [John 匹配] IMG_0578.jpeg (相似度: 0.482)
  💙 [John 匹配] IMG_0574.jpeg (相似度: 0.481)
  💙 [John 匹配] IMG_1673.jpeg (相似度: 0.729)
  💜 [Sharon 匹配] IMG_1645.jpeg (相似度: 0.665)
  💜 [Sharon 匹配] IMG_1613.jpeg (相似度: 0.585)
  💜 [Sharon 匹配] IMG_1644.jpeg (相似度: 0.656)
  💜 [Sharon 匹配] IMG_1648.jpeg (相似度: 0.627)
  💙 [John 匹配] IMG_1648.jpeg (相似度: 0.552)
  💜 [Sharon 匹配] IMG_1625.jpeg (相似度: 0.632)
  💜 [Sharon 匹配] IMG_1635.jpeg (相似度: 0.666)
  💜 [Sharon 匹配] IMG_1674.jpeg (相似度: 0.616)
  💜 [Sharon 匹配] IMG_1641.jpeg (相似度: 0.666)
  💜 [Sharon 匹配] IMG_1636.jpeg (相似度: 0.468)
  💜 [Sharon 匹配] IMG_1695.jpeg (相似度: 0.670)
  💙 [John 匹配] IMG_1695.jpeg (相似度: 0.728)
  💜 [Sharon 匹配] IMG_1630.jpeg (相似度: 0.632)
  💜 [Sharon 匹配] IMG_1688.jpeg (相似度: 0.641)
  💜 [Sharon 匹配] IMG_1646.jpeg (相似度: 0.673)
  💜 [Sharon 匹配] IMG_1631.jpeg (相似度: 0.644)
  💙 [John 匹配] IMG_9437.JPG (相似度: 0.763)
  💜 [Sharon 匹配] IMG_9437.JPG (相似度: 0.561)
  💜 [Sharon 匹配] IMG_9438.JPG (相似度: 0.569)
  💙 [John 匹配] IMG_9438.JPG (相似度: 0.624)
  💖 [Sophia 匹配] IMG_2853.JPG (相似度: 0.509)
  💜 [Sharon 匹配] IMG_2885.JPG (相似度: 0.573)
  💜 [Sharon 匹配] IMG_2887.JPG (相似度: 0.573)
  💜 [Sharon 匹配] IMG_2886.JPG (相似度: 0.592)
  💜 [Sharon 匹配] IMG_9845.jpeg (相似度: 0.601)
  💖 [Sophia 匹配] IMG_9845.jpeg (相似度: 0.479)
  💜 [Sharon 匹配] IMG_9839.jpeg (相似度: 0.557)
  💜 [Sharon 匹配] IMG_9840.jpeg (相似度: 0.650)
  💜 [Sharon 匹配] IMG_9847.jpeg (相似度: 0.461)
  💖 [Sophia 匹配] IMG_9851.jpeg (相似度: 0.536)
  💖 [Sophia 匹配] IMG_9850.jpeg (相似度: 0.593)
  💜 [Sharon 匹配] IMG_9850.jpeg (相似度: 0.598)
  💜 [Sharon 匹配] IMG_2474.jpeg (相似度: 0.518)
  💜 [Sharon 匹配] IMG_2481.jpeg (相似度: 0.497)
  💜 [Sharon 匹配] IMG_2479.jpeg (相似度: 0.576)
  💜 [Sharon 匹配] IMG_2480.jpeg (相似度: 0.548)
  💜 [Sharon 匹配] IMG_2475.jpeg (相似度: 0.543)
  💙 [John 匹配] IMG_2464.jpeg (相似度: 0.604)
  💜 [Sharon 匹配] IMG_2464.jpeg (相似度: 0.531)
  💜 [Sharon 匹配] IMG_2472.jpeg (相似度: 0.550)
  💜 [Sharon 匹配] IMG_2473.jpeg (相似度: 0.574)
  💙 [John 匹配] IMG_2465.jpeg (相似度: 0.623)
  💜 [Sharon 匹配] IMG_2465.jpeg (相似度: 0.555)
  💜 [Sharon 匹配] IMG_2469.jpeg (相似度: 0.474)
  💙 [John 匹配] IMG_2485.jpeg (相似度: 0.628)
  💜 [Sharon 匹配] IMG_2485.jpeg (相似度: 0.513)
  💙 [John 匹配] IMG_2466.jpeg (相似度: 0.604)
  💜 [Sharon 匹配] IMG_2466.jpeg (相似度: 0.510)
  💙 [John 匹配] IMG_2467.jpeg (相似度: 0.611)
  💜 [Sharon 匹配] IMG_2467.jpeg (相似度: 0.484)
  💜 [Sharon 匹配] IMG_2471.jpeg (相似度: 0.560)
  💜 [Sharon 匹配] IMG_2476.jpeg (相似度: 0.557)
  💙 [John 匹配] IMG_2482.jpeg (相似度: 0.626)
  💜 [Sharon 匹配] IMG_2498.jpeg (相似度: 0.516)
  💙 [John 匹配] IMG_2498.jpeg (相似度: 0.654)
  💜 [Sharon 匹配] IMG_2477.jpeg (相似度: 0.490)
  💙 [John 匹配] IMG_8956.jpeg (相似度: 0.648)
  💜 [Sharon 匹配] IMG_8956.jpeg (相似度: 0.548)
  💙 [John 匹配] IMG_8957.jpeg (相似度: 0.670)
  💜 [Sharon 匹配] IMG_8957.jpeg (相似度: 0.660)
  💜 [Sharon 匹配] IMG_8952.jpeg (相似度: 0.631)
  💜 [Sharon 匹配] IMG_8953.jpeg (相似度: 0.684)
  💜 [Sharon 匹配] IMG_8954.jpeg (相似度: 0.602)
  💙 [John 匹配] IMG_8958.jpeg (相似度: 0.657)
  💜 [Sharon 匹配] IMG_8958.jpeg (相似度: 0.649)
  💜 [Sharon 匹配] IMG_8959.jpeg (相似度: 0.610)
  💙 [John 匹配] IMG_8959.jpeg (相似度: 0.688)
  💙 [John 匹配] IMG_8955.jpeg (相似度: 0.735)
  💜 [Sharon 匹配] IMG_8955.jpeg (相似度: 0.624)
  💜 [Sharon 匹配] IMG_1016.JPG (相似度: 0.500)
  💖 [Sophia 匹配] IMG_1016.JPG (相似度: 0.546)
  💜 [Sharon 匹配] IMG_1013.JPG (相似度: 0.501)
  💙 [John 匹配] IMG_2157.jpeg (相似度: 0.661)
  💜 [Sharon 匹配] IMG_2157.jpeg (相似度: 0.539)
  💙 [John 匹配] IMG_2156.jpeg (相似度: 0.688)
  💜 [Sharon 匹配] IMG_2156.jpeg (相似度: 0.508)
  💙 [John 匹配] IMG_2160.jpeg (相似度: 0.626)
  💜 [Sharon 匹配] IMG_2160.jpeg (相似度: 0.508)
  💜 [Sharon 匹配] IMG_2151.jpeg (相似度: 0.538)
  💙 [John 匹配] IMG_2153.jpeg (相似度: 0.561)
  💙 [John 匹配] IMG_2152.jpeg (相似度: 0.681)
  💜 [Sharon 匹配] IMG_2152.jpeg (相似度: 0.400)
  💙 [John 匹配] IMG_2159.jpeg (相似度: 0.595)
  💜 [Sharon 匹配] IMG_2159.jpeg (相似度: 0.462)
  💜 [Sharon 匹配] IMG_2154.jpeg (相似度: 0.519)
  💙 [John 匹配] IMG_2158.jpeg (相似度: 0.609)
  💜 [Sharon 匹配] IMG_2654.jpeg (相似度: 0.595)
  💖 [Sophia 匹配] IMG_2654.jpeg (相似度: 0.529)
  💙 [John 匹配] IMG_2654.jpeg (相似度: 0.653)
  💖 [Sophia 匹配] IMG_2653.jpeg (相似度: 0.689)
  💜 [Sharon 匹配] IMG_2653.jpeg (相似度: 0.605)
  💙 [John 匹配] IMG_2653.jpeg (相似度: 0.687)
  💜 [Sharon 匹配] IMG_2649.jpeg (相似度: 0.677)
  💖 [Sophia 匹配] IMG_2649.jpeg (相似度: 0.575)
  💜 [Sharon 匹配] IMG_2648.jpeg (相似度: 0.634)
  💖 [Sophia 匹配] IMG_2648.jpeg (相似度: 0.565)
  💜 [Sharon 匹配] IMG_2652.jpeg (相似度: 0.609)
  💖 [Sophia 匹配] IMG_2652.jpeg (相似度: 0.671)
  💙 [John 匹配] IMG_2652.jpeg (相似度: 0.678)
  💜 [Sharon 匹配] IMG_2647.jpeg (相似度: 0.654)
  💜 [Sharon 匹配] IMG_2646.jpeg (相似度: 0.638)
  💜 [Sharon 匹配] IMG_1798.jpeg (相似度: 0.544)
  💙 [John 匹配] IMG_1782.jpeg (相似度: 0.417)
  💙 [John 匹配] IMG_1794.jpeg (相似度: 0.576)
  💜 [Sharon 匹配] IMG_1829.jpeg (相似度: 0.593)
  💜 [Sharon 匹配] IMG_1828.jpeg (相似度: 0.597)
  💜 [Sharon 匹配] IMG_1795.jpeg (相似度: 0.407)
  💜 [Sharon 匹配] IMG_1824.jpeg (相似度: 0.593)
  💜 [Sharon 匹配] IMG_1799.jpeg (相似度: 0.569)
  💜 [Sharon 匹配] IMG_1760.jpeg (相似度: 0.440)
  💙 [John 匹配] IMG_1784.jpeg (相似度: 0.437)
  💜 [Sharon 匹配] IMG_1792.jpeg (相似度: 0.458)
  💜 [Sharon 匹配] IMG_1788.jpeg (相似度: 0.506)
  💜 [Sharon 匹配] IMG_1771.jpeg (相似度: 0.419)
  💜 [Sharon 匹配] IMG_1770.jpeg (相似度: 0.630)
  💜 [Sharon 匹配] IMG_1766.jpeg (相似度: 0.450)
  💜 [Sharon 匹配] IMG_1789.jpeg (相似度: 0.498)
  💜 [Sharon 匹配] IMG_1802.jpeg (相似度: 0.538)
  💜 [Sharon 匹配] IMG_1745.jpeg (相似度: 0.418)
  💜 [Sharon 匹配] IMG_1790.jpeg (相似度: 0.580)
  💜 [Sharon 匹配] IMG_1801.jpeg (相似度: 0.592)
  💜 [Sharon 匹配] IMG_1769.jpeg (相似度: 0.593)
  💜 [Sharon 匹配] IMG_1773.jpeg (相似度: 0.403)
  💜 [Sharon 匹配] IMG_1765.jpeg (相似度: 0.455)
  💜 [Sharon 匹配] IMG_1709.jpeg (相似度: 0.531)
  💜 [Sharon 匹配] IMG_1787.jpeg (相似度: 0.462)
  💜 [Sharon 匹配] IMG_1768.jpeg (相似度: 0.572)
  💜 [Sharon 匹配] IMG_1800.jpeg (相似度: 0.567)
  💜 [Sharon 匹配] IMG_1791.jpeg (相似度: 0.587)
  💜 [Sharon 匹配] IMG_1713.jpeg (相似度: 0.432)
  💜 [Sharon 匹配] IMG_1827.jpeg (相似度: 0.606)
  💜 [Sharon 匹配] IMG_1759.jpeg (相似度: 0.424)
  💙 [John 匹配] IMG_1755.jpeg (相似度: 0.536)
  💜 [Sharon 匹配] IMG_1796.jpeg (相似度: 0.431)
  💙 [John 匹配] IMG_1779.jpeg (相似度: 0.556)
  💜 [Sharon 匹配] IMG_1779.jpeg (相似度: 0.454)
  💙 [John 匹配] IMG_1780.jpeg (相似度: 0.610)
  💙 [John 匹配] IMG_1781.jpeg (相似度: 0.619)
  💜 [Sharon 匹配] IMG_1781.jpeg (相似度: 0.454)
  💜 [Sharon 匹配] IMG_1797.jpeg (相似度: 0.601)
  💜 [Sharon 匹配] IMG_1826.jpeg (相似度: 0.620)
  💜 [Sharon 匹配] IMG_0654.jpeg (相似度: 0.434)
  💙 [John 匹配] IMG_0654.jpeg (相似度: 0.475)
  💙 [John 匹配] IMG_0662.jpeg (相似度: 0.615)
  💖 [Sophia 匹配] IMG_0662.jpeg (相似度: 0.457)
  💙 [John 匹配] IMG_0655.jpeg (相似度: 0.506)
  💜 [Sharon 匹配] IMG_0655.jpeg (相似度: 0.418)
  💖 [Sophia 匹配] IMG_0655.jpeg (相似度: 0.430)
  💙 [John 匹配] IMG_0656.jpeg (相似度: 0.535)
  💜 [Sharon 匹配] IMG_0656.jpeg (相似度: 0.401)
  💙 [John 匹配] IMG_0657.jpeg (相似度: 0.498)
  💜 [Sharon 匹配] IMG_0657.jpeg (相似度: 0.432)
  💖 [Sophia 匹配] IMG_0657.jpeg (相似度: 0.467)
  💜 [Sharon 匹配] IMG_0651.jpeg (相似度: 0.411)
  💜 [Sharon 匹配] IMG_1956.jpeg (相似度: 0.607)
  💙 [John 匹配] IMG_1956.jpeg (相似度: 0.639)
  💜 [Sharon 匹配] IMG_1983.jpeg (相似度: 0.499)
  💙 [John 匹配] IMG_1983.jpeg (相似度: 0.555)
  💙 [John 匹配] IMG_1946.jpeg (相似度: 0.742)
  💜 [Sharon 匹配] IMG_1946.jpeg (相似度: 0.617)
  💙 [John 匹配] IMG_1985.jpeg (相似度: 0.532)
  💜 [Sharon 匹配] IMG_1985.jpeg (相似度: 0.538)
  💙 [John 匹配] IMG_1970.jpeg (相似度: 0.553)
  💙 [John 匹配] IMG_1931.jpeg (相似度: 0.753)
  💜 [Sharon 匹配] IMG_1931.jpeg (相似度: 0.566)
  💜 [Sharon 匹配] IMG_1966.jpeg (相似度: 0.488)
  💙 [John 匹配] IMG_1966.jpeg (相似度: 0.521)
  💙 [John 匹配] IMG_1967.jpeg (相似度: 0.526)
  💜 [Sharon 匹配] IMG_1967.jpeg (相似度: 0.538)
  💜 [Sharon 匹配] IMG_1988.jpeg (相似度: 0.444)
  💙 [John 匹配] IMG_1930.jpeg (相似度: 0.752)
  💜 [Sharon 匹配] IMG_1930.jpeg (相似度: 0.574)
  💜 [Sharon 匹配] IMG_1971.jpeg (相似度: 0.504)
  💙 [John 匹配] IMG_1971.jpeg (相似度: 0.527)
  💜 [Sharon 匹配] IMG_1984.jpeg (相似度: 0.408)
  💙 [John 匹配] IMG_1984.jpeg (相似度: 0.514)
  💜 [Sharon 匹配] IMG_1951.jpeg (相似度: 0.586)
  💙 [John 匹配] IMG_1951.jpeg (相似度: 0.697)
  💙 [John 匹配] IMG_1947.jpeg (相似度: 0.736)
  💜 [Sharon 匹配] IMG_1947.jpeg (相似度: 0.654)
  💜 [Sharon 匹配] IMG_1987.jpeg (相似度: 0.454)
  💜 [Sharon 匹配] IMG_1968.jpeg (相似度: 0.546)
  💙 [John 匹配] IMG_1968.jpeg (相似度: 0.527)
  💜 [Sharon 匹配] IMG_1929.jpeg (相似度: 0.581)
  💙 [John 匹配] IMG_1929.jpeg (相似度: 0.737)
  💜 [Sharon 匹配] IMG_1991.jpeg (相似度: 0.645)
  💙 [John 匹配] IMG_1991.jpeg (相似度: 0.558)
  💙 [John 匹配] IMG_1952.jpeg (相似度: 0.701)
  💜 [Sharon 匹配] IMG_1952.jpeg (相似度: 0.610)
  💜 [Sharon 匹配] IMG_1964.jpeg (相似度: 0.523)
  💜 [Sharon 匹配] IMG_2020.jpeg (相似度: 0.492)
  💜 [Sharon 匹配] IMG_1925.jpeg (相似度: 0.658)
  💜 [Sharon 匹配] IMG_1972.jpeg (相似度: 0.502)
  💙 [John 匹配] IMG_1972.jpeg (相似度: 0.545)
  💙 [John 匹配] IMG_1973.jpeg (相似度: 0.610)
  💜 [Sharon 匹配] IMG_1924.jpeg (相似度: 0.617)
  💜 [Sharon 匹配] IMG_1932.jpeg (相似度: 0.574)
  💙 [John 匹配] IMG_1932.jpeg (相似度: 0.759)
  💜 [Sharon 匹配] IMG_1965.jpeg (相似度: 0.494)
  💙 [John 匹配] IMG_1965.jpeg (相似度: 0.529)
  💙 [John 匹配] IMG_1953.jpeg (相似度: 0.673)
  💜 [Sharon 匹配] IMG_1953.jpeg (相似度: 0.529)
  💜 [Sharon 匹配] IMG_1928.jpeg (相似度: 0.619)
  💜 [Sharon 匹配] IMG_1986.jpeg (相似度: 0.576)
  💙 [John 匹配] IMG_1986.jpeg (相似度: 0.555)
  💜 [Sharon 匹配] IMG_1974.jpeg (相似度: 0.484)
  💙 [John 匹配] IMG_1974.jpeg (相似度: 0.641)
  💜 [Sharon 匹配] IMG_1919.jpeg (相似度: 0.658)
  💙 [John 匹配] IMG_1954.jpeg (相似度: 0.653)
  💜 [Sharon 匹配] IMG_2006.jpeg (相似度: 0.452)
  💜 [Sharon 匹配] IMG_1955.jpeg (相似度: 0.575)
  💙 [John 匹配] IMG_1955.jpeg (相似度: 0.653)
⏳ 已深度辨識 1500 / 8413 張相片 (429.9 秒)...
  💜 [Sharon 匹配] IMG_1918.jpeg (相似度: 0.642)
  💜 [Sharon 匹配] IMG_1963.jpeg (相似度: 0.489)
  💖 [Sophia 匹配] IMG_2762.jpeg (相似度: 0.476)
  💖 [Sophia 匹配] IMG_2764.jpeg (相似度: 0.559)
  💙 [John 匹配] IMG_1872.jpeg (相似度: 0.657)
  💜 [Sharon 匹配] IMG_1872.jpeg (相似度: 0.487)
  💙 [John 匹配] IMG_1887.jpeg (相似度: 0.676)
  💙 [John 匹配] IMG_1868.jpeg (相似度: 0.616)
  💜 [Sharon 匹配] IMG_1868.jpeg (相似度: 0.484)
  💜 [Sharon 匹配] IMG_1891.jpeg (相似度: 0.501)
  💙 [John 匹配] IMG_1716.jpeg (相似度: 0.549)
  💙 [John 匹配] IMG_1886.jpeg (相似度: 0.660)
  💜 [Sharon 匹配] IMG_1869.jpeg (相似度: 0.511)
  💙 [John 匹配] IMG_1869.jpeg (相似度: 0.626)
  💜 [Sharon 匹配] IMG_1873.jpeg (相似度: 0.504)
  💙 [John 匹配] IMG_1873.jpeg (相似度: 0.674)
  💜 [Sharon 匹配] IMG_1849.jpeg (相似度: 0.431)
  💜 [Sharon 匹配] IMG_1721.jpeg (相似度: 0.484)
  💙 [John 匹配] IMG_1721.jpeg (相似度: 0.542)
  💙 [John 匹配] IMG_1737.jpeg (相似度: 0.474)
  💜 [Sharon 匹配] IMG_1881.jpeg (相似度: 0.501)
  💜 [Sharon 匹配] IMG_1878.jpeg (相似度: 0.458)
  💙 [John 匹配] IMG_1858.jpeg (相似度: 0.593)
  💜 [Sharon 匹配] IMG_1863.jpeg (相似度: 0.425)
  💜 [Sharon 匹配] IMG_1880.jpeg (相似度: 0.503)
  💜 [Sharon 匹配] IMG_1883.jpeg (相似度: 0.565)
  💜 [Sharon 匹配] IMG_1728.jpeg (相似度: 0.443)
  💜 [Sharon 匹配] IMG_1876.jpeg (相似度: 0.498)
  💙 [John 匹配] IMG_1860.jpeg (相似度: 0.550)
  💙 [John 匹配] IMG_1861.jpeg (相似度: 0.534)
  💜 [Sharon 匹配] IMG_1877.jpeg (相似度: 0.486)
  💜 [Sharon 匹配] IMG_1857.jpeg (相似度: 0.513)
  💜 [Sharon 匹配] IMG_1882.jpeg (相似度: 0.558)
  💜 [Sharon 匹配] IMG_1870.jpeg (相似度: 0.539)
  💜 [Sharon 匹配] IMG_1893.jpeg (相似度: 0.451)
  💜 [Sharon 匹配] IMG_1885.jpeg (相似度: 0.551)
  💙 [John 匹配] IMG_1850.jpeg (相似度: 0.625)
  💜 [Sharon 匹配] IMG_1847.jpeg (相似度: 0.441)
  💙 [John 匹配] IMG_1735.jpeg (相似度: 0.411)
  💜 [Sharon 匹配] IMG_1867.jpeg (相似度: 0.539)
  💙 [John 匹配] IMG_1867.jpeg (相似度: 0.581)
  💜 [Sharon 匹配] IMG_1888.jpeg (相似度: 0.416)
  💙 [John 匹配] IMG_8926.JPG (相似度: 0.759)
  💙 [John 匹配] IMG_8927.JPG (相似度: 0.745)
  💖 [Sophia 匹配] IMG_8824.JPG (相似度: 0.663)
  💜 [Sharon 匹配] IMG_8824.JPG (相似度: 0.710)
  💙 [John 匹配] IMG_8824.JPG (相似度: 0.759)
  💖 [Sophia 匹配] IMG_8823.JPG (相似度: 0.608)
  💖 [Sophia 匹配] IMG_8859.JPG (相似度: 0.441)
  💙 [John 匹配] IMG_8929.JPG (相似度: 0.765)
  💙 [John 匹配] IMG_8928.JPG (相似度: 0.701)
  💙 [John 匹配] IMG_8726.jpeg (相似度: 0.719)
  💜 [Sharon 匹配] IMG_8726.jpeg (相似度: 0.707)
  💙 [John 匹配] IMG_8730.jpeg (相似度: 0.682)
  💜 [Sharon 匹配] IMG_8730.jpeg (相似度: 0.703)
  💙 [John 匹配] IMG_8731.jpeg (相似度: 0.683)
  💜 [Sharon 匹配] IMG_8731.jpeg (相似度: 0.735)
  💜 [Sharon 匹配] IMG_8727.jpeg (相似度: 0.713)
  💙 [John 匹配] IMG_8727.jpeg (相似度: 0.694)
  💜 [Sharon 匹配] IMG_8724.jpeg (相似度: 0.625)
  💜 [Sharon 匹配] IMG_8728.jpeg (相似度: 0.699)
  💙 [John 匹配] IMG_8728.jpeg (相似度: 0.691)
  💙 [John 匹配] IMG_8729.jpeg (相似度: 0.690)
  💜 [Sharon 匹配] IMG_8729.jpeg (相似度: 0.706)
  💙 [John 匹配] IMG_8725.jpeg (相似度: 0.721)
  💜 [Sharon 匹配] IMG_8725.jpeg (相似度: 0.696)
  💙 [John 匹配] IMG_8749.JPG (相似度: 0.521)
  💜 [Sharon 匹配] IMG_8749.JPG (相似度: 0.557)
  💖 [Sophia 匹配] IMG_8749.JPG (相似度: 0.408)
  💜 [Sharon 匹配] IMG_8588.JPG (相似度: 0.560)
  💙 [John 匹配] IMG_8588.JPG (相似度: 0.682)
  💖 [Sophia 匹配] IMG_8588.JPG (相似度: 0.639)
  💙 [John 匹配] IMG_8563.JPG (相似度: 0.684)
  💜 [Sharon 匹配] IMG_8563.JPG (相似度: 0.616)
  💖 [Sophia 匹配] IMG_8563.JPG (相似度: 0.694)
  💙 [John 匹配] IMG_8577.JPG (相似度: 0.435)
  💙 [John 匹配] IMG_8562.JPG (相似度: 0.716)
  💜 [Sharon 匹配] IMG_8589.JPG (相似度: 0.605)
  💙 [John 匹配] IMG_8589.JPG (相似度: 0.713)
  💖 [Sophia 匹配] IMG_8589.JPG (相似度: 0.699)
  💜 [Sharon 匹配] IMG_8748.JPG (相似度: 0.631)
  💙 [John 匹配] IMG_8748.JPG (相似度: 0.545)
  💖 [Sophia 匹配] IMG_8600.JPG (相似度: 0.631)
  💙 [John 匹配] IMG_8574.JPG (相似度: 0.685)
  💜 [Sharon 匹配] IMG_8574.JPG (相似度: 0.619)
  💖 [Sophia 匹配] IMG_8574.JPG (相似度: 0.483)
  💙 [John 匹配] IMG_8561.JPG (相似度: 0.711)
  💖 [Sophia 匹配] IMG_8575.JPG (相似度: 0.732)
  💜 [Sharon 匹配] IMG_8575.JPG (相似度: 0.635)
  💙 [John 匹配] IMG_8575.JPG (相似度: 0.668)
  💙 [John 匹配] IMG_8571.JPG (相似度: 0.682)
  💜 [Sharon 匹配] IMG_8571.JPG (相似度: 0.588)
  💖 [Sophia 匹配] IMG_8571.JPG (相似度: 0.687)
  💙 [John 匹配] IMG_8565.JPG (相似度: 0.762)
  💖 [Sophia 匹配] IMG_8565.JPG (相似度: 0.502)
  💙 [John 匹配] IMG_8564.JPG (相似度: 0.729)
  💖 [Sophia 匹配] IMG_8564.JPG (相似度: 0.685)
  💜 [Sharon 匹配] IMG_8564.JPG (相似度: 0.662)
  💖 [Sophia 匹配] IMG_8570.JPG (相似度: 0.650)
  💜 [Sharon 匹配] IMG_8570.JPG (相似度: 0.557)
  💙 [John 匹配] IMG_8570.JPG (相似度: 0.737)
  💙 [John 匹配] IMG_8572.JPG (相似度: 0.669)
  💜 [Sharon 匹配] IMG_8572.JPG (相似度: 0.643)
  💖 [Sophia 匹配] IMG_8572.JPG (相似度: 0.719)
  💜 [Sharon 匹配] IMG_8740.JPG (相似度: 0.550)
  💙 [John 匹配] IMG_8740.JPG (相似度: 0.558)
  💖 [Sophia 匹配] IMG_8740.JPG (相似度: 0.410)
  💙 [John 匹配] IMG_8581.JPG (相似度: 0.702)
  💙 [John 匹配] IMG_8595.JPG (相似度: 0.698)
  💖 [Sophia 匹配] IMG_8595.JPG (相似度: 0.588)
  💙 [John 匹配] IMG_8594.JPG (相似度: 0.678)
  💜 [Sharon 匹配] IMG_8594.JPG (相似度: 0.611)
  💖 [Sophia 匹配] IMG_8594.JPG (相似度: 0.710)
  💙 [John 匹配] IMG_8580.JPG (相似度: 0.655)
  💙 [John 匹配] IMG_8741.JPG (相似度: 0.466)
  💜 [Sharon 匹配] IMG_8741.JPG (相似度: 0.603)
  💙 [John 匹配] IMG_8743.JPG (相似度: 0.479)
  💜 [Sharon 匹配] IMG_8743.JPG (相似度: 0.546)
  💙 [John 匹配] IMG_8596.JPG (相似度: 0.726)
  💖 [Sophia 匹配] IMG_8596.JPG (相似度: 0.674)
  💙 [John 匹配] IMG_8582.JPG (相似度: 0.695)
  💙 [John 匹配] IMG_8583.JPG (相似度: 0.722)
  💜 [Sharon 匹配] IMG_8583.JPG (相似度: 0.566)
  💖 [Sophia 匹配] IMG_8583.JPG (相似度: 0.711)
  💜 [Sharon 匹配] IMG_8742.JPG (相似度: 0.541)
  💙 [John 匹配] IMG_8742.JPG (相似度: 0.465)
  💙 [John 匹配] IMG_8746.JPG (相似度: 0.489)
  💜 [Sharon 匹配] IMG_8746.JPG (相似度: 0.490)
  💙 [John 匹配] IMG_8587.JPG (相似度: 0.686)
  💜 [Sharon 匹配] IMG_8587.JPG (相似度: 0.560)
  💖 [Sophia 匹配] IMG_8587.JPG (相似度: 0.670)
  💙 [John 匹配] IMG_8578.JPG (相似度: 0.653)
  💜 [Sharon 匹配] IMG_8578.JPG (相似度: 0.588)
  💙 [John 匹配] IMG_8579.JPG (相似度: 0.674)
  💜 [Sharon 匹配] IMG_8579.JPG (相似度: 0.608)
  💙 [John 匹配] IMG_8586.JPG (相似度: 0.717)
  💜 [Sharon 匹配] IMG_8586.JPG (相似度: 0.623)
  💖 [Sophia 匹配] IMG_8586.JPG (相似度: 0.616)
  💙 [John 匹配] IMG_8747.JPG (相似度: 0.505)
  💜 [Sharon 匹配] IMG_8747.JPG (相似度: 0.551)
  💜 [Sharon 匹配] IMG_8584.JPG (相似度: 0.542)
  💙 [John 匹配] IMG_8584.JPG (相似度: 0.704)
  💖 [Sophia 匹配] IMG_8584.JPG (相似度: 0.594)
  💙 [John 匹配] IMG_8590.JPG (相似度: 0.735)
  💜 [Sharon 匹配] IMG_8590.JPG (相似度: 0.591)
  💖 [Sophia 匹配] IMG_8590.JPG (相似度: 0.719)
  💜 [Sharon 匹配] IMG_8591.JPG (相似度: 0.632)
  💖 [Sophia 匹配] IMG_8591.JPG (相似度: 0.748)
  💙 [John 匹配] IMG_8591.JPG (相似度: 0.732)
  💙 [John 匹配] IMG_8585.JPG (相似度: 0.677)
  💜 [Sharon 匹配] IMG_8585.JPG (相似度: 0.550)
  💖 [Sophia 匹配] IMG_8585.JPG (相似度: 0.585)
  💙 [John 匹配] IMG_8750.JPG (相似度: 0.577)
  💖 [Sophia 匹配] IMG_8750.JPG (相似度: 0.628)
  💙 [John 匹配] IMG_8744.JPG (相似度: 0.460)
  💜 [Sharon 匹配] IMG_8744.JPG (相似度: 0.553)
  💖 [Sophia 匹配] IMG_8736.JPG (相似度: 0.550)
  💙 [John 匹配] IMG_8736.JPG (相似度: 0.602)
  💖 [Sophia 匹配] IMG_8734.JPG (相似度: 0.551)
  💜 [Sharon 匹配] IMG_8718.JPG (相似度: 0.642)
  💙 [John 匹配] IMG_8718.JPG (相似度: 0.613)
  💜 [Sharon 匹配] IMG_1843.jpeg (相似度: 0.442)
  💜 [Sharon 匹配] IMG_1830.jpeg (相似度: 0.473)
  💙 [John 匹配] IMG_9828.jpeg (相似度: 0.751)
  💖 [Sophia 匹配] IMG_9828.jpeg (相似度: 0.588)
  💜 [Sharon 匹配] IMG_9828.jpeg (相似度: 0.649)
  💜 [Sharon 匹配] IMG_9825.jpeg (相似度: 0.608)
  💙 [John 匹配] IMG_9825.jpeg (相似度: 0.670)
  💖 [Sophia 匹配] IMG_9825.jpeg (相似度: 0.466)
  💙 [John 匹配] IMG_9826.jpeg (相似度: 0.706)
  💜 [Sharon 匹配] IMG_9826.jpeg (相似度: 0.583)
  💖 [Sophia 匹配] IMG_9826.jpeg (相似度: 0.503)
  💙 [John 匹配] IMG_9827.jpeg (相似度: 0.711)
  💜 [Sharon 匹配] IMG_9827.jpeg (相似度: 0.612)
  💖 [Sophia 匹配] IMG_9827.jpeg (相似度: 0.415)
  💙 [John 匹配] IMG_0376.jpeg (相似度: 0.430)
  💙 [John 匹配] IMG_0375.jpeg (相似度: 0.440)
  💙 [John 匹配] IMG_0378.jpeg (相似度: 0.444)
  💖 [Sophia 匹配] IMG_0369.jpeg (相似度: 0.492)
  💖 [Sophia 匹配] IMG_0368.jpeg (相似度: 0.524)
  💙 [John 匹配] IMG_9865.jpeg (相似度: 0.689)
  💜 [Sharon 匹配] IMG_9865.jpeg (相似度: 0.591)
  💙 [John 匹配] IMG_9859.jpeg (相似度: 0.696)
  💜 [Sharon 匹配] IMG_9859.jpeg (相似度: 0.616)
  💖 [Sophia 匹配] IMG_9859.jpeg (相似度: 0.503)
  💙 [John 匹配] IMG_9855.jpeg (相似度: 0.664)
  💜 [Sharon 匹配] IMG_9855.jpeg (相似度: 0.574)
  💖 [Sophia 匹配] IMG_9855.jpeg (相似度: 0.567)
  💙 [John 匹配] IMG_9854.jpeg (相似度: 0.769)
  💜 [Sharon 匹配] IMG_9854.jpeg (相似度: 0.621)
  💖 [Sophia 匹配] IMG_9854.jpeg (相似度: 0.593)
  💙 [John 匹配] IMG_9858.jpeg (相似度: 0.702)
  💜 [Sharon 匹配] IMG_9858.jpeg (相似度: 0.641)
  💖 [Sophia 匹配] IMG_9858.jpeg (相似度: 0.628)
  💜 [Sharon 匹配] IMG_9857.jpeg (相似度: 0.587)
  💙 [John 匹配] IMG_9857.jpeg (相似度: 0.683)
  💖 [Sophia 匹配] IMG_9857.jpeg (相似度: 0.584)
  💜 [Sharon 匹配] IMG_9883.jpeg (相似度: 0.617)
  💙 [John 匹配] IMG_9856.jpeg (相似度: 0.670)
  💖 [Sophia 匹配] IMG_9856.jpeg (相似度: 0.616)
  💜 [Sharon 匹配] IMG_9856.jpeg (相似度: 0.616)
  💙 [John 匹配] IMG_9860.jpeg (相似度: 0.685)
  💜 [Sharon 匹配] IMG_9860.jpeg (相似度: 0.601)
  💖 [Sophia 匹配] IMG_9860.jpeg (相似度: 0.531)
  💜 [Sharon 匹配] IMG_9888.jpeg (相似度: 0.564)
  💙 [John 匹配] IMG_9867.jpeg (相似度: 0.707)
  💜 [Sharon 匹配] IMG_9867.jpeg (相似度: 0.616)
  💜 [Sharon 匹配] IMG_9866.jpeg (相似度: 0.597)
  💙 [John 匹配] IMG_9866.jpeg (相似度: 0.699)
  💜 [Sharon 匹配] IMG_9885.jpeg (相似度: 0.480)
  💜 [Sharon 匹配] IMG_1899.jpeg (相似度: 0.443)
  💜 [Sharon 匹配] IMG_1898.jpeg (相似度: 0.430)
  💜 [Sharon 匹配] IMG_8690.jpeg (相似度: 0.602)
  💜 [Sharon 匹配] IMG_8687.jpeg (相似度: 0.600)
  💙 [John 匹配] IMG_8687.jpeg (相似度: 0.653)
  💙 [John 匹配] IMG_8682.jpeg (相似度: 0.673)
  💜 [Sharon 匹配] IMG_8682.jpeg (相似度: 0.529)
  💙 [John 匹配] IMG_8683.jpeg (相似度: 0.654)
  💜 [Sharon 匹配] IMG_8683.jpeg (相似度: 0.586)
  💜 [Sharon 匹配] IMG_8660.jpeg (相似度: 0.626)
  💙 [John 匹配] IMG_8660.jpeg (相似度: 0.606)
  💜 [Sharon 匹配] IMG_8688.jpeg (相似度: 0.644)
  💜 [Sharon 匹配] IMG_8689.jpeg (相似度: 0.656)
  💜 [Sharon 匹配] IMG_2209.jpeg (相似度: 0.553)
  💜 [Sharon 匹配] IMG_2198.jpeg (相似度: 0.614)
  💜 [Sharon 匹配] IMG_2205.jpeg (相似度: 0.596)
  💙 [John 匹配] IMG_2194.jpeg (相似度: 0.664)
  💜 [Sharon 匹配] IMG_2194.jpeg (相似度: 0.629)
  💜 [Sharon 匹配] IMG_2182.jpeg (相似度: 0.580)
  💜 [Sharon 匹配] IMG_2213.jpeg (相似度: 0.632)
  💜 [Sharon 匹配] IMG_2212.jpeg (相似度: 0.623)
  💜 [Sharon 匹配] IMG_2183.jpeg (相似度: 0.612)
  💙 [John 匹配] IMG_2195.jpeg (相似度: 0.688)
  💜 [Sharon 匹配] IMG_2195.jpeg (相似度: 0.605)
  💜 [Sharon 匹配] IMG_2204.jpeg (相似度: 0.637)
  💜 [Sharon 匹配] IMG_2551.jpeg (相似度: 0.663)
  💜 [Sharon 匹配] IMG_2199.jpeg (相似度: 0.613)
  💜 [Sharon 匹配] IMG_2208.jpeg (相似度: 0.580)
  💙 [John 匹配] IMG_2540.jpeg (相似度: 0.686)
  💜 [Sharon 匹配] IMG_2540.jpeg (相似度: 0.587)
  💜 [Sharon 匹配] IMG_2203.jpeg (相似度: 0.602)
  💜 [Sharon 匹配] IMG_2184.jpeg (相似度: 0.612)
  💜 [Sharon 匹配] IMG_2215.jpeg (相似度: 0.559)
  💙 [John 匹配] IMG_2219.jpeg (相似度: 0.620)
  💜 [Sharon 匹配] IMG_2219.jpeg (相似度: 0.626)
  💜 [Sharon 匹配] IMG_2218.jpeg (相似度: 0.486)
  💜 [Sharon 匹配] IMG_2214.jpeg (相似度: 0.615)
  💜 [Sharon 匹配] IMG_2202.jpeg (相似度: 0.653)
  💜 [Sharon 匹配] IMG_2217.jpeg (相似度: 0.572)
  💜 [Sharon 匹配] IMG_2201.jpeg (相似度: 0.622)
  💜 [Sharon 匹配] IMG_2173.jpeg (相似度: 0.598)
  💜 [Sharon 匹配] IMG_2221.jpeg (相似度: 0.584)
  💙 [John 匹配] IMG_2221.jpeg (相似度: 0.622)
  💜 [Sharon 匹配] IMG_2220.jpeg (相似度: 0.549)
  💙 [John 匹配] IMG_2220.jpeg (相似度: 0.653)
  💜 [Sharon 匹配] IMG_2543.jpeg (相似度: 0.647)
  💙 [John 匹配] IMG_2543.jpeg (相似度: 0.681)
  💜 [Sharon 匹配] IMG_2200.jpeg (相似度: 0.605)
  💜 [Sharon 匹配] IMG_2216.jpeg (相似度: 0.565)
  💜 [Sharon 匹配] IMG_2211.jpeg (相似度: 0.651)
  💙 [John 匹配] IMG_2196.jpeg (相似度: 0.674)
  💜 [Sharon 匹配] IMG_2196.jpeg (相似度: 0.638)
  💙 [John 匹配] IMG_2197.jpeg (相似度: 0.679)
  💜 [Sharon 匹配] IMG_2197.jpeg (相似度: 0.619)
  💜 [Sharon 匹配] IMG_2210.jpeg (相似度: 0.639)
  💜 [Sharon 匹配] IMG_2174.jpeg (相似度: 0.578)
  💜 [Sharon 匹配] IMG_8813.jpeg (相似度: 0.617)
  💜 [Sharon 匹配] IMG_8809.jpeg (相似度: 0.646)
  💜 [Sharon 匹配] IMG_8812.jpeg (相似度: 0.605)
  💜 [Sharon 匹配] IMG_8815.jpeg (相似度: 0.616)
  💜 [Sharon 匹配] IMG_8814.jpeg (相似度: 0.684)
  💜 [Sharon 匹配] IMG_8816.jpeg (相似度: 0.600)
  💜 [Sharon 匹配] IMG_8811.jpeg (相似度: 0.476)
  💜 [Sharon 匹配] IMG_8810.jpeg (相似度: 0.627)
  💜 [Sharon 匹配] IMG_0035.jpeg (相似度: 0.698)
  💜 [Sharon 匹配] IMG_9982.jpeg (相似度: 0.574)
  💖 [Sophia 匹配] IMG_0023.jpeg (相似度: 0.591)
  💜 [Sharon 匹配] IMG_0023.jpeg (相似度: 0.637)
  💙 [John 匹配] IMG_9916.jpeg (相似度: 0.476)
  💙 [John 匹配] IMG_0039.jpeg (相似度: 0.577)
  💜 [Sharon 匹配] IMG_0039.jpeg (相似度: 0.470)
  💖 [Sophia 匹配] IMG_0039.jpeg (相似度: 0.458)
  💜 [Sharon 匹配] IMG_9998.jpeg (相似度: 0.564)
  💙 [John 匹配] IMG_9998.jpeg (相似度: 0.679)
  💙 [John 匹配] IMG_9961.jpeg (相似度: 0.647)
  💜 [Sharon 匹配] IMG_9961.jpeg (相似度: 0.524)
  💖 [Sophia 匹配] IMG_9961.jpeg (相似度: 0.527)
  💙 [John 匹配] IMG_9960.jpeg (相似度: 0.649)
  💜 [Sharon 匹配] IMG_9960.jpeg (相似度: 0.541)
  💖 [Sophia 匹配] IMG_9960.jpeg (相似度: 0.551)
  💖 [Sophia 匹配] IMG_9976.jpeg (相似度: 0.460)
  💜 [Sharon 匹配] IMG_9901.jpeg (相似度: 0.488)
  💜 [Sharon 匹配] IMG_9956.jpeg (相似度: 0.492)
  💖 [Sophia 匹配] IMG_9956.jpeg (相似度: 0.630)
  💙 [John 匹配] IMG_9956.jpeg (相似度: 0.550)
  💙 [John 匹配] IMG_9940.jpeg (相似度: 0.489)
  💙 [John 匹配] IMG_9917.jpeg (相似度: 0.591)
  💜 [Sharon 匹配] IMG_9917.jpeg (相似度: 0.477)
  💜 [Sharon 匹配] IMG_9983.jpeg (相似度: 0.535)
  💖 [Sophia 匹配] IMG_9971.jpeg (相似度: 0.528)
  💜 [Sharon 匹配] IMG_9930.jpeg (相似度: 0.625)
  💙 [John 匹配] IMG_9930.jpeg (相似度: 0.547)
  💖 [Sophia 匹配] IMG_9988.jpeg (相似度: 0.632)
  💙 [John 匹配] IMG_9988.jpeg (相似度: 0.690)
  💜 [Sharon 匹配] IMG_9988.jpeg (相似度: 0.542)
  💜 [Sharon 匹配] IMG_9967.jpeg (相似度: 0.619)
  💜 [Sharon 匹配] IMG_0044.jpeg (相似度: 0.525)
  💙 [John 匹配] IMG_0044.jpeg (相似度: 0.669)
  💙 [John 匹配] IMG_9992.jpeg (相似度: 0.672)
  💖 [Sophia 匹配] IMG_9992.jpeg (相似度: 0.641)
  💜 [Sharon 匹配] IMG_9992.jpeg (相似度: 0.595)
  💜 [Sharon 匹配] IMG_9984.jpeg (相似度: 0.563)
  💙 [John 匹配] IMG_9906.jpeg (相似度: 0.518)
  💜 [Sharon 匹配] IMG_0024.jpeg (相似度: 0.643)
  💙 [John 匹配] IMG_9985.jpeg (相似度: 0.703)
  💜 [Sharon 匹配] IMG_9985.jpeg (相似度: 0.614)
  💙 [John 匹配] IMG_9993.jpeg (相似度: 0.453)
  💙 [John 匹配] IMG_9989.jpeg (相似度: 0.674)
  💖 [Sophia 匹配] IMG_9989.jpeg (相似度: 0.673)
  💜 [Sharon 匹配] IMG_9989.jpeg (相似度: 0.606)
  💙 [John 匹配] IMG_9966.jpeg (相似度: 0.676)
  💖 [Sophia 匹配] IMG_9966.jpeg (相似度: 0.617)
  💜 [Sharon 匹配] IMG_9966.jpeg (相似度: 0.632)
  💜 [Sharon 匹配] IMG_9931.jpeg (相似度: 0.589)
  💙 [John 匹配] IMG_9970.jpeg (相似度: 0.516)
  💖 [Sophia 匹配] IMG_0011.jpeg (相似度: 0.634)
  💙 [John 匹配] IMG_0011.jpeg (相似度: 0.658)
  💙 [John 匹配] IMG_9965.jpeg (相似度: 0.652)
  💖 [Sophia 匹配] IMG_9965.jpeg (相似度: 0.598)
  💜 [Sharon 匹配] IMG_9965.jpeg (相似度: 0.653)
  💜 [Sharon 匹配] IMG_9932.jpeg (相似度: 0.584)
  💙 [John 匹配] IMG_9904.jpeg (相似度: 0.531)
  💙 [John 匹配] IMG_9986.jpeg (相似度: 0.742)
  💜 [Sharon 匹配] IMG_9986.jpeg (相似度: 0.604)
  💜 [Sharon 匹配] IMG_9928.jpeg (相似度: 0.618)
  💙 [John 匹配] IMG_9928.jpeg (相似度: 0.538)
  💙 [John 匹配] IMG_9990.jpeg (相似度: 0.675)
  💖 [Sophia 匹配] IMG_9990.jpeg (相似度: 0.671)
  💜 [Sharon 匹配] IMG_9990.jpeg (相似度: 0.625)
  💙 [John 匹配] IMG_9991.jpeg (相似度: 0.658)
  💖 [Sophia 匹配] IMG_9991.jpeg (相似度: 0.626)
  💜 [Sharon 匹配] IMG_9991.jpeg (相似度: 0.576)
  💜 [Sharon 匹配] IMG_9929.jpeg (相似度: 0.590)
  💙 [John 匹配] IMG_9929.jpeg (相似度: 0.534)
  💙 [John 匹配] IMG_9987.jpeg (相似度: 0.690)
  💜 [Sharon 匹配] IMG_9987.jpeg (相似度: 0.593)
  💖 [Sophia 匹配] IMG_9987.jpeg (相似度: 0.613)
  💜 [Sharon 匹配] IMG_0026.jpeg (相似度: 0.612)
  💖 [Sophia 匹配] IMG_0026.jpeg (相似度: 0.614)
  💜 [Sharon 匹配] IMG_9952.jpeg (相似度: 0.635)
  💙 [John 匹配] IMG_9905.jpeg (相似度: 0.530)
  💖 [Sophia 匹配] IMG_9972.jpeg (相似度: 0.544)
  💜 [Sharon 匹配] IMG_9933.jpeg (相似度: 0.571)
  💙 [John 匹配] IMG_9964.jpeg (相似度: 0.686)
  💜 [Sharon 匹配] IMG_9964.jpeg (相似度: 0.647)
  💖 [Sophia 匹配] IMG_9964.jpeg (相似度: 0.630)
  💖 [Sophia 匹配] IMG_0010.jpeg (相似度: 0.645)
  💙 [John 匹配] IMG_0010.jpeg (相似度: 0.686)
  💙 [John 匹配] IMG_0047.jpeg (相似度: 0.629)
  💜 [Sharon 匹配] IMG_0047.jpeg (相似度: 0.423)
  💖 [Sophia 匹配] IMG_0047.jpeg (相似度: 0.527)
  💜 [Sharon 匹配] IMG_9902.jpeg (相似度: 0.433)
  💜 [Sharon 匹配] IMG_9955.jpeg (相似度: 0.518)
  💙 [John 匹配] IMG_9955.jpeg (相似度: 0.546)
  💖 [Sophia 匹配] IMG_9955.jpeg (相似度: 0.602)
  💙 [John 匹配] IMG_0021.jpeg (相似度: 0.453)
  💜 [Sharon 匹配] IMG_0021.jpeg (相似度: 0.617)
  💙 [John 匹配] IMG_9959.jpeg (相似度: 0.640)
  💜 [Sharon 匹配] IMG_9959.jpeg (相似度: 0.497)
  💖 [Sophia 匹配] IMG_9959.jpeg (相似度: 0.540)
  💙 [John 匹配] IMG_9918.jpeg (相似度: 0.612)
  💙 [John 匹配] IMG_9963.jpeg (相似度: 0.684)
  💜 [Sharon 匹配] IMG_9963.jpeg (相似度: 0.684)
  💖 [Sophia 匹配] IMG_9963.jpeg (相似度: 0.565)
  💜 [Sharon 匹配] IMG_9934.jpeg (相似度: 0.561)
  💖 [Sophia 匹配] IMG_9975.jpeg (相似度: 0.584)
  💖 [Sophia 匹配] IMG_9974.jpeg (相似度: 0.430)
  💙 [John 匹配] IMG_9962.jpeg (相似度: 0.648)
  💖 [Sophia 匹配] IMG_9962.jpeg (相似度: 0.573)
  💜 [Sharon 匹配] IMG_9962.jpeg (相似度: 0.549)
  💙 [John 匹配] IMG_0041.jpeg (相似度: 0.637)
  💖 [Sophia 匹配] IMG_0041.jpeg (相似度: 0.500)
  💜 [Sharon 匹配] IMG_0041.jpeg (相似度: 0.534)
  💙 [John 匹配] IMG_9997.jpeg (相似度: 0.529)
  💖 [Sophia 匹配] IMG_0036.jpeg (相似度: 0.600)
  💜 [Sharon 匹配] IMG_0036.jpeg (相似度: 0.537)
  💙 [John 匹配] IMG_9939.jpeg (相似度: 0.514)
  💜 [Sharon 匹配] IMG_9981.jpeg (相似度: 0.608)
  💜 [Sharon 匹配] IMG_0020.jpeg (相似度: 0.408)
  💙 [John 匹配] IMG_0020.jpeg (相似度: 0.555)
  💙 [John 匹配] IMG_9915.jpeg (相似度: 0.458)
  💙 [John 匹配] IMG_9942.jpeg (相似度: 0.529)
  💜 [Sharon 匹配] IMG_9954.jpeg (相似度: 0.535)
  💖 [Sophia 匹配] IMG_9954.jpeg (相似度: 0.651)
  💙 [John 匹配] IMG_9954.jpeg (相似度: 0.566)
  💜 [Sharon 匹配] IMG_9903.jpeg (相似度: 0.464)
  💙 [John 匹配] IMG_9903.jpeg (相似度: 0.517)
  💙 [John 匹配] IMG_1464.jpeg (相似度: 0.423)
  💜 [Sharon 匹配] IMG_1500.jpeg (相似度: 0.531)
  💙 [John 匹配] IMG_1500.jpeg (相似度: 0.527)
  💜 [Sharon 匹配] IMG_1475.jpeg (相似度: 0.642)
  💙 [John 匹配] IMG_1475.jpeg (相似度: 0.575)
  💙 [John 匹配] IMG_1460.jpeg (相似度: 0.519)
  💜 [Sharon 匹配] IMG_1533.jpeg (相似度: 0.662)
  💙 [John 匹配] IMG_1499.jpeg (相似度: 0.580)
  💜 [Sharon 匹配] IMG_1499.jpeg (相似度: 0.479)
  💙 [John 匹配] IMG_1484.jpeg (相似度: 0.658)
  💜 [Sharon 匹配] IMG_1484.jpeg (相似度: 0.474)
  💜 [Sharon 匹配] IMG_2376.jpeg (相似度: 0.663)
  💙 [John 匹配] IMG_2399.jpeg (相似度: 0.726)
  💜 [Sharon 匹配] IMG_2399.jpeg (相似度: 0.657)
  💜 [Sharon 匹配] IMG_2233.jpeg (相似度: 0.416)
  💜 [Sharon 匹配] IMG_2337.jpeg (相似度: 0.694)
  💜 [Sharon 匹配] IMG_2291.jpeg (相似度: 0.482)
  💙 [John 匹配] IMG_2439.jpeg (相似度: 0.592)
  💜 [Sharon 匹配] IMG_2439.jpeg (相似度: 0.613)
  💜 [Sharon 匹配] IMG_2340.jpeg (相似度: 0.696)
  💜 [Sharon 匹配] IMG_2300.jpeg (相似度: 0.562)
  💜 [Sharon 匹配] IMG_2438.jpeg (相似度: 0.535)
  💙 [John 匹配] IMG_2402.jpeg (相似度: 0.673)
  💜 [Sharon 匹配] IMG_2402.jpeg (相似度: 0.603)
  💜 [Sharon 匹配] IMG_2286.jpeg (相似度: 0.518)
  💜 [Sharon 匹配] IMG_2434.jpeg (相似度: 0.541)
  💜 [Sharon 匹配] IMG_2377.jpeg (相似度: 0.685)
  💙 [John 匹配] IMG_2398.jpeg (相似度: 0.733)
  💜 [Sharon 匹配] IMG_2398.jpeg (相似度: 0.664)
  💜 [Sharon 匹配] IMG_2346.jpeg (相似度: 0.630)
  💜 [Sharon 匹配] IMG_2311.jpeg (相似度: 0.529)
  💙 [John 匹配] IMG_2311.jpeg (相似度: 0.575)
  💜 [Sharon 匹配] IMG_2242.jpeg (相似度: 0.474)
  💜 [Sharon 匹配] IMG_2433.jpeg (相似度: 0.574)
  💜 [Sharon 匹配] IMG_2258.jpeg (相似度: 0.498)
  💜 [Sharon 匹配] IMG_2243.jpeg (相似度: 0.543)
  💜 [Sharon 匹配] IMG_2347.jpeg (相似度: 0.623)
  💙 [John 匹配] IMG_2305.jpeg (相似度: 0.551)
  💜 [Sharon 匹配] IMG_2256.jpeg (相似度: 0.459)
  💜 [Sharon 匹配] IMG_2299.jpeg (相似度: 0.579)
  💜 [Sharon 匹配] IMG_2345.jpeg (相似度: 0.623)
  💜 [Sharon 匹配] IMG_2312.jpeg (相似度: 0.520)
  💙 [John 匹配] IMG_2312.jpeg (相似度: 0.585)
  💜 [Sharon 匹配] IMG_2257.jpeg (相似度: 0.440)
  💙 [John 匹配] IMG_2304.jpeg (相似度: 0.574)
  💜 [Sharon 匹配] IMG_2304.jpeg (相似度: 0.554)
  💜 [Sharon 匹配] IMG_2241.jpeg (相似度: 0.463)
  💜 [Sharon 匹配] IMG_2231.jpeg (相似度: 0.413)
  💜 [Sharon 匹配] IMG_2266.jpeg (相似度: 0.452)
  💙 [John 匹配] IMG_2266.jpeg (相似度: 0.582)
  💜 [Sharon 匹配] IMG_2339.jpeg (相似度: 0.684)
  💜 [Sharon 匹配] IMG_2381.jpeg (相似度: 0.661)
  💙 [John 匹配] IMG_2397.jpeg (相似度: 0.741)
  💜 [Sharon 匹配] IMG_2397.jpeg (相似度: 0.642)
  💜 [Sharon 匹配] IMG_2378.jpeg (相似度: 0.699)
  💙 [John 匹配] IMG_2401.jpeg (相似度: 0.680)
  💜 [Sharon 匹配] IMG_2401.jpeg (相似度: 0.581)
  💙 [John 匹配] IMG_2400.jpeg (相似度: 0.626)
  💜 [Sharon 匹配] IMG_2400.jpeg (相似度: 0.572)
  💜 [Sharon 匹配] IMG_2380.jpeg (相似度: 0.645)
  💜 [Sharon 匹配] IMG_2338.jpeg (相似度: 0.698)
  💙 [John 匹配] IMG_2267.jpeg (相似度: 0.426)
  💜 [Sharon 匹配] IMG_1448.jpeg (相似度: 0.402)
  💙 [John 匹配] IMG_1448.jpeg (相似度: 0.479)
  💜 [Sharon 匹配] IMG_1389.jpeg (相似度: 0.433)
  💜 [Sharon 匹配] IMG_1433.jpeg (相似度: 0.599)
  💙 [John 匹配] IMG_1444.jpeg (相似度: 0.536)
  💜 [Sharon 匹配] IMG_1540.jpeg (相似度: 0.485)
  💜 [Sharon 匹配] IMG_1429.jpeg (相似度: 0.569)
  💜 [Sharon 匹配] IMG_1428.jpeg (相似度: 0.610)
  💜 [Sharon 匹配] IMG_1582.jpeg (相似度: 0.564)
  💙 [John 匹配] IMG_1445.jpeg (相似度: 0.528)
  💜 [Sharon 匹配] IMG_1432.jpeg (相似度: 0.626)
  💜 [Sharon 匹配] IMG_1371.jpeg (相似度: 0.570)
  💜 [Sharon 匹配] IMG_1442.jpeg (相似度: 0.506)
  💜 [Sharon 匹配] IMG_1395.jpeg (相似度: 0.664)
  💜 [Sharon 匹配] IMG_1546.jpeg (相似度: 0.574)
  💜 [Sharon 匹配] IMG_1403.jpeg (相似度: 0.605)
  💙 [John 匹配] IMG_1589.jpeg (相似度: 0.744)
  💜 [Sharon 匹配] IMG_1589.jpeg (相似度: 0.621)
  💜 [Sharon 匹配] IMG_1435.jpeg (相似度: 0.505)
  💙 [John 匹配] IMG_1570.jpeg (相似度: 0.612)
  💜 [Sharon 匹配] IMG_1434.jpeg (相似度: 0.577)
  💜 [Sharon 匹配] IMG_1547.jpeg (相似度: 0.513)
  💙 [John 匹配] IMG_1443.jpeg (相似度: 0.490)
  💜 [Sharon 匹配] IMG_1568.jpeg (相似度: 0.662)
  💜 [Sharon 匹配] IMG_1401.jpeg (相似度: 0.568)
  💜 [Sharon 匹配] IMG_1381.jpeg (相似度: 0.585)
  💜 [Sharon 匹配] IMG_1440.jpeg (相似度: 0.574)
  💜 [Sharon 匹配] IMG_1380.jpeg (相似度: 0.612)
  💙 [John 匹配] IMG_1416.jpeg (相似度: 0.668)
  💜 [Sharon 匹配] IMG_1416.jpeg (相似度: 0.571)
  💜 [Sharon 匹配] IMG_1379.jpeg (相似度: 0.582)
  💜 [Sharon 匹配] IMG_1400.jpeg (相似度: 0.576)
  💜 [Sharon 匹配] IMG_1545.jpeg (相似度: 0.428)
  💜 [Sharon 匹配] IMG_1562.jpeg (相似度: 0.436)
  💜 [Sharon 匹配] IMG_1427.jpeg (相似度: 0.610)
  💜 [Sharon 匹配] IMG_1372.jpeg (相似度: 0.564)
  💜 [Sharon 匹配] IMG_1539.jpeg (相似度: 0.514)
  💜 [Sharon 匹配] IMG_1446.jpeg (相似度: 0.408)
  💙 [John 匹配] IMG_1446.jpeg (相似度: 0.479)
  💜 [Sharon 匹配] IMG_1447.jpeg (相似度: 0.407)
  💙 [John 匹配] IMG_1447.jpeg (相似度: 0.446)
  💜 [Sharon 匹配] IMG_1386.jpeg (相似度: 0.594)
  💜 [Sharon 匹配] IMG_1390.jpeg (相似度: 0.484)
  💙 [John 匹配] IMG_1580.jpeg (相似度: 0.693)
  💜 [Sharon 匹配] IMG_1538.jpeg (相似度: 0.503)
  💜 [Sharon 匹配] IMG_1426.jpeg (相似度: 0.603)
  💜 [Sharon 匹配] IMG_1430.jpeg (相似度: 0.596)
  💙 [John 匹配] IMG_2494.JPG (相似度: 0.676)
  💜 [Sharon 匹配] IMG_2583.JPG (相似度: 0.436)
  💖 [Sophia 匹配] IMG_0672.jpeg (相似度: 0.441)
  💜 [Sharon 匹配] IMG_0672.jpeg (相似度: 0.578)
  💖 [Sophia 匹配] IMG_0669.jpeg (相似度: 0.541)
  💙 [John 匹配] IMG_0669.jpeg (相似度: 0.720)
  💜 [Sharon 匹配] IMG_0669.jpeg (相似度: 0.636)
  💖 [Sophia 匹配] IMG_0673.jpeg (相似度: 0.465)
  💜 [Sharon 匹配] IMG_0673.jpeg (相似度: 0.561)
  💖 [Sophia 匹配] IMG_0674.jpeg (相似度: 0.589)
  💙 [John 匹配] IMG_0674.jpeg (相似度: 0.672)
  💖 [Sophia 匹配] IMG_0675.jpeg (相似度: 0.508)
  💙 [John 匹配] IMG_0675.jpeg (相似度: 0.676)
  💜 [Sharon 匹配] IMG_0670.jpeg (相似度: 0.602)
  💙 [John 匹配] IMG_0670.jpeg (相似度: 0.685)
  💖 [Sophia 匹配] IMG_0670.jpeg (相似度: 0.464)
  💖 [Sophia 匹配] IMG_0671.jpeg (相似度: 0.523)
  💜 [Sharon 匹配] IMG_2115.JPG (相似度: 0.629)
  💜 [Sharon 匹配] IMG_2117.JPG (相似度: 0.497)
  💜 [Sharon 匹配] IMG_2116.JPG (相似度: 0.490)
  💜 [Sharon 匹配] IMG_9812.jpeg (相似度: 0.618)
  💜 [Sharon 匹配] IMG_9809.jpeg (相似度: 0.484)
  💜 [Sharon 匹配] IMG_9813.jpeg (相似度: 0.469)
  💜 [Sharon 匹配] IMG_9818.jpeg (相似度: 0.628)
  💜 [Sharon 匹配] IMG_9815.jpeg (相似度: 0.634)
  💜 [Sharon 匹配] IMG_9816.jpeg (相似度: 0.614)
  💖 [Sophia 匹配] IMG_2663.jpeg (相似度: 0.474)
  💜 [Sharon 匹配] IMG_2663.jpeg (相似度: 0.624)
  💙 [John 匹配] IMG_2663.jpeg (相似度: 0.506)
  💖 [Sophia 匹配] IMG_2675.jpeg (相似度: 0.650)
  💙 [John 匹配] IMG_2675.jpeg (相似度: 0.564)
  💜 [Sharon 匹配] IMG_2675.jpeg (相似度: 0.644)
  💖 [Sophia 匹配] IMG_2659.jpeg (相似度: 0.542)
  💜 [Sharon 匹配] IMG_2659.jpeg (相似度: 0.642)
  💙 [John 匹配] IMG_2680.jpeg (相似度: 0.552)
  💜 [Sharon 匹配] IMG_2680.jpeg (相似度: 0.679)
  💜 [Sharon 匹配] IMG_2696.jpeg (相似度: 0.635)
  💖 [Sophia 匹配] IMG_2696.jpeg (相似度: 0.668)
  💙 [John 匹配] IMG_2710.jpeg (相似度: 0.542)
  💜 [Sharon 匹配] IMG_2707.jpeg (相似度: 0.613)
  💜 [Sharon 匹配] IMG_2697.jpeg (相似度: 0.652)
  💖 [Sophia 匹配] IMG_2697.jpeg (相似度: 0.671)
  💖 [Sophia 匹配] IMG_2678.jpeg (相似度: 0.686)
  💙 [John 匹配] IMG_2678.jpeg (相似度: 0.608)
  💜 [Sharon 匹配] IMG_2678.jpeg (相似度: 0.623)
  💙 [John 匹配] IMG_2681.jpeg (相似度: 0.534)
  💜 [Sharon 匹配] IMG_2681.jpeg (相似度: 0.651)
  💜 [Sharon 匹配] IMG_2658.jpeg (相似度: 0.639)
  💖 [Sophia 匹配] IMG_2658.jpeg (相似度: 0.492)
  💖 [Sophia 匹配] IMG_2674.jpeg (相似度: 0.674)
  💙 [John 匹配] IMG_2674.jpeg (相似度: 0.533)
  💜 [Sharon 匹配] IMG_2674.jpeg (相似度: 0.634)
  💖 [Sophia 匹配] IMG_2662.jpeg (相似度: 0.468)
  💜 [Sharon 匹配] IMG_2662.jpeg (相似度: 0.590)
  💙 [John 匹配] IMG_2662.jpeg (相似度: 0.519)
  💖 [Sophia 匹配] IMG_2669.jpeg (相似度: 0.598)
  💜 [Sharon 匹配] IMG_2669.jpeg (相似度: 0.634)
  💙 [John 匹配] IMG_2669.jpeg (相似度: 0.562)
  💖 [Sophia 匹配] IMG_2700.jpeg (相似度: 0.616)
  💜 [Sharon 匹配] IMG_2700.jpeg (相似度: 0.657)
  💙 [John 匹配] IMG_2700.jpeg (相似度: 0.579)
  💖 [Sophia 匹配] IMG_2665.jpeg (相似度: 0.628)
  💜 [Sharon 匹配] IMG_2665.jpeg (相似度: 0.620)
  💙 [John 匹配] IMG_2665.jpeg (相似度: 0.563)
  💙 [John 匹配] IMG_2664.jpeg (相似度: 0.558)
  💖 [Sophia 匹配] IMG_2664.jpeg (相似度: 0.601)
  💜 [Sharon 匹配] IMG_2664.jpeg (相似度: 0.608)
  💖 [Sophia 匹配] IMG_2701.jpeg (相似度: 0.670)
  💜 [Sharon 匹配] IMG_2691.jpeg (相似度: 0.635)
  💙 [John 匹配] IMG_2668.jpeg (相似度: 0.576)
  💖 [Sophia 匹配] IMG_2668.jpeg (相似度: 0.610)
  💜 [Sharon 匹配] IMG_2668.jpeg (相似度: 0.628)
  💖 [Sophia 匹配] IMG_2702.jpeg (相似度: 0.669)
  💜 [Sharon 匹配] IMG_2684.jpeg (相似度: 0.646)
  💙 [John 匹配] IMG_2684.jpeg (相似度: 0.610)
  💙 [John 匹配] IMG_2667.jpeg (相似度: 0.599)
  💖 [Sophia 匹配] IMG_2667.jpeg (相似度: 0.619)
  💜 [Sharon 匹配] IMG_2667.jpeg (相似度: 0.625)
  💙 [John 匹配] IMG_2666.jpeg (相似度: 0.594)
  💖 [Sophia 匹配] IMG_2666.jpeg (相似度: 0.618)
  💜 [Sharon 匹配] IMG_2666.jpeg (相似度: 0.634)
  💜 [Sharon 匹配] IMG_2670.jpeg (相似度: 0.670)
  💖 [Sophia 匹配] IMG_2670.jpeg (相似度: 0.674)
  💙 [John 匹配] IMG_2670.jpeg (相似度: 0.582)
  💙 [John 匹配] IMG_2685.jpeg (相似度: 0.621)
  💜 [Sharon 匹配] IMG_2685.jpeg (相似度: 0.682)
  💜 [Sharon 匹配] IMG_2693.jpeg (相似度: 0.643)
  💜 [Sharon 匹配] IMG_2703.jpeg (相似度: 0.639)
  💜 [Sharon 匹配] IMG_2708.jpeg (相似度: 0.649)
  💖 [Sophia 匹配] IMG_2677.jpeg (相似度: 0.681)
  💙 [John 匹配] IMG_2677.jpeg (相似度: 0.609)
  💜 [Sharon 匹配] IMG_2677.jpeg (相似度: 0.659)
  💜 [Sharon 匹配] IMG_2698.jpeg (相似度: 0.652)
  💖 [Sophia 匹配] IMG_2698.jpeg (相似度: 0.701)
  💖 [Sophia 匹配] IMG_2661.jpeg (相似度: 0.445)
  💜 [Sharon 匹配] IMG_2661.jpeg (相似度: 0.531)
  💙 [John 匹配] IMG_2661.jpeg (相似度: 0.506)
  💜 [Sharon 匹配] IMG_2704.jpeg (相似度: 0.636)
  💖 [Sophia 匹配] IMG_2657.jpeg (相似度: 0.529)
  💜 [Sharon 匹配] IMG_2657.jpeg (相似度: 0.642)
  💙 [John 匹配] IMG_2682.jpeg (相似度: 0.581)
  💜 [Sharon 匹配] IMG_2682.jpeg (相似度: 0.605)
  💜 [Sharon 匹配] IMG_2683.jpeg (相似度: 0.618)
  💙 [John 匹配] IMG_2683.jpeg (相似度: 0.576)
  💜 [Sharon 匹配] IMG_2656.jpeg (相似度: 0.595)
  💜 [Sharon 匹配] IMG_2705.jpeg (相似度: 0.601)
  💖 [Sophia 匹配] IMG_2660.jpeg (相似度: 0.570)
  💜 [Sharon 匹配] IMG_2660.jpeg (相似度: 0.644)
  💙 [John 匹配] IMG_2660.jpeg (相似度: 0.548)
  💙 [John 匹配] IMG_2676.jpeg (相似度: 0.563)
  💖 [Sophia 匹配] IMG_2676.jpeg (相似度: 0.618)
  💜 [Sharon 匹配] IMG_2676.jpeg (相似度: 0.623)
  💜 [Sharon 匹配] IMG_2699.jpeg (相似度: 0.651)
  💖 [Sophia 匹配] IMG_2699.jpeg (相似度: 0.647)
  💙 [John 匹配] IMG_2699.jpeg (相似度: 0.579)
  💜 [Sharon 匹配] IMG_2709.jpeg (相似度: 0.648)
  💜 [Sharon 匹配] IMG_0830.JPG (相似度: 0.614)
  💜 [Sharon 匹配] IMG_0829.JPG (相似度: 0.672)
  💖 [Sophia 匹配] IMG_0052.jpeg (相似度: 0.438)
  💖 [Sophia 匹配] IMG_0052.jpeg (相似度: 0.612)
  💖 [Sophia 匹配] IMG_0053.jpeg (相似度: 0.492)
  💖 [Sophia 匹配] IMG_0053.jpeg (相似度: 0.634)
  💖 [Sophia 匹配] IMG_0051.jpeg (相似度: 0.449)
  💖 [Sophia 匹配] IMG_0051.jpeg (相似度: 0.615)
  💜 [Sharon 匹配] IMG_1504.jpeg (相似度: 0.552)
  💜 [Sharon 匹配] IMG_0170.jpeg (相似度: 0.431)
  💖 [Sophia 匹配] IMG_0170.jpeg (相似度: 0.421)
  💙 [John 匹配] IMG_0170.jpeg (相似度: 0.498)
  💖 [Sophia 匹配] IMG_0263.jpeg (相似度: 0.434)
  💖 [Sophia 匹配] IMG_0326.jpeg (相似度: 0.438)
  💜 [Sharon 匹配] IMG_0326.jpeg (相似度: 0.528)
  💙 [John 匹配] IMG_0081.jpeg (相似度: 0.431)
  💜 [Sharon 匹配] IMG_0081.jpeg (相似度: 0.539)
  💖 [Sophia 匹配] IMG_0081.jpeg (相似度: 0.423)
  💜 [Sharon 匹配] IMG_0097.jpeg (相似度: 0.437)
  💙 [John 匹配] IMG_0078.jpeg (相似度: 0.459)
  💜 [Sharon 匹配] IMG_0078.jpeg (相似度: 0.448)
  💙 [John 匹配] IMG_0214.jpeg (相似度: 0.556)
  💖 [Sophia 匹配] IMG_0214.jpeg (相似度: 0.422)
  💜 [Sharon 匹配] IMG_0214.jpeg (相似度: 0.467)
  💜 [Sharon 匹配] IMG_0516.jpeg (相似度: 0.515)
  💖 [Sophia 匹配] IMG_0280.jpeg (相似度: 0.433)
  💙 [John 匹配] IMG_0280.jpeg (相似度: 0.446)
  💖 [Sophia 匹配] IMG_0279.jpeg (相似度: 0.420)
  💙 [John 匹配] IMG_0279.jpeg (相似度: 0.439)
  💙 [John 匹配] IMG_0107.jpeg (相似度: 0.530)
  💙 [John 匹配] IMG_0106.jpeg (相似度: 0.526)
  💖 [Sophia 匹配] IMG_0106.jpeg (相似度: 0.440)
  💖 [Sophia 匹配] IMG_0281.jpeg (相似度: 0.430)
  💙 [John 匹配] IMG_0281.jpeg (相似度: 0.493)
  💖 [Sophia 匹配] IMG_0452.jpeg (相似度: 0.408)
  💖 [Sophia 匹配] IMG_0110.jpeg (相似度: 0.589)
  💜 [Sharon 匹配] IMG_0096.jpeg (相似度: 0.428)
  💜 [Sharon 匹配] IMG_0079.jpeg (相似度: 0.491)
  💙 [John 匹配] IMG_0079.jpeg (相似度: 0.446)
  💖 [Sophia 匹配] IMG_0079.jpeg (相似度: 0.473)
  💜 [Sharon 匹配] IMG_0080.jpeg (相似度: 0.527)
  💙 [John 匹配] IMG_0080.jpeg (相似度: 0.438)
  💜 [Sharon 匹配] IMG_0331.jpeg (相似度: 0.508)
  💖 [Sophia 匹配] IMG_0331.jpeg (相似度: 0.406)
  💙 [John 匹配] IMG_0075.jpeg (相似度: 0.552)
  💙 [John 匹配] IMG_0480.jpeg (相似度: 0.430)
  💜 [Sharon 匹配] IMG_0480.jpeg (相似度: 0.406)
  💖 [Sophia 匹配] IMG_0087.jpeg (相似度: 0.486)
  💜 [Sharon 匹配] IMG_0341.jpeg (相似度: 0.612)
  💙 [John 匹配] IMG_0479.jpeg (相似度: 0.400)
  💜 [Sharon 匹配] IMG_0479.jpeg (相似度: 0.437)
  💙 [John 匹配] IMG_0547.jpeg (相似度: 0.545)
  💜 [Sharon 匹配] IMG_0228.jpeg (相似度: 0.428)
  💖 [Sophia 匹配] IMG_0228.jpeg (相似度: 0.448)
  💙 [John 匹配] IMG_0228.jpeg (相似度: 0.454)
  💜 [Sharon 匹配] IMG_0137.jpeg (相似度: 0.417)
  💜 [Sharon 匹配] IMG_0422.jpeg (相似度: 0.456)
  💜 [Sharon 匹配] IMG_0530.jpeg (相似度: 0.485)
  💜 [Sharon 匹配] IMG_0273.jpeg (相似度: 0.433)
  💙 [John 匹配] IMG_0273.jpeg (相似度: 0.404)
  💜 [Sharon 匹配] IMG_3776.jpeg (相似度: 0.417)
  💙 [John 匹配] IMG_0224.jpeg (相似度: 0.460)
  💜 [Sharon 匹配] IMG_0224.jpeg (相似度: 0.423)
  💙 [John 匹配] IMG_0225.jpeg (相似度: 0.498)
  💖 [Sophia 匹配] IMG_0225.jpeg (相似度: 0.427)
  💜 [Sharon 匹配] IMG_0225.jpeg (相似度: 0.401)
  💜 [Sharon 匹配] IMG_0337.jpeg (相似度: 0.417)
  💜 [Sharon 匹配] IMG_0120.jpeg (相似度: 0.412)
  💙 [John 匹配] IMG_0100.jpeg (相似度: 0.415)
  💙 [John 匹配] IMG_0287.jpeg (相似度: 0.498)
  💜 [Sharon 匹配] IMG_0454.jpeg (相似度: 0.436)
  💖 [Sophia 匹配] IMG_0454.jpeg (相似度: 0.412)
  💙 [John 匹配] IMG_0546.jpeg (相似度: 0.588)
  💜 [Sharon 匹配] IMG_0546.jpeg (相似度: 0.418)
  💙 [John 匹配] IMG_0090.jpeg (相似度: 0.470)
  💜 [Sharon 匹配] IMG_0090.jpeg (相似度: 0.423)
  💜 [Sharon 匹配] IMG_0340.jpeg (相似度: 0.415)
  💙 [John 匹配] IMG_0103.jpeg (相似度: 0.538)
  💜 [Sharon 匹配] IMG_0457.jpeg (相似度: 0.420)
  💖 [Sophia 匹配] IMG_0457.jpeg (相似度: 0.431)
  💜 [Sharon 匹配] IMG_0545.jpeg (相似度: 0.458)
  💙 [John 匹配] IMG_0545.jpeg (相似度: 0.511)
  💖 [Sophia 匹配] IMG_0115.jpeg (相似度: 0.585)
  💖 [Sophia 匹配] IMG_0085.jpeg (相似度: 0.407)
  💜 [Sharon 匹配] IMG_0251.jpeg (相似度: 0.448)
  💜 [Sharon 匹配] IMG_0528.jpeg (相似度: 0.510)
  💖 [Sophia 匹配] IMG_0528.jpeg (相似度: 0.609)
  💙 [John 匹配] IMG_0226.jpeg (相似度: 0.474)
  💜 [Sharon 匹配] IMG_0119.jpeg (相似度: 0.412)
  💙 [John 匹配] IMG_0089.jpeg (相似度: 0.449)
  💙 [John 匹配] IMG_0088.jpeg (相似度: 0.441)
  💜 [Sharon 匹配] IMG_0088.jpeg (相似度: 0.433)
  💜 [Sharon 匹配] IMG_0421.jpeg (相似度: 0.432)
  💖 [Sophia 匹配] IMG_0134.jpeg (相似度: 0.419)
  💜 [Sharon 匹配] IMG_0533.jpeg (相似度: 0.451)
  💙 [John 匹配] IMG_8656.jpeg (相似度: 0.430)
  💜 [Sharon 匹配] IMG_0529.jpeg (相似度: 0.516)
  💖 [Sophia 匹配] IMG_0529.jpeg (相似度: 0.435)
  💖 [Sophia 匹配] IMG_0250.jpeg (相似度: 0.446)
  💜 [Sharon 匹配] IMG_0250.jpeg (相似度: 0.408)
  💙 [John 匹配] IMG_0250.jpeg (相似度: 0.485)
  💖 [Sophia 匹配] IMG_0084.jpeg (相似度: 0.469)
  💜 [Sharon 匹配] IMG_0084.jpeg (相似度: 0.516)
  💜 [Sharon 匹配] IMG_0544.jpeg (相似度: 0.433)
  💙 [John 匹配] IMG_0544.jpeg (相似度: 0.529)
  💖 [Sophia 匹配] IMG_0114.jpeg (相似度: 0.571)
  💜 [Sharon 匹配] IMG_0456.jpeg (相似度: 0.431)
  💖 [Sophia 匹配] IMG_0456.jpeg (相似度: 0.430)
  💖 [Sophia 匹配] IMG_0109.jpeg (相似度: 0.442)
  💖 [Sophia 匹配] IMG_0220.jpeg (相似度: 0.503)
  💜 [Sharon 匹配] IMG_0220.jpeg (相似度: 0.414)
  💙 [John 匹配] IMG_0261.jpeg (相似度: 0.504)
  💜 [Sharon 匹配] IMG_0261.jpeg (相似度: 0.411)
  💜 [Sharon 匹配] IMG_0534.jpeg (相似度: 0.505)
  💙 [John 匹配] IMG_0076.jpeg (相似度: 0.556)
  💙 [John 匹配] IMG_0105.jpeg (相似度: 0.522)
  💜 [Sharon 匹配] IMG_0105.jpeg (相似度: 0.417)
  💖 [Sophia 匹配] IMG_0105.jpeg (相似度: 0.408)
  💜 [Sharon 匹配] IMG_0502.jpeg (相似度: 0.507)
  💜 [Sharon 匹配] IMG_0390.jpeg (相似度: 0.455)
  💜 [Sharon 匹配] IMG_0543.jpeg (相似度: 0.458)
  💙 [John 匹配] IMG_0543.jpeg (相似度: 0.489)
  💖 [Sophia 匹配] IMG_0543.jpeg (相似度: 0.550)
  💖 [Sophia 匹配] IMG_0113.jpeg (相似度: 0.524)
  💜 [Sharon 匹配] IMG_0406.jpeg (相似度: 0.440)
  💜 [Sharon 匹配] IMG_0484.jpeg (相似度: 0.409)
  💙 [John 匹配] IMG_0485.jpeg (相似度: 0.436)
  💖 [Sophia 匹配] IMG_0217.jpeg (相似度: 0.463)
  💜 [Sharon 匹配] IMG_0217.jpeg (相似度: 0.413)
  💙 [John 匹配] IMG_0217.jpeg (相似度: 0.483)
  💙 [John 匹配] IMG_0169.jpeg (相似度: 0.516)
  💖 [Sophia 匹配] IMG_0169.jpeg (相似度: 0.421)
  💖 [Sophia 匹配] IMG_0283.jpeg (相似度: 0.439)
  💙 [John 匹配] IMG_0283.jpeg (相似度: 0.447)
  💙 [John 匹配] IMG_0104.jpeg (相似度: 0.518)
  💜 [Sharon 匹配] IMG_0104.jpeg (相似度: 0.467)
  💙 [John 匹配] IMG_0431.jpeg (相似度: 0.450)
  💜 [Sharon 匹配] IMG_0427.jpeg (相似度: 0.449)
  💜 [Sharon 匹配] IMG_0077.jpeg (相似度: 0.524)
  💙 [John 匹配] IMG_0077.jpeg (相似度: 0.559)
  💜 [Sharon 匹配] IMG_0098.jpeg (相似度: 0.437)
  💜 [Sharon 匹配] IMG_0535.jpeg (相似度: 0.465)
  💜 [Sharon 匹配] IMG_0221.jpeg (相似度: 0.406)
  💖 [Sophia 匹配] IMG_0221.jpeg (相似度: 0.500)
  💙 [John 匹配] IMG_0108.jpeg (相似度: 0.574)
  💜 [Sharon 匹配] IMG_0108.jpeg (相似度: 0.452)
  💜 [Sharon 匹配] IMG_0648.jpeg (相似度: 0.559)
  💖 [Sophia 匹配] IMG_0648.jpeg (相似度: 0.682)
  💙 [John 匹配] IMG_0561.jpeg (相似度: 0.709)
  💜 [Sharon 匹配] IMG_0561.jpeg (相似度: 0.610)
  💜 [Sharon 匹配] IMG_0645.jpeg (相似度: 0.595)
  💙 [John 匹配] IMG_0645.jpeg (相似度: 0.593)
  💜 [Sharon 匹配] IMG_0560.jpeg (相似度: 0.607)
  💙 [John 匹配] IMG_0560.jpeg (相似度: 0.721)
  💜 [Sharon 匹配] IMG_0649.jpeg (相似度: 0.611)
  💖 [Sophia 匹配] IMG_0649.jpeg (相似度: 0.660)
  💜 [Sharon 匹配] IMG_0065.jpeg (相似度: 0.423)
  💙 [John 匹配] IMG_0065.jpeg (相似度: 0.526)
  💙 [John 匹配] IMG_0066.jpeg (相似度: 0.456)
  💜 [Sharon 匹配] IMG_0066.jpeg (相似度: 0.453)
  💙 [John 匹配] IMG_0067.jpeg (相似度: 0.443)
  💜 [Sharon 匹配] IMG_0067.jpeg (相似度: 0.423)
  💜 [Sharon 匹配] IMG_0559.jpeg (相似度: 0.689)
  💜 [Sharon 匹配] IMG_0646.jpeg (相似度: 0.602)
  💖 [Sophia 匹配] IMG_0646.jpeg (相似度: 0.575)
  💜 [Sharon 匹配] IMG_0647.jpeg (相似度: 0.578)
  💖 [Sophia 匹配] IMG_0647.jpeg (相似度: 0.626)
  💜 [Sharon 匹配] IMG_0562.jpeg (相似度: 0.621)
  💙 [John 匹配] IMG_0562.jpeg (相似度: 0.708)
  💜 [Sharon 匹配] IMG_0558.jpeg (相似度: 0.619)
  💙 [John 匹配] IMG_2458.jpeg (相似度: 0.656)
  💜 [Sharon 匹配] IMG_2458.jpeg (相似度: 0.651)
  💜 [Sharon 匹配] IMG_2455.jpeg (相似度: 0.671)
  💙 [John 匹配] IMG_2459.jpeg (相似度: 0.703)
  💜 [Sharon 匹配] IMG_2459.jpeg (相似度: 0.687)
  💜 [Sharon 匹配] IMG_2452.jpeg (相似度: 0.679)
  💜 [Sharon 匹配] IMG_2450.jpeg (相似度: 0.673)
  💜 [Sharon 匹配] IMG_2451.jpeg (相似度: 0.698)
  💜 [Sharon 匹配] IMG_2456.jpeg (相似度: 0.661)
  💜 [Sharon 匹配] IMG_8612.jpeg (相似度: 0.407)
  💖 [Sophia 匹配] IMG_8609.jpeg (相似度: 0.562)
  💜 [Sharon 匹配] IMG_8609.jpeg (相似度: 0.612)
  💜 [Sharon 匹配] IMG_8614.jpeg (相似度: 0.582)
  💜 [Sharon 匹配] IMG_8615.jpeg (相似度: 0.583)
  💖 [Sophia 匹配] IMG_8607.jpeg (相似度: 0.587)
  💖 [Sophia 匹配] IMG_8611.jpeg (相似度: 0.595)
  💜 [Sharon 匹配] IMG_8611.jpeg (相似度: 0.576)
  💖 [Sophia 匹配] IMG_9594.jpeg (相似度: 0.690)
  💖 [Sophia 匹配] IMG_9717.jpeg (相似度: 0.538)
  💜 [Sharon 匹配] IMG_9652.jpeg (相似度: 0.639)
  💜 [Sharon 匹配] IMG_9691.jpeg (相似度: 0.651)
  💙 [John 匹配] IMG_9691.jpeg (相似度: 0.618)
  💖 [Sophia 匹配] IMG_9691.jpeg (相似度: 0.631)
  💜 [Sharon 匹配] IMG_9668.jpeg (相似度: 0.661)
  💙 [John 匹配] IMG_9668.jpeg (相似度: 0.622)
  💖 [Sophia 匹配] IMG_9668.jpeg (相似度: 0.684)
  💖 [Sophia 匹配] IMG_9687.jpeg (相似度: 0.629)
  💙 [John 匹配] IMG_9687.jpeg (相似度: 0.610)
  💜 [Sharon 匹配] IMG_9687.jpeg (相似度: 0.601)
  💙 [John 匹配] IMG_9648.jpeg (相似度: 0.699)
  💖 [Sophia 匹配] IMG_9648.jpeg (相似度: 0.662)
  💜 [Sharon 匹配] IMG_9648.jpeg (相似度: 0.522)
  💙 [John 匹配] IMG_9609.jpeg (相似度: 0.607)
  💜 [Sharon 匹配] IMG_9609.jpeg (相似度: 0.515)
  💖 [Sophia 匹配] IMG_9609.jpeg (相似度: 0.603)
  💙 [John 匹配] IMG_9598.jpeg (相似度: 0.636)
  💖 [Sophia 匹配] IMG_9598.jpeg (相似度: 0.650)
  💜 [Sharon 匹配] IMG_9598.jpeg (相似度: 0.555)
  💖 [Sophia 匹配] IMG_9598.jpeg (相似度: 0.427)
  💖 [Sophia 匹配] IMG_9625.jpeg (相似度: 0.553)
  💖 [Sophia 匹配] IMG_9672.jpeg (相似度: 0.752)
  💙 [John 匹配] IMG_9664.jpeg (相似度: 0.617)
  💜 [Sharon 匹配] IMG_9664.jpeg (相似度: 0.641)
  💖 [Sophia 匹配] IMG_9664.jpeg (相似度: 0.693)
  💖 [Sophia 匹配] IMG_9721.jpeg (相似度: 0.631)
  💙 [John 匹配] IMG_9721.jpeg (相似度: 0.694)
  💜 [Sharon 匹配] IMG_9721.jpeg (相似度: 0.445)
  💖 [Sophia 匹配] IMG_9633.jpeg (相似度: 0.636)
  💜 [Sharon 匹配] IMG_9633.jpeg (相似度: 0.496)
  💙 [John 匹配] IMG_9633.jpeg (相似度: 0.606)
  💙 [John 匹配] IMG_9665.jpeg (相似度: 0.643)
  💜 [Sharon 匹配] IMG_9665.jpeg (相似度: 0.649)
  💖 [Sophia 匹配] IMG_9665.jpeg (相似度: 0.690)
  💙 [John 匹配] IMG_9720.jpeg (相似度: 0.631)
  💖 [Sophia 匹配] IMG_9720.jpeg (相似度: 0.662)
  💖 [Sophia 匹配] IMG_9673.jpeg (相似度: 0.678)
  💖 [Sophia 匹配] IMG_9624.jpeg (相似度: 0.559)
  💜 [Sharon 匹配] IMG_9599.jpeg (相似度: 0.547)
  💙 [John 匹配] IMG_9599.jpeg (相似度: 0.648)
  💖 [Sophia 匹配] IMG_9599.jpeg (相似度: 0.619)
  💖 [Sophia 匹配] IMG_9599.jpeg (相似度: 0.422)
  💙 [John 匹配] IMG_9608.jpeg (相似度: 0.605)
  💜 [Sharon 匹配] IMG_9608.jpeg (相似度: 0.515)
  💖 [Sophia 匹配] IMG_9608.jpeg (相似度: 0.590)
  💖 [Sophia 匹配] IMG_9649.jpeg (相似度: 0.711)
  💜 [Sharon 匹配] IMG_9794.jpeg (相似度: 0.496)
  💖 [Sophia 匹配] IMG_9794.jpeg (相似度: 0.482)
  💙 [John 匹配] IMG_9794.jpeg (相似度: 0.480)
  💜 [Sharon 匹配] IMG_9669.jpeg (相似度: 0.591)
  💖 [Sophia 匹配] IMG_9669.jpeg (相似度: 0.722)
  💙 [John 匹配] IMG_9669.jpeg (相似度: 0.637)
  💙 [John 匹配] IMG_9686.jpeg (相似度: 0.651)
  💜 [Sharon 匹配] IMG_9686.jpeg (相似度: 0.519)
  💖 [Sophia 匹配] IMG_9686.jpeg (相似度: 0.642)
  💙 [John 匹配] IMG_9690.jpeg (相似度: 0.611)
  💖 [Sophia 匹配] IMG_9690.jpeg (相似度: 0.601)
  💜 [Sharon 匹配] IMG_9690.jpeg (相似度: 0.560)
  💙 [John 匹配] IMG_9628.jpeg (相似度: 0.586)
  💜 [Sharon 匹配] IMG_9628.jpeg (相似度: 0.469)
  💖 [Sophia 匹配] IMG_9628.jpeg (相似度: 0.605)
  💜 [Sharon 匹配] IMG_9716.jpeg (相似度: 0.446)
  💖 [Sophia 匹配] IMG_9716.jpeg (相似度: 0.586)
  💖 [Sophia 匹配] IMG_9595.jpeg (相似度: 0.676)
  💙 [John 匹配] IMG_9604.jpeg (相似度: 0.642)
  💜 [Sharon 匹配] IMG_9604.jpeg (相似度: 0.507)
  💖 [Sophia 匹配] IMG_9604.jpeg (相似度: 0.469)
  💖 [Sophia 匹配] IMG_9645.jpeg (相似度: 0.642)
  💜 [Sharon 匹配] IMG_9645.jpeg (相似度: 0.539)
  💙 [John 匹配] IMG_9645.jpeg (相似度: 0.708)
  💜 [Sharon 匹配] IMG_9658.jpeg (相似度: 0.580)
  💖 [Sophia 匹配] IMG_9658.jpeg (相似度: 0.505)
  💙 [John 匹配] IMG_9658.jpeg (相似度: 0.695)
  💖 [Sophia 匹配] IMG_9623.jpeg (相似度: 0.622)
  💜 [Sharon 匹配] IMG_9789.jpeg (相似度: 0.541)
  💖 [Sophia 匹配] IMG_9789.jpeg (相似度: 0.568)
  💙 [John 匹配] IMG_9789.jpeg (相似度: 0.575)
  💖 [Sophia 匹配] IMG_9674.jpeg (相似度: 0.722)
  💜 [Sharon 匹配] IMG_9662.jpeg (相似度: 0.591)
  💖 [Sophia 匹配] IMG_9662.jpeg (相似度: 0.677)
  💙 [John 匹配] IMG_9727.jpeg (相似度: 0.714)
  💙 [John 匹配] IMG_9635.jpeg (相似度: 0.622)
  💖 [Sophia 匹配] IMG_9635.jpeg (相似度: 0.652)
  💜 [Sharon 匹配] IMG_9635.jpeg (相似度: 0.487)
  💖 [Sophia 匹配] IMG_9750.jpeg (相似度: 0.630)
  💖 [Sophia 匹配] IMG_9592.jpeg (相似度: 0.657)
  💙 [John 匹配] IMG_9592.jpeg (相似度: 0.661)
  💜 [Sharon 匹配] IMG_9592.jpeg (相似度: 0.537)
  💖 [Sophia 匹配] IMG_9711.jpeg (相似度: 0.451)
  💜 [Sharon 匹配] IMG_9654.jpeg (相似度: 0.581)
  💖 [Sophia 匹配] IMG_9654.jpeg (相似度: 0.574)
  💙 [John 匹配] IMG_9654.jpeg (相似度: 0.728)
  💖 [Sophia 匹配] IMG_9678.jpeg (相似度: 0.720)
  💖 [Sophia 匹配] IMG_9681.jpeg (相似度: 0.568)
  💜 [Sharon 匹配] IMG_9681.jpeg (相似度: 0.587)
  💖 [Sophia 匹配] IMG_9639.jpeg (相似度: 0.644)
  💜 [Sharon 匹配] IMG_9639.jpeg (相似度: 0.500)
  💖 [Sophia 匹配] IMG_9793.jpeg (相似度: 0.471)
  💜 [Sharon 匹配] IMG_9638.jpeg (相似度: 0.527)
  💖 [Sophia 匹配] IMG_9638.jpeg (相似度: 0.659)
  💖 [Sophia 匹配] IMG_9792.jpeg (相似度: 0.675)
  💖 [Sophia 匹配] IMG_9680.jpeg (相似度: 0.646)
  💖 [Sophia 匹配] IMG_9679.jpeg (相似度: 0.728)
  💜 [Sharon 匹配] IMG_9655.jpeg (相似度: 0.555)
  💖 [Sophia 匹配] IMG_9655.jpeg (相似度: 0.510)
  💙 [John 匹配] IMG_9655.jpeg (相似度: 0.701)
  💙 [John 匹配] IMG_9593.jpeg (相似度: 0.667)
  💖 [Sophia 匹配] IMG_9593.jpeg (相似度: 0.650)
  💜 [Sharon 匹配] IMG_9593.jpeg (相似度: 0.510)
  💖 [Sophia 匹配] IMG_9747.jpeg (相似度: 0.578)
  💖 [Sophia 匹配] IMG_9751.jpeg (相似度: 0.538)
  💖 [Sophia 匹配] IMG_9706.jpeg (相似度: 0.457)
  💖 [Sophia 匹配] IMG_9634.jpeg (相似度: 0.647)
  💜 [Sharon 匹配] IMG_9634.jpeg (相似度: 0.483)
  💙 [John 匹配] IMG_9634.jpeg (相似度: 0.626)
  💜 [Sharon 匹配] IMG_9663.jpeg (相似度: 0.554)
  💖 [Sophia 匹配] IMG_9663.jpeg (相似度: 0.698)
  💙 [John 匹配] IMG_9726.jpeg (相似度: 0.710)
  💖 [Sophia 匹配] IMG_9675.jpeg (相似度: 0.723)
  💙 [John 匹配] IMG_9730.jpeg (相似度: 0.715)
  💖 [Sophia 匹配] IMG_9622.jpeg (相似度: 0.608)
  💖 [Sophia 匹配] IMG_9788.jpeg (相似度: 0.607)
  💜 [Sharon 匹配] IMG_9788.jpeg (相似度: 0.512)
  💜 [Sharon 匹配] IMG_9767.jpeg (相似度: 0.468)
  💙 [John 匹配] IMG_9767.jpeg (相似度: 0.419)
  💜 [Sharon 匹配] IMG_9659.jpeg (相似度: 0.594)
  💖 [Sophia 匹配] IMG_9659.jpeg (相似度: 0.610)
  💙 [John 匹配] IMG_9659.jpeg (相似度: 0.731)
  💖 [Sophia 匹配] IMG_9589.jpeg (相似度: 0.642)
  💜 [Sharon 匹配] IMG_9589.jpeg (相似度: 0.505)
  💜 [Sharon 匹配] IMG_9772.jpeg (相似度: 0.457)
  💖 [Sophia 匹配] IMG_9725.jpeg (相似度: 0.667)
  💙 [John 匹配] IMG_9725.jpeg (相似度: 0.637)
  💜 [Sharon 匹配] IMG_9725.jpeg (相似度: 0.409)
  💖 [Sophia 匹配] IMG_9660.jpeg (相似度: 0.687)
  💜 [Sharon 匹配] IMG_9660.jpeg (相似度: 0.647)
  💖 [Sophia 匹配] IMG_9676.jpeg (相似度: 0.716)
  💖 [Sophia 匹配] IMG_9748.jpeg (相似度: 0.555)
  💖 [Sophia 匹配] IMG_9791.jpeg (相似度: 0.583)
  💙 [John 匹配] IMG_9683.jpeg (相似度: 0.677)
  💖 [Sophia 匹配] IMG_9683.jpeg (相似度: 0.605)
  💜 [Sharon 匹配] IMG_9683.jpeg (相似度: 0.567)
  💙 [John 匹配] IMG_9729.jpeg (相似度: 0.728)
  💜 [Sharon 匹配] IMG_9729.jpeg (相似度: 0.448)
  💜 [Sharon 匹配] IMG_9656.jpeg (相似度: 0.592)
  💖 [Sophia 匹配] IMG_9656.jpeg (相似度: 0.596)
  💙 [John 匹配] IMG_9656.jpeg (相似度: 0.724)
  💜 [Sharon 匹配] IMG_9713.jpeg (相似度: 0.426)
  💖 [Sophia 匹配] IMG_9713.jpeg (相似度: 0.692)
  💙 [John 匹配] IMG_9590.jpeg (相似度: 0.671)
  💖 [Sophia 匹配] IMG_9590.jpeg (相似度: 0.635)
  💜 [Sharon 匹配] IMG_9590.jpeg (相似度: 0.528)
  💖 [Sophia 匹配] IMG_9744.jpeg (相似度: 0.569)
  💜 [Sharon 匹配] IMG_9617.jpeg (相似度: 0.502)
  💖 [Sophia 匹配] IMG_9617.jpeg (相似度: 0.637)
  💙 [John 匹配] IMG_9617.jpeg (相似度: 0.631)
  💖 [Sophia 匹配] IMG_9752.jpeg (相似度: 0.635)
  💖 [Sophia 匹配] IMG_9587.jpeg (相似度: 0.513)
  💖 [Sophia 匹配] IMG_9704.jpeg (相似度: 0.628)
  💙 [John 匹配] IMG_9591.jpeg (相似度: 0.656)
  💖 [Sophia 匹配] IMG_9591.jpeg (相似度: 0.621)
  💜 [Sharon 匹配] IMG_9591.jpeg (相似度: 0.490)
  💜 [Sharon 匹配] IMG_9657.jpeg (相似度: 0.596)
  💙 [John 匹配] IMG_9657.jpeg (相似度: 0.690)
  💖 [Sophia 匹配] IMG_9657.jpeg (相似度: 0.565)
  💖 [Sophia 匹配] IMG_9712.jpeg (相似度: 0.680)
  💜 [Sharon 匹配] IMG_9712.jpeg (相似度: 0.441)
  💖 [Sophia 匹配] IMG_9682.jpeg (相似度: 0.618)
  💜 [Sharon 匹配] IMG_9682.jpeg (相似度: 0.620)
  💜 [Sharon 匹配] IMG_9728.jpeg (相似度: 0.455)
  💙 [John 匹配] IMG_9728.jpeg (相似度: 0.711)
  💖 [Sophia 匹配] IMG_9790.jpeg (相似度: 0.629)
  💖 [Sophia 匹配] IMG_9708.jpeg (相似度: 0.542)
  💖 [Sophia 匹配] IMG_9749.jpeg (相似度: 0.515)
  💙 [John 匹配] IMG_9620.jpeg (相似度: 0.668)
  💖 [Sophia 匹配] IMG_9620.jpeg (相似度: 0.672)
  💜 [Sharon 匹配] IMG_9620.jpeg (相似度: 0.545)
  💖 [Sophia 匹配] IMG_9732.jpeg (相似度: 0.653)
  💜 [Sharon 匹配] IMG_9732.jpeg (相似度: 0.475)
  💙 [John 匹配] IMG_9732.jpeg (相似度: 0.633)
  💖 [Sophia 匹配] IMG_9677.jpeg (相似度: 0.730)
  💙 [John 匹配] IMG_9724.jpeg (相似度: 0.605)
  💖 [Sophia 匹配] IMG_9724.jpeg (相似度: 0.668)
  💖 [Sophia 匹配] IMG_9661.jpeg (相似度: 0.696)
  💜 [Sharon 匹配] IMG_9661.jpeg (相似度: 0.627)
  💜 [Sharon 匹配] IMG_9773.jpeg (相似度: 0.427)
  💙 [John 匹配] IMG_9685.jpeg (相似度: 0.622)
  💜 [Sharon 匹配] IMG_9685.jpeg (相似度: 0.592)
  💖 [Sophia 匹配] IMG_9685.jpeg (相似度: 0.622)
  💜 [Sharon 匹配] IMG_9739.jpeg (相似度: 0.501)
  💙 [John 匹配] IMG_9739.jpeg (相似度: 0.598)
  💖 [Sophia 匹配] IMG_9650.jpeg (相似度: 0.744)
  💖 [Sophia 匹配] IMG_9715.jpeg (相似度: 0.657)
  💜 [Sharon 匹配] IMG_9715.jpeg (相似度: 0.452)
  💙 [John 匹配] IMG_9596.jpeg (相似度: 0.638)
  💜 [Sharon 匹配] IMG_9596.jpeg (相似度: 0.573)
  💖 [Sophia 匹配] IMG_9596.jpeg (相似度: 0.643)
  💖 [Sophia 匹配] IMG_9596.jpeg (相似度: 0.475)
  💖 [Sophia 匹配] IMG_9579.jpeg (相似度: 0.411)
  💙 [John 匹配] IMG_9607.jpeg (相似度: 0.600)
  💜 [Sharon 匹配] IMG_9607.jpeg (相似度: 0.468)
  💖 [Sophia 匹配] IMG_9607.jpeg (相似度: 0.580)
  💙 [John 匹配] IMG_9646.jpeg (相似度: 0.697)
  💖 [Sophia 匹配] IMG_9646.jpeg (相似度: 0.666)
  💜 [Sharon 匹配] IMG_9646.jpeg (相似度: 0.520)
  💖 [Sophia 匹配] IMG_9723.jpeg (相似度: 0.646)
  💙 [John 匹配] IMG_9723.jpeg (相似度: 0.591)
  💙 [John 匹配] IMG_9689.jpeg (相似度: 0.599)
  💜 [Sharon 匹配] IMG_9689.jpeg (相似度: 0.540)
  💖 [Sophia 匹配] IMG_9689.jpeg (相似度: 0.603)
  💙 [John 匹配] IMG_9666.jpeg (相似度: 0.625)
  💜 [Sharon 匹配] IMG_9666.jpeg (相似度: 0.587)
  💖 [Sophia 匹配] IMG_9666.jpeg (相似度: 0.737)
  💜 [Sharon 匹配] IMG_9735.jpeg (相似度: 0.424)
  💙 [John 匹配] IMG_9735.jpeg (相似度: 0.669)
  💙 [John 匹配] IMG_9670.jpeg (相似度: 0.634)
  💜 [Sharon 匹配] IMG_9670.jpeg (相似度: 0.601)
  💖 [Sophia 匹配] IMG_9670.jpeg (相似度: 0.708)
  💙 [John 匹配] IMG_9762.jpeg (相似度: 0.483)
  💖 [Sophia 匹配] IMG_9719.jpeg (相似度: 0.617)
  💜 [Sharon 匹配] IMG_9719.jpeg (相似度: 0.411)
  💙 [John 匹配] IMG_9719.jpeg (相似度: 0.622)
  💙 [John 匹配] IMG_9718.jpeg (相似度: 0.630)
  💖 [Sophia 匹配] IMG_9718.jpeg (相似度: 0.614)
  💖 [Sophia 匹配] IMG_9626.jpeg (相似度: 0.480)
  💙 [John 匹配] IMG_9671.jpeg (相似度: 0.613)
  💜 [Sharon 匹配] IMG_9671.jpeg (相似度: 0.599)
  💖 [Sophia 匹配] IMG_9671.jpeg (相似度: 0.731)
  💖 [Sophia 匹配] IMG_9722.jpeg (相似度: 0.627)
  💙 [John 匹配] IMG_9722.jpeg (相似度: 0.716)
  💜 [Sharon 匹配] IMG_9722.jpeg (相似度: 0.414)
  💙 [John 匹配] IMG_9688.jpeg (相似度: 0.619)
  💜 [Sharon 匹配] IMG_9688.jpeg (相似度: 0.609)
  💖 [Sophia 匹配] IMG_9688.jpeg (相似度: 0.643)
  💙 [John 匹配] IMG_9667.jpeg (相似度: 0.598)
  💖 [Sophia 匹配] IMG_9667.jpeg (相似度: 0.679)
  💜 [Sharon 匹配] IMG_9667.jpeg (相似度: 0.633)
  💖 [Sophia 匹配] IMG_9775.jpeg (相似度: 0.569)
  💜 [Sharon 匹配] IMG_9647.jpeg (相似度: 0.543)
  💖 [Sophia 匹配] IMG_9647.jpeg (相似度: 0.672)
  💙 [John 匹配] IMG_9647.jpeg (相似度: 0.698)
  💖 [Sophia 匹配] IMG_9755.jpeg (相似度: 0.449)
  💜 [Sharon 匹配] IMG_9606.jpeg (相似度: 0.492)
  💙 [John 匹配] IMG_9606.jpeg (相似度: 0.597)
  💖 [Sophia 匹配] IMG_9606.jpeg (相似度: 0.637)
  💙 [John 匹配] IMG_9597.jpeg (相似度: 0.618)
  💜 [Sharon 匹配] IMG_9597.jpeg (相似度: 0.536)
  💖 [Sophia 匹配] IMG_9597.jpeg (相似度: 0.645)
  💖 [Sophia 匹配] IMG_9597.jpeg (相似度: 0.420)
  💜 [Sharon 匹配] IMG_9651.jpeg (相似度: 0.589)
  💖 [Sophia 匹配] IMG_9714.jpeg (相似度: 0.680)
  💜 [Sharon 匹配] IMG_9714.jpeg (相似度: 0.461)
  💙 [John 匹配] IMG_9738.jpeg (相似度: 0.594)
  💜 [Sharon 匹配] IMG_9738.jpeg (相似度: 0.462)
  💖 [Sophia 匹配] IMG_9738.jpeg (相似度: 0.498)
  💖 [Sophia 匹配] IMG_9692.jpeg (相似度: 0.621)
  💙 [John 匹配] IMG_9692.jpeg (相似度: 0.584)
  💜 [Sharon 匹配] IMG_9692.jpeg (相似度: 0.580)
  💙 [John 匹配] IMG_9684.jpeg (相似度: 0.644)
  💖 [Sophia 匹配] IMG_9684.jpeg (相似度: 0.582)
  💜 [Sharon 匹配] IMG_9684.jpeg (相似度: 0.561)
  💜 [Sharon 匹配] IMG_0890.jpeg (相似度: 0.666)
  💜 [Sharon 匹配] IMG_0886.jpeg (相似度: 0.504)
  💜 [Sharon 匹配] IMG_0887.jpeg (相似度: 0.617)
  💜 [Sharon 匹配] IMG_0880.jpeg (相似度: 0.630)
  💜 [Sharon 匹配] IMG_0947.jpeg (相似度: 0.616)
  💙 [John 匹配] IMG_0947.jpeg (相似度: 0.737)
  💜 [Sharon 匹配] IMG_0897.jpeg (相似度: 0.472)
  💜 [Sharon 匹配] IMG_0882.jpeg (相似度: 0.662)
  💜 [Sharon 匹配] IMG_0928.jpeg (相似度: 0.706)
  💙 [John 匹配] IMG_0928.jpeg (相似度: 0.763)
  💜 [Sharon 匹配] IMG_0949.jpeg (相似度: 0.619)
  💙 [John 匹配] IMG_0949.jpeg (相似度: 0.737)
  💜 [Sharon 匹配] IMG_0964.jpeg (相似度: 0.592)
  💜 [Sharon 匹配] IMG_0883.jpeg (相似度: 0.640)
  💜 [Sharon 匹配] IMG_0888.jpeg (相似度: 0.443)
  💜 [Sharon 匹配] IMG_0884.jpeg (相似度: 0.636)
  💜 [Sharon 匹配] IMG_0885.jpeg (相似度: 0.531)
  💜 [Sharon 匹配] IMG_0889.jpeg (相似度: 0.516)
  💙 [John 匹配] IMG_0776.jpeg (相似度: 0.740)
  💜 [Sharon 匹配] IMG_0776.jpeg (相似度: 0.615)
  💜 [Sharon 匹配] IMG_0783.jpeg (相似度: 0.562)
  💙 [John 匹配] IMG_0782.jpeg (相似度: 0.598)
  💙 [John 匹配] IMG_0777.jpeg (相似度: 0.729)
  💜 [Sharon 匹配] IMG_0777.jpeg (相似度: 0.618)
  💜 [Sharon 匹配] IMG_0784.jpeg (相似度: 0.640)
  💜 [Sharon 匹配] IMG_0791.jpeg (相似度: 0.427)
  💙 [John 匹配] IMG_0773.jpeg (相似度: 0.725)
  💜 [Sharon 匹配] IMG_0773.jpeg (相似度: 0.607)
  💙 [John 匹配] IMG_0774.jpeg (相似度: 0.760)
  💜 [Sharon 匹配] IMG_0774.jpeg (相似度: 0.602)
  💙 [John 匹配] IMG_0778.jpeg (相似度: 0.744)
  💜 [Sharon 匹配] IMG_0778.jpeg (相似度: 0.601)
  💙 [John 匹配] IMG_0779.jpeg (相似度: 0.640)
  💜 [Sharon 匹配] IMG_0779.jpeg (相似度: 0.586)
  💙 [John 匹配] IMG_0780.jpeg (相似度: 0.637)
  💜 [Sharon 匹配] IMG_0780.jpeg (相似度: 0.645)
  💙 [John 匹配] IMG_0775.jpeg (相似度: 0.725)
  💜 [Sharon 匹配] IMG_0775.jpeg (相似度: 0.566)
  💜 [Sharon 匹配] IMG_8872.jpeg (相似度: 0.641)
  💜 [Sharon 匹配] IMG_8864.jpeg (相似度: 0.647)
  💜 [Sharon 匹配] IMG_8920.jpeg (相似度: 0.616)
  💜 [Sharon 匹配] IMG_8865.jpeg (相似度: 0.704)
  💙 [John 匹配] IMG_8865.jpeg (相似度: 0.802)
  💜 [Sharon 匹配] IMG_8874.jpeg (相似度: 0.601)
  💜 [Sharon 匹配] IMG_8862.jpeg (相似度: 0.694)
  💜 [Sharon 匹配] IMG_8911.jpeg (相似度: 0.516)
  💜 [Sharon 匹配] IMG_8910.jpeg (相似度: 0.620)
  💜 [Sharon 匹配] IMG_8876.jpeg (相似度: 0.571)
  💜 [Sharon 匹配] IMG_8912.jpeg (相似度: 0.565)
  💜 [Sharon 匹配] IMG_8861.jpeg (相似度: 0.673)
  💜 [Sharon 匹配] IMG_8866.jpeg (相似度: 0.695)
  💙 [John 匹配] IMG_8866.jpeg (相似度: 0.513)
  💜 [Sharon 匹配] IMG_8870.jpeg (相似度: 0.482)
  💜 [Sharon 匹配] IMG_8919.jpeg (相似度: 0.588)
  💜 [Sharon 匹配] IMG_8871.jpeg (相似度: 0.622)
  💜 [Sharon 匹配] IMG_8867.jpeg (相似度: 0.687)
  💙 [John 匹配] IMG_8867.jpeg (相似度: 0.489)
  💜 [Sharon 匹配] IMG_8914.jpeg (相似度: 0.634)
  💙 [John 匹配] IMG_2858.jpeg (相似度: 0.767)
  💖 [Sophia 匹配] IMG_2858.jpeg (相似度: 0.564)
  💜 [Sharon 匹配] IMG_2858.jpeg (相似度: 0.620)
  💖 [Sophia 匹配] IMG_2862.jpeg (相似度: 0.631)
  💙 [John 匹配] IMG_2862.jpeg (相似度: 0.744)
  💜 [Sharon 匹配] IMG_2862.jpeg (相似度: 0.574)
  💖 [Sophia 匹配] IMG_2842.jpeg (相似度: 0.489)
  💜 [Sharon 匹配] IMG_2842.jpeg (相似度: 0.484)
  💖 [Sophia 匹配] IMG_8777.jpeg (相似度: 0.652)
  💙 [John 匹配] IMG_8777.jpeg (相似度: 0.745)
  💙 [John 匹配] IMG_2897.jpeg (相似度: 0.595)
  💜 [Sharon 匹配] IMG_2896.jpeg (相似度: 0.598)
  💙 [John 匹配] IMG_2896.jpeg (相似度: 0.673)
  💙 [John 匹配] IMG_8776.jpeg (相似度: 0.726)
  💖 [Sophia 匹配] IMG_8776.jpeg (相似度: 0.624)
  💙 [John 匹配] IMG_2863.jpeg (相似度: 0.739)
  💖 [Sophia 匹配] IMG_2863.jpeg (相似度: 0.455)
  💜 [Sharon 匹配] IMG_2863.jpeg (相似度: 0.635)
  💙 [John 匹配] IMG_2859.jpeg (相似度: 0.764)
  💖 [Sophia 匹配] IMG_2859.jpeg (相似度: 0.599)
  💜 [Sharon 匹配] IMG_2859.jpeg (相似度: 0.627)
  💜 [Sharon 匹配] IMG_8775 (1).jpeg (相似度: 0.671)
  💖 [Sophia 匹配] IMG_8775 (1).jpeg (相似度: 0.512)
  💙 [John 匹配] IMG_8775 (1).jpeg (相似度: 0.661)
  💙 [John 匹配] IMG_2901.jpeg (相似度: 0.426)
  💖 [Sophia 匹配] IMG_2901.jpeg (相似度: 0.654)
  💙 [John 匹配] IMG_8771.jpeg (相似度: 0.622)
  💖 [Sophia 匹配] IMG_8771.jpeg (相似度: 0.488)
  💙 [John 匹配] IMG_2891.jpeg (相似度: 0.653)
  💖 [Sophia 匹配] IMG_2891.jpeg (相似度: 0.679)
  💜 [Sharon 匹配] IMG_2891.jpeg (相似度: 0.586)
  💙 [John 匹配] IMG_2868.jpeg (相似度: 0.731)
  💖 [Sophia 匹配] IMG_2868.jpeg (相似度: 0.622)
  💜 [Sharon 匹配] IMG_2868.jpeg (相似度: 0.648)
  💙 [John 匹配] IMG_2864.jpeg (相似度: 0.736)
  💖 [Sophia 匹配] IMG_2864.jpeg (相似度: 0.538)
  💜 [Sharon 匹配] IMG_2864.jpeg (相似度: 0.654)
  💙 [John 匹配] IMG_2865.jpeg (相似度: 0.749)
  💖 [Sophia 匹配] IMG_2865.jpeg (相似度: 0.644)
  💜 [Sharon 匹配] IMG_2865.jpeg (相似度: 0.662)
  💙 [John 匹配] IMG_2869.jpeg (相似度: 0.734)
  💖 [Sophia 匹配] IMG_2869.jpeg (相似度: 0.610)
  💜 [Sharon 匹配] IMG_2869.jpeg (相似度: 0.627)
  💖 [Sophia 匹配] IMG_2900.jpeg (相似度: 0.615)
  💙 [John 匹配] IMG_2900.jpeg (相似度: 0.703)
  💙 [John 匹配] IMG_2866.jpeg (相似度: 0.750)
  💖 [Sophia 匹配] IMG_2866.jpeg (相似度: 0.640)
  💜 [Sharon 匹配] IMG_2866.jpeg (相似度: 0.636)
  💙 [John 匹配] IMG_2870.jpeg (相似度: 0.736)
  💖 [Sophia 匹配] IMG_2870.jpeg (相似度: 0.597)
  💜 [Sharon 匹配] IMG_2870.jpeg (相似度: 0.640)
  💖 [Sophia 匹配] IMG_2867.jpeg (相似度: 0.628)
  💜 [Sharon 匹配] IMG_2867.jpeg (相似度: 0.650)
  💙 [John 匹配] IMG_2867.jpeg (相似度: 0.752)
  💜 [Sharon 匹配] IMG_8772.jpeg (相似度: 0.691)
  💙 [John 匹配] IMG_8772.jpeg (相似度: 0.633)
  💖 [Sophia 匹配] IMG_8772.jpeg (相似度: 0.437)
  💖 [Sophia 匹配] IMG_2892.jpeg (相似度: 0.683)
  💜 [Sharon 匹配] IMG_2892.jpeg (相似度: 0.544)
  💙 [John 匹配] IMG_2892.jpeg (相似度: 0.655)
  💙 [John 匹配] IMG_2860.jpeg (相似度: 0.748)
  💜 [Sharon 匹配] IMG_2860.jpeg (相似度: 0.625)
  💖 [Sophia 匹配] IMG_2860.jpeg (相似度: 0.594)
  💖 [Sophia 匹配] IMG_2899.jpeg (相似度: 0.603)
  💙 [John 匹配] IMG_2899.jpeg (相似度: 0.717)
  💙 [John 匹配] IMG_2909.jpeg (相似度: 0.748)
  💜 [Sharon 匹配] IMG_2909.jpeg (相似度: 0.689)
  💖 [Sophia 匹配] IMG_2909.jpeg (相似度: 0.692)
  💜 [Sharon 匹配] IMG_2817.jpeg (相似度: 0.625)
  💜 [Sharon 匹配] IMG_8774.jpeg (相似度: 0.679)
  💖 [Sophia 匹配] IMG_8774.jpeg (相似度: 0.525)
  💙 [John 匹配] IMG_8774.jpeg (相似度: 0.643)
  💙 [John 匹配] IMG_2898.jpeg (相似度: 0.547)
  💙 [John 匹配] IMG_2861.jpeg (相似度: 0.745)
  💖 [Sophia 匹配] IMG_2861.jpeg (相似度: 0.592)
  💜 [Sharon 匹配] IMG_2861.jpeg (相似度: 0.612)
  💜 [Sharon 匹配] IMG_1278.jpeg (相似度: 0.543)
  💜 [Sharon 匹配] IMG_1306.jpeg (相似度: 0.612)
  💙 [John 匹配] IMG_1306.jpeg (相似度: 0.741)
  💜 [Sharon 匹配] IMG_1280.jpeg (相似度: 0.559)
  💜 [Sharon 匹配] IMG_1279.jpeg (相似度: 0.529)
  💜 [Sharon 匹配] IMG_1268.jpeg (相似度: 0.508)
  💜 [Sharon 匹配] IMG_1265.jpeg (相似度: 0.402)
  💖 [Sophia 匹配] IMG_1245.jpeg (相似度: 0.511)
  💜 [Sharon 匹配] IMG_1269.jpeg (相似度: 0.531)
  💜 [Sharon 匹配] IMG_1285.jpeg (相似度: 0.465)
  💜 [Sharon 匹配] IMG_1270.jpeg (相似度: 0.577)
  💜 [Sharon 匹配] IMG_1284.jpeg (相似度: 0.421)
  💙 [John 匹配] IMG_1305.jpeg (相似度: 0.756)
  💜 [Sharon 匹配] IMG_1305.jpeg (相似度: 0.599)
  💜 [Sharon 匹配] IMG_1295.jpeg (相似度: 0.591)
  💜 [Sharon 匹配] IMG_1312.jpeg (相似度: 0.634)
  💙 [John 匹配] IMG_1312.jpeg (相似度: 0.760)
  💜 [Sharon 匹配] IMG_1308.jpeg (相似度: 0.630)
  💙 [John 匹配] IMG_1308.jpeg (相似度: 0.725)
  💙 [John 匹配] IMG_0756.jpeg (相似度: 0.455)
  💜 [Sharon 匹配] IMG_0998.jpeg (相似度: 0.612)
  💜 [Sharon 匹配] IMG_1002.jpeg (相似度: 0.610)
  💙 [John 匹配] IMG_1002.jpeg (相似度: 0.724)
  💜 [Sharon 匹配] IMG_1215.jpeg (相似度: 0.570)
  💙 [John 匹配] IMG_1215.jpeg (相似度: 0.811)
  💜 [Sharon 匹配] IMG_1192.jpeg (相似度: 0.425)
  💙 [John 匹配] IMG_1192.jpeg (相似度: 0.705)
  💜 [Sharon 匹配] IMG_1038.jpeg (相似度: 0.665)
  💜 [Sharon 匹配] IMG_1203.jpeg (相似度: 0.576)
  💜 [Sharon 匹配] IMG_1202.jpeg (相似度: 0.516)
  💜 [Sharon 匹配] IMG_1193.jpeg (相似度: 0.518)
  💙 [John 匹配] IMG_1193.jpeg (相似度: 0.672)
  💜 [Sharon 匹配] IMG_1039.jpeg (相似度: 0.523)
  💜 [Sharon 匹配] IMG_1078.jpeg (相似度: 0.514)
  💙 [John 匹配] IMG_1214.jpeg (相似度: 0.793)
  💜 [Sharon 匹配] IMG_1214.jpeg (相似度: 0.546)
  💜 [Sharon 匹配] IMG_1107.jpeg (相似度: 0.456)
  💜 [Sharon 匹配] IMG_1189.jpeg (相似度: 0.490)
  💙 [John 匹配] IMG_1189.jpeg (相似度: 0.769)
  💜 [Sharon 匹配] IMG_0999.jpeg (相似度: 0.620)
  💜 [Sharon 匹配] IMG_1213.jpeg (相似度: 0.579)
  💙 [John 匹配] IMG_1213.jpeg (相似度: 0.824)
  💜 [Sharon 匹配] IMG_1182.jpeg (相似度: 0.558)
  💙 [John 匹配] IMG_1182.jpeg (相似度: 0.806)
  💜 [Sharon 匹配] IMG_1194.jpeg (相似度: 0.438)
  💙 [John 匹配] IMG_1194.jpeg (相似度: 0.676)
  💜 [Sharon 匹配] IMG_1069.jpeg (相似度: 0.608)
  💜 [Sharon 匹配] IMG_1065.jpeg (相似度: 0.581)
  💜 [Sharon 匹配] IMG_1209.jpeg (相似度: 0.566)
  💜 [Sharon 匹配] IMG_1064.jpeg (相似度: 0.605)
  💜 [Sharon 匹配] IMG_1072.jpeg (相似度: 0.623)
  💜 [Sharon 匹配] IMG_1068.jpeg (相似度: 0.555)
  💙 [John 匹配] IMG_1195.jpeg (相似度: 0.428)
  💙 [John 匹配] IMG_1183.jpeg (相似度: 0.814)
  💜 [Sharon 匹配] IMG_1183.jpeg (相似度: 0.629)
  💜 [Sharon 匹配] IMG_1212.jpeg (相似度: 0.590)
  💙 [John 匹配] IMG_1179.jpeg (相似度: 0.795)
  💜 [Sharon 匹配] IMG_1179.jpeg (相似度: 0.452)
  💙 [John 匹配] IMG_1180.jpeg (相似度: 0.791)
  💜 [Sharon 匹配] IMG_1180.jpeg (相似度: 0.571)
  💜 [Sharon 匹配] IMG_1211.jpeg (相似度: 0.600)
  💜 [Sharon 匹配] IMG_1088.jpeg (相似度: 0.539)
  💜 [Sharon 匹配] IMG_1067.jpeg (相似度: 0.642)
  💜 [Sharon 匹配] IMG_1071.jpeg (相似度: 0.641)
  💜 [Sharon 匹配] IMG_1070.jpeg (相似度: 0.622)
  💜 [Sharon 匹配] IMG_1089.jpeg (相似度: 0.592)
  💜 [Sharon 匹配] IMG_1066.jpeg (相似度: 0.623)
  💜 [Sharon 匹配] IMG_1210.jpeg (相似度: 0.596)
  💙 [John 匹配] IMG_1181.jpeg (相似度: 0.798)
  💜 [Sharon 匹配] IMG_1181.jpeg (相似度: 0.598)
  💜 [Sharon 匹配] IMG_1206.jpeg (相似度: 0.621)
  💜 [Sharon 匹配] IMG_1085.jpeg (相似度: 0.532)
  💜 [Sharon 匹配] IMG_1124.jpeg (相似度: 0.414)
  💜 [Sharon 匹配] IMG_1077.jpeg (相似度: 0.413)
  💜 [Sharon 匹配] IMG_1094.jpeg (相似度: 0.467)
  💜 [Sharon 匹配] IMG_1040.jpeg (相似度: 0.557)
  💜 [Sharon 匹配] IMG_0997.jpeg (相似度: 0.566)
  💙 [John 匹配] IMG_1001.jpeg (相似度: 0.702)
  💜 [Sharon 匹配] IMG_1001.jpeg (相似度: 0.558)
  💜 [Sharon 匹配] IMG_1095.jpeg (相似度: 0.469)
  💙 [John 匹配] IMG_1187.jpeg (相似度: 0.791)
  💜 [Sharon 匹配] IMG_1187.jpeg (相似度: 0.459)
  💙 [John 匹配] IMG_1191.jpeg (相似度: 0.756)
  💜 [Sharon 匹配] IMG_1191.jpeg (相似度: 0.565)
  💜 [Sharon 匹配] IMG_1037.jpeg (相似度: 0.658)
  💙 [John 匹配] IMG_8791.jpeg (相似度: 0.560)
  💜 [Sharon 匹配] IMG_8791.jpeg (相似度: 0.453)
  💜 [Sharon 匹配] IMG_2082.jpeg (相似度: 0.633)
  💜 [Sharon 匹配] IMG_2083.jpeg (相似度: 0.652)
  💜 [Sharon 匹配] IMG_2084.jpeg (相似度: 0.655)
  💜 [Sharon 匹配] IMG_2622.jpeg (相似度: 0.665)
  💜 [Sharon 匹配] IMG_2624.jpeg (相似度: 0.624)
  💙 [John 匹配] IMG_2582.jpeg (相似度: 0.689)
  💜 [Sharon 匹配] IMG_2582.jpeg (相似度: 0.545)
  💙 [John 匹配] IMG_2581.jpeg (相似度: 0.750)
  💜 [Sharon 匹配] IMG_2581.jpeg (相似度: 0.612)
  💜 [Sharon 匹配] IMG_2563.jpeg (相似度: 0.666)
  💙 [John 匹配] IMG_2563.jpeg (相似度: 0.705)
  💜 [Sharon 匹配] IMG_2564.jpeg (相似度: 0.685)
  💜 [Sharon 匹配] IMG_2600.jpeg (相似度: 0.595)
  💜 [Sharon 匹配] IMG_2110.jpeg (相似度: 0.631)
  💙 [John 匹配] IMG_2110.jpeg (相似度: 0.753)
  💙 [John 匹配] IMG_2106.jpeg (相似度: 0.715)
  💜 [Sharon 匹配] IMG_2106.jpeg (相似度: 0.506)
  💜 [Sharon 匹配] IMG_2063.jpeg (相似度: 0.569)
  💜 [Sharon 匹配] IMG_2107.jpeg (相似度: 0.610)
  💙 [John 匹配] IMG_2107.jpeg (相似度: 0.771)
  💜 [Sharon 匹配] IMG_2104.jpeg (相似度: 0.598)
  💙 [John 匹配] IMG_2104.jpeg (相似度: 0.755)
  💜 [Sharon 匹配] IMG_2139.JPG (相似度: 0.599)
  💜 [Sharon 匹配] IMG_2557.jpeg (相似度: 0.504)
  💜 [Sharon 匹配] IMG_2138.jpeg (相似度: 0.577)
  💜 [Sharon 匹配] IMG_2142.jpeg (相似度: 0.591)
  💜 [Sharon 匹配] IMG_2140.JPG (相似度: 0.581)
  💜 [Sharon 匹配] IMG_9445.jpeg (相似度: 0.606)
  💜 [Sharon 匹配] IMG_9453.jpeg (相似度: 0.600)
  💜 [Sharon 匹配] IMG_9473.jpeg (相似度: 0.594)
  💙 [John 匹配] IMG_9473.jpeg (相似度: 0.745)
  💜 [Sharon 匹配] IMG_9520.jpeg (相似度: 0.588)
  💜 [Sharon 匹配] IMG_9465.jpeg (相似度: 0.626)
  💙 [John 匹配] IMG_9465.jpeg (相似度: 0.757)
  💜 [Sharon 匹配] IMG_9449.jpeg (相似度: 0.609)
  💜 [Sharon 匹配] IMG_9448.jpeg (相似度: 0.567)
  💙 [John 匹配] IMG_9472.jpeg (相似度: 0.756)
  💜 [Sharon 匹配] IMG_9472.jpeg (相似度: 0.609)
  💜 [Sharon 匹配] IMG_9452.jpeg (相似度: 0.628)
  💜 [Sharon 匹配] IMG_9444.jpeg (相似度: 0.636)
  💙 [John 匹配] IMG_9468.jpeg (相似度: 0.756)
  💜 [Sharon 匹配] IMG_9468.jpeg (相似度: 0.613)
  💙 [John 匹配] IMG_9475.jpeg (相似度: 0.757)
  💜 [Sharon 匹配] IMG_9475.jpeg (相似度: 0.611)
  💙 [John 匹配] IMG_9463.jpeg (相似度: 0.761)
  💜 [Sharon 匹配] IMG_9463.jpeg (相似度: 0.594)
  💙 [John 匹配] IMG_9459.jpeg (相似度: 0.676)
  💜 [Sharon 匹配] IMG_9459.jpeg (相似度: 0.653)
  💜 [Sharon 匹配] IMG_9479.jpeg (相似度: 0.415)
  💜 [Sharon 匹配] IMG_9455.jpeg (相似度: 0.597)
  💜 [Sharon 匹配] IMG_9510.jpeg (相似度: 0.607)
  💜 [Sharon 匹配] IMG_9454.jpeg (相似度: 0.598)
  💜 [Sharon 匹配] IMG_9511.jpeg (相似度: 0.568)
  💜 [Sharon 匹配] IMG_9442.jpeg (相似度: 0.600)
  💜 [Sharon 匹配] IMG_9478.jpeg (相似度: 0.610)
  💙 [John 匹配] IMG_9458.jpeg (相似度: 0.725)
  💜 [Sharon 匹配] IMG_9458.jpeg (相似度: 0.575)
  💜 [Sharon 匹配] IMG_9435.jpeg (相似度: 0.597)
  💙 [John 匹配] IMG_9474.jpeg (相似度: 0.761)
  💜 [Sharon 匹配] IMG_9474.jpeg (相似度: 0.619)
  💜 [Sharon 匹配] IMG_9508.jpeg (相似度: 0.579)
  💙 [John 匹配] IMG_9524.jpeg (相似度: 0.801)
  💜 [Sharon 匹配] IMG_9524.jpeg (相似度: 0.553)
  💜 [Sharon 匹配] IMG_9512.jpeg (相似度: 0.584)
  💙 [John 匹配] IMG_9457.jpeg (相似度: 0.727)
  💜 [Sharon 匹配] IMG_9457.jpeg (相似度: 0.595)
  💜 [Sharon 匹配] IMG_9441.jpeg (相似度: 0.613)
  💜 [Sharon 匹配] IMG_9528.jpeg (相似度: 0.657)
  💙 [John 匹配] IMG_9528.jpeg (相似度: 0.805)
  💜 [Sharon 匹配] IMG_9440.jpeg (相似度: 0.633)
  💜 [Sharon 匹配] IMG_9417.jpeg (相似度: 0.628)
  💙 [John 匹配] IMG_9456.jpeg (相似度: 0.740)
  💜 [Sharon 匹配] IMG_9456.jpeg (相似度: 0.632)
  💜 [Sharon 匹配] IMG_9499.jpeg (相似度: 0.577)
  💙 [John 匹配] IMG_9533.jpeg (相似度: 0.812)
  💜 [Sharon 匹配] IMG_9533.jpeg (相似度: 0.649)
  💙 [John 匹配] IMG_9460.jpeg (相似度: 0.712)
  💜 [Sharon 匹配] IMG_9460.jpeg (相似度: 0.556)
  💙 [John 匹配] IMG_9525.jpeg (相似度: 0.799)
  💜 [Sharon 匹配] IMG_9525.jpeg (相似度: 0.532)
  💜 [Sharon 匹配] IMG_9509.jpeg (相似度: 0.588)
  💜 [Sharon 匹配] IMG_9451.jpeg (相似度: 0.604)
  💜 [Sharon 匹配] IMG_9543.jpeg (相似度: 0.470)
  💙 [John 匹配] IMG_9543.jpeg (相似度: 0.756)
  💜 [Sharon 匹配] IMG_9447.jpeg (相似度: 0.586)
  💙 [John 匹配] IMG_9430.jpeg (相似度: 0.743)
  💜 [Sharon 匹配] IMG_9430.jpeg (相似度: 0.550)
  💙 [John 匹配] IMG_9467.jpeg (相似度: 0.771)
  💜 [Sharon 匹配] IMG_9467.jpeg (相似度: 0.609)
  💜 [Sharon 匹配] IMG_9522.jpeg (相似度: 0.527)
  💙 [John 匹配] IMG_9522.jpeg (相似度: 0.818)
  💜 [Sharon 匹配] IMG_9426.jpeg (相似度: 0.641)
  💙 [John 匹配] IMG_9426.jpeg (相似度: 0.749)
  💙 [John 匹配] IMG_9470.jpeg (相似度: 0.751)
  💜 [Sharon 匹配] IMG_9470.jpeg (相似度: 0.629)
  💙 [John 匹配] IMG_9466.jpeg (相似度: 0.749)
  💜 [Sharon 匹配] IMG_9466.jpeg (相似度: 0.608)
  💜 [Sharon 匹配] IMG_9523.jpeg (相似度: 0.517)
  💙 [John 匹配] IMG_9523.jpeg (相似度: 0.796)
  💜 [Sharon 匹配] IMG_9519.jpeg (相似度: 0.565)
  💜 [Sharon 匹配] IMG_9493.jpeg (相似度: 0.600)
  💜 [Sharon 匹配] IMG_9446.jpeg (相似度: 0.637)
  💜 [Sharon 匹配] IMG_9450.jpeg (相似度: 0.595)
  💜 [Sharon 匹配] IMG_7877.jpeg (相似度: 0.588)
  💜 [Sharon 匹配] IMG_7800.jpeg (相似度: 0.578)
  💜 [Sharon 匹配] IMG_7769.jpeg (相似度: 0.535)
  💜 [Sharon 匹配] IMG_7797.jpeg (相似度: 0.411)
  💜 [Sharon 匹配] IMG_7867.jpeg (相似度: 0.652)
  💙 [John 匹配] IMG_7866.jpeg (相似度: 0.769)
  💙 [John 匹配] IMG_7870.jpeg (相似度: 0.526)
  💜 [Sharon 匹配] IMG_7868.jpeg (相似度: 0.637)
  💜 [Sharon 匹配] IMG_7770.jpeg (相似度: 0.531)
  💜 [Sharon 匹配] IMG_7880.jpeg (相似度: 0.609)
  💜 [Sharon 匹配] IMG_7878.jpeg (相似度: 0.607)
  💜 [Sharon 匹配] IMG_7858.jpeg (相似度: 0.558)
  💙 [John 匹配] IMG_8492.JPG (相似度: 0.732)
  💜 [Sharon 匹配] IMG_8492.JPG (相似度: 0.681)
  💖 [Sophia 匹配] IMG_7649.JPG (相似度: 0.631)
  💜 [Sharon 匹配] IMG_8110.jpeg (相似度: 0.491)
  💙 [John 匹配] IMG_8147.jpeg (相似度: 0.673)
  💜 [Sharon 匹配] IMG_8147.jpeg (相似度: 0.635)
  💜 [Sharon 匹配] IMG_8043.jpeg (相似度: 0.646)
  💜 [Sharon 匹配] IMG_8192.jpeg (相似度: 0.459)
  💙 [John 匹配] IMG_8192.jpeg (相似度: 0.614)
  💜 [Sharon 匹配] IMG_8080.jpeg (相似度: 0.572)
  💜 [Sharon 匹配] IMG_8215.jpeg (相似度: 0.568)
⏳ 已深度辨識 3500 / 8413 張相片 (1071.1 秒)...
  💜 [Sharon 匹配] IMG_8079.jpeg (相似度: 0.551)
  💜 [Sharon 匹配] IMG_8184.jpeg (相似度: 0.549)
  💜 [Sharon 匹配] IMG_8059.jpeg (相似度: 0.482)
  💜 [Sharon 匹配] IMG_8235.jpeg (相似度: 0.437)
  💜 [Sharon 匹配] IMG_8126.jpeg (相似度: 0.547)
  💙 [John 匹配] IMG_8126.jpeg (相似度: 0.619)
  💜 [Sharon 匹配] IMG_8075.jpeg (相似度: 0.522)
  💜 [Sharon 匹配] IMG_8219.jpeg (相似度: 0.622)
  💜 [Sharon 匹配] IMG_8167.jpeg (相似度: 0.589)
  💜 [Sharon 匹配] IMG_8166.jpeg (相似度: 0.606)
  💜 [Sharon 匹配] IMG_8131.jpeg (相似度: 0.562)
  💜 [Sharon 匹配] IMG_8062.jpeg (相似度: 0.663)
  💜 [Sharon 匹配] IMG_8127.jpeg (相似度: 0.522)
  💙 [John 匹配] IMG_8127.jpeg (相似度: 0.621)
  💜 [Sharon 匹配] IMG_8185.jpeg (相似度: 0.654)
  💜 [Sharon 匹配] IMG_8078.jpeg (相似度: 0.580)
  💜 [Sharon 匹配] IMG_8081.jpeg (相似度: 0.708)
  💙 [John 匹配] IMG_8146.jpeg (相似度: 0.658)
  💜 [Sharon 匹配] IMG_8146.jpeg (相似度: 0.643)
  💜 [Sharon 匹配] IMG_8111.jpeg (相似度: 0.543)
  💜 [Sharon 匹配] IMG_8049.jpeg (相似度: 0.613)
  💜 [Sharon 匹配] IMG_8225.jpeg (相似度: 0.669)
  💜 [Sharon 匹配] IMG_8177.jpeg (相似度: 0.489)
  💜 [Sharon 匹配] IMG_8120.jpeg (相似度: 0.590)
  💙 [John 匹配] IMG_8073.jpeg (相似度: 0.616)
  💜 [Sharon 匹配] IMG_8073.jpeg (相似度: 0.516)
  💜 [Sharon 匹配] IMG_8248.jpeg (相似度: 0.532)
  💜 [Sharon 匹配] IMG_8157.jpeg (相似度: 0.639)
  💙 [John 匹配] IMG_8157.jpeg (相似度: 0.589)
  💜 [Sharon 匹配] IMG_8229.jpeg (相似度: 0.617)
  💜 [Sharon 匹配] IMG_8045.jpeg (相似度: 0.651)
  💜 [Sharon 匹配] IMG_8252.jpeg (相似度: 0.571)
  💜 [Sharon 匹配] IMG_8069.jpeg (相似度: 0.509)
  💜 [Sharon 匹配] IMG_8086.jpeg (相似度: 0.454)
  💜 [Sharon 匹配] IMG_8213.jpeg (相似度: 0.620)
  💙 [John 匹配] IMG_8213.jpeg (相似度: 0.687)
  💜 [Sharon 匹配] IMG_8090.jpeg (相似度: 0.555)
  💜 [Sharon 匹配] IMG_8028.jpeg (相似度: 0.647)
  💜 [Sharon 匹配] IMG_8182.jpeg (相似度: 0.642)
  💙 [John 匹配] IMG_8183.jpeg (相似度: 0.638)
  💜 [Sharon 匹配] IMG_8212.jpeg (相似度: 0.597)
  💙 [John 匹配] IMG_8212.jpeg (相似度: 0.698)
  💜 [Sharon 匹配] IMG_8068.jpeg (相似度: 0.470)
  💜 [Sharon 匹配] IMG_8087.jpeg (相似度: 0.438)
  💜 [Sharon 匹配] IMG_8253.jpeg (相似度: 0.667)
  💜 [Sharon 匹配] IMG_8101.jpeg (相似度: 0.539)
  💜 [Sharon 匹配] IMG_8228.jpeg (相似度: 0.618)
  💜 [Sharon 匹配] IMG_8156.jpeg (相似度: 0.612)
  💙 [John 匹配] IMG_8156.jpeg (相似度: 0.618)
  💜 [Sharon 匹配] IMG_8052.jpeg (相似度: 0.501)
  💜 [Sharon 匹配] IMG_8249.jpeg (相似度: 0.631)
  💙 [John 匹配] IMG_8072.jpeg (相似度: 0.590)
  💜 [Sharon 匹配] IMG_8137.jpeg (相似度: 0.483)
  💜 [Sharon 匹配] IMG_8121.jpeg (相似度: 0.589)
  💙 [John 匹配] IMG_8071.jpeg (相似度: 0.580)
  💜 [Sharon 匹配] IMG_8088.jpeg (相似度: 0.552)
  💜 [Sharon 匹配] IMG_8122.jpeg (相似度: 0.553)
  💜 [Sharon 匹配] IMG_8067.jpeg (相似度: 0.532)
  💜 [Sharon 匹配] IMG_8227.jpeg (相似度: 0.629)
  💙 [John 匹配] IMG_8159.jpeg (相似度: 0.626)
  💜 [Sharon 匹配] IMG_8159.jpeg (相似度: 0.469)
  💜 [Sharon 匹配] IMG_8231.jpeg (相似度: 0.620)
  💜 [Sharon 匹配] IMG_8118.jpeg (相似度: 0.615)
  💜 [Sharon 匹配] IMG_8180.jpeg (相似度: 0.622)
  💜 [Sharon 匹配] IMG_8092.jpeg (相似度: 0.665)
  💜 [Sharon 匹配] IMG_8138.jpeg (相似度: 0.575)
  💜 [Sharon 匹配] IMG_8211.jpeg (相似度: 0.523)
  💙 [John 匹配] IMG_8211.jpeg (相似度: 0.636)
  💜 [Sharon 匹配] IMG_8179.jpeg (相似度: 0.652)
  💜 [Sharon 匹配] IMG_8250.jpeg (相似度: 0.573)
  💜 [Sharon 匹配] IMG_8102.jpeg (相似度: 0.527)
  💜 [Sharon 匹配] IMG_8143.jpeg (相似度: 0.600)
  💙 [John 匹配] IMG_8143.jpeg (相似度: 0.608)
  💜 [Sharon 匹配] IMG_8051.jpeg (相似度: 0.516)
  💜 [Sharon 匹配] IMG_8114.jpeg (相似度: 0.682)
  💜 [Sharon 匹配] IMG_8115.jpeg (相似度: 0.666)
  💜 [Sharon 匹配] IMG_8142.jpeg (相似度: 0.619)
  💙 [John 匹配] IMG_8142.jpeg (相似度: 0.636)
  💜 [Sharon 匹配] IMG_8251.jpeg (相似度: 0.558)
  💜 [Sharon 匹配] IMG_8178.jpeg (相似度: 0.486)
  💜 [Sharon 匹配] IMG_8085.jpeg (相似度: 0.512)
  💜 [Sharon 匹配] IMG_8093.jpeg (相似度: 0.624)
  💜 [Sharon 匹配] IMG_8139.jpeg (相似度: 0.528)
  💜 [Sharon 匹配] IMG_8247.jpeg (相似度: 0.485)
  💜 [Sharon 匹配] IMG_8181.jpeg (相似度: 0.641)
  💜 [Sharon 匹配] IMG_8119.jpeg (相似度: 0.625)
  💜 [Sharon 匹配] IMG_8230.jpeg (相似度: 0.575)
  💜 [Sharon 匹配] IMG_8158.jpeg (相似度: 0.469)
  💙 [John 匹配] IMG_8158.jpeg (相似度: 0.623)
  💜 [Sharon 匹配] IMG_8226.jpeg (相似度: 0.632)
  💜 [Sharon 匹配] IMG_8089.jpeg (相似度: 0.532)
  💜 [Sharon 匹配] IMG_8123.jpeg (相似度: 0.578)
  💜 [Sharon 匹配] IMG_8066.jpeg (相似度: 0.548)
  💜 [Sharon 匹配] IMG_8070.jpeg (相似度: 0.548)
  💜 [Sharon 匹配] IMG_8027.jpeg (相似度: 0.417)
  💜 [Sharon 匹配] IMG_8186.jpeg (相似度: 0.617)
  💙 [John 匹配] IMG_8094.jpeg (相似度: 0.677)
  💜 [Sharon 匹配] IMG_8094.jpeg (相似度: 0.667)
  💜 [Sharon 匹配] IMG_8128.jpeg (相似度: 0.426)
  💜 [Sharon 匹配] IMG_8082.jpeg (相似度: 0.672)
  💜 [Sharon 匹配] IMG_8104.jpeg (相似度: 0.523)
  💙 [John 匹配] IMG_8145.jpeg (相似度: 0.651)
  💜 [Sharon 匹配] IMG_8145.jpeg (相似度: 0.613)
  💜 [Sharon 匹配] IMG_8112.jpeg (相似度: 0.671)
  💜 [Sharon 匹配] IMG_8165.jpeg (相似度: 0.611)
  💜 [Sharon 匹配] IMG_8132.jpeg (相似度: 0.548)
  💜 [Sharon 匹配] IMG_8077.jpeg (相似度: 0.516)
  💜 [Sharon 匹配] IMG_8124.jpeg (相似度: 0.567)
  💙 [John 匹配] IMG_8061.jpeg (相似度: 0.656)
  💜 [Sharon 匹配] IMG_8108.jpeg (相似度: 0.471)
  💙 [John 匹配] IMG_8149.jpeg (相似度: 0.671)
  💜 [Sharon 匹配] IMG_8149.jpeg (相似度: 0.653)
  💜 [Sharon 匹配] IMG_8237.jpeg (相似度: 0.625)
  💜 [Sharon 匹配] IMG_8236.jpeg (相似度: 0.605)
  💙 [John 匹配] IMG_8148.jpeg (相似度: 0.659)
  💜 [Sharon 匹配] IMG_8148.jpeg (相似度: 0.640)
  💜 [Sharon 匹配] IMG_8109.jpeg (相似度: 0.571)
  💜 [Sharon 匹配] IMG_8220.jpeg (相似度: 0.616)
  💜 [Sharon 匹配] IMG_8125.jpeg (相似度: 0.599)
  💙 [John 匹配] IMG_8060.jpeg (相似度: 0.647)
  💜 [Sharon 匹配] IMG_8133.jpeg (相似度: 0.688)
  💜 [Sharon 匹配] IMG_8113.jpeg (相似度: 0.675)
  💙 [John 匹配] IMG_8144.jpeg (相似度: 0.636)
  💜 [Sharon 匹配] IMG_8144.jpeg (相似度: 0.632)
  💜 [Sharon 匹配] IMG_8105.jpeg (相似度: 0.422)
  💜 [Sharon 匹配] IMG_8191.jpeg (相似度: 0.506)
  💙 [John 匹配] IMG_8191.jpeg (相似度: 0.649)
  💜 [Sharon 匹配] IMG_8129.jpeg (相似度: 0.477)
  💜 [Sharon 匹配] IMG_8083.jpeg (相似度: 0.678)
  💙 [John 匹配] IMG_8095.jpeg (相似度: 0.665)
  💜 [Sharon 匹配] IMG_8095.jpeg (相似度: 0.650)
  💜 [Sharon 匹配] IMG_8366.jpeg (相似度: 0.595)
  💜 [Sharon 匹配] IMG_8367.jpeg (相似度: 0.510)
  💜 [Sharon 匹配] IMG_8388.jpeg (相似度: 0.576)
  💙 [John 匹配] IMG_8388.jpeg (相似度: 0.678)
  💜 [Sharon 匹配] IMG_8376.jpeg (相似度: 0.596)
  💙 [John 匹配] IMG_8360.jpeg (相似度: 0.686)
  💜 [Sharon 匹配] IMG_8395.jpeg (相似度: 0.633)
  💙 [John 匹配] IMG_8395.jpeg (相似度: 0.721)
  💜 [Sharon 匹配] IMG_8377.jpeg (相似度: 0.588)
  💜 [Sharon 匹配] IMG_8381.jpeg (相似度: 0.583)
  💜 [Sharon 匹配] IMG_8006.jpeg (相似度: 0.672)
  💜 [Sharon 匹配] IMG_8378.jpeg (相似度: 0.598)
  💙 [John 匹配] IMG_8396.jpeg (相似度: 0.710)
  💜 [Sharon 匹配] IMG_8396.jpeg (相似度: 0.615)
  💜 [Sharon 匹配] IMG_8380.jpeg (相似度: 0.626)
  💜 [Sharon 匹配] IMG_8387.jpeg (相似度: 0.556)
  💙 [John 匹配] IMG_8387.jpeg (相似度: 0.671)
  💙 [John 匹配] IMG_8391.jpeg (相似度: 0.664)
  💜 [Sharon 匹配] IMG_8348.jpeg (相似度: 0.450)
  💜 [Sharon 匹配] IMG_8373.jpeg (相似度: 0.526)
  💜 [Sharon 匹配] IMG_8021.jpeg (相似度: 0.639)
  💜 [Sharon 匹配] IMG_8386.jpeg (相似度: 0.572)
  💙 [John 匹配] IMG_8386.jpeg (相似度: 0.699)
  💙 [John 匹配] IMG_8433.jpeg (相似度: 0.710)
  💜 [Sharon 匹配] IMG_8433.jpeg (相似度: 0.649)
  💜 [Sharon 匹配] IMG_8432.jpeg (相似度: 0.681)
  💙 [John 匹配] IMG_8435.jpeg (相似度: 0.738)
  💜 [Sharon 匹配] IMG_8435.jpeg (相似度: 0.644)
  💜 [Sharon 匹配] IMG_8442.jpeg (相似度: 0.615)
  💙 [John 匹配] IMG_8439.jpeg (相似度: 0.718)
  💜 [Sharon 匹配] IMG_8439.jpeg (相似度: 0.639)
  💙 [John 匹配] IMG_8438.jpeg (相似度: 0.718)
  💜 [Sharon 匹配] IMG_8438.jpeg (相似度: 0.644)
  💜 [Sharon 匹配] IMG_8443.jpeg (相似度: 0.648)
  💙 [John 匹配] IMG_8434.jpeg (相似度: 0.738)
  💜 [Sharon 匹配] IMG_8434.jpeg (相似度: 0.657)
  💙 [John 匹配] IMG_8437.jpeg (相似度: 0.709)
  💜 [Sharon 匹配] IMG_8437.jpeg (相似度: 0.679)
  💜 [Sharon 匹配] IMG_8440.jpeg (相似度: 0.513)
  💙 [John 匹配] IMG_8436.jpeg (相似度: 0.707)
  💜 [Sharon 匹配] IMG_8436.jpeg (相似度: 0.648)
  💜 [Sharon 匹配] IMG_8431.jpeg (相似度: 0.690)
  💜 [Sharon 匹配] IMG_7817.jpeg (相似度: 0.611)
  💜 [Sharon 匹配] IMG_7806.jpeg (相似度: 0.541)
  💙 [John 匹配] IMG_7850.jpeg (相似度: 0.733)
  💜 [Sharon 匹配] IMG_7846.jpeg (相似度: 0.546)
  💙 [John 匹配] IMG_7846.jpeg (相似度: 0.733)
  💙 [John 匹配] IMG_7845.jpeg (相似度: 0.711)
  💜 [Sharon 匹配] IMG_7845.jpeg (相似度: 0.546)
  💜 [Sharon 匹配] IMG_7848.jpeg (相似度: 0.515)
  💙 [John 匹配] IMG_7829.jpeg (相似度: 0.625)
  💜 [Sharon 匹配] IMG_7823.jpeg (相似度: 0.642)
  💙 [John 匹配] IMG_7823.jpeg (相似度: 0.720)
  💙 [John 匹配] IMG_7461.jpeg (相似度: 0.648)
  💙 [John 匹配] IMG_7460.jpeg (相似度: 0.715)
  💙 [John 匹配] IMG_7459.jpeg (相似度: 0.727)
  💙 [John 匹配] IMG_7462.jpeg (相似度: 0.552)
  💙 [John 匹配] IMG_7458.jpeg (相似度: 0.709)
  💖 [Sophia 匹配] IMG_5909.JPG (相似度: 0.539)
  💜 [Sharon 匹配] IMG_7479.jpeg (相似度: 0.636)
  💜 [Sharon 匹配] IMG_7474.jpeg (相似度: 0.692)
  💜 [Sharon 匹配] IMG_7555.jpeg (相似度: 0.560)
  💜 [Sharon 匹配] IMG_7557.jpeg (相似度: 0.538)
  💜 [Sharon 匹配] IMG_7556.jpeg (相似度: 0.488)
  💜 [Sharon 匹配] IMG_8023.jpeg (相似度: 0.447)
  💙 [John 匹配] IMG_8023.jpeg (相似度: 0.637)
  💖 [Sophia 匹配] IMG_7939.JPG (相似度: 0.671)
  💙 [John 匹配] 1C6510BE-5246-4BD2-A92A-1C7DE9E70A24-COLLAGE.JPG (相似度: 0.779)
  💖 [Sophia 匹配] 1C6510BE-5246-4BD2-A92A-1C7DE9E70A24-COLLAGE.JPG (相似度: 0.630)
  💙 [John 匹配] 1C6510BE-5246-4BD2-A92A-1C7DE9E70A24-COLLAGE.JPG (相似度: 0.658)
  💖 [Sophia 匹配] 1C6510BE-5246-4BD2-A92A-1C7DE9E70A24-COLLAGE.JPG (相似度: 0.668)
  💜 [Sharon 匹配] 1C6510BE-5246-4BD2-A92A-1C7DE9E70A24-COLLAGE.JPG (相似度: 0.666)
  💙 [John 匹配] 1C6510BE-5246-4BD2-A92A-1C7DE9E70A24-COLLAGE.JPG (相似度: 0.753)
  💙 [John 匹配] 1C6510BE-5246-4BD2-A92A-1C7DE9E70A24-COLLAGE.JPG (相似度: 0.753)
  💜 [Sharon 匹配] 1C6510BE-5246-4BD2-A92A-1C7DE9E70A24-COLLAGE.JPG (相似度: 0.695)
  💜 [Sharon 匹配] 1C6510BE-5246-4BD2-A92A-1C7DE9E70A24-COLLAGE.JPG (相似度: 0.602)
  💜 [Sharon 匹配] 1C6510BE-5246-4BD2-A92A-1C7DE9E70A24-COLLAGE.JPG (相似度: 0.683)
  💙 [John 匹配] 1C6510BE-5246-4BD2-A92A-1C7DE9E70A24-COLLAGE.JPG (相似度: 0.740)
  💜 [Sharon 匹配] 1C6510BE-5246-4BD2-A92A-1C7DE9E70A24-COLLAGE.JPG (相似度: 0.585)
  💙 [John 匹配] 1C6510BE-5246-4BD2-A92A-1C7DE9E70A24-COLLAGE.JPG (相似度: 0.764)
  💖 [Sophia 匹配] 1C6510BE-5246-4BD2-A92A-1C7DE9E70A24-COLLAGE.JPG (相似度: 0.653)
  💖 [Sophia 匹配] 1C6510BE-5246-4BD2-A92A-1C7DE9E70A24-COLLAGE.JPG (相似度: 0.687)
  💙 [John 匹配] 1C6510BE-5246-4BD2-A92A-1C7DE9E70A24-COLLAGE.JPG (相似度: 0.726)
  💖 [Sophia 匹配] 1C6510BE-5246-4BD2-A92A-1C7DE9E70A24-COLLAGE.JPG (相似度: 0.669)
  💖 [Sophia 匹配] 1C6510BE-5246-4BD2-A92A-1C7DE9E70A24-COLLAGE.JPG (相似度: 0.637)
  💖 [Sophia 匹配] 1C6510BE-5246-4BD2-A92A-1C7DE9E70A24-COLLAGE.JPG (相似度: 0.673)
  💜 [Sharon 匹配] 1C6510BE-5246-4BD2-A92A-1C7DE9E70A24-COLLAGE.JPG (相似度: 0.714)
  💜 [Sharon 匹配] 1C6510BE-5246-4BD2-A92A-1C7DE9E70A24-COLLAGE.JPG (相似度: 0.632)
  💖 [Sophia 匹配] 1C6510BE-5246-4BD2-A92A-1C7DE9E70A24-COLLAGE.JPG (相似度: 0.568)
  💜 [Sharon 匹配] 1C6510BE-5246-4BD2-A92A-1C7DE9E70A24-COLLAGE.JPG (相似度: 0.561)
  💖 [Sophia 匹配] 1C6510BE-5246-4BD2-A92A-1C7DE9E70A24-COLLAGE.JPG (相似度: 0.550)
  💙 [John 匹配] 1C6510BE-5246-4BD2-A92A-1C7DE9E70A24-COLLAGE.JPG (相似度: 0.622)
  💙 [John 匹配] 1C6510BE-5246-4BD2-A92A-1C7DE9E70A24-COLLAGE.JPG (相似度: 0.723)
  💙 [John 匹配] 1C6510BE-5246-4BD2-A92A-1C7DE9E70A24-COLLAGE.JPG (相似度: 0.748)
  💖 [Sophia 匹配] 1C6510BE-5246-4BD2-A92A-1C7DE9E70A24-COLLAGE.JPG (相似度: 0.695)
  💙 [John 匹配] 1C6510BE-5246-4BD2-A92A-1C7DE9E70A24-COLLAGE.JPG (相似度: 0.726)
  💜 [Sharon 匹配] 1C6510BE-5246-4BD2-A92A-1C7DE9E70A24-COLLAGE.JPG (相似度: 0.661)
  💜 [Sharon 匹配] 1C6510BE-5246-4BD2-A92A-1C7DE9E70A24-COLLAGE.JPG (相似度: 0.610)
  💖 [Sophia 匹配] 1C6510BE-5246-4BD2-A92A-1C7DE9E70A24-COLLAGE.JPG (相似度: 0.534)
  💜 [Sharon 匹配] 1C6510BE-5246-4BD2-A92A-1C7DE9E70A24-COLLAGE.JPG (相似度: 0.499)
  💙 [John 匹配] IMG_8445.jpeg (相似度: 0.532)
  💜 [Sharon 匹配] IMG_8278.jpeg (相似度: 0.602)
  💙 [John 匹配] IMG_8258.jpeg (相似度: 0.655)
  💜 [Sharon 匹配] IMG_8259.jpeg (相似度: 0.606)
  💜 [Sharon 匹配] IMG_8330.jpeg (相似度: 0.459)
  💙 [John 匹配] IMG_8321.jpeg (相似度: 0.703)
  💙 [John 匹配] IMG_8337.jpeg (相似度: 0.667)
  💜 [Sharon 匹配] IMG_8337.jpeg (相似度: 0.579)
  💜 [Sharon 匹配] IMG_8316.jpeg (相似度: 0.470)
  💜 [Sharon 匹配] IMG_8290.jpeg (相似度: 0.639)
  💜 [Sharon 匹配] IMG_8286.jpeg (相似度: 0.625)
  💙 [John 匹配] IMG_8269.jpeg (相似度: 0.617)
  💜 [Sharon 匹配] IMG_8269.jpeg (相似度: 0.496)
  💙 [John 匹配] IMG_8336.jpeg (相似度: 0.644)
  💜 [Sharon 匹配] IMG_8336.jpeg (相似度: 0.518)
  💜 [Sharon 匹配] IMG_8273.jpeg (相似度: 0.523)
  💙 [John 匹配] IMG_8335.jpeg (相似度: 0.632)
  💜 [Sharon 匹配] IMG_8266.jpeg (相似度: 0.571)
  💜 [Sharon 匹配] IMG_8289.jpeg (相似度: 0.635)
  💜 [Sharon 匹配] IMG_8323.jpeg (相似度: 0.602)
  💜 [Sharon 匹配] IMG_8315.jpeg (相似度: 0.584)
  💜 [Sharon 匹配] IMG_8339.jpeg (相似度: 0.693)
  💜 [Sharon 匹配] IMG_8292.jpeg (相似度: 0.644)
  💜 [Sharon 匹配] IMG_8314.jpeg (相似度: 0.402)
  💜 [Sharon 匹配] IMG_8302.jpeg (相似度: 0.581)
  💙 [John 匹配] IMG_8302.jpeg (相似度: 0.628)
  💜 [Sharon 匹配] IMG_8288.jpeg (相似度: 0.675)
  💜 [Sharon 匹配] IMG_8322.jpeg (相似度: 0.579)
  💙 [John 匹配] IMG_8334.jpeg (相似度: 0.686)
  💜 [Sharon 匹配] IMG_8318.jpeg (相似度: 0.478)
  💜 [Sharon 匹配] IMG_8313.jpeg (相似度: 0.679)
  💙 [John 匹配] IMG_8333.jpeg (相似度: 0.684)
  💙 [John 匹配] IMG_8325.jpeg (相似度: 0.616)
  💜 [Sharon 匹配] IMG_8324.jpeg (相似度: 0.608)
  💜 [Sharon 匹配] IMG_8332.jpeg (相似度: 0.507)
  💖 [Sophia 匹配] IMG_7502.JPG (相似度: 0.545)
  💙 [John 匹配] IMG_8448.JPG (相似度: 0.625)
  💜 [Sharon 匹配] IMG_8448.JPG (相似度: 0.588)
  💜 [Sharon 匹配] IMG_8448.JPG (相似度: 0.446)
  💙 [John 匹配] IMG_8013.JPG (相似度: 0.450)
  💙 [John 匹配] IMG_8003.JPG (相似度: 0.680)
  💙 [John 匹配] IMG_8008.JPG (相似度: 0.489)
  💜 [Sharon 匹配] IMG_7733.jpeg (相似度: 0.744)
  💜 [Sharon 匹配] IMG_7732.jpeg (相似度: 0.719)
  💜 [Sharon 匹配] IMG_7735.jpeg (相似度: 0.693)
  💜 [Sharon 匹配] IMG_7734.jpeg (相似度: 0.632)
  💜 [Sharon 匹配] IMG_7687.jpeg (相似度: 0.603)
  💙 [John 匹配] IMG_7687.jpeg (相似度: 0.699)
  💜 [Sharon 匹配] IMG_7731.jpeg (相似度: 0.693)
  💜 [Sharon 匹配] IMG_7727.jpeg (相似度: 0.688)
  💙 [John 匹配] IMG_7727.jpeg (相似度: 0.703)
  💜 [Sharon 匹配] IMG_7726.jpeg (相似度: 0.630)
  💜 [Sharon 匹配] IMG_7730.jpeg (相似度: 0.741)
  💜 [Sharon 匹配] IMG_7532.jpeg (相似度: 0.600)
  💙 [John 匹配] IMG_7640.jpeg (相似度: 0.687)
  💜 [Sharon 匹配] IMG_7640.jpeg (相似度: 0.587)
  💙 [John 匹配] IMG_7641.jpeg (相似度: 0.683)
  💜 [Sharon 匹配] IMG_7641.jpeg (相似度: 0.614)
  💙 [John 匹配] IMG_7579.jpeg (相似度: 0.735)
  💜 [Sharon 匹配] IMG_7579.jpeg (相似度: 0.587)
  💜 [Sharon 匹配] IMG_7580.jpeg (相似度: 0.487)
  💜 [Sharon 匹配] IMG_7581.jpeg (相似度: 0.513)
  💙 [John 匹配] IMG_7578.jpeg (相似度: 0.781)
  💜 [Sharon 匹配] IMG_7578.jpeg (相似度: 0.686)
  💙 [John 匹配] IMG_7541.jpeg (相似度: 0.534)
  💙 [John 匹配] IMG_7605.jpeg (相似度: 0.762)
  💜 [Sharon 匹配] IMG_7605.jpeg (相似度: 0.611)
  💙 [John 匹配] IMG_7633.jpeg (相似度: 0.606)
  💜 [Sharon 匹配] IMG_7633.jpeg (相似度: 0.416)
  💙 [John 匹配] IMG_7577.jpeg (相似度: 0.775)
  💜 [Sharon 匹配] IMG_7577.jpeg (相似度: 0.618)
  💙 [John 匹配] IMG_7604.jpeg (相似度: 0.733)
  💜 [Sharon 匹配] IMG_7604.jpeg (相似度: 0.630)
  💙 [John 匹配] IMG_7530.jpeg (相似度: 0.673)
  💜 [Sharon 匹配] IMG_7526.jpeg (相似度: 0.623)
  💙 [John 匹配] IMG_7642.jpeg (相似度: 0.656)
  💜 [Sharon 匹配] IMG_7642.jpeg (相似度: 0.560)
  💙 [John 匹配] IMG_7603.jpeg (相似度: 0.745)
  💜 [Sharon 匹配] IMG_7603.jpeg (相似度: 0.638)
  💙 [John 匹配] IMG_7602.jpeg (相似度: 0.757)
  💜 [Sharon 匹配] IMG_7602.jpeg (相似度: 0.678)
  💙 [John 匹配] IMG_7634.jpeg (相似度: 0.625)
  💜 [Sharon 匹配] IMG_7375.jpeg (相似度: 0.545)
  💙 [John 匹配] IMG_7375.jpeg (相似度: 0.776)
  💜 [Sharon 匹配] IMG_7441.jpeg (相似度: 0.521)
  💙 [John 匹配] IMG_7441.jpeg (相似度: 0.735)
  💙 [John 匹配] IMG_7440.jpeg (相似度: 0.757)
  💜 [Sharon 匹配] IMG_7440.jpeg (相似度: 0.602)
  💙 [John 匹配] IMG_7374.jpeg (相似度: 0.781)
  💜 [Sharon 匹配] IMG_7374.jpeg (相似度: 0.564)
  💜 [Sharon 匹配] IMG_7451.jpeg (相似度: 0.605)
  💜 [Sharon 匹配] IMG_7390.jpeg (相似度: 0.533)
  💜 [Sharon 匹配] IMG_7446.jpeg (相似度: 0.633)
  💙 [John 匹配] IMG_7446.jpeg (相似度: 0.729)
  💜 [Sharon 匹配] IMG_7411.jpeg (相似度: 0.451)
  💜 [Sharon 匹配] IMG_7445.jpeg (相似度: 0.648)
  💙 [John 匹配] IMG_7445.jpeg (相似度: 0.724)
  💜 [Sharon 匹配] IMG_7412.jpeg (相似度: 0.568)
  💜 [Sharon 匹配] IMG_7388.jpeg (相似度: 0.591)
  💜 [Sharon 匹配] IMG_7389.jpeg (相似度: 0.533)
  💜 [Sharon 匹配] IMG_7385.jpeg (相似度: 0.575)
  💜 [Sharon 匹配] IMG_7413.jpeg (相似度: 0.542)
  💙 [John 匹配] IMG_7444.jpeg (相似度: 0.752)
  💜 [Sharon 匹配] IMG_7444.jpeg (相似度: 0.671)
  💙 [John 匹配] IMG_7377.jpeg (相似度: 0.779)
  💜 [Sharon 匹配] IMG_7377.jpeg (相似度: 0.524)
  💙 [John 匹配] IMG_7443.jpeg (相似度: 0.750)
  💜 [Sharon 匹配] IMG_7443.jpeg (相似度: 0.663)
  💜 [Sharon 匹配] IMG_7382.jpeg (相似度: 0.537)
  💜 [Sharon 匹配] IMG_7439.jpeg (相似度: 0.589)
  💙 [John 匹配] IMG_7439.jpeg (相似度: 0.767)
  💜 [Sharon 匹配] IMG_7383.jpeg (相似度: 0.557)
  💜 [Sharon 匹配] IMG_7415.jpeg (相似度: 0.567)
  💜 [Sharon 匹配] IMG_7442.jpeg (相似度: 0.586)
  💙 [John 匹配] IMG_7442.jpeg (相似度: 0.735)
  💙 [John 匹配] IMG_7376.jpeg (相似度: 0.792)
  💜 [Sharon 匹配] IMG_7376.jpeg (相似度: 0.510)
  💜 [Sharon 匹配] IMG_8517.jpeg (相似度: 0.609)
  💙 [John 匹配] IMG_8517.jpeg (相似度: 0.717)
  💖 [Sophia 匹配] IMG_8517.jpeg (相似度: 0.620)
  💙 [John 匹配] IMG_8537.jpeg (相似度: 0.798)
  💖 [Sophia 匹配] IMG_8537.jpeg (相似度: 0.608)
  💜 [Sharon 匹配] IMG_8537.jpeg (相似度: 0.610)
  💙 [John 匹配] IMG_8536.jpeg (相似度: 0.773)
  💖 [Sophia 匹配] IMG_8536.jpeg (相似度: 0.585)
  💜 [Sharon 匹配] IMG_8536.jpeg (相似度: 0.569)
  💜 [Sharon 匹配] IMG_8516.jpeg (相似度: 0.619)
  💖 [Sophia 匹配] IMG_8516.jpeg (相似度: 0.626)
  💙 [John 匹配] IMG_8516.jpeg (相似度: 0.657)
  💜 [Sharon 匹配] IMG_8506.jpeg (相似度: 0.650)
  💜 [Sharon 匹配] IMG_8533.jpeg (相似度: 0.582)
  💖 [Sophia 匹配] IMG_8533.jpeg (相似度: 0.585)
  💙 [John 匹配] IMG_8545.jpeg (相似度: 0.654)
  💙 [John 匹配] IMG_8498.jpeg (相似度: 0.677)
  💜 [Sharon 匹配] IMG_8493.jpeg (相似度: 0.532)
  💙 [John 匹配] IMG_8539.jpeg (相似度: 0.800)
  💖 [Sophia 匹配] IMG_8539.jpeg (相似度: 0.597)
  💜 [Sharon 匹配] IMG_8539.jpeg (相似度: 0.510)
  💖 [Sophia 匹配] IMG_8534.jpeg (相似度: 0.569)
  💜 [Sharon 匹配] IMG_8534.jpeg (相似度: 0.496)
  💙 [John 匹配] IMG_8538.jpeg (相似度: 0.791)
  💖 [Sophia 匹配] IMG_8538.jpeg (相似度: 0.556)
  💜 [Sharon 匹配] IMG_8538.jpeg (相似度: 0.557)
  💖 [Sophia 匹配] IMG_6711.jpeg (相似度: 0.409)
  💜 [Sharon 匹配] IMG_8415.jpeg (相似度: 0.603)
  💙 [John 匹配] IMG_7932.jpeg (相似度: 0.497)
  💜 [Sharon 匹配] IMG_7973.jpeg (相似度: 0.651)
  💜 [Sharon 匹配] IMG_7908.jpeg (相似度: 0.641)
  💜 [Sharon 匹配] IMG_7928.jpeg (相似度: 0.681)
  💙 [John 匹配] IMG_7928.jpeg (相似度: 0.770)
  💜 [Sharon 匹配] IMG_7904.jpeg (相似度: 0.628)
  💜 [Sharon 匹配] IMG_7905.jpeg (相似度: 0.593)
  💜 [Sharon 匹配] IMG_7929.jpeg (相似度: 0.688)
  💙 [John 匹配] IMG_7929.jpeg (相似度: 0.755)
  💜 [Sharon 匹配] IMG_7909.jpeg (相似度: 0.663)
  💜 [Sharon 匹配] IMG_7972.jpeg (相似度: 0.604)
  💙 [John 匹配] IMG_7933.jpeg (相似度: 0.437)
  💜 [Sharon 匹配] IMG_7938.jpeg (相似度: 0.626)
  💙 [John 匹配] IMG_7892.jpeg (相似度: 0.679)
  💙 [John 匹配] IMG_7918.jpeg (相似度: 0.810)
  💜 [Sharon 匹配] IMG_7918.jpeg (相似度: 0.714)
  💙 [John 匹配] IMG_7919.jpeg (相似度: 0.804)
  💜 [Sharon 匹配] IMG_7919.jpeg (相似度: 0.635)
  💜 [Sharon 匹配] IMG_7974.jpeg (相似度: 0.607)
  💜 [Sharon 匹配] IMG_7935.jpeg (相似度: 0.533)
  💜 [Sharon 匹配] IMG_7893.jpeg (相似度: 0.683)
  💙 [John 匹配] IMG_7916.jpeg (相似度: 0.742)
  💜 [Sharon 匹配] IMG_7916.jpeg (相似度: 0.658)
  💜 [Sharon 匹配] IMG_7890.jpeg (相似度: 0.689)
  💜 [Sharon 匹配] IMG_7936.jpeg (相似度: 0.507)
  💜 [Sharon 匹配] IMG_7937.jpeg (相似度: 0.621)
  💜 [Sharon 匹配] IMG_7976.jpeg (相似度: 0.634)
  💜 [Sharon 匹配] IMG_7917.jpeg (相似度: 0.660)
  💙 [John 匹配] IMG_7917.jpeg (相似度: 0.792)
  💙 [John 匹配] IMG_7926.jpeg (相似度: 0.746)
  💜 [Sharon 匹配] IMG_7926.jpeg (相似度: 0.696)
  💙 [John 匹配] IMG_7930.jpeg (相似度: 0.767)
  💜 [Sharon 匹配] IMG_7930.jpeg (相似度: 0.680)
  💜 [Sharon 匹配] IMG_7906.jpeg (相似度: 0.609)
  💜 [Sharon 匹配] IMG_7907.jpeg (相似度: 0.617)
  💜 [Sharon 匹配] IMG_4128.jpeg (相似度: 0.537)
  💙 [John 匹配] IMG_4128.jpeg (相似度: 0.719)
  💜 [Sharon 匹配] IMG_4132.jpeg (相似度: 0.523)
  💙 [John 匹配] IMG_4132.jpeg (相似度: 0.700)
  💜 [Sharon 匹配] IMG_4127.jpeg (相似度: 0.636)
  💙 [John 匹配] IMG_4127.jpeg (相似度: 0.704)
  💜 [Sharon 匹配] IMG_4131.jpeg (相似度: 0.507)
  💜 [Sharon 匹配] IMG_4130.jpeg (相似度: 0.564)
  💜 [Sharon 匹配] IMG_4126.jpeg (相似度: 0.579)
  💙 [John 匹配] IMG_4076.jpeg (相似度: 0.747)
  💜 [Sharon 匹配] IMG_4076.jpeg (相似度: 0.682)
  💜 [Sharon 匹配] IMG_4071.jpeg (相似度: 0.495)
  💙 [John 匹配] IMG_4074.jpeg (相似度: 0.744)
  💜 [Sharon 匹配] IMG_4074.jpeg (相似度: 0.684)
  💙 [John 匹配] IMG_4075.jpeg (相似度: 0.775)
  💜 [Sharon 匹配] IMG_4075.jpeg (相似度: 0.662)
  💜 [Sharon 匹配] IMG_4332.jpeg (相似度: 0.607)
  💜 [Sharon 匹配] IMG_4324.jpeg (相似度: 0.612)
  💙 [John 匹配] IMG_4328.jpeg (相似度: 0.838)
  💙 [John 匹配] IMG_4325.jpeg (相似度: 0.782)
  💜 [Sharon 匹配] IMG_4323.jpeg (相似度: 0.618)
  💜 [Sharon 匹配] IMG_4319.jpeg (相似度: 0.593)
  💜 [Sharon 匹配] IMG_4320.jpeg (相似度: 0.561)
  💙 [John 匹配] IMG_4326.jpeg (相似度: 0.626)
  💜 [Sharon 匹配] IMG_4099.jpeg (相似度: 0.522)
  💜 [Sharon 匹配] IMG_4102.jpeg (相似度: 0.605)
  💜 [Sharon 匹配] IMG_4101.jpeg (相似度: 0.670)
  💙 [John 匹配] IMG_3618.JPG (相似度: 0.781)
  💜 [Sharon 匹配] IMG_3618.JPG (相似度: 0.657)
  💙 [John 匹配] IMG_3615.JPG (相似度: 0.728)
  💙 [John 匹配] IMG_3614.JPG (相似度: 0.814)
  💙 [John 匹配] IMG_3616.JPG (相似度: 0.782)
  💜 [Sharon 匹配] IMG_3616.JPG (相似度: 0.689)
  💙 [John 匹配] IMG_3617.JPG (相似度: 0.803)
  💜 [Sharon 匹配] IMG_3617.JPG (相似度: 0.636)
  💙 [John 匹配] IMG_3613.JPG (相似度: 0.786)
  💖 [Sophia 匹配] IMG_3605.JPG (相似度: 0.705)
  💜 [Sharon 匹配] IMG_4139.JPG (相似度: 0.463)
  💙 [John 匹配] IMG_3973.JPG (相似度: 0.654)
  💜 [Sharon 匹配] IMG_3973.JPG (相似度: 0.502)
  💙 [John 匹配] IMG_4007.JPG (相似度: 0.615)
  💖 [Sophia 匹配] IMG_4007.JPG (相似度: 0.664)
  💜 [Sharon 匹配] IMG_4007.JPG (相似度: 0.435)
  💖 [Sophia 匹配] IMG_3999.JPG (相似度: 0.687)
  💙 [John 匹配] IMG_4004.JPG (相似度: 0.702)
  💙 [John 匹配] IMG_4005.JPG (相似度: 0.497)
  💙 [John 匹配] IMG_3989.JPG (相似度: 0.651)
  💙 [John 匹配] IMG_4002.JPG (相似度: 0.725)
  💜 [Sharon 匹配] IMG_4002.JPG (相似度: 0.542)
  💜 [Sharon 匹配] IMG_4003.JPG (相似度: 0.637)
  💙 [John 匹配] IMG_4003.JPG (相似度: 0.673)
  💜 [Sharon 匹配] IMG_3988.JPG (相似度: 0.581)
  💙 [John 匹配] IMG_3985.JPG (相似度: 0.451)
  💜 [Sharon 匹配] IMG_3991.JPG (相似度: 0.497)
  💙 [John 匹配] IMG_3990.JPG (相似度: 0.691)
  💜 [Sharon 匹配] IMG_3984.JPG (相似度: 0.464)
  💙 [John 匹配] IMG_3984.JPG (相似度: 0.488)
  💙 [John 匹配] IMG_3992.JPG (相似度: 0.695)
  💙 [John 匹配] IMG_3986.JPG (相似度: 0.628)
  💜 [Sharon 匹配] IMG_4144.JPG (相似度: 0.581)
  💜 [Sharon 匹配] IMG_3987.JPG (相似度: 0.572)
  💜 [Sharon 匹配] IMG_3993.JPG (相似度: 0.606)
  💜 [Sharon 匹配] IMG_3983.JPG (相似度: 0.644)
  💙 [John 匹配] IMG_3983.JPG (相似度: 0.687)
  💜 [Sharon 匹配] IMG_4140.JPG (相似度: 0.451)
  💜 [Sharon 匹配] IMG_4141.JPG (相似度: 0.470)
  💙 [John 匹配] IMG_3996.JPG (相似度: 0.586)
  💜 [Sharon 匹配] IMG_3996.JPG (相似度: 0.625)
  💖 [Sophia 匹配] IMG_4009.JPG (相似度: 0.552)
  💜 [Sharon 匹配] IMG_3994.JPG (相似度: 0.535)
  💙 [John 匹配] IMG_3994.JPG (相似度: 0.556)
  💜 [Sharon 匹配] IMG_4143.JPG (相似度: 0.506)
  💜 [Sharon 匹配] IMG_3995.JPG (相似度: 0.600)
  💙 [John 匹配] 4941096403330738135.96db27816bf41a362b4e2dd79d1d447a.23102308.JPG (相似度: 0.784)
  💜 [Sharon 匹配] 4941096403330738135.96db27816bf41a362b4e2dd79d1d447a.23102308.JPG (相似度: 0.607)
  💜 [Sharon 匹配] 4941096403330738135.61372dd792b903e0352fa2177a119771.23102308.JPG (相似度: 0.533)
  💜 [Sharon 匹配] IMG_4137.JPG (相似度: 0.521)
  💜 [Sharon 匹配] IMG_4136.JPG (相似度: 0.462)
  💜 [Sharon 匹配] IMG_4135.JPG (相似度: 0.517)
  💜 [Sharon 匹配] IMG_3176.jpeg (相似度: 0.545)
  💜 [Sharon 匹配] IMG_3177.jpeg (相似度: 0.589)
  💙 [John 匹配] IMG_3185.jpeg (相似度: 0.771)
  💜 [Sharon 匹配] IMG_3185.jpeg (相似度: 0.428)
  💙 [John 匹配] IMG_3184.jpeg (相似度: 0.775)
  💜 [Sharon 匹配] IMG_3184.jpeg (相似度: 0.421)
  💙 [John 匹配] IMG_3187.jpeg (相似度: 0.764)
  💜 [Sharon 匹配] IMG_3187.jpeg (相似度: 0.472)
  💙 [John 匹配] IMG_3186.jpeg (相似度: 0.772)
  💜 [Sharon 匹配] IMG_3178.jpeg (相似度: 0.542)
  💜 [Sharon 匹配] IMG_3181.jpeg (相似度: 0.588)
  💜 [Sharon 匹配] IMG_3180.jpeg (相似度: 0.571)
  💜 [Sharon 匹配] IMG_3179.jpeg (相似度: 0.598)
  💖 [Sophia 匹配] IMG_2985.jpeg (相似度: 0.544)
  💖 [Sophia 匹配] IMG_2984.jpeg (相似度: 0.499)
  💖 [Sophia 匹配] IMG_2956.jpeg (相似度: 0.410)
  💙 [John 匹配] IMG_2940.jpeg (相似度: 0.528)
  💖 [Sophia 匹配] IMG_2983.jpeg (相似度: 0.476)
  💖 [Sophia 匹配] IMG_2960.jpeg (相似度: 0.535)
  💙 [John 匹配] IMG_2937.jpeg (相似度: 0.491)
  💙 [John 匹配] IMG_2936.jpeg (相似度: 0.494)
  💖 [Sophia 匹配] IMG_2961.jpeg (相似度: 0.516)
  💖 [Sophia 匹配] IMG_2982.jpeg (相似度: 0.514)
  💙 [John 匹配] IMG_2941.jpeg (相似度: 0.660)
  💜 [Sharon 匹配] IMG_2939.jpeg (相似度: 0.612)
  💙 [John 匹配] IMG_2939.jpeg (相似度: 0.699)
  💙 [John 匹配] IMG_2935.jpeg (相似度: 0.472)
  💖 [Sophia 匹配] IMG_2962.jpeg (相似度: 0.625)
  💖 [Sophia 匹配] IMG_2958.jpeg (相似度: 0.479)
  💖 [Sophia 匹配] IMG_2959.jpeg (相似度: 0.439)
  💖 [Sophia 匹配] IMG_2955.jpeg (相似度: 0.418)
  💖 [Sophia 匹配] IMG_2980.jpeg (相似度: 0.526)
  💜 [Sharon 匹配] IMG_2938.jpeg (相似度: 0.569)
  💙 [John 匹配] IMG_2938.jpeg (相似度: 0.708)
  💖 [Sophia 匹配] IMG_2979.jpeg (相似度: 0.548)
  💙 [John 匹配] IMG_2944.jpeg (相似度: 0.526)
  💙 [John 匹配] IMG_2945.jpeg (相似度: 0.513)
  💜 [Sharon 匹配] IMG_2945.jpeg (相似度: 0.419)
  💖 [Sophia 匹配] IMG_2986.jpeg (相似度: 0.541)
  💙 [John 匹配] IMG_4088.jpeg (相似度: 0.678)
  💙 [John 匹配] DSC03104.JPG (相似度: 0.799)
  💜 [Sharon 匹配] DSC03104.JPG (相似度: 0.673)
  💙 [John 匹配] DSC03105.JPG (相似度: 0.775)
  💜 [Sharon 匹配] DSC03105.JPG (相似度: 0.661)
  💜 [Sharon 匹配] DSC03106.JPG (相似度: 0.680)
  💙 [John 匹配] DSC03106.JPG (相似度: 0.791)
  💙 [John 匹配] IMG_8556.jpeg (相似度: 0.737)
  💜 [Sharon 匹配] IMG_8556.jpeg (相似度: 0.546)
  💙 [John 匹配] IMG_8560.jpeg (相似度: 0.704)
  💜 [Sharon 匹配] IMG_8560.jpeg (相似度: 0.549)
  💙 [John 匹配] IMG_8561.jpeg (相似度: 0.732)
  💜 [Sharon 匹配] IMG_8561.jpeg (相似度: 0.551)
  💙 [John 匹配] IMG_8557.jpeg (相似度: 0.779)
  💜 [Sharon 匹配] IMG_8557.jpeg (相似度: 0.581)
  💜 [Sharon 匹配] IMG_3684.JPG (相似度: 0.631)
  💙 [John 匹配] IMG_3684.JPG (相似度: 0.741)
  💙 [John 匹配] IMG_8550.jpeg (相似度: 0.687)
  💜 [Sharon 匹配] IMG_8550.jpeg (相似度: 0.496)
  💙 [John 匹配] IMG_8551.jpeg (相似度: 0.649)
  💜 [Sharon 匹配] IMG_8551.jpeg (相似度: 0.538)
  💜 [Sharon 匹配] IMG_8547.jpeg (相似度: 0.565)
  💙 [John 匹配] IMG_8547.jpeg (相似度: 0.651)
  💜 [Sharon 匹配] IMG_8564.jpeg (相似度: 0.636)
  💙 [John 匹配] IMG_8564.jpeg (相似度: 0.729)
  💙 [John 匹配] IMG_8548.jpeg (相似度: 0.644)
  💜 [Sharon 匹配] IMG_8548.jpeg (相似度: 0.574)
  💙 [John 匹配] IMG_8552.jpeg (相似度: 0.712)
  💜 [Sharon 匹配] IMG_8552.jpeg (相似度: 0.537)
  💙 [John 匹配] IMG_8553.jpeg (相似度: 0.687)
  💜 [Sharon 匹配] IMG_8553.jpeg (相似度: 0.478)
  💙 [John 匹配] IMG_8549.jpeg (相似度: 0.610)
  💜 [Sharon 匹配] IMG_8549.jpeg (相似度: 0.521)
  💜 [Sharon 匹配] IMG_8565.jpeg (相似度: 0.598)
  💙 [John 匹配] IMG_8565.jpeg (相似度: 0.713)
  💙 [John 匹配] IMG_8554.jpeg (相似度: 0.718)
  💜 [Sharon 匹配] IMG_8554.jpeg (相似度: 0.634)
  💙 [John 匹配] IMG_8562.jpeg (相似度: 0.741)
  💜 [Sharon 匹配] IMG_8562.jpeg (相似度: 0.565)
  💙 [John 匹配] IMG_8558.jpeg (相似度: 0.766)
  💜 [Sharon 匹配] IMG_8558.jpeg (相似度: 0.546)
  💜 [Sharon 匹配] IMG_8559.jpeg (相似度: 0.550)
  💙 [John 匹配] IMG_8559.jpeg (相似度: 0.767)
  💙 [John 匹配] IMG_8563.jpeg (相似度: 0.710)
  💜 [Sharon 匹配] IMG_8563.jpeg (相似度: 0.599)
  💙 [John 匹配] IMG_8555.jpeg (相似度: 0.746)
  💜 [Sharon 匹配] IMG_8555.jpeg (相似度: 0.610)
  💙 [John 匹配] IMG_3430.JPG (相似度: 0.635)
  💜 [Sharon 匹配] IMG_3415.JPG (相似度: 0.647)
  💙 [John 匹配] IMG_3415.JPG (相似度: 0.649)
  💜 [Sharon 匹配] IMG_3429.JPG (相似度: 0.727)
  💜 [Sharon 匹配] IMG_3398.JPG (相似度: 0.427)
  💙 [John 匹配] IMG_3398.JPG (相似度: 0.699)
  💜 [Sharon 匹配] IMG_3405.JPG (相似度: 0.560)
  💜 [Sharon 匹配] IMG_3410.JPG (相似度: 0.446)
  💜 [Sharon 匹配] IMG_3406.JPG (相似度: 0.630)
  💙 [John 匹配] IMG_3754.JPG (相似度: 0.789)
  💖 [Sophia 匹配] IMG_3754.JPG (相似度: 0.574)
  💙 [John 匹配] IMG_3755.JPG (相似度: 0.766)
  💜 [Sharon 匹配] IMG_3755.JPG (相似度: 0.670)
  💖 [Sophia 匹配] IMG_3755.JPG (相似度: 0.642)
  💖 [Sophia 匹配] IMG_3839.JPG (相似度: 0.618)
  💙 [John 匹配] IMG_3756.JPG (相似度: 0.812)
  💖 [Sophia 匹配] IMG_3756.JPG (相似度: 0.443)
  💖 [Sophia 匹配] IMG_3765.JPG (相似度: 0.537)
  💜 [Sharon 匹配] IMG_3013.jpeg (相似度: 0.609)
  💙 [John 匹配] IMG_3013.jpeg (相似度: 0.757)
  💜 [Sharon 匹配] IMG_3012.jpeg (相似度: 0.612)
  💙 [John 匹配] IMG_3012.jpeg (相似度: 0.723)
  💙 [John 匹配] IMG_3015.jpeg (相似度: 0.775)
  💙 [John 匹配] IMG_3014.jpeg (相似度: 0.760)
  💙 [John 匹配] IMG_2938 (1).jpeg (相似度: 0.505)
  💙 [John 匹配] IMG_3273.jpeg (相似度: 0.737)
  💜 [Sharon 匹配] IMG_3273.jpeg (相似度: 0.568)
  💖 [Sophia 匹配] IMG_3273.jpeg (相似度: 0.673)
  💙 [John 匹配] IMG_3265.jpeg (相似度: 0.740)
  💜 [Sharon 匹配] IMG_3265.jpeg (相似度: 0.576)
  💙 [John 匹配] IMG_3269.jpeg (相似度: 0.771)
  💜 [Sharon 匹配] IMG_3269.jpeg (相似度: 0.602)
  💙 [John 匹配] IMG_3268.jpeg (相似度: 0.778)
  💜 [Sharon 匹配] IMG_3268.jpeg (相似度: 0.547)
  💖 [Sophia 匹配] IMG_3272.jpeg (相似度: 0.610)
  💜 [Sharon 匹配] IMG_3272.jpeg (相似度: 0.573)
  💙 [John 匹配] IMG_3272.jpeg (相似度: 0.752)
  💜 [Sharon 匹配] IMG_3279.jpeg (相似度: 0.682)
  💜 [Sharon 匹配] IMG_3280.jpeg (相似度: 0.657)
  💜 [Sharon 匹配] IMG_3275.jpeg (相似度: 0.595)
  💙 [John 匹配] IMG_3275.jpeg (相似度: 0.762)
  💜 [Sharon 匹配] IMG_3281.jpeg (相似度: 0.570)
  💜 [Sharon 匹配] IMG_3276.jpeg (相似度: 0.607)
  💙 [John 匹配] IMG_3276.jpeg (相似度: 0.742)
  💜 [Sharon 匹配] IMG_3267.jpeg (相似度: 0.601)
  💙 [John 匹配] IMG_3267.jpeg (相似度: 0.744)
  💙 [John 匹配] IMG_3271.jpeg (相似度: 0.713)
  💖 [Sophia 匹配] IMG_3271.jpeg (相似度: 0.632)
  💜 [Sharon 匹配] IMG_3271.jpeg (相似度: 0.545)
  💜 [Sharon 匹配] IMG_3270.jpeg (相似度: 0.563)
  💙 [John 匹配] IMG_3270.jpeg (相似度: 0.785)
  💙 [John 匹配] IMG_3266.jpeg (相似度: 0.760)
  💜 [Sharon 匹配] IMG_3266.jpeg (相似度: 0.601)
  💜 [Sharon 匹配] IMG_3546.JPG (相似度: 0.576)
  💜 [Sharon 匹配] IMG_3052.JPG (相似度: 0.562)
  💙 [John 匹配] IMG_3047.JPG (相似度: 0.662)
  💜 [Sharon 匹配] IMG_3047.JPG (相似度: 0.516)
  💜 [Sharon 匹配] IMG_3053.JPG (相似度: 0.557)
  💜 [Sharon 匹配] IMG_3048.JPG (相似度: 0.521)
  💙 [John 匹配] IMG_3048.JPG (相似度: 0.651)
  💜 [Sharon 匹配] IMG_4580.jpeg (相似度: 0.514)
  💙 [John 匹配] IMG_4587.jpeg (相似度: 0.777)
  💜 [Sharon 匹配] IMG_4587.jpeg (相似度: 0.557)
  💙 [John 匹配] IMG_4615.jpeg (相似度: 0.692)
  💜 [Sharon 匹配] IMG_4615.jpeg (相似度: 0.492)
  💙 [John 匹配] IMG_3147.JPG (相似度: 0.776)
  💜 [Sharon 匹配] IMG_3147.JPG (相似度: 0.559)
  💜 [Sharon 匹配] IMG_3150.JPG (相似度: 0.572)
  💙 [John 匹配] IMG_3150.JPG (相似度: 0.783)
  💙 [John 匹配] IMG_3168.JPG (相似度: 0.806)
  💙 [John 匹配] IMG_3169.JPG (相似度: 0.827)
  💙 [John 匹配] IMG_3167.JPG (相似度: 0.810)
  💜 [Sharon 匹配] IMG_3166.JPG (相似度: 0.608)
  💜 [Sharon 匹配] IMG_3164.JPG (相似度: 0.638)
  💜 [Sharon 匹配] IMG_3170.JPG (相似度: 0.582)
  💙 [John 匹配] IMG_3161.JPG (相似度: 0.789)
  💜 [Sharon 匹配] IMG_3161.JPG (相似度: 0.640)
  💙 [John 匹配] IMG_3149.JPG (相似度: 0.737)
  💜 [Sharon 匹配] IMG_3149.JPG (相似度: 0.612)
  💙 [John 匹配] IMG_3148.JPG (相似度: 0.772)
  💜 [Sharon 匹配] IMG_3148.JPG (相似度: 0.558)
  💙 [John 匹配] IMG_3160.JPG (相似度: 0.806)
  💜 [Sharon 匹配] IMG_3160.JPG (相似度: 0.639)
  💙 [John 匹配] IMG_3202.JPG (相似度: 0.456)
  💜 [Sharon 匹配] IMG_3162.JPG (相似度: 0.603)
  💙 [John 匹配] IMG_3162.JPG (相似度: 0.788)
  💜 [Sharon 匹配] IMG_3163.JPG (相似度: 0.638)
  💜 [Sharon 匹配] IMG_3069.jpeg (相似度: 0.448)
  💜 [Sharon 匹配] IMG_3113.jpeg (相似度: 0.405)
  💜 [Sharon 匹配] IMG_3115.jpeg (相似度: 0.518)
  💜 [Sharon 匹配] IMG_3114.jpeg (相似度: 0.557)
  💜 [Sharon 匹配] IMG_4236.jpeg (相似度: 0.546)
  💜 [Sharon 匹配] IMG_4241.jpeg (相似度: 0.595)
  💜 [Sharon 匹配] IMG_4240.jpeg (相似度: 0.572)
  💜 [Sharon 匹配] IMG_4237.jpeg (相似度: 0.573)
  💜 [Sharon 匹配] IMG_4245.jpeg (相似度: 0.563)
  💜 [Sharon 匹配] IMG_4225.jpeg (相似度: 0.608)
  💜 [Sharon 匹配] IMG_4244.jpeg (相似度: 0.501)
  💜 [Sharon 匹配] IMG_4238.jpeg (相似度: 0.592)
  💜 [Sharon 匹配] IMG_4243.jpeg (相似度: 0.622)
  💙 [John 匹配] IMG_3171.jpeg (相似度: 0.738)
  💙 [John 匹配] IMG_3172.jpeg (相似度: 0.733)
  💙 [John 匹配] IMG_3173.jpeg (相似度: 0.809)
  💙 [John 匹配] IMG_3174.jpeg (相似度: 0.808)
  💜 [Sharon 匹配] IMG_3398.jpeg (相似度: 0.491)
  💜 [Sharon 匹配] IMG_3404.jpeg (相似度: 0.483)
  💜 [Sharon 匹配] IMG_3110.jpeg (相似度: 0.517)
  💜 [Sharon 匹配] IMG_3413.jpeg (相似度: 0.617)
  💜 [Sharon 匹配] IMG_3109.jpeg (相似度: 0.599)
  💜 [Sharon 匹配] IMG_3104.jpeg (相似度: 0.610)
  💜 [Sharon 匹配] IMG_3397.jpeg (相似度: 0.586)
  💜 [Sharon 匹配] IMG_3740.jpeg (相似度: 0.593)
  💜 [Sharon 匹配] IMG_3739.jpeg (相似度: 0.580)
  💜 [Sharon 匹配] IMG_3743.jpeg (相似度: 0.487)
  💙 [John 匹配] IMG_3811.jpeg (相似度: 0.673)
  💜 [Sharon 匹配] IMG_3811.jpeg (相似度: 0.466)
  💜 [Sharon 匹配] IMG_4021.jpeg (相似度: 0.592)
  💜 [Sharon 匹配] IMG_4020.jpeg (相似度: 0.556)
  💜 [Sharon 匹配] IMG_4027.jpeg (相似度: 0.659)
  💙 [John 匹配] IMG_4031.jpeg (相似度: 0.755)
  💜 [Sharon 匹配] IMG_4031.jpeg (相似度: 0.578)
  💙 [John 匹配] IMG_4033.jpeg (相似度: 0.771)
  💜 [Sharon 匹配] IMG_4033.jpeg (相似度: 0.592)
  💙 [John 匹配] IMG_4032.jpeg (相似度: 0.764)
  💜 [Sharon 匹配] IMG_4032.jpeg (相似度: 0.584)
  💙 [John 匹配] IMG_4166.jpeg (相似度: 0.743)
  💜 [Sharon 匹配] IMG_4022.jpeg (相似度: 0.463)
  💜 [Sharon 匹配] IMG_3286.jpeg (相似度: 0.588)
  💙 [John 匹配] IMG_3286.jpeg (相似度: 0.778)
  💙 [John 匹配] IMG_3287.jpeg (相似度: 0.784)
  💜 [Sharon 匹配] IMG_3287.jpeg (相似度: 0.554)
  💜 [Sharon 匹配] IMG_3259.jpeg (相似度: 0.639)
  💜 [Sharon 匹配] IMG_3258.jpeg (相似度: 0.613)
  💜 [Sharon 匹配] IMG_3257.jpeg (相似度: 0.598)
  💜 [Sharon 匹配] IMG_3288.jpeg (相似度: 0.589)
  💙 [John 匹配] IMG_3288.jpeg (相似度: 0.764)
  💙 [John 匹配] IMG_3289.jpeg (相似度: 0.762)
  💜 [Sharon 匹配] IMG_3289.jpeg (相似度: 0.600)
  💙 [John 匹配] FullSizeRender (1).JPG (相似度: 0.789)
  💜 [Sharon 匹配] FullSizeRender (1).JPG (相似度: 0.649)
  💜 [Sharon 匹配] IMG_4267.jpeg (相似度: 0.446)
  💙 [John 匹配] IMG_4266.jpeg (相似度: 0.564)
⏳ 已深度辨識 4500 / 8413 張相片 (1358.8 秒)...
  💙 [John 匹配] FullSizeRender.JPG (相似度: 0.781)
  💜 [Sharon 匹配] FullSizeRender.JPG (相似度: 0.636)
  💙 [John 匹配] FullSizeRender (4).JPG (相似度: 0.785)
  💜 [Sharon 匹配] FullSizeRender (4).JPG (相似度: 0.621)
  💜 [Sharon 匹配] IMG_4268.jpeg (相似度: 0.464)
  💙 [John 匹配] FullSizeRender (3).JPG (相似度: 0.800)
  💜 [Sharon 匹配] FullSizeRender (3).JPG (相似度: 0.642)
  💜 [Sharon 匹配] FullSizeRender (2).JPG (相似度: 0.641)
  💙 [John 匹配] FullSizeRender (2).JPG (相似度: 0.794)
  💜 [Sharon 匹配] BA1F3F52-61B7-45BC-9CCD-469A0213178E.jpeg (相似度: 0.487)
  💜 [Sharon 匹配] 4BC99232-C660-46E6-B7E0-77306662D759.jpeg (相似度: 0.654)
  💖 [Sophia 匹配] 4BC99232-C660-46E6-B7E0-77306662D759.jpeg (相似度: 0.551)
  💖 [Sophia 匹配] D6C1C033-5232-4F2C-8776-1DDE57F9923A.jpeg (相似度: 0.425)
  💖 [Sophia 匹配] D2DECB67-B0A0-4869-9FA8-11ABE72F57A1.jpeg (相似度: 0.562)
  💙 [John 匹配] 006E115A-C855-411A-8EEC-0D007D0F2717.jpeg (相似度: 0.750)
  💖 [Sophia 匹配] 006E115A-C855-411A-8EEC-0D007D0F2717.jpeg (相似度: 0.574)
  💜 [Sharon 匹配] 006E115A-C855-411A-8EEC-0D007D0F2717.jpeg (相似度: 0.622)
  💙 [John 匹配] FF7ADD92-A314-45C7-A42B-A8DEA7C04E9B.jpeg (相似度: 0.763)
  💖 [Sophia 匹配] FF7ADD92-A314-45C7-A42B-A8DEA7C04E9B.jpeg (相似度: 0.543)
  💜 [Sharon 匹配] FF7ADD92-A314-45C7-A42B-A8DEA7C04E9B.jpeg (相似度: 0.659)
  💖 [Sophia 匹配] 3C233125-A208-415B-8317-360C055D24F2.jpeg (相似度: 0.612)
  💖 [Sophia 匹配] 9245F8C4-4FD1-4AD8-893D-8586BC1D7AC2.jpeg (相似度: 0.446)
  💜 [Sharon 匹配] 715B1A08-A465-49A4-98D4-2F38D2A7FE37.jpeg (相似度: 0.549)
  💖 [Sophia 匹配] BD8DDA44-546F-4C64-AD63-D0DD9B088736_1_201_a.jpeg (相似度: 0.443)
  💜 [Sharon 匹配] 01726A27-55B5-4C00-8CA9-4966A4411E6B.jpeg (相似度: 0.467)
  💖 [Sophia 匹配] 6C585FD7-A4F2-4E61-BAE0-EDD9FF42E05B.jpeg (相似度: 0.450)
  💜 [Sharon 匹配] 6C585FD7-A4F2-4E61-BAE0-EDD9FF42E05B.jpeg (相似度: 0.638)
  💖 [Sophia 匹配] 7EFED771-82D1-4795-8015-7CF978FF9FD8.jpeg (相似度: 0.474)
  💜 [Sharon 匹配] B7891360-309D-4CA2-8E71-59D84AA57E05.jpeg (相似度: 0.662)
  💖 [Sophia 匹配] B7891360-309D-4CA2-8E71-59D84AA57E05.jpeg (相似度: 0.542)
  💖 [Sophia 匹配] 38AD07E3-0556-4266-A48F-593CFE3DB0ED.jpeg (相似度: 0.437)
  💖 [Sophia 匹配] AF561D1F-CB1D-42A8-BD1B-E614268CE9AD.jpeg (相似度: 0.408)
  💜 [Sharon 匹配] 31560909-CFAA-4EFF-838E-8E040138AE98.jpeg (相似度: 0.613)
  💖 [Sophia 匹配] 31560909-CFAA-4EFF-838E-8E040138AE98.jpeg (相似度: 0.428)
  💙 [John 匹配] 31560909-CFAA-4EFF-838E-8E040138AE98.jpeg (相似度: 0.782)
  💖 [Sophia 匹配] C50B6822-4611-4AEF-A00A-48E4BCE125AA.jpeg (相似度: 0.463)
  💜 [Sharon 匹配] C50B6822-4611-4AEF-A00A-48E4BCE125AA.jpeg (相似度: 0.638)
  💖 [Sophia 匹配] 5BD2136E-3E53-4604-952C-E620A529A638.jpeg (相似度: 0.547)
  💜 [Sharon 匹配] 5BD2136E-3E53-4604-952C-E620A529A638.jpeg (相似度: 0.675)
  💖 [Sophia 匹配] A88F2863-A75C-4060-88E9-2FEE16DE6EB7.jpeg (相似度: 0.478)
  💜 [Sharon 匹配] A88F2863-A75C-4060-88E9-2FEE16DE6EB7.jpeg (相似度: 0.643)
  💜 [Sharon 匹配] 79A0798B-C6EB-4FA9-BC8E-C4125CA1D36F.jpeg (相似度: 0.655)
  💜 [Sharon 匹配] BE6AA9FA-FC7F-4F6D-B1A6-5E2BC87B7532.jpeg (相似度: 0.535)
  💖 [Sophia 匹配] 169EE0A7-9417-48C4-B633-9283537A6E59.jpeg (相似度: 0.607)
  💜 [Sharon 匹配] D0F2B428-474D-4DB1-9E38-8E67BC603287.jpeg (相似度: 0.615)
  💙 [John 匹配] 7FB04777-84FD-4C9A-AFBC-CBAA2AEC212C.jpeg (相似度: 0.728)
  💖 [Sophia 匹配] 7FB04777-84FD-4C9A-AFBC-CBAA2AEC212C.jpeg (相似度: 0.472)
  💜 [Sharon 匹配] 415AEB0A-D69F-4EC9-867A-94861B9507A1.jpeg (相似度: 0.530)
  💙 [John 匹配] F29DEB04-F737-4E28-982B-CBE6A81C48F2.jpeg (相似度: 0.736)
  💖 [Sophia 匹配] F29DEB04-F737-4E28-982B-CBE6A81C48F2.jpeg (相似度: 0.452)
  💙 [John 匹配] 76311E34-EE11-4F0E-96BC-60C5CD38396C.jpeg (相似度: 0.721)
  💖 [Sophia 匹配] 03A87965-E97A-49B2-8622-C9607C3B0079.jpeg (相似度: 0.433)
  💖 [Sophia 匹配] 5253F893-B68C-45CA-B984-43AAB7B58B0E.jpeg (相似度: 0.407)
  💖 [Sophia 匹配] 24B6AF57-DCAA-4651-8554-FAFA60C435E1.jpeg (相似度: 0.419)
  💖 [Sophia 匹配] D885C77F-A3B2-4A18-BDC1-821840F19BCD.jpeg (相似度: 0.506)
  💜 [Sharon 匹配] D885C77F-A3B2-4A18-BDC1-821840F19BCD.jpeg (相似度: 0.624)
  💖 [Sophia 匹配] A2E67A10-0166-4337-9B25-5428C41D69F1.jpeg (相似度: 0.444)
  💖 [Sophia 匹配] 1846EFC1-8520-427D-80E9-00E4995955A3.jpeg (相似度: 0.586)
  💜 [Sharon 匹配] C2EF6804-4615-4F5F-ACB7-874C8AE84540.jpeg (相似度: 0.420)
  💖 [Sophia 匹配] 602F64CF-7D36-4A9B-8811-574B08B6978E.jpeg (相似度: 0.557)
  💖 [Sophia 匹配] 120F2000-1045-44C9-82D2-DFAD7A0E87FE.jpeg (相似度: 0.510)
  💖 [Sophia 匹配] B68ECE14-0EA5-4406-91E0-D6ADF3CA4F2B.jpeg (相似度: 0.483)
  💖 [Sophia 匹配] 9D041EA6-FC45-4F69-99B6-4223204688AE.jpeg (相似度: 0.436)
  💖 [Sophia 匹配] AA9485F6-59D7-4B0D-A8CE-7D7251B82E1B.jpeg (相似度: 0.516)
  💖 [Sophia 匹配] B2888741-60AB-4ED9-9B45-EDB83A306393.jpeg (相似度: 0.538)
  💖 [Sophia 匹配] 5A22A6B8-957B-4B23-8789-310CC1545455.jpeg (相似度: 0.460)
  💖 [Sophia 匹配] 1A444D6E-20BB-437A-A6F8-632536A0C59A.jpeg (相似度: 0.418)
  💜 [Sharon 匹配] 50CF85A6-BB3D-44F2-911D-25A4D426DA70.jpeg (相似度: 0.594)
  💖 [Sophia 匹配] 50CF85A6-BB3D-44F2-911D-25A4D426DA70.jpeg (相似度: 0.458)
  💙 [John 匹配] 2EBF7EBA-9563-4BBC-9090-334E8676FC89.jpeg (相似度: 0.665)
  💖 [Sophia 匹配] 2EBF7EBA-9563-4BBC-9090-334E8676FC89.jpeg (相似度: 0.505)
  💜 [Sharon 匹配] 1A30119A-3A05-4B51-BE85-C5B3CA5986E7.jpeg (相似度: 0.606)
  💖 [Sophia 匹配] 1A30119A-3A05-4B51-BE85-C5B3CA5986E7.jpeg (相似度: 0.529)
  💙 [John 匹配] 1A30119A-3A05-4B51-BE85-C5B3CA5986E7.jpeg (相似度: 0.786)
  💖 [Sophia 匹配] 76768F45-547D-4F79-9FA8-2A08579FCECF.jpeg (相似度: 0.496)
  💜 [Sharon 匹配] 76768F45-547D-4F79-9FA8-2A08579FCECF.jpeg (相似度: 0.577)
  💖 [Sophia 匹配] 6553C893-2ED2-4310-BD06-3EB3CA4C3FF0.jpeg (相似度: 0.558)
  💙 [John 匹配] 793EF672-148F-482B-AC21-56225B213BAF.jpeg (相似度: 0.729)
  💖 [Sophia 匹配] 793EF672-148F-482B-AC21-56225B213BAF.jpeg (相似度: 0.523)
  💜 [Sharon 匹配] B5A9DF72-24E0-4656-A188-7578158809BE.jpeg (相似度: 0.554)
  💖 [Sophia 匹配] 05F56789-4D87-43EC-83AF-10A2F3E382EF.jpeg (相似度: 0.477)
  💜 [Sharon 匹配] 05F56789-4D87-43EC-83AF-10A2F3E382EF.jpeg (相似度: 0.614)
  💖 [Sophia 匹配] AED6921A-D7D0-4519-AE13-F237D3842AD0.jpeg (相似度: 0.478)
  💖 [Sophia 匹配] 9F87F53C-4F60-40A4-A2B8-13B0D54B708D.jpeg (相似度: 0.479)
  💖 [Sophia 匹配] 7A441615-5C03-4E61-B9CC-2E8E2A43CE7A.jpeg (相似度: 0.466)
  💖 [Sophia 匹配] 5BE71C2C-39B0-44A2-8831-F606C8FC39CC.jpeg (相似度: 0.573)
  💜 [Sharon 匹配] E36041EA-0E53-43D8-9F70-1FC7BFF3249E.jpeg (相似度: 0.635)
  💖 [Sophia 匹配] E36041EA-0E53-43D8-9F70-1FC7BFF3249E.jpeg (相似度: 0.531)
  💖 [Sophia 匹配] 9036AB11-1482-45FE-B0EE-CEABBF1CE073.jpeg (相似度: 0.507)
  💜 [Sharon 匹配] 9036AB11-1482-45FE-B0EE-CEABBF1CE073.jpeg (相似度: 0.596)
  💖 [Sophia 匹配] C999837E-E5CC-49FE-911A-F2C1F7ED1817.jpeg (相似度: 0.507)
  💖 [Sophia 匹配] 125A731E-935A-4782-BE9C-A6A26D180B46.jpeg (相似度: 0.497)
  💖 [Sophia 匹配] 73113CB5-04C7-4D7A-9709-108EA793CF40.jpeg (相似度: 0.409)
  💖 [Sophia 匹配] C0C3ED93-C13E-451D-ACFC-92D6E25C4B72.jpeg (相似度: 0.474)
  💖 [Sophia 匹配] 8ED4369D-D4EB-4554-B844-7F1F136963ED.jpeg (相似度: 0.595)
  💜 [Sharon 匹配] 8ED4369D-D4EB-4554-B844-7F1F136963ED.jpeg (相似度: 0.631)
  💙 [John 匹配] 8ED4369D-D4EB-4554-B844-7F1F136963ED.jpeg (相似度: 0.764)
  💖 [Sophia 匹配] 87051BFF-7882-4F2A-B074-392EABE47D65.jpeg (相似度: 0.552)
  💙 [John 匹配] 87051BFF-7882-4F2A-B074-392EABE47D65.jpeg (相似度: 0.743)
  💜 [Sharon 匹配] 87051BFF-7882-4F2A-B074-392EABE47D65.jpeg (相似度: 0.608)
  💖 [Sophia 匹配] 4EAAB00F-9A52-4179-94EB-FC60F7521884.jpeg (相似度: 0.514)
  💖 [Sophia 匹配] 52C4BD87-52E5-42D8-9145-C6E8B98DEF6D.jpeg (相似度: 0.559)
  💖 [Sophia 匹配] EE0BB507-6D28-4219-AE5E-3D26E53CF654.jpeg (相似度: 0.507)
  💜 [Sharon 匹配] EE0BB507-6D28-4219-AE5E-3D26E53CF654.jpeg (相似度: 0.612)
  💖 [Sophia 匹配] 5D5BEEF1-289D-4F88-BD07-B2F3BF4D89B8.jpeg (相似度: 0.512)
  💖 [Sophia 匹配] AA63ED67-43F7-455E-BE7A-A989A66FAA4D.jpeg (相似度: 0.481)
  💜 [Sharon 匹配] AA63ED67-43F7-455E-BE7A-A989A66FAA4D.jpeg (相似度: 0.650)
  💖 [Sophia 匹配] 01BC9069-E847-44C8-9D92-80337D69FFB4.jpeg (相似度: 0.550)
  💖 [Sophia 匹配] 03A0F15E-A6AB-4CF5-98C4-2F1119C66533.jpeg (相似度: 0.405)
  💖 [Sophia 匹配] 89C320F9-DBDC-4D50-8B04-F3CB7D952EFA.jpeg (相似度: 0.517)
  💙 [John 匹配] D0AC7A2D-97FE-4FC6-AC5B-90C6F934A343.jpeg (相似度: 0.757)
  💖 [Sophia 匹配] D0AC7A2D-97FE-4FC6-AC5B-90C6F934A343.jpeg (相似度: 0.569)
  💜 [Sharon 匹配] D0AC7A2D-97FE-4FC6-AC5B-90C6F934A343.jpeg (相似度: 0.708)
  💜 [Sharon 匹配] 84AED7CE-E3E5-4BD0-B073-A3CBEDA10EC2.jpeg (相似度: 0.640)
  💙 [John 匹配] 84AED7CE-E3E5-4BD0-B073-A3CBEDA10EC2.jpeg (相似度: 0.790)
  💖 [Sophia 匹配] 24B233F9-7658-4CBC-BD10-74EEBF09556D.jpeg (相似度: 0.486)
  💜 [Sharon 匹配] 24B233F9-7658-4CBC-BD10-74EEBF09556D.jpeg (相似度: 0.601)
  💖 [Sophia 匹配] 195CA25D-6FB6-452E-B5CD-D7863F86DA00.jpeg (相似度: 0.478)
  💜 [Sharon 匹配] 195CA25D-6FB6-452E-B5CD-D7863F86DA00.jpeg (相似度: 0.624)
  💖 [Sophia 匹配] 71050D5A-F172-41A6-B308-DB859221A7AF.jpeg (相似度: 0.498)
  💖 [Sophia 匹配] B988DEA1-137F-4ED5-84E3-018EC4EAA4F3.jpeg (相似度: 0.440)
  💖 [Sophia 匹配] 6433E273-F206-4290-AF33-C350A6549F05.jpeg (相似度: 0.446)
  💖 [Sophia 匹配] D0734695-B294-46AE-A27F-16C385C8B6C5.jpeg (相似度: 0.463)
  💙 [John 匹配] 4482DF17-E2B8-4D8D-86D6-4FBCE72E8175.jpeg (相似度: 0.716)
  💙 [John 匹配] D8835F65-AC99-4818-AB1C-700CED1C6A8A.jpeg (相似度: 0.801)
  💖 [Sophia 匹配] C5189B3F-8540-45D1-BE41-DEDE282F0B7B.jpeg (相似度: 0.489)
  💖 [Sophia 匹配] 2F2FF549-6678-49DD-8B72-14110FB7AE94.jpeg (相似度: 0.466)
  💖 [Sophia 匹配] 9702D3FF-7019-4ED5-9B41-A9528108BFEC.jpeg (相似度: 0.487)
  💙 [John 匹配] 9702D3FF-7019-4ED5-9B41-A9528108BFEC.jpeg (相似度: 0.440)
  💖 [Sophia 匹配] EFC6A5D3-6ED5-4327-A450-392D169CE866.jpeg (相似度: 0.499)
  💖 [Sophia 匹配] A3C0DDBF-1EE4-428C-94C0-9E81DEB65754.jpeg (相似度: 0.455)
  💖 [Sophia 匹配] CEF5C3A7-4E5D-454A-8B37-912F4E191FB1.jpeg (相似度: 0.400)
  💖 [Sophia 匹配] 94D8B1E0-4EB0-479B-A86C-DD2B83A642B9_1_201_a.jpeg (相似度: 0.562)
  💜 [Sharon 匹配] 3D065B2C-C2D5-4867-9091-8ED4AE0EB6EF.jpeg (相似度: 0.605)
  💖 [Sophia 匹配] 70D4D2A8-F245-4441-96C1-B777890C6E72.jpeg (相似度: 0.635)
  💜 [Sharon 匹配] 4E130E92-DCB3-4CAA-8599-0A0868506D8F.jpeg (相似度: 0.598)
  💜 [Sharon 匹配] 0DB781E6-AA0D-452B-ABBA-90BABE321358.jpeg (相似度: 0.507)
  💙 [John 匹配] 59D0B759-B92A-4B8E-A31D-5520D3DE5AC2.jpeg (相似度: 0.770)
  💖 [Sophia 匹配] 2B8B18BD-1347-407A-9AF9-28BC5E075564.jpeg (相似度: 0.498)
  💖 [Sophia 匹配] 3F363394-EA0A-49F0-8F2E-27CCD1F2CE7A.jpeg (相似度: 0.494)
  💖 [Sophia 匹配] 60D833D9-921F-4493-AD3A-2C2A4CF97928.jpeg (相似度: 0.499)
  💜 [Sharon 匹配] 60D833D9-921F-4493-AD3A-2C2A4CF97928.jpeg (相似度: 0.624)
  💖 [Sophia 匹配] 07AE6B0D-532E-40D0-9F2E-2E13ECDBDB28.jpeg (相似度: 0.463)
  💖 [Sophia 匹配] 32029F66-0A27-4B50-B020-6974F483910C.jpeg (相似度: 0.539)
  💙 [John 匹配] 32029F66-0A27-4B50-B020-6974F483910C.jpeg (相似度: 0.782)
  💜 [Sharon 匹配] 32029F66-0A27-4B50-B020-6974F483910C.jpeg (相似度: 0.660)
  💖 [Sophia 匹配] 074E2525-0FF2-41F9-9891-F237C21FE9D1.jpeg (相似度: 0.515)
  💖 [Sophia 匹配] E417204D-EB61-4E01-9396-74E2E3BB4052.jpeg (相似度: 0.611)
  💖 [Sophia 匹配] A85B24C2-70DC-4251-9B8D-297BE6D47BE3.jpeg (相似度: 0.442)
  💖 [Sophia 匹配] 524F9171-CDC9-4EE9-ACB6-F394A5AB98FA.jpeg (相似度: 0.475)
  💖 [Sophia 匹配] 3E8D461E-9E92-49B6-A805-41110ED8265C.jpeg (相似度: 0.529)
  💙 [John 匹配] 7808F3E5-4D94-498B-82EC-46E3C3914EBC.jpeg (相似度: 0.756)
  💖 [Sophia 匹配] 7808F3E5-4D94-498B-82EC-46E3C3914EBC.jpeg (相似度: 0.439)
  💜 [Sharon 匹配] 7808F3E5-4D94-498B-82EC-46E3C3914EBC.jpeg (相似度: 0.605)
  💖 [Sophia 匹配] 734C2B33-5C90-489C-9978-E76E15691D97.jpeg (相似度: 0.559)
  💜 [Sharon 匹配] D24D6F63-42EF-405A-B049-16D3627E7E19.jpeg (相似度: 0.599)
  💖 [Sophia 匹配] 467BB902-DDBA-4A34-8854-8210FA5B0D46.jpeg (相似度: 0.506)
  💖 [Sophia 匹配] D5D55253-54D9-4954-B979-BCD070B11089.jpeg (相似度: 0.486)
  💖 [Sophia 匹配] 63B469FA-C06F-4EE4-B3F7-D62A1214486D.jpeg (相似度: 0.486)
  💖 [Sophia 匹配] 08C03DCB-189C-4F95-B42F-F8DB9EA1F599.jpeg (相似度: 0.541)
  💖 [Sophia 匹配] 0638BAA3-853F-4774-BECC-D17788516F75.jpeg (相似度: 0.477)
  💖 [Sophia 匹配] 856C69EE-65D6-4495-B59F-451D28478F05.jpeg (相似度: 0.515)
  💖 [Sophia 匹配] 7F5709CE-7125-4E47-941C-E176B428F304.jpeg (相似度: 0.515)
  💖 [Sophia 匹配] E5D56D22-419F-4170-9E42-9F0A0325C93F.jpeg (相似度: 0.443)
  💜 [Sharon 匹配] E5D56D22-419F-4170-9E42-9F0A0325C93F.jpeg (相似度: 0.638)
  💖 [Sophia 匹配] BA309E88-196E-4CD3-BDD2-648E72F11C89.jpeg (相似度: 0.424)
  💜 [Sharon 匹配] BA309E88-196E-4CD3-BDD2-648E72F11C89.jpeg (相似度: 0.526)
  💖 [Sophia 匹配] F35B261F-40E3-4EDD-BE07-D8AC3279879A.jpeg (相似度: 0.446)
  💙 [John 匹配] F35B261F-40E3-4EDD-BE07-D8AC3279879A.jpeg (相似度: 0.781)
  💖 [Sophia 匹配] F0EE4925-B76D-489F-97B9-A5B5EAEF2617.jpeg (相似度: 0.490)
  💙 [John 匹配] ACDD9A0C-15FB-4A9A-A9BD-51B596A76BE4.jpeg (相似度: 0.760)
  💖 [Sophia 匹配] 80141BBF-32FA-4757-902D-C9D691434869.jpeg (相似度: 0.520)
  💖 [Sophia 匹配] 5B962065-3630-4211-98A4-84FC53283CFB.jpeg (相似度: 0.587)
  💖 [Sophia 匹配] DAF8DB88-562D-439D-BE4A-8DCFDF7ED8FA.jpeg (相似度: 0.518)
  💙 [John 匹配] 0FD90030-40E9-482E-B19C-3D9FB5FAB3EF.jpeg (相似度: 0.748)
  💜 [Sharon 匹配] 0FD90030-40E9-482E-B19C-3D9FB5FAB3EF.jpeg (相似度: 0.637)
  💖 [Sophia 匹配] E13055DE-3B3A-46AD-8B48-93947A2E0D34.jpeg (相似度: 0.520)
  💖 [Sophia 匹配] 6C3DED7B-DEDB-4475-8647-889FF7545F05.jpeg (相似度: 0.584)
  💖 [Sophia 匹配] 9A344A82-2B6B-4A5E-ACFD-1A4D4D937BC7.jpeg (相似度: 0.550)
  💙 [John 匹配] CA6259C3-45EB-4353-B5E3-47DA751E68DD.jpeg (相似度: 0.767)
  💖 [Sophia 匹配] CA6259C3-45EB-4353-B5E3-47DA751E68DD.jpeg (相似度: 0.545)
  💜 [Sharon 匹配] F0D4A913-1CAF-43CE-8C94-FC23B9CF9615.jpeg (相似度: 0.468)
  💖 [Sophia 匹配] 4192561C-C096-4331-9700-0DB06E439913.jpeg (相似度: 0.546)
  💜 [Sharon 匹配] 4192561C-C096-4331-9700-0DB06E439913.jpeg (相似度: 0.507)
  💖 [Sophia 匹配] BBAEB968-E438-42DA-8FD1-5892C651C1D1.jpeg (相似度: 0.488)
  💙 [John 匹配] CEE68055-0899-4DD3-A481-702F35DAF867.jpeg (相似度: 0.731)
  💖 [Sophia 匹配] CEE68055-0899-4DD3-A481-702F35DAF867.jpeg (相似度: 0.544)
  💙 [John 匹配] 58E0CC38-DCAC-4BA5-BEA6-75E47144CD26.jpeg (相似度: 0.672)
  💖 [Sophia 匹配] 58E0CC38-DCAC-4BA5-BEA6-75E47144CD26.jpeg (相似度: 0.521)
  💜 [Sharon 匹配] 58E0CC38-DCAC-4BA5-BEA6-75E47144CD26.jpeg (相似度: 0.490)
  💖 [Sophia 匹配] 79BA1020-F5B4-416A-B015-9FEF3BC9DA35.jpeg (相似度: 0.401)
  💖 [Sophia 匹配] 585D39B8-C5F1-453B-81F4-1E4091D29489.jpeg (相似度: 0.414)
  💜 [Sharon 匹配] 585D39B8-C5F1-453B-81F4-1E4091D29489.jpeg (相似度: 0.472)
  💖 [Sophia 匹配] 60907FC8-70C1-466D-B23A-C0E653C9A725.jpeg (相似度: 0.480)
  💖 [Sophia 匹配] 7FBECAA0-F823-4633-A820-B82D111B6868.jpeg (相似度: 0.528)
  💖 [Sophia 匹配] 5866BB52-5F11-4F4F-93D1-C9E28F2DBACA.jpeg (相似度: 0.535)
  💖 [Sophia 匹配] 74543AA7-81A5-4187-859D-7AB98466B79F.jpeg (相似度: 0.512)
  💖 [Sophia 匹配] F2C5F265-13CA-4808-A6CB-61189818E95D.jpeg (相似度: 0.574)
  💖 [Sophia 匹配] 4CD9A7F7-1DA0-4B2A-B66A-1C5296C79045.jpeg (相似度: 0.494)
  💙 [John 匹配] 99E55416-402E-4230-99D9-7C285EC2CFB8.jpeg (相似度: 0.640)
  💖 [Sophia 匹配] 99E55416-402E-4230-99D9-7C285EC2CFB8.jpeg (相似度: 0.419)
  💖 [Sophia 匹配] C1A2F689-E9BB-44A2-B20E-4FE308CA0EDE.jpeg (相似度: 0.455)
  💖 [Sophia 匹配] 8B1D984F-E9BD-44E0-B1AB-2EFA4714676F.jpeg (相似度: 0.545)
  💜 [Sharon 匹配] DDD77C18-0FD9-4959-B941-BB65416CBE9A.jpeg (相似度: 0.437)
  💖 [Sophia 匹配] 5D846D6F-D1A9-4400-B84B-8EF4E4A7CFA0.jpeg (相似度: 0.512)
  💙 [John 匹配] E4B6F00A-24CF-498A-A081-32217C20E423.jpeg (相似度: 0.649)
  💖 [Sophia 匹配] 2F2BD7C4-9041-464B-82C6-257AC06D25CF.jpeg (相似度: 0.513)
  💙 [John 匹配] 3488B8F8-846A-4E89-85E8-7EEE470E96EA.jpeg (相似度: 0.736)
  💖 [Sophia 匹配] 3488B8F8-846A-4E89-85E8-7EEE470E96EA.jpeg (相似度: 0.477)
  💖 [Sophia 匹配] 7A73CD21-7B8D-45C4-8C29-FC50BD541975.jpeg (相似度: 0.424)
  💖 [Sophia 匹配] 23F6B819-F8F7-4BE3-9756-D698C3B7D5D6.jpeg (相似度: 0.483)
  💜 [Sharon 匹配] 10F1B58C-C8BE-43B1-A878-A413EC78F50A.jpeg (相似度: 0.586)
  💖 [Sophia 匹配] 10F1B58C-C8BE-43B1-A878-A413EC78F50A.jpeg (相似度: 0.423)
  💖 [Sophia 匹配] 8936C2E9-1B98-4DBE-B7BD-A6A0BA369CD4.jpeg (相似度: 0.631)
  💖 [Sophia 匹配] 3A22B635-379A-4D54-9ABD-928AFF5F248E.jpeg (相似度: 0.585)
  💖 [Sophia 匹配] 1936B3E3-A5B4-485F-8A96-464903F936B6.jpeg (相似度: 0.458)
  💜 [Sharon 匹配] 1936B3E3-A5B4-485F-8A96-464903F936B6.jpeg (相似度: 0.444)
  💖 [Sophia 匹配] 7F1F8CB3-9213-4135-A633-B2D2418CA1F8.jpeg (相似度: 0.410)
  💜 [Sharon 匹配] 7F1F8CB3-9213-4135-A633-B2D2418CA1F8.jpeg (相似度: 0.567)
  💖 [Sophia 匹配] D23D7A28-6A57-461A-8CFF-C9F553DBF0A5.jpeg (相似度: 0.545)
  💜 [Sharon 匹配] F5D0CC4E-E3E6-4A15-BD5E-86ACE95EC76D.jpeg (相似度: 0.610)
  💖 [Sophia 匹配] 3B8F3A00-AA32-4955-ABF5-D0857A8EEB32.jpeg (相似度: 0.447)
  💖 [Sophia 匹配] 0170FC65-4CD2-4F06-BB7C-13C894941CF6.jpeg (相似度: 0.502)
  💖 [Sophia 匹配] 5BEB4B75-2A52-42B3-BC46-BBB191808FD3.jpeg (相似度: 0.495)
  💖 [Sophia 匹配] ADEEA242-8350-4C3E-B6AF-7C3287276A09.jpeg (相似度: 0.437)
  💜 [Sharon 匹配] ADEEA242-8350-4C3E-B6AF-7C3287276A09.jpeg (相似度: 0.431)
  💙 [John 匹配] E4109D4F-AE58-4163-A28B-E7B633342992.jpeg (相似度: 0.716)
  💜 [Sharon 匹配] E4109D4F-AE58-4163-A28B-E7B633342992.jpeg (相似度: 0.561)
  💖 [Sophia 匹配] 5BDCDAE7-B550-485D-9416-0E214F90F9D7.jpeg (相似度: 0.463)
  💙 [John 匹配] 70380B23-3BFB-4408-9E98-D53CE7F30204.jpeg (相似度: 0.799)
  💖 [Sophia 匹配] 70380B23-3BFB-4408-9E98-D53CE7F30204.jpeg (相似度: 0.539)
  💖 [Sophia 匹配] 6352D9BF-2B4D-42DB-83DD-FBE4AABD16C6.jpeg (相似度: 0.433)
  💜 [Sharon 匹配] 6352D9BF-2B4D-42DB-83DD-FBE4AABD16C6.jpeg (相似度: 0.536)
  💜 [Sharon 匹配] E40A3E4F-2F12-4E11-ADD6-E694873E975E.jpeg (相似度: 0.582)
  💙 [John 匹配] E40A3E4F-2F12-4E11-ADD6-E694873E975E.jpeg (相似度: 0.766)
  💖 [Sophia 匹配] E40A3E4F-2F12-4E11-ADD6-E694873E975E.jpeg (相似度: 0.467)
  💙 [John 匹配] 1E55B732-7073-4B50-86DB-7CC25DB35DC6.jpeg (相似度: 0.714)
  💜 [Sharon 匹配] 1E55B732-7073-4B50-86DB-7CC25DB35DC6.jpeg (相似度: 0.597)
  💖 [Sophia 匹配] 1E55B732-7073-4B50-86DB-7CC25DB35DC6.jpeg (相似度: 0.434)
  💖 [Sophia 匹配] 2FF7D451-78F9-413B-BAFB-C3213D572613.jpeg (相似度: 0.511)
  💖 [Sophia 匹配] CD9F4E3A-7958-4273-A373-6D8C10E8CF22.jpeg (相似度: 0.424)
  💙 [John 匹配] 43A5A4CA-1B51-4C77-BD60-B87B467907FA.jpeg (相似度: 0.755)
  💖 [Sophia 匹配] DBB863E8-8A15-42E7-8B52-853C0CFF3AAF.jpeg (相似度: 0.453)
  💖 [Sophia 匹配] D3ACC584-61AC-4C7B-957B-AD0C563F9962.jpeg (相似度: 0.411)
  💖 [Sophia 匹配] CE0E3DFD-906F-4452-801D-71CA248F422E.jpeg (相似度: 0.470)
  💙 [John 匹配] DA9CB962-EC79-4EA6-83A7-D98186758C63.jpeg (相似度: 0.777)
  💖 [Sophia 匹配] DA9CB962-EC79-4EA6-83A7-D98186758C63.jpeg (相似度: 0.508)
  💙 [John 匹配] 0B210180-7DC5-4C4C-8C6D-300587BC4EAD.jpeg (相似度: 0.668)
  💖 [Sophia 匹配] 0B210180-7DC5-4C4C-8C6D-300587BC4EAD.jpeg (相似度: 0.563)
  💜 [Sharon 匹配] 6A4F7D3A-DF8D-40EC-881C-BB5FC5E5FBED.jpeg (相似度: 0.620)
  💖 [Sophia 匹配] 6A4F7D3A-DF8D-40EC-881C-BB5FC5E5FBED.jpeg (相似度: 0.429)
  💖 [Sophia 匹配] 7F82F525-C6FD-4ED8-8FAD-BB1093D0A3D3.jpeg (相似度: 0.553)
  💜 [Sharon 匹配] 7F82F525-C6FD-4ED8-8FAD-BB1093D0A3D3.jpeg (相似度: 0.663)
  💖 [Sophia 匹配] 348C8E61-5075-4708-B885-82306B3D2203.jpeg (相似度: 0.539)
  💖 [Sophia 匹配] 45249F62-DCC9-4AF2-A7AB-D0D9386DAAA6.jpeg (相似度: 0.421)
  💖 [Sophia 匹配] D70E32AE-BB65-4C50-80D9-7B76C03D75D6.jpeg (相似度: 0.494)
  💖 [Sophia 匹配] 42FB4545-02DA-4633-840D-21406D2DB34B.jpeg (相似度: 0.473)
  💙 [John 匹配] 710BB200-55AC-41E6-883D-041D75C481D7.jpeg (相似度: 0.677)
  💖 [Sophia 匹配] 710BB200-55AC-41E6-883D-041D75C481D7.jpeg (相似度: 0.412)
  💖 [Sophia 匹配] 365AE3FD-B987-4F88-95D6-18E9B11EEAF9.jpeg (相似度: 0.503)
  💙 [John 匹配] 1AC406CA-53B6-4A3E-8CBE-5FEEC8D0608C.jpeg (相似度: 0.522)
  💖 [Sophia 匹配] 60E25FC8-BF37-4D07-9DCE-085EB1628E11.jpeg (相似度: 0.457)
  💖 [Sophia 匹配] D2A015E9-EA2B-493D-9A58-067AEADC7866.jpeg (相似度: 0.400)
  💜 [Sharon 匹配] DD62E1FA-5A70-4ED1-8AF2-0FCCD51C973E.jpeg (相似度: 0.497)
  💖 [Sophia 匹配] 22491D39-ECFB-4769-90A2-78EEFBBB6DEF.jpeg (相似度: 0.436)
  💜 [Sharon 匹配] 22491D39-ECFB-4769-90A2-78EEFBBB6DEF.jpeg (相似度: 0.612)
  💖 [Sophia 匹配] 362F1969-EA6C-40FE-BCB8-F889A6671301.jpeg (相似度: 0.496)
  💜 [Sharon 匹配] 362F1969-EA6C-40FE-BCB8-F889A6671301.jpeg (相似度: 0.447)
  💖 [Sophia 匹配] 8394777C-EC35-47D2-8219-549404A1FF1C.jpeg (相似度: 0.460)
  💜 [Sharon 匹配] 3AC3C0BB-A315-49E6-863E-E11AFB2A6E8E.jpeg (相似度: 0.449)
  💙 [John 匹配] 3AC3C0BB-A315-49E6-863E-E11AFB2A6E8E.jpeg (相似度: 0.688)
  💜 [Sharon 匹配] 7A3D1F00-591D-4190-913E-76CD182D8B98.jpeg (相似度: 0.648)
  💙 [John 匹配] 9C86BCD9-9401-43CB-BDFA-E2EF003E3E57.jpeg (相似度: 0.704)
  💖 [Sophia 匹配] 6A555E64-F561-411E-B6AA-9BCDC140EC5E.jpeg (相似度: 0.491)
  💖 [Sophia 匹配] 6C47B513-E826-4CB8-8182-54CCA6BE89FD.jpeg (相似度: 0.547)
  💜 [Sharon 匹配] 6C47B513-E826-4CB8-8182-54CCA6BE89FD.jpeg (相似度: 0.511)
  💖 [Sophia 匹配] F4462571-684D-44AD-87F4-ABC967ECD8A6.jpeg (相似度: 0.562)
  💙 [John 匹配] B60DD657-7B35-4953-BD41-75D6BC0E2002.jpeg (相似度: 0.605)
  💜 [Sharon 匹配] B60DD657-7B35-4953-BD41-75D6BC0E2002.jpeg (相似度: 0.431)
  💜 [Sharon 匹配] CDB9546C-D11D-4BC0-8FFE-7EB0C2B38DDA.jpeg (相似度: 0.651)
  💙 [John 匹配] CDB9546C-D11D-4BC0-8FFE-7EB0C2B38DDA.jpeg (相似度: 0.796)
  💖 [Sophia 匹配] CDB9546C-D11D-4BC0-8FFE-7EB0C2B38DDA.jpeg (相似度: 0.505)
  💜 [Sharon 匹配] AC9D93E2-77B8-4778-B62C-CC3B8B374D0E.jpeg (相似度: 0.602)
  💖 [Sophia 匹配] 97A19314-EE02-49A8-8434-A8D5D939CD33.jpeg (相似度: 0.577)
  💙 [John 匹配] FA2ACC47-ABC4-4962-B9A8-C9E1A8AF4018.jpeg (相似度: 0.788)
  💖 [Sophia 匹配] B9FFAD38-049F-42B5-A499-B92BC9A3C523.jpeg (相似度: 0.500)
  💖 [Sophia 匹配] 55DE01D4-AB91-4E1B-9F71-A78C451FA9CC.jpeg (相似度: 0.508)
  💖 [Sophia 匹配] 92F18E92-7E06-4152-B1DF-FA8F906974AD.jpeg (相似度: 0.529)
  💜 [Sharon 匹配] 92F18E92-7E06-4152-B1DF-FA8F906974AD.jpeg (相似度: 0.485)
  💙 [John 匹配] 9C483A21-1FBE-4917-B107-A18361A7AF1A.jpeg (相似度: 0.801)
  💖 [Sophia 匹配] 9C483A21-1FBE-4917-B107-A18361A7AF1A.jpeg (相似度: 0.610)
  💜 [Sharon 匹配] 9C483A21-1FBE-4917-B107-A18361A7AF1A.jpeg (相似度: 0.697)
  💜 [Sharon 匹配] 6E349BD7-8E83-40D6-910E-E4B5D007AB7D.jpeg (相似度: 0.409)
  💜 [Sharon 匹配] 239BDA88-76C3-4B2A-804E-372977FB5268.jpeg (相似度: 0.468)
  💙 [John 匹配] 5B7E092D-E0BE-4600-A4BF-66C43A989418.jpeg (相似度: 0.767)
  💖 [Sophia 匹配] 5B7E092D-E0BE-4600-A4BF-66C43A989418.jpeg (相似度: 0.506)
  💜 [Sharon 匹配] 5B7E092D-E0BE-4600-A4BF-66C43A989418.jpeg (相似度: 0.681)
  💖 [Sophia 匹配] 67C61B76-8CA1-4592-A1E5-D289674C0D98.jpeg (相似度: 0.570)
  💖 [Sophia 匹配] F492535D-E555-4E7D-8C93-69F9D0E133CD.jpeg (相似度: 0.608)
  💖 [Sophia 匹配] 8A99D2AD-22EF-452A-B0DB-1280D3C1A88A.jpeg (相似度: 0.524)
  💙 [John 匹配] CF99EA7C-16F9-4786-81DF-27FF3F46A2E2.jpeg (相似度: 0.789)
  💖 [Sophia 匹配] CF99EA7C-16F9-4786-81DF-27FF3F46A2E2.jpeg (相似度: 0.592)
  💜 [Sharon 匹配] CF99EA7C-16F9-4786-81DF-27FF3F46A2E2.jpeg (相似度: 0.733)
  💖 [Sophia 匹配] FDA7DE67-7AB6-47EE-BB6D-2A12727CD7CC.jpeg (相似度: 0.551)
  💙 [John 匹配] CC106756-7B9B-40A1-82E6-40F1C08E1062.jpeg (相似度: 0.800)
  💖 [Sophia 匹配] CC106756-7B9B-40A1-82E6-40F1C08E1062.jpeg (相似度: 0.585)
  💜 [Sharon 匹配] CC106756-7B9B-40A1-82E6-40F1C08E1062.jpeg (相似度: 0.689)
  💖 [Sophia 匹配] 78169B94-F400-4B5F-902A-81A5CDA9E836.jpeg (相似度: 0.559)
  💜 [Sharon 匹配] 78169B94-F400-4B5F-902A-81A5CDA9E836.jpeg (相似度: 0.431)
  💖 [Sophia 匹配] 7C510D9A-4362-42B8-A1A0-4A367BD762C1.jpeg (相似度: 0.521)
  💙 [John 匹配] AC1132BD-5518-4443-B558-72836EC2E5ED.jpeg (相似度: 0.800)
  💜 [Sharon 匹配] AC1132BD-5518-4443-B558-72836EC2E5ED.jpeg (相似度: 0.747)
  💖 [Sophia 匹配] AC1132BD-5518-4443-B558-72836EC2E5ED.jpeg (相似度: 0.625)
  💖 [Sophia 匹配] 942EECF8-47FB-4537-83AE-DA8C26560C84.jpeg (相似度: 0.584)
  💖 [Sophia 匹配] CF79CD77-E1F8-415D-B505-BA14FEC4D18D.jpeg (相似度: 0.584)
  💜 [Sharon 匹配] CF79CD77-E1F8-415D-B505-BA14FEC4D18D.jpeg (相似度: 0.725)
  💖 [Sophia 匹配] 21164C26-65A7-4702-96F9-67222211F31D.jpeg (相似度: 0.520)
  💜 [Sharon 匹配] 9A0B2DDA-EB2A-4628-818D-2211233A7AAB.jpeg (相似度: 0.479)
  💖 [Sophia 匹配] 3EBDFF0E-0F24-4725-8605-BBCF5415A7E5.jpeg (相似度: 0.594)
  💜 [Sharon 匹配] 3EBDFF0E-0F24-4725-8605-BBCF5415A7E5.jpeg (相似度: 0.749)
  💙 [John 匹配] 3EBDFF0E-0F24-4725-8605-BBCF5415A7E5.jpeg (相似度: 0.789)
  💜 [Sharon 匹配] F081A3E1-F686-41E1-9233-235C46992A26.jpeg (相似度: 0.400)
  💖 [Sophia 匹配] 3D476CA5-4945-46B4-A0F4-E3F794E142C2.jpeg (相似度: 0.605)
  💙 [John 匹配] 715C44A9-653A-40C5-BD66-D67591C3EEF0.jpeg (相似度: 0.814)
  💖 [Sophia 匹配] 715C44A9-653A-40C5-BD66-D67591C3EEF0.jpeg (相似度: 0.632)
  💜 [Sharon 匹配] 715C44A9-653A-40C5-BD66-D67591C3EEF0.jpeg (相似度: 0.681)
  💖 [Sophia 匹配] 3F5A6B9C-851F-4993-BC5F-0F94D91FD48C.jpeg (相似度: 0.593)
  💙 [John 匹配] 3F5A6B9C-851F-4993-BC5F-0F94D91FD48C.jpeg (相似度: 0.774)
  💖 [Sophia 匹配] 6F722A5C-BA26-44BF-86B2-55DFB15C4757.jpeg (相似度: 0.513)
  💙 [John 匹配] E573EDCD-F75D-4A8B-A0FD-8F1319B38D2D.jpeg (相似度: 0.812)
  💖 [Sophia 匹配] E573EDCD-F75D-4A8B-A0FD-8F1319B38D2D.jpeg (相似度: 0.608)
  💜 [Sharon 匹配] E573EDCD-F75D-4A8B-A0FD-8F1319B38D2D.jpeg (相似度: 0.732)
  💜 [Sharon 匹配] 6F8438F6-60E9-4CA6-8C5A-DEE5DC645F7A.jpeg (相似度: 0.474)
  💜 [Sharon 匹配] 57F5784F-BB20-40DD-8E9C-8CC79CC89943.jpeg (相似度: 0.446)
  💖 [Sophia 匹配] 73143875-809A-46A1-98DE-2A327ED18AF3.jpeg (相似度: 0.588)
  💙 [John 匹配] 73143875-809A-46A1-98DE-2A327ED18AF3.jpeg (相似度: 0.789)
  💖 [Sophia 匹配] 8F683E0C-0D43-4267-869C-4D5BB54035DC.jpeg (相似度: 0.574)
  💖 [Sophia 匹配] FDD57855-2C22-45AC-A316-188E977507F7_1_201_a.jpeg (相似度: 0.491)
  💜 [Sharon 匹配] FDD57855-2C22-45AC-A316-188E977507F7_1_201_a.jpeg (相似度: 0.588)
  💖 [Sophia 匹配] AD7B8B95-2F07-4165-97CB-012E8FA13DA4.jpeg (相似度: 0.483)
  💜 [Sharon 匹配] AD7B8B95-2F07-4165-97CB-012E8FA13DA4.jpeg (相似度: 0.633)
  💙 [John 匹配] AD7B8B95-2F07-4165-97CB-012E8FA13DA4.jpeg (相似度: 0.798)
  💖 [Sophia 匹配] 5344E08C-8C3C-443E-A5E2-FB377B800C41.jpeg (相似度: 0.403)
  💜 [Sharon 匹配] 5344E08C-8C3C-443E-A5E2-FB377B800C41.jpeg (相似度: 0.560)
  💖 [Sophia 匹配] 61A2029F-C221-437B-AF02-06AD6FE1CC12.jpeg (相似度: 0.518)
  💙 [John 匹配] B3BBB049-A6CB-455D-8758-5E360AD06964.jpeg (相似度: 0.796)
  💖 [Sophia 匹配] B3BBB049-A6CB-455D-8758-5E360AD06964.jpeg (相似度: 0.463)
  💜 [Sharon 匹配] B3BBB049-A6CB-455D-8758-5E360AD06964.jpeg (相似度: 0.633)
  💖 [Sophia 匹配] 56BFC6A1-D45E-44DE-8F1E-BBB67FEA603D.jpeg (相似度: 0.453)
  💖 [Sophia 匹配] 5ACF20D5-D4BC-4DB9-B095-6F61B4E7E95F.jpeg (相似度: 0.493)
  💜 [Sharon 匹配] 5ACF20D5-D4BC-4DB9-B095-6F61B4E7E95F.jpeg (相似度: 0.527)
  💙 [John 匹配] 5ACF20D5-D4BC-4DB9-B095-6F61B4E7E95F.jpeg (相似度: 0.789)
  💙 [John 匹配] 4E8398BE-99AD-4925-BCE2-4591AF338B53.jpeg (相似度: 0.673)
  💖 [Sophia 匹配] 4987EC21-6E59-4EB4-952D-425825343F1B.jpeg (相似度: 0.401)
  💖 [Sophia 匹配] 3024B12D-1641-4D09-8485-A06668981F5D.jpeg (相似度: 0.564)
  💜 [Sharon 匹配] 3024B12D-1641-4D09-8485-A06668981F5D.jpeg (相似度: 0.669)
  💜 [Sharon 匹配] FDAB77C6-DA2D-4217-8715-35641F525CEE.jpeg (相似度: 0.660)
  💜 [Sharon 匹配] 059B2E3F-E746-453E-A460-DC1924F058D3.jpeg (相似度: 0.619)
  💙 [John 匹配] 059B2E3F-E746-453E-A460-DC1924F058D3.jpeg (相似度: 0.629)
  💜 [Sharon 匹配] 060E1731-7324-40FF-9737-1734F1393B44.jpeg (相似度: 0.624)
  💜 [Sharon 匹配] 58653C89-CD40-48E4-A429-EE9F0687C8FA.jpeg (相似度: 0.588)
  💜 [Sharon 匹配] C2680284-5AC9-44E4-8075-9582D384FB15.jpeg (相似度: 0.649)
  💙 [John 匹配] C2680284-5AC9-44E4-8075-9582D384FB15.jpeg (相似度: 0.768)
  💜 [Sharon 匹配] 3159621E-9508-45A4-AFB1-CC947B98FA34.jpeg (相似度: 0.677)
  💜 [Sharon 匹配] D7DF960A-277E-4A31-8556-E2F02C8CCD4C.jpeg (相似度: 0.588)
  💖 [Sophia 匹配] D7DF960A-277E-4A31-8556-E2F02C8CCD4C.jpeg (相似度: 0.452)
  💙 [John 匹配] 6049812F-B6C8-4C99-869E-F56AFCE01FDB.jpeg (相似度: 0.797)
  💖 [Sophia 匹配] 6049812F-B6C8-4C99-869E-F56AFCE01FDB.jpeg (相似度: 0.497)
  💜 [Sharon 匹配] 6049812F-B6C8-4C99-869E-F56AFCE01FDB.jpeg (相似度: 0.598)
  💙 [John 匹配] CF687F1F-2819-4622-B57E-637258C607C9.jpeg (相似度: 0.804)
  💜 [Sharon 匹配] 1821161F-02A2-45C8-AB20-291DFCF0F29F.jpeg (相似度: 0.609)
  💖 [Sophia 匹配] 1821161F-02A2-45C8-AB20-291DFCF0F29F.jpeg (相似度: 0.491)
  💖 [Sophia 匹配] 6237C1E2-AFDE-48E2-BE1B-3FEFC7D608FC.jpeg (相似度: 0.510)
  💜 [Sharon 匹配] 6237C1E2-AFDE-48E2-BE1B-3FEFC7D608FC.jpeg (相似度: 0.674)
  💜 [Sharon 匹配] B2A906AA-5C8F-48E5-B770-D6B48268F322.jpeg (相似度: 0.547)
  💙 [John 匹配] B2A906AA-5C8F-48E5-B770-D6B48268F322.jpeg (相似度: 0.711)
  💜 [Sharon 匹配] D40BBA00-5B98-47B8-82D3-893CA7F5C352.jpeg (相似度: 0.533)
  💖 [Sophia 匹配] D359FF00-1A5A-4C7F-843B-8BA82906BA4A.jpeg (相似度: 0.554)
  💜 [Sharon 匹配] D359FF00-1A5A-4C7F-843B-8BA82906BA4A.jpeg (相似度: 0.625)
  💙 [John 匹配] D359FF00-1A5A-4C7F-843B-8BA82906BA4A.jpeg (相似度: 0.808)
  💜 [Sharon 匹配] 4B035BA0-1F70-49C6-8960-E66252EFD478.jpeg (相似度: 0.611)
  💜 [Sharon 匹配] 5CB928D4-B284-40CD-84E1-01AF042C5FE3.jpeg (相似度: 0.631)
  💜 [Sharon 匹配] 90E1141B-E431-49CD-9554-5F3FCE40968E.jpeg (相似度: 0.658)
  💖 [Sophia 匹配] 90E1141B-E431-49CD-9554-5F3FCE40968E.jpeg (相似度: 0.549)
  💜 [Sharon 匹配] 0C061C9D-795C-4FAD-9E8F-A5684628B960.jpeg (相似度: 0.666)
  💙 [John 匹配] FE9ED042-278F-4A64-9B69-7C214CFA1445.jpeg (相似度: 0.779)
  💜 [Sharon 匹配] FE9ED042-278F-4A64-9B69-7C214CFA1445.jpeg (相似度: 0.607)
  💖 [Sophia 匹配] FE9ED042-278F-4A64-9B69-7C214CFA1445.jpeg (相似度: 0.482)
  💜 [Sharon 匹配] C92627C5-DEF5-4F2D-8084-DF299F495B7F.jpeg (相似度: 0.625)
  💜 [Sharon 匹配] 6BAAFC39-FBCD-473E-8FB8-B399AA86D949.jpeg (相似度: 0.558)
  💙 [John 匹配] E5E294C7-36E9-42AE-9AD2-A936D54780EA.jpeg (相似度: 0.767)
  💜 [Sharon 匹配] E5E294C7-36E9-42AE-9AD2-A936D54780EA.jpeg (相似度: 0.620)
  💖 [Sophia 匹配] E5E294C7-36E9-42AE-9AD2-A936D54780EA.jpeg (相似度: 0.501)
  💙 [John 匹配] 82412B7D-B6CB-49A5-B1C5-3C199BF1967F.jpeg (相似度: 0.705)
  💙 [John 匹配] 76FEADAB-3E44-4913-ABA4-09B33AB15801.jpeg (相似度: 0.772)
  💖 [Sophia 匹配] 76FEADAB-3E44-4913-ABA4-09B33AB15801.jpeg (相似度: 0.458)
  💜 [Sharon 匹配] 76FEADAB-3E44-4913-ABA4-09B33AB15801.jpeg (相似度: 0.575)
  💜 [Sharon 匹配] 0619CA25-FEE2-41BA-BD77-F0946544F90B.jpeg (相似度: 0.621)
  💖 [Sophia 匹配] 0619CA25-FEE2-41BA-BD77-F0946544F90B.jpeg (相似度: 0.518)
  💜 [Sharon 匹配] 15B3701D-E5A7-4B50-B98F-ABF796F62C9A.jpeg (相似度: 0.648)
  💙 [John 匹配] 15B3701D-E5A7-4B50-B98F-ABF796F62C9A.jpeg (相似度: 0.747)
  💙 [John 匹配] 68C9FCF5-0D2D-4E9B-BB0A-721A2B6286A0.jpeg (相似度: 0.781)
  💖 [Sophia 匹配] 68C9FCF5-0D2D-4E9B-BB0A-721A2B6286A0.jpeg (相似度: 0.500)
  💜 [Sharon 匹配] 68C9FCF5-0D2D-4E9B-BB0A-721A2B6286A0.jpeg (相似度: 0.588)
  💜 [Sharon 匹配] E0C1185B-D9F3-4498-9AB1-C2A9F84DCBAD.jpeg (相似度: 0.581)
  💙 [John 匹配] E0C1185B-D9F3-4498-9AB1-C2A9F84DCBAD.jpeg (相似度: 0.776)
  💖 [Sophia 匹配] E0C1185B-D9F3-4498-9AB1-C2A9F84DCBAD.jpeg (相似度: 0.430)
  💜 [Sharon 匹配] 9499EB74-D13F-4B8A-B620-1B57560326C9.jpeg (相似度: 0.578)
  💖 [Sophia 匹配] 9499EB74-D13F-4B8A-B620-1B57560326C9.jpeg (相似度: 0.472)
  💙 [John 匹配] 2FE75354-3A49-44C2-906A-CD2A1763D701.jpeg (相似度: 0.794)
  💖 [Sophia 匹配] 2FE75354-3A49-44C2-906A-CD2A1763D701.jpeg (相似度: 0.546)
  💜 [Sharon 匹配] 2FE75354-3A49-44C2-906A-CD2A1763D701.jpeg (相似度: 0.673)
  💜 [Sharon 匹配] 951A4509-247A-47CA-914B-102B7121F576.jpeg (相似度: 0.582)
  💖 [Sophia 匹配] 951A4509-247A-47CA-914B-102B7121F576.jpeg (相似度: 0.504)
  💖 [Sophia 匹配] 4FF18453-4F43-4B60-A170-CBD2B4ACC390.jpeg (相似度: 0.494)
  💜 [Sharon 匹配] 4FF18453-4F43-4B60-A170-CBD2B4ACC390.jpeg (相似度: 0.476)
  💜 [Sharon 匹配] 728BF67A-D99F-47DA-8BBD-8B866AF242D7.jpeg (相似度: 0.614)
  💜 [Sharon 匹配] 5C35EE22-7CFA-4040-AD66-2E59C97221D4.jpeg (相似度: 0.584)
  💖 [Sophia 匹配] 5C35EE22-7CFA-4040-AD66-2E59C97221D4.jpeg (相似度: 0.499)
  💜 [Sharon 匹配] 0C61CB63-685E-4C08-8958-F00270B2A24B.jpeg (相似度: 0.538)
  💙 [John 匹配] 90E7D4B9-5975-4FB9-9A77-CD0930ACF800.jpeg (相似度: 0.779)
  💜 [Sharon 匹配] 986CD168-1851-41E5-811A-D2CAA955AD4C_1_201_a.jpeg (相似度: 0.451)
  💜 [Sharon 匹配] 749C6B39-1FD1-4A78-B79F-FF104561F9A8.jpeg (相似度: 0.531)
  💖 [Sophia 匹配] 341B3548-4419-4F68-B92A-26245D9456B2.jpeg (相似度: 0.460)
  💜 [Sharon 匹配] A6EFCA78-5339-4F27-A4FD-84DBCF5B7E68.jpeg (相似度: 0.570)
  💜 [Sharon 匹配] 1B6AC76D-28CF-4E4B-B30A-B6054D84ABEA.jpeg (相似度: 0.451)
  💜 [Sharon 匹配] BC88175E-7CA6-4855-97F0-79C8DC394B20.jpeg (相似度: 0.666)
  💜 [Sharon 匹配] 074AE2CB-4C4C-4035-B78B-8E98053317B4.jpeg (相似度: 0.519)
  💖 [Sophia 匹配] F77883F7-B319-4117-A02E-DB7D64DA26FE.jpeg (相似度: 0.603)
  💜 [Sharon 匹配] 1457823F-A13B-4817-98EC-97174A875CA8.jpeg (相似度: 0.581)
  💖 [Sophia 匹配] F655E0DF-1FAF-4918-8025-0A08BB2F903B.jpeg (相似度: 0.487)
  💜 [Sharon 匹配] E8FFCC74-48C7-46F2-B6D8-836790264217.jpeg (相似度: 0.533)
  💜 [Sharon 匹配] 1C55F7AD-CF31-4107-B0E1-922AB4C1D8F1.jpeg (相似度: 0.420)
  💜 [Sharon 匹配] 68425C96-CC38-4FD2-B54D-7B4C9EAFAA5D.jpeg (相似度: 0.503)
  💜 [Sharon 匹配] 99E4AAC6-1262-4E33-BC16-524159665870_1_201_a.jpeg (相似度: 0.444)
  💜 [Sharon 匹配] 2DDC2795-08D8-4B8F-8567-7617EA196457_1_201_a.jpeg (相似度: 0.455)
  💖 [Sophia 匹配] 5C6186EB-D4B3-4FE6-A46C-1EF1691B55A6.jpeg (相似度: 0.425)
  💙 [John 匹配] 48FF6198-0BC1-4F6D-BC22-EC8BB976D826.jpeg (相似度: 0.738)
  💖 [Sophia 匹配] 05618AE1-F662-4792-95AE-6FF22EA24E59.jpeg (相似度: 0.592)
  💖 [Sophia 匹配] 806AE9D8-1B16-4110-B06A-5217BFC8B756.jpeg (相似度: 0.557)
  💙 [John 匹配] 806AE9D8-1B16-4110-B06A-5217BFC8B756.jpeg (相似度: 0.726)
  💜 [Sharon 匹配] 806AE9D8-1B16-4110-B06A-5217BFC8B756.jpeg (相似度: 0.572)
  💖 [Sophia 匹配] B11B854D-DB09-42F9-828E-CB98C4575A2E.jpeg (相似度: 0.491)
  💜 [Sharon 匹配] B11B854D-DB09-42F9-828E-CB98C4575A2E.jpeg (相似度: 0.636)
  💖 [Sophia 匹配] 596ABA9E-EE20-4DFC-B540-F42E4AC43632_1_201_a.jpeg (相似度: 0.404)
  💖 [Sophia 匹配] 6EF4FCBE-6BE2-4806-B050-0CAA71932B9D.jpeg (相似度: 0.523)
  💜 [Sharon 匹配] 6EF4FCBE-6BE2-4806-B050-0CAA71932B9D.jpeg (相似度: 0.632)
  💜 [Sharon 匹配] E922771C-53F4-4C8D-A06A-8B87EE27FA13.jpeg (相似度: 0.642)
  💖 [Sophia 匹配] E922771C-53F4-4C8D-A06A-8B87EE27FA13.jpeg (相似度: 0.537)
  💖 [Sophia 匹配] E754D98D-1E10-4964-B085-20D5477103CA.jpeg (相似度: 0.524)
  💖 [Sophia 匹配] 81427123-CB63-4EC6-A5C7-28DCCEF4A25D_1_201_a.jpeg (相似度: 0.419)
  💖 [Sophia 匹配] 048B04A6-6D31-4075-A2AC-6031BE27A88A.jpeg (相似度: 0.493)
  💜 [Sharon 匹配] 048B04A6-6D31-4075-A2AC-6031BE27A88A.jpeg (相似度: 0.619)
  💙 [John 匹配] 92A851FA-C581-471A-A0F9-1FB5944386AF.jpeg (相似度: 0.745)
  💖 [Sophia 匹配] 92A851FA-C581-471A-A0F9-1FB5944386AF.jpeg (相似度: 0.569)
  💙 [John 匹配] 27803205-619B-44D4-B25E-0E89123F2CF0.jpeg (相似度: 0.825)
  💜 [Sharon 匹配] 27803205-619B-44D4-B25E-0E89123F2CF0.jpeg (相似度: 0.571)
  💙 [John 匹配] 33139364-F460-4589-BB52-40A8408C6077.jpeg (相似度: 0.720)
  💙 [John 匹配] C58E6441-5230-4F5A-A5AF-CFA51C5E3925.jpeg (相似度: 0.716)
  💙 [John 匹配] 8ED0193A-B750-4969-B9F7-A2E153FA26C5.jpeg (相似度: 0.714)
  💖 [Sophia 匹配] 8ED0193A-B750-4969-B9F7-A2E153FA26C5.jpeg (相似度: 0.526)
  💙 [John 匹配] B419F494-FBE5-4C07-8218-55494C3B17E9.jpeg (相似度: 0.806)
  💜 [Sharon 匹配] B419F494-FBE5-4C07-8218-55494C3B17E9.jpeg (相似度: 0.589)
  💖 [Sophia 匹配] 296B8FFB-3075-458E-A802-CE974B040BD1.jpeg (相似度: 0.498)
  💙 [John 匹配] 296B8FFB-3075-458E-A802-CE974B040BD1.jpeg (相似度: 0.727)
  💙 [John 匹配] BB3697E1-13D5-4BC5-9CB0-7F68CFE0238D.jpeg (相似度: 0.647)
  💙 [John 匹配] 0057EEB6-32C0-44C2-BE40-CFCEF84652AC.jpeg (相似度: 0.631)
  💙 [John 匹配] 8CF1E349-0BEB-47E6-BA15-8450F4D812D2.jpeg (相似度: 0.773)
  💜 [Sharon 匹配] 85704F67-B728-4142-92D7-A8AF7DB66318.jpeg (相似度: 0.537)
  💜 [Sharon 匹配] 0C82ADE6-9273-4333-8F40-9D291BC2BE27.jpeg (相似度: 0.603)
  💖 [Sophia 匹配] 0C82ADE6-9273-4333-8F40-9D291BC2BE27.jpeg (相似度: 0.477)
  💜 [Sharon 匹配] BF4B94AE-0494-4329-A0F8-65E53D9B75D3.jpeg (相似度: 0.585)
  💖 [Sophia 匹配] BF4B94AE-0494-4329-A0F8-65E53D9B75D3.jpeg (相似度: 0.475)
  💜 [Sharon 匹配] 49CEB0AF-2C7F-4E03-B65C-BD89DB9CD7AF.jpeg (相似度: 0.585)
  💖 [Sophia 匹配] 49CEB0AF-2C7F-4E03-B65C-BD89DB9CD7AF.jpeg (相似度: 0.500)
  💜 [Sharon 匹配] 54C12BF8-AB67-4579-94E9-2EE4E4547109.jpeg (相似度: 0.656)
  💙 [John 匹配] 54C12BF8-AB67-4579-94E9-2EE4E4547109.jpeg (相似度: 0.789)
  💜 [Sharon 匹配] EA5B0679-EE2A-4282-946B-0E7D23707DC7.jpeg (相似度: 0.608)
  💙 [John 匹配] EA5B0679-EE2A-4282-946B-0E7D23707DC7.jpeg (相似度: 0.789)
  💜 [Sharon 匹配] F0342F35-1709-4EAF-8716-120030FACA29.jpeg (相似度: 0.649)
  💙 [John 匹配] F0342F35-1709-4EAF-8716-120030FACA29.jpeg (相似度: 0.820)
  💜 [Sharon 匹配] 47D8352A-7D3E-4D0D-9116-97B255E9549A.jpeg (相似度: 0.559)
  💙 [John 匹配] 47D8352A-7D3E-4D0D-9116-97B255E9549A.jpeg (相似度: 0.783)
  💙 [John 匹配] CEED0BA9-DE16-431E-B275-CDCCBA152F3C.jpeg (相似度: 0.689)
  💖 [Sophia 匹配] 9693F67B-5BEE-4537-8256-B2DBE5ABD92C.jpeg (相似度: 0.504)
  💜 [Sharon 匹配] 0FFD55B3-04DD-4DCD-9CAD-4EB8B4157281.jpeg (相似度: 0.649)
  💙 [John 匹配] 0FFD55B3-04DD-4DCD-9CAD-4EB8B4157281.jpeg (相似度: 0.796)
  💜 [Sharon 匹配] 60A6BCD9-649B-48B4-A70B-4E14FEBF4332.jpeg (相似度: 0.578)
  💜 [Sharon 匹配] B06893B1-16FA-49B9-986E-4A30A7F562B2.jpeg (相似度: 0.691)
  💙 [John 匹配] B06893B1-16FA-49B9-986E-4A30A7F562B2.jpeg (相似度: 0.811)
  💖 [Sophia 匹配] B8644ECC-A8BA-4320-983C-3CE1A8CE850E.jpeg (相似度: 0.455)
  💙 [John 匹配] B8644ECC-A8BA-4320-983C-3CE1A8CE850E.jpeg (相似度: 0.689)
  💜 [Sharon 匹配] B8644ECC-A8BA-4320-983C-3CE1A8CE850E.jpeg (相似度: 0.513)
  💖 [Sophia 匹配] 3F19E853-11CA-45B2-876A-BA76686CFA2C.jpeg (相似度: 0.463)
  💖 [Sophia 匹配] A3999B25-66CC-405A-BEE2-31FDA5C4A5A7.jpeg (相似度: 0.470)
  💖 [Sophia 匹配] 6A6C6377-5F3C-414A-BFD5-1416C3F8F0A5.jpeg (相似度: 0.514)
  💖 [Sophia 匹配] 88310459-A558-434D-9756-3A8EA2D840AB.jpeg (相似度: 0.597)
  💖 [Sophia 匹配] DCD3E002-ADD4-4103-94AD-2E83867407EE.jpeg (相似度: 0.501)
  💖 [Sophia 匹配] 2490D32A-AB52-49A7-8604-29FDF43F708A.jpeg (相似度: 0.433)
  💖 [Sophia 匹配] 1E3F1724-D5D8-4421-885F-E87820E5FB08.jpeg (相似度: 0.545)
  💖 [Sophia 匹配] FEABE1DB-2FB2-4B10-8B12-5AEC933F84E8.jpeg (相似度: 0.613)
  💜 [Sharon 匹配] FEABE1DB-2FB2-4B10-8B12-5AEC933F84E8.jpeg (相似度: 0.611)
  💙 [John 匹配] 632E109A-EF58-47E3-BAED-F87F8DE6FE05.jpeg (相似度: 0.725)
  💜 [Sharon 匹配] 632E109A-EF58-47E3-BAED-F87F8DE6FE05.jpeg (相似度: 0.448)
  💖 [Sophia 匹配] 632E109A-EF58-47E3-BAED-F87F8DE6FE05.jpeg (相似度: 0.522)
  💙 [John 匹配] 9CAD056E-CC95-40D4-8C79-480EDA49CC2D.jpeg (相似度: 0.683)
  💜 [Sharon 匹配] 9CAD056E-CC95-40D4-8C79-480EDA49CC2D.jpeg (相似度: 0.510)
  💖 [Sophia 匹配] 9CAD056E-CC95-40D4-8C79-480EDA49CC2D.jpeg (相似度: 0.509)
  💖 [Sophia 匹配] 74BE9520-2F33-4977-9A02-6B46D9CEB700.jpeg (相似度: 0.517)
  💖 [Sophia 匹配] 9C5B5CD0-547C-4701-A970-F993F686F420.jpeg (相似度: 0.492)
  💙 [John 匹配] A6DDBA2E-385F-4AC3-AAA5-AC56783A5071.jpeg (相似度: 0.727)
  💖 [Sophia 匹配] A6DDBA2E-385F-4AC3-AAA5-AC56783A5071.jpeg (相似度: 0.541)
  💜 [Sharon 匹配] A6DDBA2E-385F-4AC3-AAA5-AC56783A5071.jpeg (相似度: 0.517)
  💖 [Sophia 匹配] 702D11FC-CF6D-414D-88CE-3F99588628F4.jpeg (相似度: 0.538)
  💖 [Sophia 匹配] 7ED9086D-3EF3-4DA1-B918-72A00874FCF2.jpeg (相似度: 0.453)
  💜 [Sharon 匹配] A1BD4251-91DE-40A2-A606-4412F56F042E.jpeg (相似度: 0.545)
  💙 [John 匹配] A1BD4251-91DE-40A2-A606-4412F56F042E.jpeg (相似度: 0.734)
  💖 [Sophia 匹配] 8DE89F15-BE20-4D5A-9591-C971077C81CE.jpeg (相似度: 0.545)
  💖 [Sophia 匹配] E7B7A907-76F6-4821-9382-8745C2DDC3CF.jpeg (相似度: 0.499)
  💜 [Sharon 匹配] 6B1F9902-AEBF-44F8-883E-72A66E8E12F3.jpeg (相似度: 0.639)
  💖 [Sophia 匹配] 6B1F9902-AEBF-44F8-883E-72A66E8E12F3.jpeg (相似度: 0.640)
  💙 [John 匹配] 6B1F9902-AEBF-44F8-883E-72A66E8E12F3.jpeg (相似度: 0.795)
  💙 [John 匹配] DBBF1484-2F16-4859-B844-AC4554AC593E.jpeg (相似度: 0.691)
  💜 [Sharon 匹配] DBBF1484-2F16-4859-B844-AC4554AC593E.jpeg (相似度: 0.523)
  💖 [Sophia 匹配] CDF6B59A-2045-4FEA-8A35-DAB2CAE2427F.jpeg (相似度: 0.467)
  💜 [Sharon 匹配] CDF6B59A-2045-4FEA-8A35-DAB2CAE2427F.jpeg (相似度: 0.541)
  💖 [Sophia 匹配] 9CC7596B-2115-49EB-A915-31835C8C653A.jpeg (相似度: 0.502)
  💜 [Sharon 匹配] 9CC7596B-2115-49EB-A915-31835C8C653A.jpeg (相似度: 0.625)
  💖 [Sophia 匹配] AA154035-4091-4998-B4FD-EBAC7BE68C87.jpeg (相似度: 0.467)
  💖 [Sophia 匹配] 9D8EE421-6E3F-4F4F-934B-BF7E7D528B77.jpeg (相似度: 0.548)
  💙 [John 匹配] 9D8EE421-6E3F-4F4F-934B-BF7E7D528B77.jpeg (相似度: 0.759)
  💜 [Sharon 匹配] 6F270409-285D-46B6-B0C0-A4FFA0383B72_1_201_a.jpeg (相似度: 0.567)
  💖 [Sophia 匹配] 6F270409-285D-46B6-B0C0-A4FFA0383B72_1_201_a.jpeg (相似度: 0.451)
  💖 [Sophia 匹配] B79C3862-C521-47D9-872C-FE4194D38FF5.jpeg (相似度: 0.517)
  💖 [Sophia 匹配] 87895665-109E-4496-B27F-D5A0EBBC4FD8.jpeg (相似度: 0.459)
  💜 [Sharon 匹配] 87895665-109E-4496-B27F-D5A0EBBC4FD8.jpeg (相似度: 0.616)
  💙 [John 匹配] 87895665-109E-4496-B27F-D5A0EBBC4FD8.jpeg (相似度: 0.817)
  💙 [John 匹配] FB393C7C-CC63-41D9-BE38-A6912D8FC674_1_201_a.jpeg (相似度: 0.775)
  💜 [Sharon 匹配] FB393C7C-CC63-41D9-BE38-A6912D8FC674_1_201_a.jpeg (相似度: 0.621)
  💖 [Sophia 匹配] 1FD66000-D65B-4947-AAD1-B14239D54735.jpeg (相似度: 0.553)
  💙 [John 匹配] 2B4F0D35-B22F-425B-A8B9-FE3882324C52_1_201_a.jpeg (相似度: 0.650)
  💖 [Sophia 匹配] 2B4F0D35-B22F-425B-A8B9-FE3882324C52_1_201_a.jpeg (相似度: 0.490)
  💜 [Sharon 匹配] 2B4F0D35-B22F-425B-A8B9-FE3882324C52_1_201_a.jpeg (相似度: 0.498)
  💖 [Sophia 匹配] FA71263C-282C-4F73-A449-76AC863EA155.jpeg (相似度: 0.441)
  💜 [Sharon 匹配] FA71263C-282C-4F73-A449-76AC863EA155.jpeg (相似度: 0.635)
  💙 [John 匹配] FA71263C-282C-4F73-A449-76AC863EA155.jpeg (相似度: 0.790)
  💙 [John 匹配] FBD45FB9-8243-44AE-87DE-50E7E5CAA695.jpeg (相似度: 0.774)
  💖 [Sophia 匹配] FBD45FB9-8243-44AE-87DE-50E7E5CAA695.jpeg (相似度: 0.480)
  💜 [Sharon 匹配] FBD45FB9-8243-44AE-87DE-50E7E5CAA695.jpeg (相似度: 0.622)
  💙 [John 匹配] 265771DF-6EB6-455D-B64F-E5E27C58BB30_1_201_a.jpeg (相似度: 0.769)
  💜 [Sharon 匹配] 265771DF-6EB6-455D-B64F-E5E27C58BB30_1_201_a.jpeg (相似度: 0.655)
  💖 [Sophia 匹配] 9964969A-A354-4A0D-85C1-43990BD400C5.jpeg (相似度: 0.564)
  💖 [Sophia 匹配] A7BECFD8-B578-4F86-8AEE-A32E557EC819.jpeg (相似度: 0.540)
  💙 [John 匹配] 6D2244C3-0F39-41D2-9DFB-9855F211B7CB.jpeg (相似度: 0.738)
  💖 [Sophia 匹配] 6D2244C3-0F39-41D2-9DFB-9855F211B7CB.jpeg (相似度: 0.495)
  💜 [Sharon 匹配] 6D2244C3-0F39-41D2-9DFB-9855F211B7CB.jpeg (相似度: 0.548)
  💖 [Sophia 匹配] E6EBAC0F-18EE-4782-866E-C13CF8B2BB72.jpeg (相似度: 0.505)
  💖 [Sophia 匹配] 61233F62-D3AB-4E80-BB27-0294C3CD7BF6.jpeg (相似度: 0.540)
  💖 [Sophia 匹配] 167531A4-BC68-445B-B53A-B8D84AFBFEB5.jpeg (相似度: 0.517)
  💜 [Sharon 匹配] 167531A4-BC68-445B-B53A-B8D84AFBFEB5.jpeg (相似度: 0.463)
  💖 [Sophia 匹配] A00D441D-FDF0-4109-A18E-B335F879504B.jpeg (相似度: 0.448)
  💙 [John 匹配] A00D441D-FDF0-4109-A18E-B335F879504B.jpeg (相似度: 0.672)
  💜 [Sharon 匹配] A00D441D-FDF0-4109-A18E-B335F879504B.jpeg (相似度: 0.504)
  💖 [Sophia 匹配] 6E96E1CA-0B80-4AC3-A106-57B6580B9249.jpeg (相似度: 0.411)
  💖 [Sophia 匹配] C356FFFA-346C-46BE-9693-3CADD9B283AB.jpeg (相似度: 0.593)
  💖 [Sophia 匹配] F385748D-DCD2-4C33-ADD8-5593E0B589C4.jpeg (相似度: 0.454)
  💖 [Sophia 匹配] 6A087F0E-0F09-4968-AC92-CAEBDFCE8CEE.jpeg (相似度: 0.427)
  💙 [John 匹配] 6A087F0E-0F09-4968-AC92-CAEBDFCE8CEE.jpeg (相似度: 0.778)
  💜 [Sharon 匹配] 6A087F0E-0F09-4968-AC92-CAEBDFCE8CEE.jpeg (相似度: 0.650)
  💖 [Sophia 匹配] C3B5AC39-CFD2-4D7E-A7D3-3F141D5C27CD.jpeg (相似度: 0.416)
  💜 [Sharon 匹配] C3B5AC39-CFD2-4D7E-A7D3-3F141D5C27CD.jpeg (相似度: 0.523)
  💖 [Sophia 匹配] 8E0C92A8-A1AD-45CE-807D-D090BACDC5A2.jpeg (相似度: 0.495)
  💙 [John 匹配] 8E0C92A8-A1AD-45CE-807D-D090BACDC5A2.jpeg (相似度: 0.644)
  💖 [Sophia 匹配] 806BC1DD-8316-4478-9BAB-C8A1FEE39D9A.jpeg (相似度: 0.568)
  💖 [Sophia 匹配] C77DEF79-938E-466A-9413-146BB14216C9.jpeg (相似度: 0.545)
  💙 [John 匹配] 03E8EE1D-3FA3-4FB4-AF62-046B423430A6.jpeg (相似度: 0.772)
  💖 [Sophia 匹配] 03E8EE1D-3FA3-4FB4-AF62-046B423430A6.jpeg (相似度: 0.428)
  💜 [Sharon 匹配] 03E8EE1D-3FA3-4FB4-AF62-046B423430A6.jpeg (相似度: 0.611)
  💖 [Sophia 匹配] 7C7FBF48-9689-497A-8111-C300A08B362D.jpeg (相似度: 0.544)
  💜 [Sharon 匹配] 7C7FBF48-9689-497A-8111-C300A08B362D.jpeg (相似度: 0.639)
  💖 [Sophia 匹配] A537164B-5DE1-427F-94BC-84DFC4D4396E_1_201_a.jpeg (相似度: 0.542)
  💜 [Sharon 匹配] A537164B-5DE1-427F-94BC-84DFC4D4396E_1_201_a.jpeg (相似度: 0.617)
  💖 [Sophia 匹配] B2A42012-E254-4BF4-9507-33CBD5FEB8BF.jpeg (相似度: 0.508)
  💜 [Sharon 匹配] B2A42012-E254-4BF4-9507-33CBD5FEB8BF.jpeg (相似度: 0.497)
  💙 [John 匹配] 5C3C070A-2DE5-4617-A07B-74C9BA65F70E.jpeg (相似度: 0.704)
  💜 [Sharon 匹配] 5C3C070A-2DE5-4617-A07B-74C9BA65F70E.jpeg (相似度: 0.582)
  💖 [Sophia 匹配] 5C3C070A-2DE5-4617-A07B-74C9BA65F70E.jpeg (相似度: 0.516)
  💙 [John 匹配] B633ACBF-4C6E-4400-AD95-AAE045C60894.jpeg (相似度: 0.667)
  💜 [Sharon 匹配] B633ACBF-4C6E-4400-AD95-AAE045C60894.jpeg (相似度: 0.592)
  💖 [Sophia 匹配] 18A8D385-1E6F-4485-B9C7-824C0D8086A5.jpeg (相似度: 0.583)
  💖 [Sophia 匹配] CDFCC8D9-A439-4900-852F-6B953BC318DB.jpeg (相似度: 0.485)
  💜 [Sharon 匹配] CDFCC8D9-A439-4900-852F-6B953BC318DB.jpeg (相似度: 0.513)
  💙 [John 匹配] C526A6F1-4F69-4E00-B66E-A7A9466F1A32.jpeg (相似度: 0.776)
  💖 [Sophia 匹配] C526A6F1-4F69-4E00-B66E-A7A9466F1A32.jpeg (相似度: 0.508)
  💜 [Sharon 匹配] C526A6F1-4F69-4E00-B66E-A7A9466F1A32.jpeg (相似度: 0.614)
  💖 [Sophia 匹配] 4524AFEA-6762-46C9-BE70-DFE81BE4EF89.jpeg (相似度: 0.504)
  💖 [Sophia 匹配] 0A894D17-0A10-4DDD-A774-F1DC2F658FB6.jpeg (相似度: 0.503)
  💙 [John 匹配] 0A894D17-0A10-4DDD-A774-F1DC2F658FB6.jpeg (相似度: 0.703)
  💖 [Sophia 匹配] 0D1C929E-E132-4B37-BC41-9A92F116D29B.jpeg (相似度: 0.508)
  💖 [Sophia 匹配] F6005524-6E7F-406B-8148-C67B13D2C3DE.jpeg (相似度: 0.568)
  💖 [Sophia 匹配] A5383F93-2019-4917-AD58-36EFCFEE6F3D.jpeg (相似度: 0.513)
  💜 [Sharon 匹配] A5383F93-2019-4917-AD58-36EFCFEE6F3D.jpeg (相似度: 0.645)
  💙 [John 匹配] FA11E3B6-E0CC-4C70-BB22-527A2E3A01AF.jpeg (相似度: 0.748)
  💜 [Sharon 匹配] FA11E3B6-E0CC-4C70-BB22-527A2E3A01AF.jpeg (相似度: 0.582)
  💖 [Sophia 匹配] A23F724C-4480-49B4-A6C5-68596FAE904A.jpeg (相似度: 0.483)
  💜 [Sharon 匹配] E2636A07-3F55-41B4-94E2-CEDB00980F88.jpeg (相似度: 0.594)
  💖 [Sophia 匹配] E2636A07-3F55-41B4-94E2-CEDB00980F88.jpeg (相似度: 0.575)
  💖 [Sophia 匹配] 71ECFC09-01F5-4C39-B680-568A251BEE2B.jpeg (相似度: 0.524)
  💖 [Sophia 匹配] E12C5D3C-45D9-4296-B642-6417A240D9DE.jpeg (相似度: 0.585)
  💙 [John 匹配] 00D36AE9-B28D-42BE-8073-F1EB8B4D8BDE.jpeg (相似度: 0.649)
  💖 [Sophia 匹配] 2A82913A-4B25-4EBA-A51A-CF3EF9F5C4DB.jpeg (相似度: 0.524)
  💙 [John 匹配] CC010CA4-EB43-4D53-A021-671C1045D4EF.jpeg (相似度: 0.730)
  💖 [Sophia 匹配] 4B433CDA-FACC-4F6D-AC92-27F737D33EEF.jpeg (相似度: 0.484)
  💙 [John 匹配] 8B5D892E-F9F8-488D-AB7A-870BB68CD04B.jpeg (相似度: 0.648)
  💙 [John 匹配] 0F109D5C-5D2C-4B29-AB30-405E5825E62A.jpeg (相似度: 0.699)
  💖 [Sophia 匹配] 7087840C-F704-445B-B8DA-EE5FE72850D1.jpeg (相似度: 0.488)
  💙 [John 匹配] CE34B7E2-678E-4940-BDE2-A22872E5C0CA.jpeg (相似度: 0.584)
  💙 [John 匹配] FA13EA80-80B3-430D-A23E-498D397E036E.jpeg (相似度: 0.758)
  💖 [Sophia 匹配] FA13EA80-80B3-430D-A23E-498D397E036E.jpeg (相似度: 0.560)
  💙 [John 匹配] CA3A60BC-E315-4087-853B-47BE0765B6EF.jpeg (相似度: 0.760)
  💖 [Sophia 匹配] CA3A60BC-E315-4087-853B-47BE0765B6EF.jpeg (相似度: 0.518)
  💖 [Sophia 匹配] C7791B2F-52AF-4FA5-B45A-2FB623CC0DAB.jpeg (相似度: 0.549)
  💙 [John 匹配] C7791B2F-52AF-4FA5-B45A-2FB623CC0DAB.jpeg (相似度: 0.709)
  💜 [Sharon 匹配] C7791B2F-52AF-4FA5-B45A-2FB623CC0DAB.jpeg (相似度: 0.598)
  💖 [Sophia 匹配] 4EDA847C-54A7-47A2-BDFC-DB5B59DBD78E.jpeg (相似度: 0.496)
  💜 [Sharon 匹配] 4EDA847C-54A7-47A2-BDFC-DB5B59DBD78E.jpeg (相似度: 0.672)
  💙 [John 匹配] 4EDA847C-54A7-47A2-BDFC-DB5B59DBD78E.jpeg (相似度: 0.742)
  💖 [Sophia 匹配] D706AAE5-28EB-4EB8-9AD3-550CB3BE0846.jpeg (相似度: 0.532)
  💜 [Sharon 匹配] D706AAE5-28EB-4EB8-9AD3-550CB3BE0846.jpeg (相似度: 0.694)
  💙 [John 匹配] D706AAE5-28EB-4EB8-9AD3-550CB3BE0846.jpeg (相似度: 0.750)
  💜 [Sharon 匹配] 505C6C4A-681A-478C-B58F-4ECFBD2E9248.jpeg (相似度: 0.644)
  💙 [John 匹配] 505C6C4A-681A-478C-B58F-4ECFBD2E9248.jpeg (相似度: 0.703)
  💖 [Sophia 匹配] 505C6C4A-681A-478C-B58F-4ECFBD2E9248.jpeg (相似度: 0.537)
  💙 [John 匹配] 1D3277D2-B7E2-44C7-BFA0-B2B005286007.jpeg (相似度: 0.571)
  💙 [John 匹配] 15B0D08F-1456-47D0-A084-9F1E6394D43D.jpeg (相似度: 0.674)
  💜 [Sharon 匹配] 954B5BB9-97DD-4675-8A6D-645B7E232A32.jpeg (相似度: 0.600)
  💙 [John 匹配] 7D09F73C-8109-403A-A77C-7AB5FB6E2C5D.jpeg (相似度: 0.507)
  💙 [John 匹配] 9B6CE7D1-B9DD-499D-845B-E478728A9935.jpeg (相似度: 0.537)
  💙 [John 匹配] A3326D2C-FC3D-4345-84A2-B3C0F2494320.jpeg (相似度: 0.517)
  💙 [John 匹配] 438F1146-0EBF-48A3-9454-46CBA522525E.jpeg (相似度: 0.500)
  💙 [John 匹配] 1CDBB5E8-150B-4C10-AD09-D4B3898DD192.jpeg (相似度: 0.652)
  💜 [Sharon 匹配] 541BDF92-089C-451C-A376-49D290E40A7B.jpeg (相似度: 0.617)
  💙 [John 匹配] 541BDF92-089C-451C-A376-49D290E40A7B.jpeg (相似度: 0.661)
  💙 [John 匹配] 4F3F4E8A-A496-4D93-BEC6-1DA52D533E6A_1_201_a.jpeg (相似度: 0.674)
  💜 [Sharon 匹配] F04892F0-E2FC-43A9-8B68-F2F932AED693.jpeg (相似度: 0.628)
  💜 [Sharon 匹配] 018E4323-2500-412F-9BAA-3F40CA5ABFDF.jpeg (相似度: 0.682)
  💜 [Sharon 匹配] E5284BDC-53EB-438E-BE92-46A5F0DCF587.jpeg (相似度: 0.670)
  💜 [Sharon 匹配] 10946A62-2C9F-4F5F-8DD8-A2710C21DECF.jpeg (相似度: 0.638)
  💜 [Sharon 匹配] 649F4CD8-2366-48CB-9B99-FF5D2A99D8B7.jpeg (相似度: 0.680)
  💜 [Sharon 匹配] AF6C3786-700E-4B32-AFC3-324EE3377D04.jpeg (相似度: 0.746)
  💙 [John 匹配] FBA111BA-C4F2-4ACC-94EC-2C342D0557A9.jpeg (相似度: 0.803)
  💙 [John 匹配] 3853552F-9190-4712-909D-55065D2243CB.jpeg (相似度: 0.786)
  💙 [John 匹配] A5469372-2B75-43F1-BBA8-8D8C90213079.jpeg (相似度: 0.791)
  💙 [John 匹配] 60BA1C01-7309-4C41-BEB7-3DB4E9028A16.jpeg (相似度: 0.777)
  💙 [John 匹配] D35C7E08-D53D-4050-84A8-AEDC5A915B08.jpeg (相似度: 0.775)
  💙 [John 匹配] F5BB70D9-9118-490C-AF2C-949C75E03469.jpeg (相似度: 0.812)
  💙 [John 匹配] F63780F0-90DB-4367-AFCE-80DB5490F187.jpeg (相似度: 0.796)
  💙 [John 匹配] 9603721F-C807-4853-BB65-DDECE2F03841.jpeg (相似度: 0.796)
  💙 [John 匹配] A378DC13-63A7-46C1-B1DF-563894619988.jpeg (相似度: 0.792)
  💙 [John 匹配] 262E3428-612B-41AC-9AD1-BA6C7E10D00D.jpeg (相似度: 0.802)
  💙 [John 匹配] 5DF60CE3-873E-4536-A3AE-DD50D29EE30B.jpeg (相似度: 0.805)
  💙 [John 匹配] 12F5EBF9-2849-4918-9E77-8C549E5D7DA4.jpeg (相似度: 0.797)
  💙 [John 匹配] 864F0C5B-1FB8-445D-B549-74A61DC7B49F.jpeg (相似度: 0.804)
  💙 [John 匹配] AD354012-839A-4048-9D74-612CAF99103C.jpeg (相似度: 0.815)
  💙 [John 匹配] 311D8EFD-1B7A-4DBC-8871-A619D0DE2A55.jpeg (相似度: 0.761)
  💙 [John 匹配] 4655EEE2-4AF6-4961-9464-9AAABC18B46C.jpeg (相似度: 0.808)
  💙 [John 匹配] 1924E344-5B72-4B85-8EDA-867841C9974F.jpeg (相似度: 0.802)
  💙 [John 匹配] B0F2973B-9BB7-48A3-80D4-4403415AD8C1.jpeg (相似度: 0.807)
  💙 [John 匹配] 356E1314-C6AA-4AA3-99BC-7341464C58F7.jpeg (相似度: 0.799)
  💙 [John 匹配] 160B4D70-1CEE-40F3-8A2A-FFBF289C58F4.jpeg (相似度: 0.813)
  💙 [John 匹配] 19954787-2FE2-43B4-8C9A-E2FF277E04C0.jpeg (相似度: 0.780)
  💙 [John 匹配] 9523A9A3-6D58-4EC1-8BBD-444C754050AD.jpeg (相似度: 0.791)
  💙 [John 匹配] E07C5AC3-E4ED-43C5-A808-DD7E779359A8.jpeg (相似度: 0.813)
  💙 [John 匹配] F92B6718-EB6A-42BB-8E7A-86352728B127.jpeg (相似度: 0.817)
  💙 [John 匹配] 2A127987-7405-4E2F-BFB8-D3A34D5D115E.jpeg (相似度: 0.786)
  💙 [John 匹配] A4BB32A3-7722-4014-8DB0-C8149784A428.jpeg (相似度: 0.767)
  💙 [John 匹配] FD864357-D169-4DA6-A1D1-C7B71BF0854D.jpeg (相似度: 0.782)
  💙 [John 匹配] E3927D27-D5EE-4CAF-92D1-8D1399CEBC75.jpeg (相似度: 0.760)
  💜 [Sharon 匹配] 11FBEABA-B1E6-4D0E-A6B9-0577A81FD0D4.jpeg (相似度: 0.599)
  💖 [Sophia 匹配] 11FBEABA-B1E6-4D0E-A6B9-0577A81FD0D4.jpeg (相似度: 0.441)
  💙 [John 匹配] 1C3214B7-AC4D-4F39-AB5E-AEA41E460808.jpeg (相似度: 0.743)
  💖 [Sophia 匹配] 1C3214B7-AC4D-4F39-AB5E-AEA41E460808.jpeg (相似度: 0.534)
  💜 [Sharon 匹配] C22AE996-5FED-42B6-856A-B4ECF45EE748.jpeg (相似度: 0.579)
  💖 [Sophia 匹配] C22AE996-5FED-42B6-856A-B4ECF45EE748.jpeg (相似度: 0.495)
  💜 [Sharon 匹配] 95C3A708-0FEC-4990-9F35-C0F939AFBF46.jpeg (相似度: 0.589)
  💖 [Sophia 匹配] A6DCE7A0-BC85-4D00-A5E5-28A781C930F1.jpeg (相似度: 0.436)
  💜 [Sharon 匹配] A6DCE7A0-BC85-4D00-A5E5-28A781C930F1.jpeg (相似度: 0.658)
  💙 [John 匹配] 7995AF95-4E52-4E94-A91A-4BD88749A235.jpeg (相似度: 0.749)
  💙 [John 匹配] 963A5220-2DBE-4B46-BC50-3644275D4716.jpeg (相似度: 0.678)
  💜 [Sharon 匹配] 2584B234-0BE6-4B9B-A79B-218771B4CCB8.jpeg (相似度: 0.706)
  💙 [John 匹配] 2584B234-0BE6-4B9B-A79B-218771B4CCB8.jpeg (相似度: 0.824)
  💙 [John 匹配] A5F653B0-4942-455D-BB92-1DD2AF7ABB0C.jpeg (相似度: 0.711)
  💜 [Sharon 匹配] 06CF8206-2281-4E2E-BC4E-99952784DE39.jpeg (相似度: 0.612)
  💙 [John 匹配] 06CF8206-2281-4E2E-BC4E-99952784DE39.jpeg (相似度: 0.730)
  💖 [Sophia 匹配] 5D3FA37A-E86E-4018-A610-72B8C8AA2DD4.jpeg (相似度: 0.516)
  💖 [Sophia 匹配] 61B214C1-F2FB-48D6-8E96-515735FF31D8.jpeg (相似度: 0.519)
  💜 [Sharon 匹配] CCFD8D66-5C12-4127-9310-68BD0A30D7A6.jpeg (相似度: 0.611)
  💖 [Sophia 匹配] FAD2B850-13E6-42D7-9130-2386E1E2E928.jpeg (相似度: 0.534)
  💖 [Sophia 匹配] 7832FB5C-7F9C-470F-8E68-2EEF6308BF74.jpeg (相似度: 0.556)
  💖 [Sophia 匹配] 99F7B97D-DB70-4CC5-B8CD-C3DD2A560CB7.jpeg (相似度: 0.460)
  💖 [Sophia 匹配] 853CBA80-58EA-497E-A9F8-C69C64E79CE9.jpeg (相似度: 0.494)
  💖 [Sophia 匹配] ECF647A0-60C1-4B09-9C20-10B04FA3BA77.jpeg (相似度: 0.440)
  💙 [John 匹配] 07DB6C6D-E53D-4BD2-9B7F-6F7A40BACC84.jpeg (相似度: 0.616)
  💜 [Sharon 匹配] 07DB6C6D-E53D-4BD2-9B7F-6F7A40BACC84.jpeg (相似度: 0.559)
  💖 [Sophia 匹配] 835B147E-8B2C-4AF3-A0A2-2E2CC1BB5B40.jpeg (相似度: 0.513)
  💖 [Sophia 匹配] 9C71E8E7-2BF0-41ED-89D0-2BEB1AEEE519.jpeg (相似度: 0.536)
  💙 [John 匹配] F705AE30-9A2A-4E66-97C0-795FC253FBDF.jpeg (相似度: 0.810)
  💖 [Sophia 匹配] F705AE30-9A2A-4E66-97C0-795FC253FBDF.jpeg (相似度: 0.548)
  💙 [John 匹配] 8789768D-0278-4B5C-85D9-A28E2B7C79CF.jpeg (相似度: 0.769)
  💜 [Sharon 匹配] 8789768D-0278-4B5C-85D9-A28E2B7C79CF.jpeg (相似度: 0.737)
  💖 [Sophia 匹配] 8789768D-0278-4B5C-85D9-A28E2B7C79CF.jpeg (相似度: 0.640)
  💖 [Sophia 匹配] BD644F7F-3B7A-450E-AED0-46C4BBEC6C87.jpeg (相似度: 0.635)
  💜 [Sharon 匹配] BD644F7F-3B7A-450E-AED0-46C4BBEC6C87.jpeg (相似度: 0.736)
  💙 [John 匹配] 3EF617E3-76B3-483F-932E-86E5BE6A35B1.jpeg (相似度: 0.739)
  💜 [Sharon 匹配] 3EF617E3-76B3-483F-932E-86E5BE6A35B1.jpeg (相似度: 0.680)
  💙 [John 匹配] E65E8A91-D463-4B84-824E-0B226DFEFA0A.jpeg (相似度: 0.723)
  💜 [Sharon 匹配] E65E8A91-D463-4B84-824E-0B226DFEFA0A.jpeg (相似度: 0.582)
  💜 [Sharon 匹配] 3F09A5E1-C40F-44A6-9DF0-040A568531E9.jpeg (相似度: 0.672)
  💙 [John 匹配] 6DFD4500-A18B-4B4F-B49B-BBA53E7015C4.jpeg (相似度: 0.798)
  💖 [Sophia 匹配] 6DFD4500-A18B-4B4F-B49B-BBA53E7015C4.jpeg (相似度: 0.658)
  💜 [Sharon 匹配] 6DFD4500-A18B-4B4F-B49B-BBA53E7015C4.jpeg (相似度: 0.716)
  💙 [John 匹配] 43F8A53B-83D0-4730-A77C-FFEDD1DA414B.jpeg (相似度: 0.682)
  💜 [Sharon 匹配] 43F8A53B-83D0-4730-A77C-FFEDD1DA414B.jpeg (相似度: 0.523)
  💜 [Sharon 匹配] 4D402F92-DE95-4294-B097-9A508D515D67.jpeg (相似度: 0.533)
  💜 [Sharon 匹配] 8F652B62-68FB-4627-A0D7-9AD278F9E423.jpeg (相似度: 0.606)
  💜 [Sharon 匹配] 82F52049-1E13-485A-A246-FA879BFCD9B1.jpeg (相似度: 0.433)
  💖 [Sophia 匹配] 86934B0F-317C-4C78-8E37-FA622F456C4C.jpeg (相似度: 0.621)
  💙 [John 匹配] 86934B0F-317C-4C78-8E37-FA622F456C4C.jpeg (相似度: 0.792)
  💜 [Sharon 匹配] 86934B0F-317C-4C78-8E37-FA622F456C4C.jpeg (相似度: 0.714)
  💜 [Sharon 匹配] 670D9535-7CBD-4F27-BE85-51DCD45386B9.jpeg (相似度: 0.629)
  💖 [Sophia 匹配] 26FF3FBF-7FBF-4F78-BA34-465A743CB175.jpeg (相似度: 0.479)
  💜 [Sharon 匹配] 26FF3FBF-7FBF-4F78-BA34-465A743CB175.jpeg (相似度: 0.665)
  💙 [John 匹配] 4D17F09A-226F-4DF8-8113-031D2BAFF4DB.jpeg (相似度: 0.799)
  💖 [Sophia 匹配] 4D17F09A-226F-4DF8-8113-031D2BAFF4DB.jpeg (相似度: 0.584)
  💜 [Sharon 匹配] 4D17F09A-226F-4DF8-8113-031D2BAFF4DB.jpeg (相似度: 0.644)
  💜 [Sharon 匹配] C7231791-184B-4FA8-BEAD-E19277F63EB9.jpeg (相似度: 0.735)
  💙 [John 匹配] 65DEA84E-22DF-4D00-A404-CE37573A0E64.jpeg (相似度: 0.772)
  💙 [John 匹配] 76D8B1EB-F736-415D-8B20-72BBE1DDADC2.jpeg (相似度: 0.795)
  💖 [Sophia 匹配] 76D8B1EB-F736-415D-8B20-72BBE1DDADC2.jpeg (相似度: 0.619)
  💜 [Sharon 匹配] 76D8B1EB-F736-415D-8B20-72BBE1DDADC2.jpeg (相似度: 0.693)
  💜 [Sharon 匹配] 2BBD82D5-A080-4CA5-880E-B28044E7925D.jpeg (相似度: 0.656)
  💜 [Sharon 匹配] 1640E50B-3038-43B2-A552-CCD127A9CBA2.jpeg (相似度: 0.645)
  💜 [Sharon 匹配] FFFDEF46-C7CD-49C9-A7F9-E30B27F8E743.jpeg (相似度: 0.669)
  💖 [Sophia 匹配] E4BF0C11-6F79-4AB2-80D3-BA608270EAB1.jpeg (相似度: 0.632)
  💜 [Sharon 匹配] E4BF0C11-6F79-4AB2-80D3-BA608270EAB1.jpeg (相似度: 0.734)
  💙 [John 匹配] C1545862-97D1-4116-97CC-8E8C9A2110E3.jpeg (相似度: 0.740)
  💜 [Sharon 匹配] 20E0CB6A-3162-4C26-8E8B-DA8906B52498.jpeg (相似度: 0.606)
  💙 [John 匹配] 25CCEB46-F1B5-44A3-B6F7-9C66683322E0.jpeg (相似度: 0.793)
  💖 [Sophia 匹配] 25CCEB46-F1B5-44A3-B6F7-9C66683322E0.jpeg (相似度: 0.597)
  💜 [Sharon 匹配] 25CCEB46-F1B5-44A3-B6F7-9C66683322E0.jpeg (相似度: 0.661)
  💜 [Sharon 匹配] C8B717E1-5A52-4587-8429-D29F1D119B48.jpeg (相似度: 0.581)
  💜 [Sharon 匹配] 2D43E6BB-193E-4A55-93CA-D03EA30BAB6C.jpeg (相似度: 0.616)
  💜 [Sharon 匹配] 696C3EA1-052B-466B-84B9-636AC8DAFE3E.jpeg (相似度: 0.632)
  💙 [John 匹配] 541F9492-7080-4EEE-BFD3-8BC4A3BD4944_1_201_a.jpeg (相似度: 0.690)
  💜 [Sharon 匹配] 43971EBC-2421-4FF6-BE13-BBC05F3F5B6D.jpeg (相似度: 0.657)
  💜 [Sharon 匹配] 3A73E32E-B3A1-4462-8A2F-F2897756CB21.jpeg (相似度: 0.665)
  💜 [Sharon 匹配] 947F2E66-02AD-4E51-8E45-D453B56010A5.jpeg (相似度: 0.621)
  💖 [Sophia 匹配] 6FC2650C-9F7E-4027-AA3D-DD332C84CEA9.jpeg (相似度: 0.617)
  💜 [Sharon 匹配] 6FC2650C-9F7E-4027-AA3D-DD332C84CEA9.jpeg (相似度: 0.746)
  💙 [John 匹配] 718046FD-E65A-4515-91AD-3EF055C6A937.jpeg (相似度: 0.669)
  💜 [Sharon 匹配] 718046FD-E65A-4515-91AD-3EF055C6A937.jpeg (相似度: 0.541)
  💖 [Sophia 匹配] C5A9BD21-4AB7-4A3C-B0A0-9EFBA178DD14.jpeg (相似度: 0.626)
  💜 [Sharon 匹配] C5A9BD21-4AB7-4A3C-B0A0-9EFBA178DD14.jpeg (相似度: 0.733)
  💜 [Sharon 匹配] D311D7AF-7842-4EF6-BDAC-3AB2FEE26CC8.jpeg (相似度: 0.665)
  💜 [Sharon 匹配] 19785782-1CF3-4B2C-9C0C-8209AE4F6F96.jpeg (相似度: 0.578)
  💜 [Sharon 匹配] 6E27F397-3951-4534-89E7-3D0D97F8EA04.jpeg (相似度: 0.617)
  💜 [Sharon 匹配] ED6F2B82-A30E-4897-9C6D-B52E044A291C.jpeg (相似度: 0.659)
  💜 [Sharon 匹配] 99CEE83E-FB88-4E03-BE86-E583111C9F2E.jpeg (相似度: 0.464)
  💙 [John 匹配] 33EF1E01-EF5D-4EAA-99B3-26AC2B5FB632.jpeg (相似度: 0.649)
  💜 [Sharon 匹配] 33EF1E01-EF5D-4EAA-99B3-26AC2B5FB632.jpeg (相似度: 0.486)
  💙 [John 匹配] 590D2E03-3839-440E-9960-61002C24BB91.jpeg (相似度: 0.573)
  💙 [John 匹配] 1A900AB5-8E03-4021-9001-4CF3FB879044.jpeg (相似度: 0.796)
  💜 [Sharon 匹配] 1A900AB5-8E03-4021-9001-4CF3FB879044.jpeg (相似度: 0.634)
  💖 [Sophia 匹配] 1A900AB5-8E03-4021-9001-4CF3FB879044.jpeg (相似度: 0.580)
  💜 [Sharon 匹配] 89C85C85-4744-4F10-B5F5-6F438D026234.jpeg (相似度: 0.497)
  💙 [John 匹配] 89C85C85-4744-4F10-B5F5-6F438D026234.jpeg (相似度: 0.676)
  💙 [John 匹配] 275AF46E-F1BA-4BBF-8013-3E7ADCE76A5B.jpeg (相似度: 0.703)
  💜 [Sharon 匹配] 275AF46E-F1BA-4BBF-8013-3E7ADCE76A5B.jpeg (相似度: 0.586)
  💙 [John 匹配] EF5CF0BC-44AF-4B8A-9279-8E6706BA30D7.jpeg (相似度: 0.674)
  💜 [Sharon 匹配] EF5CF0BC-44AF-4B8A-9279-8E6706BA30D7.jpeg (相似度: 0.513)
  💙 [John 匹配] DD63CDD3-DA10-4FB3-82DB-26DCEE1010E4.jpeg (相似度: 0.785)
  💖 [Sophia 匹配] DD63CDD3-DA10-4FB3-82DB-26DCEE1010E4.jpeg (相似度: 0.626)
  💜 [Sharon 匹配] DD63CDD3-DA10-4FB3-82DB-26DCEE1010E4.jpeg (相似度: 0.739)
⏳ 已深度辨識 5500 / 8413 張相片 (1631.4 秒)...
  💜 [Sharon 匹配] 7E446EA8-1B90-4377-80A9-849007EC03A9.jpeg (相似度: 0.427)
  💖 [Sophia 匹配] 83AA10B9-4A77-4931-BC4C-99717D208452.jpeg (相似度: 0.586)
  💜 [Sharon 匹配] 83AA10B9-4A77-4931-BC4C-99717D208452.jpeg (相似度: 0.715)
  💜 [Sharon 匹配] 8C0EC61C-2095-407F-8033-26FEB7BE241B_1_201_a.jpeg (相似度: 0.644)
  💖 [Sophia 匹配] 8C0EC61C-2095-407F-8033-26FEB7BE241B_1_201_a.jpeg (相似度: 0.539)
  💙 [John 匹配] 8C0EC61C-2095-407F-8033-26FEB7BE241B_1_201_a.jpeg (相似度: 0.729)
  💙 [John 匹配] 01ADCDD6-C4C1-4BB2-8DEC-7EE7D5509398_1_201_a.jpeg (相似度: 0.713)
  💖 [Sophia 匹配] 01ADCDD6-C4C1-4BB2-8DEC-7EE7D5509398_1_201_a.jpeg (相似度: 0.632)
  💜 [Sharon 匹配] 01ADCDD6-C4C1-4BB2-8DEC-7EE7D5509398_1_201_a.jpeg (相似度: 0.647)
  💖 [Sophia 匹配] C149BA2D-E3DC-4566-9D13-8B4259339D81.jpeg (相似度: 0.519)
  💖 [Sophia 匹配] C083CC9C-B8DF-4F80-81C2-6CE2D3FB18DA_1_201_a.jpeg (相似度: 0.609)
  💜 [Sharon 匹配] C083CC9C-B8DF-4F80-81C2-6CE2D3FB18DA_1_201_a.jpeg (相似度: 0.680)
  💖 [Sophia 匹配] E948EAFC-9B64-4AFC-A52A-C6F8BBDEE05B_1_201_a.jpeg (相似度: 0.604)
  💜 [Sharon 匹配] E948EAFC-9B64-4AFC-A52A-C6F8BBDEE05B_1_201_a.jpeg (相似度: 0.672)
  💖 [Sophia 匹配] 988B30E7-D673-48AB-9F6D-B99933060E23.jpeg (相似度: 0.599)
  💜 [Sharon 匹配] 988B30E7-D673-48AB-9F6D-B99933060E23.jpeg (相似度: 0.710)
  💙 [John 匹配] 8A5A429C-220E-4446-B71F-8FEB586A7291.jpeg (相似度: 0.722)
  💖 [Sophia 匹配] 8A5A429C-220E-4446-B71F-8FEB586A7291.jpeg (相似度: 0.589)
  💜 [Sharon 匹配] 8A5A429C-220E-4446-B71F-8FEB586A7291.jpeg (相似度: 0.593)
  💖 [Sophia 匹配] 60861DC2-C8FC-4A51-9F6B-9A9D578D8CE9.jpeg (相似度: 0.568)
  💖 [Sophia 匹配] E56D2320-2FD9-423D-9B4A-A8F565265EBE.jpeg (相似度: 0.644)
  💖 [Sophia 匹配] F3593EDB-011C-45DE-B414-74B58A9714B6.jpeg (相似度: 0.452)
  💜 [Sharon 匹配] F3593EDB-011C-45DE-B414-74B58A9714B6.jpeg (相似度: 0.592)
  💖 [Sophia 匹配] D910089B-93FD-414E-A473-FDFF3C47775D_1_201_a.jpeg (相似度: 0.627)
  💖 [Sophia 匹配] F3F87080-B2DB-4CD1-86CE-1428E36E0CEC.jpeg (相似度: 0.576)
  💜 [Sharon 匹配] F3F87080-B2DB-4CD1-86CE-1428E36E0CEC.jpeg (相似度: 0.551)
  💖 [Sophia 匹配] 300D5E2E-8C04-4F09-BC16-39A36255B974_1_201_a.jpeg (相似度: 0.642)
  💜 [Sharon 匹配] 300D5E2E-8C04-4F09-BC16-39A36255B974_1_201_a.jpeg (相似度: 0.633)
  💜 [Sharon 匹配] 190FC734-9E14-4505-87F4-B23EA64B749F_1_201_a.jpeg (相似度: 0.717)
  💖 [Sophia 匹配] 190FC734-9E14-4505-87F4-B23EA64B749F_1_201_a.jpeg (相似度: 0.593)
  💙 [John 匹配] 750C2118-CAE8-43B5-9187-66C499B856BF_1_201_a.jpeg (相似度: 0.727)
  💖 [Sophia 匹配] 750C2118-CAE8-43B5-9187-66C499B856BF_1_201_a.jpeg (相似度: 0.594)
  💜 [Sharon 匹配] 750C2118-CAE8-43B5-9187-66C499B856BF_1_201_a.jpeg (相似度: 0.629)
  💙 [John 匹配] FB94F3E8-BB00-451E-B630-A2300C23F8C3_1_201_a.jpeg (相似度: 0.730)
  💜 [Sharon 匹配] FB94F3E8-BB00-451E-B630-A2300C23F8C3_1_201_a.jpeg (相似度: 0.626)
  💖 [Sophia 匹配] FB94F3E8-BB00-451E-B630-A2300C23F8C3_1_201_a.jpeg (相似度: 0.445)
  💖 [Sophia 匹配] 1AD03844-9F78-421B-8CA2-756D75F01F30_1_201_a.jpeg (相似度: 0.598)
  💖 [Sophia 匹配] 93505D4A-9947-4EDE-9A67-84C58E734B6D.jpeg (相似度: 0.570)
  💖 [Sophia 匹配] D3D7079C-C2EB-422D-9FEA-408E941A1044_1_201_a.jpeg (相似度: 0.607)
  💜 [Sharon 匹配] D3D7079C-C2EB-422D-9FEA-408E941A1044_1_201_a.jpeg (相似度: 0.687)
  💙 [John 匹配] 8480F92D-CB06-4D6D-9952-A40F458340EB_1_201_a.jpeg (相似度: 0.693)
  💖 [Sophia 匹配] 8480F92D-CB06-4D6D-9952-A40F458340EB_1_201_a.jpeg (相似度: 0.616)
  💜 [Sharon 匹配] 8480F92D-CB06-4D6D-9952-A40F458340EB_1_201_a.jpeg (相似度: 0.664)
  💖 [Sophia 匹配] 1DA9CF6D-6BA8-4B6D-8274-5C995E441D14.jpeg (相似度: 0.400)
  💖 [Sophia 匹配] CA8F1BD8-CE06-4B8E-A63B-08203839BAAE.jpeg (相似度: 0.645)
  💜 [Sharon 匹配] 7BD98997-2343-4901-89F0-DF6539AD135A.jpeg (相似度: 0.578)
  💙 [John 匹配] 7BD98997-2343-4901-89F0-DF6539AD135A.jpeg (相似度: 0.719)
  💙 [John 匹配] 7C120F24-D15D-4828-A827-2543BA2A3FEF.jpeg (相似度: 0.742)
  💖 [Sophia 匹配] 7C120F24-D15D-4828-A827-2543BA2A3FEF.jpeg (相似度: 0.549)
  💜 [Sharon 匹配] 7C120F24-D15D-4828-A827-2543BA2A3FEF.jpeg (相似度: 0.660)
  💖 [Sophia 匹配] 8BF7DDDF-2494-4CF9-A661-538ACEDD3ED2.jpeg (相似度: 0.499)
  💖 [Sophia 匹配] B8051EA0-5BF1-4B73-8B1E-556C21D1BC9D.jpeg (相似度: 0.519)
  💙 [John 匹配] 7418BA34-4600-42CD-A164-DCF56E234A61.jpeg (相似度: 0.776)
  💖 [Sophia 匹配] 7418BA34-4600-42CD-A164-DCF56E234A61.jpeg (相似度: 0.587)
  💜 [Sharon 匹配] 7418BA34-4600-42CD-A164-DCF56E234A61.jpeg (相似度: 0.675)
  💖 [Sophia 匹配] 195B9FFD-A7AA-4F17-8C17-574BC8CD9025.jpeg (相似度: 0.579)
  💜 [Sharon 匹配] 195B9FFD-A7AA-4F17-8C17-574BC8CD9025.jpeg (相似度: 0.678)
  💖 [Sophia 匹配] 4038D62A-A7B6-424C-B49D-588A67AC30DE.jpeg (相似度: 0.529)
  💙 [John 匹配] A51CB6D4-2ABB-4F41-940B-1973CC84CFC5.jpeg (相似度: 0.784)
  💖 [Sophia 匹配] A51CB6D4-2ABB-4F41-940B-1973CC84CFC5.jpeg (相似度: 0.574)
  💜 [Sharon 匹配] A51CB6D4-2ABB-4F41-940B-1973CC84CFC5.jpeg (相似度: 0.623)
  💙 [John 匹配] A6D1EAB2-0D61-4DA5-A4E3-DAF5FF0AD560.jpeg (相似度: 0.639)
  💙 [John 匹配] 474A4B87-2E33-4B4E-8CCF-94B9E22BA43B.jpeg (相似度: 0.768)
  💜 [Sharon 匹配] 474A4B87-2E33-4B4E-8CCF-94B9E22BA43B.jpeg (相似度: 0.645)
  💖 [Sophia 匹配] 474A4B87-2E33-4B4E-8CCF-94B9E22BA43B.jpeg (相似度: 0.559)
  💖 [Sophia 匹配] 3A7DD028-9975-4677-9B58-7A55F981AA85.jpeg (相似度: 0.525)
  💜 [Sharon 匹配] 3A7DD028-9975-4677-9B58-7A55F981AA85.jpeg (相似度: 0.548)
  💜 [Sharon 匹配] 9C87D730-EC10-4767-A392-0A29F570D27E.jpeg (相似度: 0.689)
  💙 [John 匹配] 9C87D730-EC10-4767-A392-0A29F570D27E.jpeg (相似度: 0.770)
  💖 [Sophia 匹配] 4B49A852-8C23-46D4-8D01-8A1AAC841EBF.jpeg (相似度: 0.598)
  💙 [John 匹配] 4B49A852-8C23-46D4-8D01-8A1AAC841EBF.jpeg (相似度: 0.797)
  💜 [Sharon 匹配] 4B49A852-8C23-46D4-8D01-8A1AAC841EBF.jpeg (相似度: 0.684)
  💙 [John 匹配] C5EC07B2-BCBA-4174-9332-75636E7BD1E2.jpeg (相似度: 0.781)
  💖 [Sophia 匹配] C5EC07B2-BCBA-4174-9332-75636E7BD1E2.jpeg (相似度: 0.567)
  💜 [Sharon 匹配] C5EC07B2-BCBA-4174-9332-75636E7BD1E2.jpeg (相似度: 0.694)
  💜 [Sharon 匹配] F959245F-9E97-4771-AB0C-A82CBF29016F.jpeg (相似度: 0.508)
  💜 [Sharon 匹配] 2EF27755-1DE3-443B-9D29-4E1E4A3AB683.jpeg (相似度: 0.499)
  💖 [Sophia 匹配] 0466BC9B-D477-4B58-AD03-0CCE513CFCFC.jpeg (相似度: 0.458)
  💖 [Sophia 匹配] 9937E330-E891-4413-A425-B2AC88DD8DBB.jpeg (相似度: 0.602)
  💙 [John 匹配] 2DE2A7C2-6E10-4540-AC48-A74C7242E286.jpeg (相似度: 0.742)
  💖 [Sophia 匹配] 2DE2A7C2-6E10-4540-AC48-A74C7242E286.jpeg (相似度: 0.513)
  💖 [Sophia 匹配] 4C09C952-AFDC-466E-9445-76941A366984.jpeg (相似度: 0.508)
  💙 [John 匹配] 7835DD69-07E0-4744-BE15-9375A260E8CE.jpeg (相似度: 0.727)
  💖 [Sophia 匹配] 7835DD69-07E0-4744-BE15-9375A260E8CE.jpeg (相似度: 0.587)
  💜 [Sharon 匹配] 7835DD69-07E0-4744-BE15-9375A260E8CE.jpeg (相似度: 0.698)
  💜 [Sharon 匹配] 6367A7C3-9025-4D37-B11C-EB2729C5AD99.jpeg (相似度: 0.673)
  💖 [Sophia 匹配] 6367A7C3-9025-4D37-B11C-EB2729C5AD99.jpeg (相似度: 0.636)
  💙 [John 匹配] 6367A7C3-9025-4D37-B11C-EB2729C5AD99.jpeg (相似度: 0.741)
  💙 [John 匹配] 09032B9A-7385-4B1F-8FAF-092CFE1E8AA4.jpeg (相似度: 0.749)
  💖 [Sophia 匹配] 09032B9A-7385-4B1F-8FAF-092CFE1E8AA4.jpeg (相似度: 0.548)
  💜 [Sharon 匹配] 09032B9A-7385-4B1F-8FAF-092CFE1E8AA4.jpeg (相似度: 0.651)
  💙 [John 匹配] 45752BA3-6844-4369-8FA8-8732DD0F32CA_1_201_a.jpeg (相似度: 0.663)
  💖 [Sophia 匹配] 45752BA3-6844-4369-8FA8-8732DD0F32CA_1_201_a.jpeg (相似度: 0.574)
  💜 [Sharon 匹配] 48E9C488-C5E7-44FB-B374-5DC1A6B498AC.jpeg (相似度: 0.658)
  💙 [John 匹配] 48E9C488-C5E7-44FB-B374-5DC1A6B498AC.jpeg (相似度: 0.716)
  💜 [Sharon 匹配] 26520940-A010-48FF-935F-5855E5949085.jpeg (相似度: 0.682)
  💖 [Sophia 匹配] 26520940-A010-48FF-935F-5855E5949085.jpeg (相似度: 0.629)
  💙 [John 匹配] 26520940-A010-48FF-935F-5855E5949085.jpeg (相似度: 0.743)
  💖 [Sophia 匹配] 7E663BE3-CC48-4716-8AA9-A7F6C3F517A5.jpeg (相似度: 0.613)
  💙 [John 匹配] 7E663BE3-CC48-4716-8AA9-A7F6C3F517A5.jpeg (相似度: 0.739)
  💙 [John 匹配] 85928917-E6F9-4BBC-AF91-9E0E38F01223.jpeg (相似度: 0.776)
  💜 [Sharon 匹配] 85928917-E6F9-4BBC-AF91-9E0E38F01223.jpeg (相似度: 0.642)
  💜 [Sharon 匹配] B6AC1EE4-577E-4BC2-BA41-DAAD472279F5.jpeg (相似度: 0.662)
  💖 [Sophia 匹配] A7172B1C-8975-451C-8406-33C14281F4B0_1_201_a.jpeg (相似度: 0.620)
  💙 [John 匹配] A7172B1C-8975-451C-8406-33C14281F4B0_1_201_a.jpeg (相似度: 0.680)
  💙 [John 匹配] 08C93A6D-68B7-474E-92F7-F278469DC9E1_1_201_a.jpeg (相似度: 0.661)
  💙 [John 匹配] 5CB2773B-E313-44D6-8302-41BD6A13139F.jpeg (相似度: 0.771)
  💜 [Sharon 匹配] 508623D2-5A94-453B-8D84-B55F3D0BF626.jpeg (相似度: 0.642)
  💙 [John 匹配] 508623D2-5A94-453B-8D84-B55F3D0BF626.jpeg (相似度: 0.720)
  💙 [John 匹配] 71DBB1DD-5076-475E-8FC9-4C9731148CAA_1_201_a.jpeg (相似度: 0.719)
  💖 [Sophia 匹配] 71DBB1DD-5076-475E-8FC9-4C9731148CAA_1_201_a.jpeg (相似度: 0.592)
  💜 [Sharon 匹配] 71DBB1DD-5076-475E-8FC9-4C9731148CAA_1_201_a.jpeg (相似度: 0.619)
  💜 [Sharon 匹配] 8660B704-8E3E-450A-A440-5174D281A084.jpeg (相似度: 0.623)
  💖 [Sophia 匹配] 9674F0F5-CC90-4E18-B4AF-5ADE5E7A19D8.jpeg (相似度: 0.618)
  💜 [Sharon 匹配] 9674F0F5-CC90-4E18-B4AF-5ADE5E7A19D8.jpeg (相似度: 0.618)
  💙 [John 匹配] 07495DFF-2591-4BD9-AD9D-3C5E8A9D6AAC.jpeg (相似度: 0.651)
  💜 [Sharon 匹配] 07495DFF-2591-4BD9-AD9D-3C5E8A9D6AAC.jpeg (相似度: 0.624)
  💖 [Sophia 匹配] 07495DFF-2591-4BD9-AD9D-3C5E8A9D6AAC.jpeg (相似度: 0.481)
  💜 [Sharon 匹配] 9D8BB487-67F6-40AE-9CB8-E7433DCEA174.jpeg (相似度: 0.678)
  💖 [Sophia 匹配] 9D8BB487-67F6-40AE-9CB8-E7433DCEA174.jpeg (相似度: 0.619)
  💙 [John 匹配] 9D8BB487-67F6-40AE-9CB8-E7433DCEA174.jpeg (相似度: 0.712)
  💜 [Sharon 匹配] 08278434-7CA3-44F2-8AA9-CB5C071AB414.jpeg (相似度: 0.623)
  💙 [John 匹配] 08278434-7CA3-44F2-8AA9-CB5C071AB414.jpeg (相似度: 0.655)
  💙 [John 匹配] A4C7D703-B9DF-4B80-A9DB-6C50B44F02F5.jpeg (相似度: 0.707)
  💜 [Sharon 匹配] A4C7D703-B9DF-4B80-A9DB-6C50B44F02F5.jpeg (相似度: 0.658)
  💙 [John 匹配] 8092EEE7-0247-4B3E-A152-8214A13422FF.jpeg (相似度: 0.755)
  💜 [Sharon 匹配] 8092EEE7-0247-4B3E-A152-8214A13422FF.jpeg (相似度: 0.692)
  💖 [Sophia 匹配] A9558760-260D-4458-ABA1-68BAC4FF84B8.jpeg (相似度: 0.594)
  💜 [Sharon 匹配] A9558760-260D-4458-ABA1-68BAC4FF84B8.jpeg (相似度: 0.645)
  💙 [John 匹配] FA943632-30E7-4989-9F4A-FACBE4B8F7D6.jpeg (相似度: 0.759)
  💜 [Sharon 匹配] FA943632-30E7-4989-9F4A-FACBE4B8F7D6.jpeg (相似度: 0.656)
  💖 [Sophia 匹配] FA943632-30E7-4989-9F4A-FACBE4B8F7D6.jpeg (相似度: 0.554)
  💜 [Sharon 匹配] BEB05A68-8182-4B58-91FA-F4E81692A462.jpeg (相似度: 0.533)
  💜 [Sharon 匹配] 2A46C310-306E-483F-8B9A-BDC344178A65.jpeg (相似度: 0.622)
  💙 [John 匹配] E5A45545-595C-4912-947B-C9CD6F75D2B7.jpeg (相似度: 0.767)
  💜 [Sharon 匹配] E5A45545-595C-4912-947B-C9CD6F75D2B7.jpeg (相似度: 0.539)
  💜 [Sharon 匹配] 2AEA22E2-A30C-42E3-8224-D02C0D77E5AD.jpeg (相似度: 0.622)
  💙 [John 匹配] 2AEA22E2-A30C-42E3-8224-D02C0D77E5AD.jpeg (相似度: 0.710)
  💙 [John 匹配] 4D7C1AE6-7F8F-49DE-96B5-897C70DF2797.jpeg (相似度: 0.751)
  💜 [Sharon 匹配] 9AB26CA1-B3B8-4DBF-A69D-30E23AC24637.jpeg (相似度: 0.713)
  💖 [Sophia 匹配] 9AB26CA1-B3B8-4DBF-A69D-30E23AC24637.jpeg (相似度: 0.625)
  💖 [Sophia 匹配] A6D9A222-DA91-4E41-8AEC-A6572C42DF12_1_201_a.jpeg (相似度: 0.530)
  💜 [Sharon 匹配] A6D9A222-DA91-4E41-8AEC-A6572C42DF12_1_201_a.jpeg (相似度: 0.669)
  💙 [John 匹配] ED8D2CB9-4643-4EA6-94BF-FE0529A0A17C.jpeg (相似度: 0.718)
  💜 [Sharon 匹配] ED8D2CB9-4643-4EA6-94BF-FE0529A0A17C.jpeg (相似度: 0.713)
  💜 [Sharon 匹配] 4204A11F-3278-4370-A466-E91BF9418956.jpeg (相似度: 0.727)
  💙 [John 匹配] 4204A11F-3278-4370-A466-E91BF9418956.jpeg (相似度: 0.686)
  💜 [Sharon 匹配] 28D0BEEB-BBC2-4BF3-B060-1713C43E8455.jpeg (相似度: 0.675)
  💜 [Sharon 匹配] 06C9B22F-F333-4033-8E58-C05632DE0230.jpeg (相似度: 0.545)
  💜 [Sharon 匹配] 42322957-46A2-4B48-8059-8B7AB43341F8.jpeg (相似度: 0.623)
  💙 [John 匹配] 42322957-46A2-4B48-8059-8B7AB43341F8.jpeg (相似度: 0.697)
  💙 [John 匹配] BFB1B31B-2C95-4289-AAEC-C9C769005972.jpeg (相似度: 0.714)
  💖 [Sophia 匹配] BFB1B31B-2C95-4289-AAEC-C9C769005972.jpeg (相似度: 0.543)
  💜 [Sharon 匹配] BFB1B31B-2C95-4289-AAEC-C9C769005972.jpeg (相似度: 0.647)
  💖 [Sophia 匹配] 478AFF67-BEA8-434A-B4D1-10A544D9C148_1_201_a.jpeg (相似度: 0.574)
  💙 [John 匹配] 478AFF67-BEA8-434A-B4D1-10A544D9C148_1_201_a.jpeg (相似度: 0.704)
  💜 [Sharon 匹配] 994DB468-2FE9-4F3A-8662-ED81AD0DF5B8.jpeg (相似度: 0.628)
  💙 [John 匹配] 001CB0C4-5D4E-4DDE-9C11-984CC94F9B76.jpeg (相似度: 0.715)
  💙 [John 匹配] 19E35FE6-2782-48AC-B915-D19E389AB241.jpeg (相似度: 0.652)
  💖 [Sophia 匹配] 19E35FE6-2782-48AC-B915-D19E389AB241.jpeg (相似度: 0.579)
  💜 [Sharon 匹配] 19E35FE6-2782-48AC-B915-D19E389AB241.jpeg (相似度: 0.634)
  💙 [John 匹配] DB56A732-5B07-4DE4-AEC9-D40DAFC05251.jpeg (相似度: 0.709)
  💜 [Sharon 匹配] DB56A732-5B07-4DE4-AEC9-D40DAFC05251.jpeg (相似度: 0.632)
  💜 [Sharon 匹配] FA4428AD-30A4-45A3-BD9C-6E6C010E4C03_1_201_a.jpeg (相似度: 0.686)
  💙 [John 匹配] FA4428AD-30A4-45A3-BD9C-6E6C010E4C03_1_201_a.jpeg (相似度: 0.733)
  💖 [Sophia 匹配] FA4428AD-30A4-45A3-BD9C-6E6C010E4C03_1_201_a.jpeg (相似度: 0.578)
  💜 [Sharon 匹配] 593281F8-95FF-4DBD-B2E7-AF7C88E7BCAB.jpeg (相似度: 0.573)
  💙 [John 匹配] DCC52D6F-4046-4EE1-8471-33440FABD65D.jpeg (相似度: 0.696)
  💜 [Sharon 匹配] DCC52D6F-4046-4EE1-8471-33440FABD65D.jpeg (相似度: 0.640)
  💜 [Sharon 匹配] 46C1298C-8D3F-4D5D-AC16-B2049FB6C693_1_201_a.jpeg (相似度: 0.663)
  💙 [John 匹配] E74EBE92-B135-4AAD-AA43-6822975F8894.jpeg (相似度: 0.756)
  💖 [Sophia 匹配] E74EBE92-B135-4AAD-AA43-6822975F8894.jpeg (相似度: 0.570)
  💜 [Sharon 匹配] E74EBE92-B135-4AAD-AA43-6822975F8894.jpeg (相似度: 0.680)
  💙 [John 匹配] 2317C0C1-E359-4E98-81B5-C2834262AB03_1_201_a.jpeg (相似度: 0.743)
  💖 [Sophia 匹配] 2317C0C1-E359-4E98-81B5-C2834262AB03_1_201_a.jpeg (相似度: 0.579)
  💜 [Sharon 匹配] CBD41BE0-03F5-4AA9-BF79-5FA36254BC09.jpeg (相似度: 0.638)
  💙 [John 匹配] F311310A-FF93-44AD-A84F-6749D4E08B64.jpeg (相似度: 0.640)
  💖 [Sophia 匹配] F311310A-FF93-44AD-A84F-6749D4E08B64.jpeg (相似度: 0.584)
  💜 [Sharon 匹配] F311310A-FF93-44AD-A84F-6749D4E08B64.jpeg (相似度: 0.675)
  💙 [John 匹配] C3DB1740-4794-40CF-B80C-3D81F4AA8968.jpeg (相似度: 0.631)
  💖 [Sophia 匹配] 095C0A84-769A-4D16-B575-871B38075313.jpeg (相似度: 0.648)
  💙 [John 匹配] 095C0A84-769A-4D16-B575-871B38075313.jpeg (相似度: 0.722)
  💙 [John 匹配] E1F6F8DA-273F-489D-9299-33E4E2658856.jpeg (相似度: 0.746)
  💜 [Sharon 匹配] DF5B6676-2148-48E9-8230-ADC7379C4965_1_201_a.jpeg (相似度: 0.493)
  💜 [Sharon 匹配] EE063372-17F6-4F34-8E81-1B5B2F730266.jpeg (相似度: 0.697)
  💜 [Sharon 匹配] 9811BBA1-5E10-4E1A-8B10-E220867DEDFC.jpeg (相似度: 0.661)
  💙 [John 匹配] 322C09D1-130C-4755-8556-313BDA9BCD4A.jpeg (相似度: 0.721)
  💖 [Sophia 匹配] 322C09D1-130C-4755-8556-313BDA9BCD4A.jpeg (相似度: 0.628)
  💜 [Sharon 匹配] 613E0E7F-BD79-4E52-9E04-73F8C82D2EF8_1_201_a.jpeg (相似度: 0.656)
  💙 [John 匹配] EF3E90A1-3C60-4F39-9BDB-05C037790552.jpeg (相似度: 0.723)
  💖 [Sophia 匹配] EF3E90A1-3C60-4F39-9BDB-05C037790552.jpeg (相似度: 0.508)
  💜 [Sharon 匹配] EF3E90A1-3C60-4F39-9BDB-05C037790552.jpeg (相似度: 0.683)
  💖 [Sophia 匹配] 8B915AD4-36EE-40A7-A610-40151C1F1D08.jpeg (相似度: 0.573)
  💙 [John 匹配] 8B915AD4-36EE-40A7-A610-40151C1F1D08.jpeg (相似度: 0.692)
  💖 [Sophia 匹配] 7CEA39FB-4D6E-47A4-A718-8401F4637545.jpeg (相似度: 0.602)
  💙 [John 匹配] CBB35903-5D14-4135-9AC0-C444CF300772.jpeg (相似度: 0.741)
  💜 [Sharon 匹配] CBB35903-5D14-4135-9AC0-C444CF300772.jpeg (相似度: 0.673)
  💙 [John 匹配] A636F616-748B-4634-A659-CBE8042B3145.jpeg (相似度: 0.740)
  💜 [Sharon 匹配] A636F616-748B-4634-A659-CBE8042B3145.jpeg (相似度: 0.678)
  💜 [Sharon 匹配] 61D99976-D3BC-48E5-89E1-B909806087C8_1_201_a.jpeg (相似度: 0.653)
  💙 [John 匹配] DB0A8E37-3A49-47F4-B07D-41631D6FF405.jpeg (相似度: 0.736)
  💜 [Sharon 匹配] DB0A8E37-3A49-47F4-B07D-41631D6FF405.jpeg (相似度: 0.547)
  💙 [John 匹配] 062E9446-21DC-49B7-899B-3354D2FE42C9.jpeg (相似度: 0.787)
  💖 [Sophia 匹配] 3B8D8E10-A86B-4807-8A54-0FEA79701C01.jpeg (相似度: 0.590)
  💙 [John 匹配] 3B8D8E10-A86B-4807-8A54-0FEA79701C01.jpeg (相似度: 0.718)
  💜 [Sharon 匹配] 3B8D8E10-A86B-4807-8A54-0FEA79701C01.jpeg (相似度: 0.717)
  💙 [John 匹配] 9C7E0851-1004-46D2-8817-4F74ECCE8DAA.jpeg (相似度: 0.687)
  💜 [Sharon 匹配] 9C7E0851-1004-46D2-8817-4F74ECCE8DAA.jpeg (相似度: 0.695)
  💜 [Sharon 匹配] AFF617C4-73E9-49AB-AA77-37DB04EE7DC4.jpeg (相似度: 0.576)
  💜 [Sharon 匹配] 562EBD00-7D48-4C58-B5D3-64B2A201C1F2.jpeg (相似度: 0.521)
  💜 [Sharon 匹配] 5CDCFCAD-8202-4B74-900E-460A9E4F7237.jpeg (相似度: 0.664)
  💙 [John 匹配] 5CDCFCAD-8202-4B74-900E-460A9E4F7237.jpeg (相似度: 0.754)
  💙 [John 匹配] CABE304E-EED7-448C-B8A9-2B9DB2811D39.jpeg (相似度: 0.737)
  💖 [Sophia 匹配] CABE304E-EED7-448C-B8A9-2B9DB2811D39.jpeg (相似度: 0.597)
  💖 [Sophia 匹配] 9DBEEAEB-C574-441F-A2C2-14CE053187A4_1_201_a.jpeg (相似度: 0.554)
  💜 [Sharon 匹配] 1D24E9C2-964C-4694-A34F-CDDDDB01EDCA.jpeg (相似度: 0.700)
  💙 [John 匹配] 1D24E9C2-964C-4694-A34F-CDDDDB01EDCA.jpeg (相似度: 0.718)
  💜 [Sharon 匹配] 8BDFEE6D-CF23-4588-9755-6401ADEE1A0A.jpeg (相似度: 0.564)
  💖 [Sophia 匹配] 69CEA4E6-0CF1-4185-9DE6-96619752D7DD_1_201_a.jpeg (相似度: 0.538)
  💜 [Sharon 匹配] 69CEA4E6-0CF1-4185-9DE6-96619752D7DD_1_201_a.jpeg (相似度: 0.671)
  💙 [John 匹配] 69CEA4E6-0CF1-4185-9DE6-96619752D7DD_1_201_a.jpeg (相似度: 0.729)
  💖 [Sophia 匹配] EF9FFBCC-0235-4C06-A323-24995636CC23_1_201_a.jpeg (相似度: 0.639)
  💜 [Sharon 匹配] EF9FFBCC-0235-4C06-A323-24995636CC23_1_201_a.jpeg (相似度: 0.665)
  💙 [John 匹配] EF9FFBCC-0235-4C06-A323-24995636CC23_1_201_a.jpeg (相似度: 0.742)
  💙 [John 匹配] 0AFA3E5F-E7C6-44CD-8D08-34336A7E26D6.jpeg (相似度: 0.735)
  💜 [Sharon 匹配] 8876FC29-7231-4B59-B400-1FAC161B2F41.jpeg (相似度: 0.635)
  💖 [Sophia 匹配] 8876FC29-7231-4B59-B400-1FAC161B2F41.jpeg (相似度: 0.589)
  💙 [John 匹配] 55A183D5-8A9F-4233-A5E0-883E01C76E86.jpeg (相似度: 0.729)
  💜 [Sharon 匹配] 55A183D5-8A9F-4233-A5E0-883E01C76E86.jpeg (相似度: 0.669)
  💖 [Sophia 匹配] D5EE4F7B-CC8D-45FF-B425-FBDECB902321.jpeg (相似度: 0.499)
  💜 [Sharon 匹配] D5EE4F7B-CC8D-45FF-B425-FBDECB902321.jpeg (相似度: 0.645)
  💙 [John 匹配] D5EE4F7B-CC8D-45FF-B425-FBDECB902321.jpeg (相似度: 0.691)
  💙 [John 匹配] 2724F2E9-A820-4B6E-AB3C-9D33CC4E8A88.jpeg (相似度: 0.715)
  💜 [Sharon 匹配] 2724F2E9-A820-4B6E-AB3C-9D33CC4E8A88.jpeg (相似度: 0.706)
  💖 [Sophia 匹配] 3AE1EA79-DE49-44C3-ABA3-4F0F21F970DC.jpeg (相似度: 0.592)
  💙 [John 匹配] 3AE1EA79-DE49-44C3-ABA3-4F0F21F970DC.jpeg (相似度: 0.740)
  💙 [John 匹配] CBE14C54-7FE2-4CC2-8D07-2FE107614428.jpeg (相似度: 0.736)
  💙 [John 匹配] FC9BAB9A-C283-4D6C-B114-D440CF13945C.jpeg (相似度: 0.731)
  💜 [Sharon 匹配] FC9BAB9A-C283-4D6C-B114-D440CF13945C.jpeg (相似度: 0.703)
  💙 [John 匹配] 1FE99BD6-7788-4E58-9A3C-5A6C813869C0_1_201_a.jpeg (相似度: 0.751)
  💜 [Sharon 匹配] 1FE99BD6-7788-4E58-9A3C-5A6C813869C0_1_201_a.jpeg (相似度: 0.651)
  💙 [John 匹配] 5B698F13-6562-4C90-BE28-1C8E7BC1FBFC.jpeg (相似度: 0.716)
  💜 [Sharon 匹配] 5B698F13-6562-4C90-BE28-1C8E7BC1FBFC.jpeg (相似度: 0.655)
  💜 [Sharon 匹配] FF84B4D0-0083-4C7A-9E3E-3DAB919B1E06.jpeg (相似度: 0.646)
  💙 [John 匹配] 1DD34D31-2547-481A-97C6-99C90ED0FAC9.jpeg (相似度: 0.716)
  💜 [Sharon 匹配] 1DD34D31-2547-481A-97C6-99C90ED0FAC9.jpeg (相似度: 0.678)
  💙 [John 匹配] 94454B0F-A7C2-4132-8031-33D92E4439AF.jpeg (相似度: 0.737)
  💜 [Sharon 匹配] 94454B0F-A7C2-4132-8031-33D92E4439AF.jpeg (相似度: 0.691)
  💙 [John 匹配] DECAB988-8320-436F-967D-92DDDFE73C5F.jpeg (相似度: 0.782)
  💜 [Sharon 匹配] DECAB988-8320-436F-967D-92DDDFE73C5F.jpeg (相似度: 0.684)
  💙 [John 匹配] F76BAF8D-6845-423B-879E-D114ACBB033C_1_201_a.jpeg (相似度: 0.758)
  💜 [Sharon 匹配] F76BAF8D-6845-423B-879E-D114ACBB033C_1_201_a.jpeg (相似度: 0.660)
  💙 [John 匹配] 5B8DBC14-7538-40F6-8247-9164175C4FCE_1_201_a.jpeg (相似度: 0.721)
  💜 [Sharon 匹配] 5B8DBC14-7538-40F6-8247-9164175C4FCE_1_201_a.jpeg (相似度: 0.703)
  💜 [Sharon 匹配] 2A33E5BC-3D9B-4CF7-84D9-6444E45159DA.jpeg (相似度: 0.658)
  💙 [John 匹配] 6A06863D-76AD-48DA-9E1B-2B3CDD689085_1_201_a.jpeg (相似度: 0.767)
  💜 [Sharon 匹配] 6A06863D-76AD-48DA-9E1B-2B3CDD689085_1_201_a.jpeg (相似度: 0.671)
  💙 [John 匹配] CAAAF776-4CB0-42A9-87D5-5A249EA4FB02.jpeg (相似度: 0.750)
  💜 [Sharon 匹配] CAAAF776-4CB0-42A9-87D5-5A249EA4FB02.jpeg (相似度: 0.666)
  💙 [John 匹配] 1B1D5E83-C4D6-4A41-AD42-CB736EEAA27B_1_201_a.jpeg (相似度: 0.760)
  💜 [Sharon 匹配] 1B1D5E83-C4D6-4A41-AD42-CB736EEAA27B_1_201_a.jpeg (相似度: 0.641)
  💙 [John 匹配] 8FD16D50-79DC-40CB-8FF0-43999194BC87.jpeg (相似度: 0.739)
  💜 [Sharon 匹配] 8FD16D50-79DC-40CB-8FF0-43999194BC87.jpeg (相似度: 0.695)
  💜 [Sharon 匹配] 25BC0337-6CB9-4042-B0A3-DD63647E4AE9.jpeg (相似度: 0.670)
  💙 [John 匹配] 748ADA9F-C8F6-464C-B341-7BFCFE635E73.jpeg (相似度: 0.770)
  💜 [Sharon 匹配] 748ADA9F-C8F6-464C-B341-7BFCFE635E73.jpeg (相似度: 0.582)
  💙 [John 匹配] 4F290A24-14E6-4A4F-BF5B-284F36CD1841.jpeg (相似度: 0.754)
  💜 [Sharon 匹配] 4F290A24-14E6-4A4F-BF5B-284F36CD1841.jpeg (相似度: 0.684)
  💖 [Sophia 匹配] 8DC6CBCC-E302-443A-8AF7-E9EBF559C1EA.jpeg (相似度: 0.541)
  💖 [Sophia 匹配] 61EA6B4A-B544-4B83-B144-37D5B219B928.jpeg (相似度: 0.541)
  💜 [Sharon 匹配] 927CBA8B-FB86-4F68-8963-133B9C3374D0.jpeg (相似度: 0.549)
  💖 [Sophia 匹配] 927CBA8B-FB86-4F68-8963-133B9C3374D0.jpeg (相似度: 0.554)
  💙 [John 匹配] 927CBA8B-FB86-4F68-8963-133B9C3374D0.jpeg (相似度: 0.757)
  💜 [Sharon 匹配] 5D6CDB93-178E-44F7-B42D-0EF01227BDA8.jpeg (相似度: 0.603)
  💜 [Sharon 匹配] 0533E87C-5668-4F11-83A9-8DC23820F34E_1_201_a.jpeg (相似度: 0.595)
  💙 [John 匹配] 0533E87C-5668-4F11-83A9-8DC23820F34E_1_201_a.jpeg (相似度: 0.819)
  💜 [Sharon 匹配] F7D22B28-B578-4876-A754-47AE95F1457A.jpeg (相似度: 0.608)
  💜 [Sharon 匹配] 80075ED8-D0A1-4775-97B3-00E3B1C3700A.jpeg (相似度: 0.621)
  💜 [Sharon 匹配] 2F7C4742-AF7F-4796-B815-8E566EF8DD94.jpeg (相似度: 0.632)
  💙 [John 匹配] DFF75813-CAC7-48B1-AA7B-7F6A2AC48594.jpeg (相似度: 0.642)
  💖 [Sophia 匹配] DFF75813-CAC7-48B1-AA7B-7F6A2AC48594.jpeg (相似度: 0.401)
  💜 [Sharon 匹配] DFF75813-CAC7-48B1-AA7B-7F6A2AC48594.jpeg (相似度: 0.627)
  💙 [John 匹配] DE3DD104-8CB6-47A2-9B94-288E50D61082_1_201_a.jpeg (相似度: 0.688)
  💖 [Sophia 匹配] DE3DD104-8CB6-47A2-9B94-288E50D61082_1_201_a.jpeg (相似度: 0.474)
  💜 [Sharon 匹配] DE3DD104-8CB6-47A2-9B94-288E50D61082_1_201_a.jpeg (相似度: 0.593)
  💖 [Sophia 匹配] 7DD979A9-4851-433C-BC88-48DB5FAE0265.jpeg (相似度: 0.511)
  💜 [Sharon 匹配] 3322E5BA-A53F-4209-BF41-BD947FF80CD0.jpeg (相似度: 0.491)
  💜 [Sharon 匹配] E6D45EE5-BCF1-4DF6-86A9-E3059ECD7666.jpeg (相似度: 0.483)
  💜 [Sharon 匹配] 86AB737F-C0F7-4AF4-BDF7-0333AE9ECA1F.jpeg (相似度: 0.728)
  💜 [Sharon 匹配] 1E2062BB-EE2E-4DFE-B663-6ADC4DF7FAC2.jpeg (相似度: 0.630)
  💖 [Sophia 匹配] 179A43B8-EAD1-42CC-A61B-70C5B49A7726.jpeg (相似度: 0.432)
  💙 [John 匹配] 30921F4E-A51E-4A2E-B843-AD9B1379C914.jpeg (相似度: 0.778)
  💖 [Sophia 匹配] 30921F4E-A51E-4A2E-B843-AD9B1379C914.jpeg (相似度: 0.507)
  💜 [Sharon 匹配] 30921F4E-A51E-4A2E-B843-AD9B1379C914.jpeg (相似度: 0.592)
  💜 [Sharon 匹配] 47EC84BC-7BAB-413C-A8A6-61A5787B186D.jpeg (相似度: 0.701)
  💜 [Sharon 匹配] 57C0FB18-B4DE-405E-94F8-139AFDDA90C8.jpeg (相似度: 0.582)
  💙 [John 匹配] 57C0FB18-B4DE-405E-94F8-139AFDDA90C8.jpeg (相似度: 0.687)
  💖 [Sophia 匹配] 57C0FB18-B4DE-405E-94F8-139AFDDA90C8.jpeg (相似度: 0.409)
  💜 [Sharon 匹配] 36EBE63A-F27D-459E-900E-338EF6CEAE8F.jpeg (相似度: 0.581)
  💜 [Sharon 匹配] BDF16A5F-079B-4C6B-92D7-1D0AD19CF64F.jpeg (相似度: 0.604)
  💜 [Sharon 匹配] FDD23DF0-851E-4160-A0C3-B6DAF48C154B.jpeg (相似度: 0.604)
  💜 [Sharon 匹配] CF61DB63-CB92-45DC-9A58-0082A7D07B7B.jpeg (相似度: 0.689)
  💜 [Sharon 匹配] E00DE700-80A6-43AA-91D4-BE1A79535175.jpeg (相似度: 0.628)
  💙 [John 匹配] CF72A771-8ECF-4034-93F9-D6E7C0138B04.jpeg (相似度: 0.775)
  💜 [Sharon 匹配] CF72A771-8ECF-4034-93F9-D6E7C0138B04.jpeg (相似度: 0.709)
  💙 [John 匹配] DE3B82F6-DF5D-4223-9A77-12E48062075D.jpeg (相似度: 0.717)
  💜 [Sharon 匹配] DE3B82F6-DF5D-4223-9A77-12E48062075D.jpeg (相似度: 0.700)
  💜 [Sharon 匹配] 68F7C677-1007-4C27-A355-97AA17693CE4.jpeg (相似度: 0.763)
  💜 [Sharon 匹配] 1E0DAF33-46CE-42C5-8E33-F1E2C6868595.jpeg (相似度: 0.630)
  💙 [John 匹配] 7D88554E-F2C5-4DAA-B1D9-2D4C8DA58B7B.jpeg (相似度: 0.759)
  💜 [Sharon 匹配] 7D88554E-F2C5-4DAA-B1D9-2D4C8DA58B7B.jpeg (相似度: 0.709)
  💜 [Sharon 匹配] 86565E06-47E1-4AFC-B35D-94290FDD1AE2.jpeg (相似度: 0.635)
  💜 [Sharon 匹配] 6AA11BFB-FB3D-4DB6-89DD-FF3D615285FA.jpeg (相似度: 0.713)
  💙 [John 匹配] 6AA11BFB-FB3D-4DB6-89DD-FF3D615285FA.jpeg (相似度: 0.761)
  💜 [Sharon 匹配] D7C2E553-87CF-4552-BF8A-3721E55C5DC4.jpeg (相似度: 0.685)
  💜 [Sharon 匹配] AE442763-8054-41D9-B12A-15E4D4E0B88D.jpeg (相似度: 0.679)
  💜 [Sharon 匹配] BF30D0A8-C15C-4030-8030-F96CF674D607.jpeg (相似度: 0.663)
  💖 [Sophia 匹配] BF30D0A8-C15C-4030-8030-F96CF674D607.jpeg (相似度: 0.655)
  💙 [John 匹配] 27701D02-CEFE-4F72-B893-F3BC541D8BA3.jpeg (相似度: 0.758)
  💜 [Sharon 匹配] 27701D02-CEFE-4F72-B893-F3BC541D8BA3.jpeg (相似度: 0.618)
  💖 [Sophia 匹配] 835138F4-673A-4DB3-925F-3D900F5B02F9.jpeg (相似度: 0.671)
  💖 [Sophia 匹配] 39FB653D-3342-4A12-B676-576790740CFA.jpeg (相似度: 0.647)
  💖 [Sophia 匹配] 41EFDBA2-4A1B-4F3D-86CC-13CF2D6440A2.jpeg (相似度: 0.642)
  💖 [Sophia 匹配] 76C00002-453F-400C-B57B-EAB5BB554A6A.jpeg (相似度: 0.671)
  💜 [Sharon 匹配] 8D32E631-5FA9-42E1-A8BB-FFFBA6518D69.jpeg (相似度: 0.634)
  💖 [Sophia 匹配] 3B9712A1-A88F-4F78-8D52-9F2DE02BC061.jpeg (相似度: 0.584)
  💖 [Sophia 匹配] 2E02B2B4-56F2-48CF-A80D-7CF45917F574.jpeg (相似度: 0.638)
  💜 [Sharon 匹配] 2E02B2B4-56F2-48CF-A80D-7CF45917F574.jpeg (相似度: 0.655)
  💜 [Sharon 匹配] FB81E17B-867E-4EDD-897D-BBC7AF268795.jpeg (相似度: 0.640)
  💙 [John 匹配] FB81E17B-867E-4EDD-897D-BBC7AF268795.jpeg (相似度: 0.767)
  💖 [Sophia 匹配] E4058F32-FA87-4137-ABC6-3E334644F3BF.jpeg (相似度: 0.674)
  💜 [Sharon 匹配] 7589F231-32EF-4B65-951F-98280D0A9474_1_201_a.jpeg (相似度: 0.673)
  💜 [Sharon 匹配] 32D89D31-D506-4701-957F-E01DF24EEF1F.jpeg (相似度: 0.710)
  💜 [Sharon 匹配] 43F6DC76-D27D-488C-9229-6BAF1CEDEA03.jpeg (相似度: 0.659)
  💜 [Sharon 匹配] 2CAB84C1-32B1-4280-AA25-B80FB1394536.jpeg (相似度: 0.670)
  💙 [John 匹配] male_negative.jpg (相似度: 0.788)
  💙 [John 匹配] john_base_1786004276.jpg (相似度: 1.000)
  💙 [John 匹配] john_base.jpg (相似度: 0.788)
  💙 [John 匹配] IMG_2927.JPG (相似度: 0.618)
  💖 [Sophia 匹配] IMG_2927.JPG (相似度: 0.522)
  💜 [Sharon 匹配] IMG_2926.JPG (相似度: 0.441)
  💙 [John 匹配] IMG_2926.JPG (相似度: 0.524)
  💖 [Sophia 匹配] IMG_2918.JPG (相似度: 0.508)
  💙 [John 匹配] IMG_2918.JPG (相似度: 0.461)
  💙 [John 匹配] IMG_2919.JPG (相似度: 0.702)
  💖 [Sophia 匹配] IMG_2919.JPG (相似度: 0.656)
  💙 [John 匹配] IMG_2915.JPG (相似度: 0.705)
  💖 [Sophia 匹配] IMG_2915.JPG (相似度: 0.657)
  💖 [Sophia 匹配] IMG_2916.JPG (相似度: 0.626)
  💙 [John 匹配] IMG_2916.JPG (相似度: 0.690)
  💙 [John 匹配] E52DF5F0-02A6-44D7-B63A-D1922CD0E674.jpeg (相似度: 0.711)
  💖 [Sophia 匹配] E52DF5F0-02A6-44D7-B63A-D1922CD0E674.jpeg (相似度: 0.611)
  💜 [Sharon 匹配] E52DF5F0-02A6-44D7-B63A-D1922CD0E674.jpeg (相似度: 0.669)
  💖 [Sophia 匹配] 1AF18944-22D4-4AA5-A2BF-891D282F869B.jpeg (相似度: 0.581)
  💜 [Sharon 匹配] 1AF18944-22D4-4AA5-A2BF-891D282F869B.jpeg (相似度: 0.669)
  💙 [John 匹配] 1AF18944-22D4-4AA5-A2BF-891D282F869B.jpeg (相似度: 0.723)
  💖 [Sophia 匹配] A83BC596-615B-448C-8176-E034118E2621.jpeg (相似度: 0.573)
  💙 [John 匹配] A83BC596-615B-448C-8176-E034118E2621.jpeg (相似度: 0.724)
  💜 [Sharon 匹配] A83BC596-615B-448C-8176-E034118E2621.jpeg (相似度: 0.723)
  💖 [Sophia 匹配] 27C534EC-E0EE-4823-BE76-1A6A13CE9F3C.jpeg (相似度: 0.622)
  💙 [John 匹配] 27C534EC-E0EE-4823-BE76-1A6A13CE9F3C.jpeg (相似度: 0.711)
  💜 [Sharon 匹配] 27C534EC-E0EE-4823-BE76-1A6A13CE9F3C.jpeg (相似度: 0.705)
  💖 [Sophia 匹配] 09881A87-F607-47D4-A4F9-D80A6B28E376.jpeg (相似度: 0.592)
  💙 [John 匹配] 09881A87-F607-47D4-A4F9-D80A6B28E376.jpeg (相似度: 0.721)
  💜 [Sharon 匹配] 09881A87-F607-47D4-A4F9-D80A6B28E376.jpeg (相似度: 0.674)
  💜 [Sharon 匹配] 07D3AAAD-C84A-4CDE-A7A5-CF1768497F79.jpeg (相似度: 0.629)
  💙 [John 匹配] 07D3AAAD-C84A-4CDE-A7A5-CF1768497F79.jpeg (相似度: 0.623)
  💖 [Sophia 匹配] 07D3AAAD-C84A-4CDE-A7A5-CF1768497F79.jpeg (相似度: 0.533)
  💙 [John 匹配] 5B62EE34-2B8F-4499-992D-FD203AC3C766.jpeg (相似度: 0.703)
  💜 [Sharon 匹配] 5B62EE34-2B8F-4499-992D-FD203AC3C766.jpeg (相似度: 0.718)
  💖 [Sophia 匹配] 5B62EE34-2B8F-4499-992D-FD203AC3C766.jpeg (相似度: 0.595)
  💙 [John 匹配] 78DCEF5E-A668-40FD-AE60-59F9457405A6.jpeg (相似度: 0.679)
  💖 [Sophia 匹配] 78DCEF5E-A668-40FD-AE60-59F9457405A6.jpeg (相似度: 0.588)
  💜 [Sharon 匹配] 78DCEF5E-A668-40FD-AE60-59F9457405A6.jpeg (相似度: 0.731)
  💜 [Sharon 匹配] 94262743-7B59-4C78-B4E4-25838A5585ED.jpeg (相似度: 0.633)
  💖 [Sophia 匹配] 7662182C-CD68-4128-8A21-F5A0105CD33C.jpeg (相似度: 0.643)
  💙 [John 匹配] 7662182C-CD68-4128-8A21-F5A0105CD33C.jpeg (相似度: 0.831)
  💜 [Sharon 匹配] 7662182C-CD68-4128-8A21-F5A0105CD33C.jpeg (相似度: 0.710)
  💜 [Sharon 匹配] 6E6E9E2E-B0C7-4A74-A5E7-E9B6E8BEC58C.jpeg (相似度: 0.796)
  💜 [Sharon 匹配] B1E0F018-95D0-490D-96E1-FD176D9CC25C.jpeg (相似度: 0.859)
  💜 [Sharon 匹配] 90465D9C-D938-4B68-A2E2-2C2AD0F1264F.jpeg (相似度: 0.877)
  💙 [John 匹配] E4C5A519-4A40-4920-A715-723FE6D375D3.jpeg (相似度: 0.990)
  💙 [John 匹配] 954AEF60-9B61-4345-B4A4-7B81AB6A77C0.jpeg (相似度: 0.838)
  💜 [Sharon 匹配] 954AEF60-9B61-4345-B4A4-7B81AB6A77C0.jpeg (相似度: 0.726)
  💙 [John 匹配] 7464721C-6A4E-40C2-BA83-526E95002A47.jpeg (相似度: 0.862)
  💜 [Sharon 匹配] 7464721C-6A4E-40C2-BA83-526E95002A47.jpeg (相似度: 0.756)
  💙 [John 匹配] 6CB8B244-062C-447D-9DE4-C68410799192.jpeg (相似度: 0.832)
  💜 [Sharon 匹配] 6CB8B244-062C-447D-9DE4-C68410799192.jpeg (相似度: 0.700)
  💜 [Sharon 匹配] C2B6DA4D-1B6D-4E83-B60D-E142409E709F.jpeg (相似度: 0.734)
  💜 [Sharon 匹配] 878056D8-3065-4D0B-8F80-BBE6D258987F.jpeg (相似度: 0.771)
  💜 [Sharon 匹配] 9330C210-DBC3-46E5-A49F-573A47B139ED.jpeg (相似度: 0.907)
  💙 [John 匹配] FB2641EE-8BFB-4F7B-9359-AE94DDD66E63.jpeg (相似度: 0.891)
  💜 [Sharon 匹配] FB2641EE-8BFB-4F7B-9359-AE94DDD66E63.jpeg (相似度: 0.800)
  💜 [Sharon 匹配] 91838F18-FAE5-4BBF-9D2C-5665C4F7B1FF.jpeg (相似度: 0.885)
  💜 [Sharon 匹配] B1BB6214-AE9D-4B51-AB9E-450E399C099C.jpeg (相似度: 0.908)
  💙 [John 匹配] C3795D3B-C5A7-4599-B4EE-AE74147D6975.jpeg (相似度: 0.895)
  💙 [John 匹配] 390B4E75-1401-487E-A38B-3B26A0E65C06.jpeg (相似度: 0.909)
  💜 [Sharon 匹配] CCC80448-DA7D-4737-B2B1-F78E8C0FC4C9.jpeg (相似度: 0.783)
  💜 [Sharon 匹配] 05BC60B5-132B-4688-A153-657B28880E6D.jpeg (相似度: 0.871)
  💜 [Sharon 匹配] C829C984-0BBF-4184-A48D-3FC5AD05AF58.jpeg (相似度: 0.974)
  💜 [Sharon 匹配] A55A04FB-6F81-4C45-B12A-26CA535A99FB.jpeg (相似度: 0.761)
  💙 [John 匹配] E4D3B260-ADCE-4AA3-B9BC-3E2A135C694C.jpeg (相似度: 0.814)
  💜 [Sharon 匹配] E4D3B260-ADCE-4AA3-B9BC-3E2A135C694C.jpeg (相似度: 0.688)
  💜 [Sharon 匹配] DA75BAC6-3571-495E-86A1-8B2F0E32E0F6.jpeg (相似度: 0.714)
  💙 [John 匹配] BA838C23-E750-490E-9130-9AD936F25135.jpeg (相似度: 0.687)
  💜 [Sharon 匹配] CF61824E-D390-442A-834C-468AC3E72210.jpeg (相似度: 0.751)
  💙 [John 匹配] D8A64E40-527B-4CA4-9534-BB8AE4C8F984.jpeg (相似度: 0.821)
  💜 [Sharon 匹配] D8A64E40-527B-4CA4-9534-BB8AE4C8F984.jpeg (相似度: 0.669)
  💙 [John 匹配] 0BBB7B48-F686-435E-9947-B5A91F682320.jpeg (相似度: 0.815)
  💜 [Sharon 匹配] 0BBB7B48-F686-435E-9947-B5A91F682320.jpeg (相似度: 0.859)
  💜 [Sharon 匹配] 2C580019-9FE1-4A67-89DD-B33CF0CFDCD5.jpeg (相似度: 0.750)
  💙 [John 匹配] F984CBB3-A56B-47D1-8F68-7347812AA2D0.jpeg (相似度: 0.883)
  💜 [Sharon 匹配] F984CBB3-A56B-47D1-8F68-7347812AA2D0.jpeg (相似度: 0.836)
  💜 [Sharon 匹配] 3CF7E120-7ABE-494C-BAD6-DF6A684DA322.jpeg (相似度: 0.883)
  💙 [John 匹配] AA1CAEC4-5000-4066-B68A-C49FA9B07643.jpeg (相似度: 0.889)
  💜 [Sharon 匹配] AA1CAEC4-5000-4066-B68A-C49FA9B07643.jpeg (相似度: 0.731)
  💜 [Sharon 匹配] EA095721-B25D-4AA9-9F79-B7F406AE153C.jpeg (相似度: 0.854)
  💙 [John 匹配] EFED684D-7878-411C-84FF-BC6312942F48.jpeg (相似度: 0.854)
  💜 [Sharon 匹配] 775495BC-5386-4373-9183-C5F51379B323.jpeg (相似度: 0.777)
  💙 [John 匹配] 49E2850D-D428-46D3-96E2-397365C84059.jpeg (相似度: 0.893)
  💜 [Sharon 匹配] 6A133D8C-FD4C-4AE3-B2A6-9E01C13A5013.jpeg (相似度: 0.779)
  💙 [John 匹配] 93D75F24-7454-4383-86B1-931B726660F2.jpeg (相似度: 0.863)
  💜 [Sharon 匹配] 3F00A5F0-7314-439F-8A32-B2D3887D0111.jpeg (相似度: 0.890)
  💜 [Sharon 匹配] 510ECE9B-C4E3-48AB-9132-DBA7FEDC1BFA.jpeg (相似度: 0.763)
  💜 [Sharon 匹配] 40B8EFF3-AAE0-43B8-9DB1-3362FCF2DF17.jpeg (相似度: 0.947)
  💙 [John 匹配] 91865555-7943-4AEC-A708-6DD62EC4F70F.jpeg (相似度: 0.881)
  💜 [Sharon 匹配] 91865555-7943-4AEC-A708-6DD62EC4F70F.jpeg (相似度: 0.746)
  💜 [Sharon 匹配] E3E7C847-5219-447C-805A-1B6BC814BE53.jpeg (相似度: 0.766)
  💜 [Sharon 匹配] FBD05B33-2A84-48BA-AB54-79D1CB04CE49.jpeg (相似度: 0.739)
  💙 [John 匹配] 14B5123E-AC56-4434-A2DF-9C8F2D2EDD2B.jpeg (相似度: 0.993)
  💜 [Sharon 匹配] 07E1414F-383E-4A0D-A698-0F9133ADEB2C.jpeg (相似度: 0.848)
  💜 [Sharon 匹配] 95A9E799-185B-457A-A7E6-009A8E9BF744.jpeg (相似度: 0.913)
  💙 [John 匹配] FEFD3996-52D4-4CC4-BA5C-9E5BBD31FB49.jpeg (相似度: 0.907)
  💜 [Sharon 匹配] 31416593-95E4-4B66-BB7F-B38D92E176FB.jpeg (相似度: 0.874)
  💜 [Sharon 匹配] D0759E16-0862-4521-8AFF-FFA9D1B51AD5.jpeg (相似度: 0.873)
  💜 [Sharon 匹配] 1D1E8B81-6252-4D89-B029-FE63BB023A92.jpeg (相似度: 0.725)
  💜 [Sharon 匹配] 785A2DF7-1CDB-45B4-BC5A-55454C90E790.jpeg (相似度: 0.703)
  💜 [Sharon 匹配] 8FEB4AC0-3606-408A-A29B-EE4025A2A350.jpeg (相似度: 0.775)
  💙 [John 匹配] 8FEB4AC0-3606-408A-A29B-EE4025A2A350.jpeg (相似度: 0.870)
  💙 [John 匹配] BFF416AF-45F3-4091-A868-6D57E1BF6200.jpeg (相似度: 0.931)
  💜 [Sharon 匹配] 62F166AF-5AFC-4FBC-B20E-5730D24727E7.jpeg (相似度: 0.901)
  💜 [Sharon 匹配] 4EBDD59B-4BC3-4A49-9DAA-C7AA9AE0BD2C.jpeg (相似度: 0.710)
  💜 [Sharon 匹配] A147BB87-1D15-4A17-AC74-8FF7BE864126.jpeg (相似度: 0.724)
  💜 [Sharon 匹配] 572F67F8-56D2-4A9E-92E8-7F942134F4BD.jpeg (相似度: 0.888)
  💖 [Sophia 匹配] 31C37275-2027-46A8-8B1F-539FF553F270.jpeg (相似度: 0.636)
  💙 [John 匹配] 31C37275-2027-46A8-8B1F-539FF553F270.jpeg (相似度: 0.832)
  💜 [Sharon 匹配] 31C37275-2027-46A8-8B1F-539FF553F270.jpeg (相似度: 0.696)
  💙 [John 匹配] 6F5BD965-C698-468C-9A5A-B9607790E6F3.jpeg (相似度: 0.890)
  💜 [Sharon 匹配] 6F5BD965-C698-468C-9A5A-B9607790E6F3.jpeg (相似度: 0.752)
  💙 [John 匹配] FE4E022C-D243-4A42-9F5F-925FCD61929D.jpeg (相似度: 0.844)
  💜 [Sharon 匹配] FE4E022C-D243-4A42-9F5F-925FCD61929D.jpeg (相似度: 0.681)
  💜 [Sharon 匹配] BAE13CEA-C532-428D-8BA7-F2ED6B659131.jpeg (相似度: 0.924)
  💙 [John 匹配] D1A0092B-BCC4-452C-8FB2-2374FFD458CD.jpeg (相似度: 0.809)
  💜 [Sharon 匹配] D1A0092B-BCC4-452C-8FB2-2374FFD458CD.jpeg (相似度: 0.852)
  💙 [John 匹配] B92D27F4-F7FC-4C75-AB26-02CA4F06120D.jpeg (相似度: 0.920)
  💜 [Sharon 匹配] A1D0E32A-FE86-4DE8-A089-39798A60AB7E.jpeg (相似度: 0.787)
  💜 [Sharon 匹配] F2E8CF93-8B24-47D3-8B47-1CB79AFCBE8B.jpeg (相似度: 0.925)
  💜 [Sharon 匹配] 99449B9B-A074-44BC-B8D3-31AE3FBE1B04.jpeg (相似度: 0.771)
  💜 [Sharon 匹配] BD9544C1-DE23-41DC-A384-CC32F8F473EB.jpeg (相似度: 0.826)
  💜 [Sharon 匹配] 37EB65DD-CDB6-4B69-B89B-F5B08A733194.jpeg (相似度: 0.766)
  💙 [John 匹配] 1C3C4697-44D5-4F00-923B-A0E64B68DA56.jpeg (相似度: 0.890)
  💜 [Sharon 匹配] 1C3C4697-44D5-4F00-923B-A0E64B68DA56.jpeg (相似度: 0.754)
  💜 [Sharon 匹配] C02AB18D-0308-4381-8A7D-B25D0E268847.jpeg (相似度: 0.903)
  💙 [John 匹配] 8616716E-C196-4F91-B605-51EDB85786EA.jpeg (相似度: 0.896)
  💜 [Sharon 匹配] D1298C51-7C35-4FF1-ACA6-211BEC486734.jpeg (相似度: 0.736)
  💙 [John 匹配] D1298C51-7C35-4FF1-ACA6-211BEC486734.jpeg (相似度: 0.844)
  💙 [John 匹配] F3B04AF6-6818-49B8-8BC9-8FA3B946ACF4.jpeg (相似度: 0.850)
  💜 [Sharon 匹配] F3B04AF6-6818-49B8-8BC9-8FA3B946ACF4.jpeg (相似度: 0.753)
  💜 [Sharon 匹配] 6CA48627-A2BF-42CC-BECF-3478E0970C29.jpeg (相似度: 0.801)
  💙 [John 匹配] 6CA48627-A2BF-42CC-BECF-3478E0970C29.jpeg (相似度: 0.891)
  💙 [John 匹配] 9B487C90-C764-4302-9DC5-A8034AFBFF29.jpeg (相似度: 0.879)
  💙 [John 匹配] 3AEB18D9-DA89-40A1-AAED-DB1FEF4F71DD.jpeg (相似度: 0.909)
  💜 [Sharon 匹配] 195182FE-0BAC-4104-9D6A-20EB5DC66A53.jpeg (相似度: 0.746)
  💜 [Sharon 匹配] 62BF2DC4-18E0-4FDD-81A4-01EBD7506650.jpeg (相似度: 0.736)
  💜 [Sharon 匹配] 16FEF6F4-B761-4214-9B9E-5EB6D4738969.jpeg (相似度: 0.910)
  💙 [John 匹配] A8AD8476-CC41-467F-A9FB-9031CA730052.jpeg (相似度: 0.845)
  💙 [John 匹配] 9FCB0E43-D5B7-4DAB-B60D-13B13782DEF1.jpeg (相似度: 0.837)
  💜 [Sharon 匹配] 0A3D557D-B1DC-44D0-BA20-23D4EA34D0ED.jpeg (相似度: 0.599)
  💜 [Sharon 匹配] 90D391C0-2155-4D9B-985B-E158D608A7B3.jpeg (相似度: 0.719)
  💜 [Sharon 匹配] 9E36816C-901F-4801-8E93-95887B3C6107.jpeg (相似度: 0.730)
  💜 [Sharon 匹配] 16955D75-B887-4378-8CCF-438B41C6BE5C.jpeg (相似度: 0.576)
  💜 [Sharon 匹配] 9EB6F92C-841E-480F-8B58-62AC59871ABA.jpeg (相似度: 0.770)
  💜 [Sharon 匹配] CF3B3F8B-79F4-45A5-9F70-011222EC82A3.jpeg (相似度: 0.733)
  💙 [John 匹配] B4D78D43-3587-4FC9-AFC5-4EE3183EA8B4.jpeg (相似度: 0.851)
  💜 [Sharon 匹配] A48E4F66-5D04-4D34-AA5A-974688A6FFE1.jpeg (相似度: 0.801)
  💜 [Sharon 匹配] 9BCF75EB-33C3-414E-B8A4-B191799108EB.jpeg (相似度: 0.811)
  💙 [John 匹配] 01D1B8C4-536A-425A-8CF2-19D77DA015EA.jpeg (相似度: 0.912)
  💜 [Sharon 匹配] 331839FE-7B6E-41DE-A2D1-19578DE70C68.jpeg (相似度: 0.861)
  💜 [Sharon 匹配] CE6AFCF7-FAA7-4C98-8538-ED8C27DBECCD.jpeg (相似度: 0.750)
  💜 [Sharon 匹配] 4C1D8BD9-BADA-416C-BCAD-8ADD46B2E750.jpeg (相似度: 0.865)
  💜 [Sharon 匹配] 842C174C-A048-4E72-B833-F7B3152B7439.jpeg (相似度: 0.892)
  💙 [John 匹配] D9F902C2-9B25-40BC-8B5E-E3DF95A3FC15.jpeg (相似度: 0.858)
  💜 [Sharon 匹配] D9F902C2-9B25-40BC-8B5E-E3DF95A3FC15.jpeg (相似度: 0.768)
  💜 [Sharon 匹配] 322B787F-3261-4D11-B0B0-8D20C416200D.jpeg (相似度: 0.828)
  💙 [John 匹配] 322B787F-3261-4D11-B0B0-8D20C416200D.jpeg (相似度: 0.887)
  💜 [Sharon 匹配] 29940402-4006-48EF-9D39-D17D89AF6B02.jpeg (相似度: 0.730)
  💙 [John 匹配] 7B60BEAF-C66B-4BB5-95A1-C1BF00B9CF72.jpeg (相似度: 0.929)
  💜 [Sharon 匹配] 8ED8DA07-D9BB-4424-920E-A3A740278040.jpeg (相似度: 0.890)
  💙 [John 匹配] 3B6CBAF6-68DB-4EE0-BEA3-5A21E8EE2319.jpeg (相似度: 0.842)
  💜 [Sharon 匹配] C50C4A0F-71CF-416D-B31F-4AD4D4E84BFF.jpeg (相似度: 0.902)
  💙 [John 匹配] AF0FFD83-3026-45AA-BEA2-26908F5ABB68.jpeg (相似度: 0.859)
  💜 [Sharon 匹配] AF0FFD83-3026-45AA-BEA2-26908F5ABB68.jpeg (相似度: 0.716)
  💜 [Sharon 匹配] 1B3EF6ED-AD53-4BDF-B6A5-74504BACE52D.jpeg (相似度: 0.874)
  💜 [Sharon 匹配] 9B594293-DF32-46FB-9518-357EB0001517.jpeg (相似度: 0.879)
  💜 [Sharon 匹配] 842F1AD2-EF80-4E7C-B3A5-73E37121C626.jpeg (相似度: 0.665)
  💜 [Sharon 匹配] E4279B43-8F28-4354-BEE1-370A37811888.jpeg (相似度: 0.907)
  💙 [John 匹配] DCDA95A6-BE8F-4462-9446-2C678EC6A655.jpeg (相似度: 0.880)
  💜 [Sharon 匹配] DCDA95A6-BE8F-4462-9446-2C678EC6A655.jpeg (相似度: 0.770)
  💜 [Sharon 匹配] 30A97823-12E6-4E1F-9286-2C5FFDA0509E.jpeg (相似度: 0.718)
  💜 [Sharon 匹配] CA95D845-9FEE-49D5-A8B9-12DA885CA918.jpeg (相似度: 0.558)
  💜 [Sharon 匹配] C0D36847-A214-47C3-97DE-C550B811AC1B.jpeg (相似度: 0.731)
  💜 [Sharon 匹配] 813F43EA-3D64-4AFE-B0D1-8F9737EE7A2E.jpeg (相似度: 0.728)
  💜 [Sharon 匹配] F8CCE2AC-ED8D-479F-BF51-85568C800154.jpeg (相似度: 0.755)
  💖 [Sophia 匹配] 3BD11E3C-6D50-435A-92B4-93245795F7B4.jpeg (相似度: 0.436)
  💙 [John 匹配] 3BD11E3C-6D50-435A-92B4-93245795F7B4.jpeg (相似度: 0.678)
  💖 [Sophia 匹配] 33003577-E6AD-4775-8ACE-CD942E605B15.jpeg (相似度: 0.467)
  💙 [John 匹配] 33003577-E6AD-4775-8ACE-CD942E605B15.jpeg (相似度: 0.448)
  💖 [Sophia 匹配] 5D080E66-38BC-4649-85BD-D99403D7864E.jpeg (相似度: 0.434)
  💖 [Sophia 匹配] DE0EAA0E-0BDD-4B1F-8AC1-9A505FA0FFC7.jpeg (相似度: 0.457)
  💖 [Sophia 匹配] 3FE1D690-021D-4661-B782-4ED6BA28D26A.jpeg (相似度: 0.402)
  💖 [Sophia 匹配] A5D85697-3150-48ED-A6FB-D9F401E3501F.jpeg (相似度: 0.482)
  💖 [Sophia 匹配] 71DAE9A9-54B4-41B6-9D47-2A25E132CC51.jpeg (相似度: 0.510)
  💙 [John 匹配] A975ADE5-3FFF-4DAB-9840-303291DD2CAC.jpeg (相似度: 0.679)
  💜 [Sharon 匹配] A975ADE5-3FFF-4DAB-9840-303291DD2CAC.jpeg (相似度: 0.685)
  💖 [Sophia 匹配] 7C8056A1-8B16-49FD-9CA6-074E672F96FF.jpeg (相似度: 0.456)
  💜 [Sharon 匹配] 3CE12C3D-D2E9-499D-9486-215DFBB43768.jpeg (相似度: 0.534)
  💜 [Sharon 匹配] E3CE74F1-D052-4267-B51C-D945D18B479D.jpeg (相似度: 0.729)
  💙 [John 匹配] F2AF084E-664B-4310-B894-EC85922C8AA8.jpeg (相似度: 0.699)
  💜 [Sharon 匹配] 626580A9-8943-4BAE-B1E9-30B072DBB6B8.jpeg (相似度: 0.602)
  💜 [Sharon 匹配] 65FE5555-6F37-4402-A905-3DDCC0881A2B_1_201_a.jpeg (相似度: 0.584)
  💖 [Sophia 匹配] 0E0211D7-F094-4348-9CD6-B0314706BB7B.jpeg (相似度: 0.566)
  💙 [John 匹配] 0E0211D7-F094-4348-9CD6-B0314706BB7B.jpeg (相似度: 0.766)
  💜 [Sharon 匹配] 624D317F-4AF4-4C20-AF40-5AB2812428AF.jpeg (相似度: 0.665)
  💖 [Sophia 匹配] 62E3E17B-1C36-4D96-B80D-E2B8CA05A568.jpeg (相似度: 0.456)
  💖 [Sophia 匹配] 07F1FF55-262A-4B6C-B646-B0F113CED75B.jpeg (相似度: 0.577)
  💜 [Sharon 匹配] 07F1FF55-262A-4B6C-B646-B0F113CED75B.jpeg (相似度: 0.686)
  💖 [Sophia 匹配] E3C43EAA-FA4C-47D2-A9FF-8E47BF0CC7C3.jpeg (相似度: 0.625)
  💜 [Sharon 匹配] E3C43EAA-FA4C-47D2-A9FF-8E47BF0CC7C3.jpeg (相似度: 0.719)
  💜 [Sharon 匹配] B5096BC2-B8B5-401D-A07E-E4374996009D.jpeg (相似度: 0.691)
  💖 [Sophia 匹配] B5096BC2-B8B5-401D-A07E-E4374996009D.jpeg (相似度: 0.613)
  💙 [John 匹配] B3B8FCD2-B2C6-47F1-8154-B8679A6E40ED.jpeg (相似度: 0.732)
  💜 [Sharon 匹配] B3B8FCD2-B2C6-47F1-8154-B8679A6E40ED.jpeg (相似度: 0.697)
  💖 [Sophia 匹配] B3B8FCD2-B2C6-47F1-8154-B8679A6E40ED.jpeg (相似度: 0.513)
  💖 [Sophia 匹配] 907CCFBB-4A30-4DCF-B378-61BBFECAE0C5.jpeg (相似度: 0.500)
  💙 [John 匹配] 907CCFBB-4A30-4DCF-B378-61BBFECAE0C5.jpeg (相似度: 0.708)
  💜 [Sharon 匹配] 907CCFBB-4A30-4DCF-B378-61BBFECAE0C5.jpeg (相似度: 0.649)
  💜 [Sharon 匹配] DA33CC4F-F54C-43EB-8520-0A683A41DF46.jpeg (相似度: 0.662)
  💖 [Sophia 匹配] DA33CC4F-F54C-43EB-8520-0A683A41DF46.jpeg (相似度: 0.572)
  💙 [John 匹配] DA33CC4F-F54C-43EB-8520-0A683A41DF46.jpeg (相似度: 0.716)
  💖 [Sophia 匹配] 2574CB5F-1F26-4749-A82D-AC668AF4FE87_1_201_a.jpeg (相似度: 0.585)
  💖 [Sophia 匹配] 77757EFD-C876-4BF0-9F53-0174FF71C755.jpeg (相似度: 0.584)
  💙 [John 匹配] 77757EFD-C876-4BF0-9F53-0174FF71C755.jpeg (相似度: 0.738)
  💜 [Sharon 匹配] 77757EFD-C876-4BF0-9F53-0174FF71C755.jpeg (相似度: 0.621)
  💖 [Sophia 匹配] 132751A6-DDB3-4CFE-A3ED-64E40BE4548A.jpeg (相似度: 0.603)
  💙 [John 匹配] 132751A6-DDB3-4CFE-A3ED-64E40BE4548A.jpeg (相似度: 0.688)
  💜 [Sharon 匹配] 132751A6-DDB3-4CFE-A3ED-64E40BE4548A.jpeg (相似度: 0.677)
  💜 [Sharon 匹配] 0BE388FF-5499-4C51-9847-540108EE7256.jpeg (相似度: 0.635)
  💖 [Sophia 匹配] 0BE388FF-5499-4C51-9847-540108EE7256.jpeg (相似度: 0.587)
  💙 [John 匹配] 0BE388FF-5499-4C51-9847-540108EE7256.jpeg (相似度: 0.785)
  💜 [Sharon 匹配] D5F19105-E06C-4A6D-8008-14CF8C828E12_1_201_a.jpeg (相似度: 0.716)
  💖 [Sophia 匹配] B2A2AEB2-9390-4412-BDFD-D5B061883111.jpeg (相似度: 0.586)
  💙 [John 匹配] B2A2AEB2-9390-4412-BDFD-D5B061883111.jpeg (相似度: 0.735)
  💜 [Sharon 匹配] B2A2AEB2-9390-4412-BDFD-D5B061883111.jpeg (相似度: 0.684)
  💖 [Sophia 匹配] 01F167D9-A95C-499F-A2D2-2FD6E1F1CC39_1_201_a.jpeg (相似度: 0.562)
  💜 [Sharon 匹配] 6F127E14-3C8C-414A-BAF0-EFB4169D551E.jpeg (相似度: 0.588)
  💖 [Sophia 匹配] B565895E-36EA-42D8-98EA-AA64594E4FB6_1_201_a.jpeg (相似度: 0.607)
  💙 [John 匹配] B0485DE7-5DD3-4BCE-81A8-C95F9C335304.jpeg (相似度: 0.702)
  💜 [Sharon 匹配] B0485DE7-5DD3-4BCE-81A8-C95F9C335304.jpeg (相似度: 0.708)
  💜 [Sharon 匹配] 2448593C-843F-48E1-BAD9-67CBD4C3E4C7.jpeg (相似度: 0.555)
  💙 [John 匹配] 2448593C-843F-48E1-BAD9-67CBD4C3E4C7.jpeg (相似度: 0.694)
  💜 [Sharon 匹配] 114844B6-1AA8-4E16-80DF-2A3A069BDE3E.jpeg (相似度: 0.735)
  💙 [John 匹配] 114844B6-1AA8-4E16-80DF-2A3A069BDE3E.jpeg (相似度: 0.726)
  💜 [Sharon 匹配] 7E2B2F13-89FA-4CC0-A2F6-B7BBE05B1A9F.jpeg (相似度: 0.582)
  💙 [John 匹配] 7E2B2F13-89FA-4CC0-A2F6-B7BBE05B1A9F.jpeg (相似度: 0.749)
  💙 [John 匹配] 319AE68D-75DF-4011-B68F-1C1EF213588E.jpeg (相似度: 0.776)
  💜 [Sharon 匹配] 319AE68D-75DF-4011-B68F-1C1EF213588E.jpeg (相似度: 0.543)
  💖 [Sophia 匹配] F1DB4E26-7E14-48D5-81A4-431821D9133C.jpeg (相似度: 0.582)
  💙 [John 匹配] F1DB4E26-7E14-48D5-81A4-431821D9133C.jpeg (相似度: 0.781)
  💜 [Sharon 匹配] EC441D2D-0B52-447C-901F-8F0814BF8438.jpeg (相似度: 0.657)
  💙 [John 匹配] EC441D2D-0B52-447C-901F-8F0814BF8438.jpeg (相似度: 0.675)
  💙 [John 匹配] AD6F2BF8-241B-4B2C-9B4F-725F43EAB5DF.jpeg (相似度: 0.719)
  💜 [Sharon 匹配] AD6F2BF8-241B-4B2C-9B4F-725F43EAB5DF.jpeg (相似度: 0.756)
  💜 [Sharon 匹配] A51D92F5-8D97-4E28-B920-EE6781C3F71F.jpeg (相似度: 0.560)
  💜 [Sharon 匹配] 7C93553F-756F-4DE2-9425-3E865B587E15_1_201_a.jpeg (相似度: 0.688)
  💖 [Sophia 匹配] AD610B4B-119F-4EEF-B44A-C0FC85EEE4AF_1_201_a.jpeg (相似度: 0.628)
  💙 [John 匹配] BB9EAF90-6C59-4FAE-801D-E1B6FFB457EB.jpeg (相似度: 0.725)
  💜 [Sharon 匹配] BB9EAF90-6C59-4FAE-801D-E1B6FFB457EB.jpeg (相似度: 0.732)
  💙 [John 匹配] 7529F7EB-1DB0-4F71-9EBD-D9F3C0F67980.jpeg (相似度: 0.784)
  💖 [Sophia 匹配] 7529F7EB-1DB0-4F71-9EBD-D9F3C0F67980.jpeg (相似度: 0.592)
  💖 [Sophia 匹配] D7D66A1F-B810-4061-82B8-07FF6C6A8562.jpeg (相似度: 0.598)
  💙 [John 匹配] D7D66A1F-B810-4061-82B8-07FF6C6A8562.jpeg (相似度: 0.751)
  💜 [Sharon 匹配] D7D66A1F-B810-4061-82B8-07FF6C6A8562.jpeg (相似度: 0.710)
  💜 [Sharon 匹配] 68EB8226-9C17-42B2-9A27-9168B51BF7B9.jpeg (相似度: 0.677)
  💙 [John 匹配] 68EB8226-9C17-42B2-9A27-9168B51BF7B9.jpeg (相似度: 0.696)
  💜 [Sharon 匹配] 165E4019-A5BB-4AF8-910F-D94C768BFC40.jpeg (相似度: 0.724)
  💙 [John 匹配] 165E4019-A5BB-4AF8-910F-D94C768BFC40.jpeg (相似度: 0.742)
  💖 [Sophia 匹配] 2CA6266D-DB9F-4809-88C4-46809A1D002C.jpeg (相似度: 0.630)
  💙 [John 匹配] 2CA6266D-DB9F-4809-88C4-46809A1D002C.jpeg (相似度: 0.741)
  💜 [Sharon 匹配] 2CA6266D-DB9F-4809-88C4-46809A1D002C.jpeg (相似度: 0.686)
  💙 [John 匹配] 35EB2CB8-407C-4AE4-A8E4-F39A38166F34.jpeg (相似度: 0.704)
  💜 [Sharon 匹配] 35EB2CB8-407C-4AE4-A8E4-F39A38166F34.jpeg (相似度: 0.690)
  💜 [Sharon 匹配] 9A87FDAD-5044-4380-A36F-82857241AB4B.jpeg (相似度: 0.712)
  💙 [John 匹配] 9A87FDAD-5044-4380-A36F-82857241AB4B.jpeg (相似度: 0.733)
  💜 [Sharon 匹配] 1B297CAB-E691-4A88-A40A-99E5E20C5F1A.jpeg (相似度: 0.741)
  💜 [Sharon 匹配] BCDE98B8-6DB9-4C66-885D-D13278F8BE5C.jpeg (相似度: 0.760)
  💜 [Sharon 匹配] 0D57FD2B-CFF4-4B76-992D-1D1E351F5D17.jpeg (相似度: 0.670)
  💙 [John 匹配] 0D57FD2B-CFF4-4B76-992D-1D1E351F5D17.jpeg (相似度: 0.761)
  💜 [Sharon 匹配] 0CDC78C2-CB42-4735-ACB5-D7B0FA60B73B.jpeg (相似度: 0.710)
  💜 [Sharon 匹配] 1CDD8A4D-976C-4234-8BB5-06C099BD0581.jpeg (相似度: 0.745)
  💜 [Sharon 匹配] 2F9B1A59-64E5-47BD-BBEE-427986F3AF4D.jpeg (相似度: 0.712)
  💙 [John 匹配] 0B04D8FD-4C8C-44FB-9FF1-33039B4AE16A.jpeg (相似度: 0.667)
  💜 [Sharon 匹配] 0B04D8FD-4C8C-44FB-9FF1-33039B4AE16A.jpeg (相似度: 0.490)
  💜 [Sharon 匹配] D8A1B7DC-FD26-4B8D-95F0-1E316C29F6C3.jpeg (相似度: 0.540)
  💙 [John 匹配] 9C0703C8-C422-4D8E-B5BE-5944DE9B3CF1.jpeg (相似度: 0.677)
  💜 [Sharon 匹配] 9C0703C8-C422-4D8E-B5BE-5944DE9B3CF1.jpeg (相似度: 0.457)
  💜 [Sharon 匹配] 6E398131-7688-4B8D-9E2D-9751F4658E9D.jpeg (相似度: 0.713)
  💙 [John 匹配] 6E398131-7688-4B8D-9E2D-9751F4658E9D.jpeg (相似度: 0.731)
  💙 [John 匹配] 4ABB53C8-011D-47C4-BFB2-D0BD42091AF3.jpeg (相似度: 0.774)
  💜 [Sharon 匹配] 4ABB53C8-011D-47C4-BFB2-D0BD42091AF3.jpeg (相似度: 0.702)
  💜 [Sharon 匹配] 96D443F8-4AB1-43DB-B515-0ADD4234A787.jpeg (相似度: 0.723)
  💖 [Sophia 匹配] 68DB7998-23FC-41C2-9B49-B399EE5FA367.jpeg (相似度: 0.618)
  💜 [Sharon 匹配] 68DB7998-23FC-41C2-9B49-B399EE5FA367.jpeg (相似度: 0.722)
  💜 [Sharon 匹配] 175B8F30-6E18-4D6D-ADE4-D5FF636BFB8E.jpeg (相似度: 0.681)
  💜 [Sharon 匹配] E8DAAEDD-BCAD-4D24-851B-DCE798DA5A1B.jpeg (相似度: 0.649)
  💖 [Sophia 匹配] 7F721850-B1DE-4C70-A38F-7530EED33248.jpeg (相似度: 0.561)
  💙 [John 匹配] 7F721850-B1DE-4C70-A38F-7530EED33248.jpeg (相似度: 0.755)
  💙 [John 匹配] D1375AAF-F74C-4633-81A9-D9F688CE42C3.jpeg (相似度: 0.765)
  💖 [Sophia 匹配] D1375AAF-F74C-4633-81A9-D9F688CE42C3.jpeg (相似度: 0.600)
  💜 [Sharon 匹配] 17B6E3F5-0D23-4EE9-961C-4B586272EBB1.jpeg (相似度: 0.705)
  💖 [Sophia 匹配] 17B6E3F5-0D23-4EE9-961C-4B586272EBB1.jpeg (相似度: 0.633)
  💜 [Sharon 匹配] 99555347-3B95-40BD-8721-445654CDEB9A.jpeg (相似度: 0.740)
  💜 [Sharon 匹配] F9A49511-C3D7-4D36-B59F-3D6DBBFDAE8A_1_201_a.jpeg (相似度: 0.621)
  💙 [John 匹配] F9A49511-C3D7-4D36-B59F-3D6DBBFDAE8A_1_201_a.jpeg (相似度: 0.720)
  💜 [Sharon 匹配] C1500D17-E22B-4172-ADEE-6901AEAB20A0.jpeg (相似度: 0.739)
  💜 [Sharon 匹配] 791C7FC1-9B23-4FF3-81A3-4A12A3272BD8.jpeg (相似度: 0.735)
  💜 [Sharon 匹配] E5848561-46BB-4CC5-B157-3F215ECF433D.jpeg (相似度: 0.747)
  💜 [Sharon 匹配] 877093CC-543B-41E5-80E8-94B492B2FD14.jpeg (相似度: 0.784)
  💖 [Sophia 匹配] 7BE32421-F7EC-431C-8953-DB23E82DD9A5.jpeg (相似度: 0.587)
  💙 [John 匹配] 7BE32421-F7EC-431C-8953-DB23E82DD9A5.jpeg (相似度: 0.601)
  💜 [Sharon 匹配] 0C984BB5-472C-466E-B432-0965EC4CAFDA.jpeg (相似度: 0.786)
  💜 [Sharon 匹配] E3562C06-0CF5-4EBB-9550-E3CC9BF301DD.jpeg (相似度: 0.658)
  💖 [Sophia 匹配] 96B2B505-B9D5-4AC6-8847-EBB9C36B6456.jpeg (相似度: 0.641)
  💜 [Sharon 匹配] 96B2B505-B9D5-4AC6-8847-EBB9C36B6456.jpeg (相似度: 0.728)
  💜 [Sharon 匹配] 30261BAD-3FF5-4B4E-A182-595508DB33B5.jpeg (相似度: 0.705)
  💖 [Sophia 匹配] 30261BAD-3FF5-4B4E-A182-595508DB33B5.jpeg (相似度: 0.588)
  💜 [Sharon 匹配] A5223394-B627-44BE-A2BD-D54570B30C26.jpeg (相似度: 0.718)
  💜 [Sharon 匹配] 6E169731-0EF8-4C9A-9F44-E02406FADD3A.jpeg (相似度: 0.719)
  💜 [Sharon 匹配] E71E594B-2F0E-4D42-A49C-85F000C0A1CA.jpeg (相似度: 0.720)
  💜 [Sharon 匹配] 04E0BD32-C76C-4B93-9F7D-E140FA600EA2.jpeg (相似度: 0.760)
  💙 [John 匹配] 58E7DDCB-583F-4AA7-A4F1-410D84CDD5CE.jpeg (相似度: 0.770)
  💜 [Sharon 匹配] 58E7DDCB-583F-4AA7-A4F1-410D84CDD5CE.jpeg (相似度: 0.682)
  💜 [Sharon 匹配] 144D38F1-E4C9-46DC-A2EE-D40658CB9CE7.jpeg (相似度: 0.685)
  💖 [Sophia 匹配] 3748853F-77AE-4F05-9979-537E74340EFF.jpeg (相似度: 0.614)
  💜 [Sharon 匹配] 3748853F-77AE-4F05-9979-537E74340EFF.jpeg (相似度: 0.724)
  💜 [Sharon 匹配] 38AD8401-6B9E-4C9B-9FAA-308B77595D70.jpeg (相似度: 0.732)
  💖 [Sophia 匹配] F382570B-A29E-453E-8F56-532742D99245.jpeg (相似度: 0.670)
  💜 [Sharon 匹配] F382570B-A29E-453E-8F56-532742D99245.jpeg (相似度: 0.724)
  💜 [Sharon 匹配] 62281F5A-BA7C-4840-B405-AF395B80669A.jpeg (相似度: 0.700)
  💙 [John 匹配] 8CECF3D1-CCE6-42D3-B67C-91212D74B69B.jpeg (相似度: 0.660)
  💖 [Sophia 匹配] 8CECF3D1-CCE6-42D3-B67C-91212D74B69B.jpeg (相似度: 0.562)
  💖 [Sophia 匹配] 4A980A82-70EE-4538-A046-6BCEA7F85157.jpeg (相似度: 0.626)
  💜 [Sharon 匹配] 4A980A82-70EE-4538-A046-6BCEA7F85157.jpeg (相似度: 0.728)
  💜 [Sharon 匹配] D67AA847-BC24-4CF2-B23A-24EED6F8C1FB.jpeg (相似度: 0.720)
  💜 [Sharon 匹配] 60AF62E4-6E80-4503-BCD9-03A1269B19D6.jpeg (相似度: 0.730)
  💖 [Sophia 匹配] DCE316AB-3A24-471E-9505-08F72487CC83.jpeg (相似度: 0.460)
  💙 [John 匹配] 769F9E7B-83A1-4CDC-A3CB-5AF9C9B9118C.jpeg (相似度: 0.768)
  💜 [Sharon 匹配] 769F9E7B-83A1-4CDC-A3CB-5AF9C9B9118C.jpeg (相似度: 0.720)
  💖 [Sophia 匹配] 0D5ACE4F-A3E9-4C97-B6CE-AEF41BE82378.jpeg (相似度: 0.620)
  💙 [John 匹配] 0D5ACE4F-A3E9-4C97-B6CE-AEF41BE82378.jpeg (相似度: 0.656)
  💜 [Sharon 匹配] 36820297-17BF-410A-9440-61312FF98BA9.jpeg (相似度: 0.599)
  💖 [Sophia 匹配] 77597E22-ADE6-43FA-B060-1F774AFF2C91.jpeg (相似度: 0.621)
  💜 [Sharon 匹配] 77597E22-ADE6-43FA-B060-1F774AFF2C91.jpeg (相似度: 0.777)
  💖 [Sophia 匹配] EFAC3A76-5726-421A-9B82-A05C05223493.jpeg (相似度: 0.630)
  💖 [Sophia 匹配] F2A277D0-72F7-459B-909A-7F8F6740841B.jpeg (相似度: 0.457)
  💖 [Sophia 匹配] FE3B682E-33CF-441D-9BA9-0B3EB95FD761.jpeg (相似度: 0.618)
  💙 [John 匹配] FE3B682E-33CF-441D-9BA9-0B3EB95FD761.jpeg (相似度: 0.763)
  💖 [Sophia 匹配] 6038BA6B-EEC8-4027-ABBD-D9E5123121FF.jpeg (相似度: 0.654)
  💜 [Sharon 匹配] 6038BA6B-EEC8-4027-ABBD-D9E5123121FF.jpeg (相似度: 0.742)
  💜 [Sharon 匹配] 7EFD372A-BEF1-4662-9835-51F18EFDDE74.jpeg (相似度: 0.659)
  💙 [John 匹配] 7EFD372A-BEF1-4662-9835-51F18EFDDE74.jpeg (相似度: 0.802)
  💖 [Sophia 匹配] C6EE3635-A674-429C-BC81-CEEDA485E218.jpeg (相似度: 0.621)
  💙 [John 匹配] 5AC7151F-179F-4BD1-9AEC-19AEC34455BD.jpeg (相似度: 0.756)
  💜 [Sharon 匹配] 89927CBF-6FB5-4537-AB31-A93227FAF0D4.jpeg (相似度: 0.694)
  💜 [Sharon 匹配] 4F18C83A-1D63-4F70-B389-858F5EF77E60.jpeg (相似度: 0.588)
  💙 [John 匹配] 651E0D51-A70E-4988-B8BC-50A6DE513C8B.jpeg (相似度: 0.789)
  💖 [Sophia 匹配] BC7713BC-284C-4403-A9C8-C7CE068EF669.jpeg (相似度: 0.658)
  💙 [John 匹配] BC7713BC-284C-4403-A9C8-C7CE068EF669.jpeg (相似度: 0.765)
  💖 [Sophia 匹配] C2807449-D213-4CE1-95C1-0DC9B4072529.jpeg (相似度: 0.570)
  💖 [Sophia 匹配] 25E940C5-6BD7-4103-B83D-42004FC807B4.jpeg (相似度: 0.615)
  💙 [John 匹配] 25E940C5-6BD7-4103-B83D-42004FC807B4.jpeg (相似度: 0.702)
  💜 [Sharon 匹配] F006A3DD-258D-4C23-865B-63CA18C3992E.jpeg (相似度: 0.588)
  💖 [Sophia 匹配] F006A3DD-258D-4C23-865B-63CA18C3992E.jpeg (相似度: 0.552)
  💖 [Sophia 匹配] 249292D9-679C-4CE2-B2E9-B495724132C2.jpeg (相似度: 0.630)
  💙 [John 匹配] 249292D9-679C-4CE2-B2E9-B495724132C2.jpeg (相似度: 0.639)
  💙 [John 匹配] 0C30CF17-3B7D-437E-B8B2-D6920CD03669.jpeg (相似度: 0.723)
  💜 [Sharon 匹配] 0C30CF17-3B7D-437E-B8B2-D6920CD03669.jpeg (相似度: 0.668)
  💜 [Sharon 匹配] C77B2C3E-9708-48E6-88EC-34EE1FAF5711.jpeg (相似度: 0.662)
  💜 [Sharon 匹配] 1BA6EE19-9DB5-483C-810E-1A1F3D7559DE.jpeg (相似度: 0.656)
  💙 [John 匹配] 1BA6EE19-9DB5-483C-810E-1A1F3D7559DE.jpeg (相似度: 0.782)
  💖 [Sophia 匹配] 05943D9A-9116-4281-B43A-03418274F010.jpeg (相似度: 0.584)
  💖 [Sophia 匹配] 9B25B92A-8FD7-463A-A8D5-DA6CF1CE16CB.jpeg (相似度: 0.583)
  💙 [John 匹配] 2B0AB1CB-5D1F-4BF7-AB44-53EC9A1A5F13.jpeg (相似度: 0.816)
  💖 [Sophia 匹配] 2B0AB1CB-5D1F-4BF7-AB44-53EC9A1A5F13.jpeg (相似度: 0.447)
  💜 [Sharon 匹配] A088438A-DB69-4B8C-990A-AE9152F026A4.jpeg (相似度: 0.647)
  💖 [Sophia 匹配] 4270A2AF-ADEC-4A83-8198-3660BB819A15.jpeg (相似度: 0.587)
  💖 [Sophia 匹配] 1335D9AD-E121-425A-BC42-C1D78475B325.jpeg (相似度: 0.641)
  💜 [Sharon 匹配] 0B75C304-F45E-4D32-BFD7-007EE048387D.jpeg (相似度: 0.739)
  💙 [John 匹配] EE0EF0E3-31D6-403B-A47C-24CB8AEB1ECD_1_201_a.jpeg (相似度: 0.772)
  💜 [Sharon 匹配] EE0EF0E3-31D6-403B-A47C-24CB8AEB1ECD_1_201_a.jpeg (相似度: 0.705)
  💜 [Sharon 匹配] A6987887-82D2-4F64-A709-A8840C932144.jpeg (相似度: 0.736)
  💖 [Sophia 匹配] F9DFF1F4-758B-470B-909F-3E3652E86C3F.jpeg (相似度: 0.628)
  💙 [John 匹配] FEEF7D79-2210-417D-902A-E70CE5665D69.jpeg (相似度: 0.743)
  💙 [John 匹配] 57AA2E3F-0770-49E6-A82C-796527E3282F.jpeg (相似度: 0.806)
  💖 [Sophia 匹配] 57AA2E3F-0770-49E6-A82C-796527E3282F.jpeg (相似度: 0.405)
  💖 [Sophia 匹配] 303DF57F-B1A3-4952-A96B-8BE6A02FD9AE.jpeg (相似度: 0.616)
  💙 [John 匹配] D0D37C07-FE50-4AD6-94DB-05E1126EC6FE.jpeg (相似度: 0.812)
  💜 [Sharon 匹配] D0D37C07-FE50-4AD6-94DB-05E1126EC6FE.jpeg (相似度: 0.658)
  💖 [Sophia 匹配] FCBA8803-7269-4D7F-BBDD-44240F65026E.jpeg (相似度: 0.581)
  💙 [John 匹配] FF5B5A74-BA99-43F8-BAF6-53073E00ED2B.jpeg (相似度: 0.731)
  💜 [Sharon 匹配] FF5B5A74-BA99-43F8-BAF6-53073E00ED2B.jpeg (相似度: 0.663)
  💙 [John 匹配] E1C785C0-7173-4EB7-8F6C-32359FBFB651.jpeg (相似度: 0.777)
  💖 [Sophia 匹配] E1C785C0-7173-4EB7-8F6C-32359FBFB651.jpeg (相似度: 0.652)
  💜 [Sharon 匹配] A17997E8-2386-45CF-BFD9-37470EEC4B2F.jpeg (相似度: 0.691)
  💖 [Sophia 匹配] 6294C8EC-8877-4667-9F25-685845AB8016.jpeg (相似度: 0.629)
  💜 [Sharon 匹配] 6294C8EC-8877-4667-9F25-685845AB8016.jpeg (相似度: 0.756)
  💙 [John 匹配] EB134EE1-5D59-430B-A8ED-E9D039CD8A11.jpeg (相似度: 0.807)
  💖 [Sophia 匹配] 435D3CD4-60D2-4964-8946-CC099C799716.jpeg (相似度: 0.618)
  💖 [Sophia 匹配] 4D231F66-CDFD-4DB6-9255-4E2D4F55BFC3.jpeg (相似度: 0.463)
  💙 [John 匹配] A7CD46E9-EC4F-4825-BDF0-F86D7B31566E_1_201_a.jpeg (相似度: 0.769)
  💜 [Sharon 匹配] A7CD46E9-EC4F-4825-BDF0-F86D7B31566E_1_201_a.jpeg (相似度: 0.724)
  💜 [Sharon 匹配] 86FDB8B4-22D8-48C2-A6DE-5DF09F34EE8D.jpeg (相似度: 0.584)
  💙 [John 匹配] 1E222474-9F05-4670-BB33-F4B9A5B7F4C3.jpeg (相似度: 0.706)
  💜 [Sharon 匹配] 1E222474-9F05-4670-BB33-F4B9A5B7F4C3.jpeg (相似度: 0.682)
  💜 [Sharon 匹配] BE232681-D6D6-42BD-A508-6458BA35DF56.jpeg (相似度: 0.459)
  💙 [John 匹配] BE232681-D6D6-42BD-A508-6458BA35DF56.jpeg (相似度: 0.535)
  💜 [Sharon 匹配] 00299D60-DE15-483F-8DA8-0CA7F2E68BEF.jpeg (相似度: 0.550)
  💙 [John 匹配] 00299D60-DE15-483F-8DA8-0CA7F2E68BEF.jpeg (相似度: 0.441)
  💜 [Sharon 匹配] BEDC19C3-83E6-4D31-B844-9BCDFE1E3B94_1_201_a.jpeg (相似度: 0.665)
  💜 [Sharon 匹配] 83BEA5F4-A485-46A3-9E15-9EEFF966EEF7.jpeg (相似度: 0.586)
  💜 [Sharon 匹配] 77BE045A-9DCB-4D44-8E6D-31EE1D9FD6A9.jpeg (相似度: 0.608)
  💙 [John 匹配] 407052E7-C370-4EC1-8F55-F70D360A9226.jpeg (相似度: 0.738)
  💜 [Sharon 匹配] 407052E7-C370-4EC1-8F55-F70D360A9226.jpeg (相似度: 0.636)
  💜 [Sharon 匹配] 1EB0C82D-E7A5-4429-86EE-96AF07A66CFF.jpeg (相似度: 0.623)
  💙 [John 匹配] 75505122-21DD-464D-B68B-614600CE7FF9.jpeg (相似度: 0.450)
  💜 [Sharon 匹配] D7C34326-2632-4BE3-86BE-A467976742D8.jpeg (相似度: 0.613)
  💙 [John 匹配] D73AC750-FBC4-458C-8A4D-E822AD23C11F.jpeg (相似度: 0.769)
  💙 [John 匹配] BEE75680-6997-4C6D-BCFE-DA62DB8F14C6.jpeg (相似度: 0.559)
  💜 [Sharon 匹配] BEE75680-6997-4C6D-BCFE-DA62DB8F14C6.jpeg (相似度: 0.452)
  💙 [John 匹配] 948B0FE4-C8A4-4434-A5A3-4882517BDE9C.jpeg (相似度: 0.737)
  💜 [Sharon 匹配] 948B0FE4-C8A4-4434-A5A3-4882517BDE9C.jpeg (相似度: 0.586)
  💜 [Sharon 匹配] F6456E10-9205-4016-88F1-B5845086594D.jpeg (相似度: 0.743)
  💜 [Sharon 匹配] 3E1149A9-8BE8-41C0-80E6-2167E5C5DAA2.jpeg (相似度: 0.629)
  💜 [Sharon 匹配] 110A354A-23A4-4B55-BD92-0AAE42BE1AF9.jpeg (相似度: 0.541)
  💜 [Sharon 匹配] 7A696F8E-F404-403C-A959-4B4E2B813A7D.jpeg (相似度: 0.540)
  💜 [Sharon 匹配] B503B87A-2547-4FC7-B184-26934F6BE2B2.jpeg (相似度: 0.610)
  💙 [John 匹配] 052791DF-18B0-4598-BDF7-878571CA5896.jpeg (相似度: 0.526)
  💜 [Sharon 匹配] 052791DF-18B0-4598-BDF7-878571CA5896.jpeg (相似度: 0.591)
  💙 [John 匹配] 90C068DB-F4F0-4EE1-AEBC-60C99B930AEC.jpeg (相似度: 0.730)
  💜 [Sharon 匹配] 90C068DB-F4F0-4EE1-AEBC-60C99B930AEC.jpeg (相似度: 0.584)
  💜 [Sharon 匹配] 9FE9D5A0-CB14-4D95-BC3D-5D7A5F509CED.jpeg (相似度: 0.634)
  💙 [John 匹配] 1F93C973-AC4D-4E60-8766-C40A059FA960.jpeg (相似度: 0.791)
  💜 [Sharon 匹配] 11785BDB-B866-4376-9791-AA937BAF9023.jpeg (相似度: 0.542)
  💙 [John 匹配] 11785BDB-B866-4376-9791-AA937BAF9023.jpeg (相似度: 0.714)
  💙 [John 匹配] FB2F9E0A-E4CD-4BAE-A493-234A1B836F5F.jpeg (相似度: 0.742)
  💜 [Sharon 匹配] FB2F9E0A-E4CD-4BAE-A493-234A1B836F5F.jpeg (相似度: 0.664)
  💜 [Sharon 匹配] 3A98C178-58BF-4205-95F9-273BD7384E8B.jpeg (相似度: 0.632)
  💜 [Sharon 匹配] 29138DA2-8F82-4817-9DA1-8B0D8EA41DD3.jpeg (相似度: 0.558)
  💙 [John 匹配] 4BC60A32-5D53-4719-A67B-AD84078721CE.jpeg (相似度: 0.678)
  💜 [Sharon 匹配] 526414E0-4148-4A54-850A-7D220DD7AEE3.jpeg (相似度: 0.559)
  💜 [Sharon 匹配] BC471A91-CE5E-40A7-B948-8BD60668667D.jpeg (相似度: 0.610)
  💜 [Sharon 匹配] A87FEB1B-8568-4DAE-888D-91E01E1012C4.jpeg (相似度: 0.633)
  💜 [Sharon 匹配] 62EB5BF0-7395-4A30-B07C-C214421BAD59_1_201_a.jpeg (相似度: 0.673)
  💜 [Sharon 匹配] D24ABDCB-ACC1-4D83-A0B3-72FAA2B5AFA4.jpeg (相似度: 0.540)
  💜 [Sharon 匹配] F89ADB89-F3C5-4B53-B7F5-E4CE23D3BA69.jpeg (相似度: 0.711)
  💜 [Sharon 匹配] 15A1F24F-7E20-456E-BFD4-08C83AAC76D5.jpeg (相似度: 0.709)
  💙 [John 匹配] 0308230D-9FE4-4465-8BDD-87A08F2C0445_1_201_a.jpeg (相似度: 0.592)
  💜 [Sharon 匹配] 0308230D-9FE4-4465-8BDD-87A08F2C0445_1_201_a.jpeg (相似度: 0.497)
  💜 [Sharon 匹配] 7817AA74-ABE3-478B-99A6-DD9813F99EEA.jpeg (相似度: 0.666)
  💖 [Sophia 匹配] 31043538-DB30-4939-AC04-BBE4087676CE.jpeg (相似度: 0.596)
  💖 [Sophia 匹配] 3F56340E-D035-4DB1-9C34-D3872B0A369B.jpeg (相似度: 0.571)
  💜 [Sharon 匹配] 31F8CC23-F5FB-40BE-A489-47A21FCD51D9.jpeg (相似度: 0.635)
  💜 [Sharon 匹配] E752BFF4-D932-4D84-8D46-C878579EFD48.jpeg (相似度: 0.675)
  💜 [Sharon 匹配] 6D821393-D612-4105-B42A-347A0EFE4F23.jpeg (相似度: 0.648)
  💜 [Sharon 匹配] 9A5F5057-782B-474A-BF09-38BBF3FA8632.jpeg (相似度: 0.716)
  💜 [Sharon 匹配] FC9510FA-0D6E-4E1F-9D55-BF91635E60C6.jpeg (相似度: 0.697)
  💖 [Sophia 匹配] A70EC851-C01A-4CFF-B914-E519B560D4FF.jpeg (相似度: 0.567)
  💜 [Sharon 匹配] 78BB38A6-17F0-4612-9157-5ED78BB2FFD6.jpeg (相似度: 0.703)
  💜 [Sharon 匹配] 4858F0BA-6A4C-47F4-A2BB-6BB958DFEC13.jpeg (相似度: 0.711)
  💙 [John 匹配] B82E5E6B-ACC5-4AA7-9953-7824F0D5D2AE.jpeg (相似度: 0.740)
  💖 [Sophia 匹配] B82E5E6B-ACC5-4AA7-9953-7824F0D5D2AE.jpeg (相似度: 0.468)
  💜 [Sharon 匹配] 13B0E010-D4B8-4C28-BFB3-1BF5726B6063.jpeg (相似度: 0.691)
  💖 [Sophia 匹配] 968A30B0-06A5-45E7-AF40-20FBE521F585.jpeg (相似度: 0.409)
  💖 [Sophia 匹配] 65126F2E-5776-4A13-9775-36E73B79F001.jpeg (相似度: 0.496)
  💖 [Sophia 匹配] 6EC9EAFA-6C8C-4206-968D-897D84EDBEF8.jpeg (相似度: 0.437)
  💙 [John 匹配] 6EC9EAFA-6C8C-4206-968D-897D84EDBEF8.jpeg (相似度: 0.499)
  💖 [Sophia 匹配] 28352D0D-C388-4746-B87A-E917BBE85B17.jpeg (相似度: 0.426)
  💙 [John 匹配] B5CA5E2F-977B-4746-AB09-56E02B535270.jpeg (相似度: 0.756)
  💜 [Sharon 匹配] B5CA5E2F-977B-4746-AB09-56E02B535270.jpeg (相似度: 0.700)
  💖 [Sophia 匹配] F347B9F3-6075-4D64-AC0E-9233FF85FB22.jpeg (相似度: 0.514)
  💙 [John 匹配] BF88FCEE-835E-4327-B7A1-1C21B0D95059.jpeg (相似度: 0.727)
  💜 [Sharon 匹配] BF88FCEE-835E-4327-B7A1-1C21B0D95059.jpeg (相似度: 0.698)
  💜 [Sharon 匹配] 1C1F1247-0643-4F18-9078-0F21808599F3.jpeg (相似度: 0.660)
  💙 [John 匹配] 1C1F1247-0643-4F18-9078-0F21808599F3.jpeg (相似度: 0.713)
  💖 [Sophia 匹配] 63EDE4C4-5848-429E-95AE-0F00B9C466B6.jpeg (相似度: 0.463)
  💙 [John 匹配] 63EDE4C4-5848-429E-95AE-0F00B9C466B6.jpeg (相似度: 0.617)
  💖 [Sophia 匹配] BB800531-0EC3-414A-B59E-6DDD30E4ED5D.jpeg (相似度: 0.597)
  💖 [Sophia 匹配] 041CF916-BF68-45C6-A9E8-20A2F70AB16F.jpeg (相似度: 0.459)
  💙 [John 匹配] 041CF916-BF68-45C6-A9E8-20A2F70AB16F.jpeg (相似度: 0.464)
  💖 [Sophia 匹配] A7DA67AB-DE47-426A-B2B0-1215FF242E63.jpeg (相似度: 0.477)
  💙 [John 匹配] BD00B923-E717-482F-997B-2053D53BA63E.jpeg (相似度: 0.754)
  💜 [Sharon 匹配] BD00B923-E717-482F-997B-2053D53BA63E.jpeg (相似度: 0.732)
  💙 [John 匹配] 83EC7FD6-87AC-4EAF-81F9-DABFAC73DD3D.jpeg (相似度: 0.711)
  💜 [Sharon 匹配] 83EC7FD6-87AC-4EAF-81F9-DABFAC73DD3D.jpeg (相似度: 0.683)
  💙 [John 匹配] 3E2D3EC4-8B33-44A3-B6F2-85E65F773DC0.jpeg (相似度: 0.692)
  💖 [Sophia 匹配] 3E2D3EC4-8B33-44A3-B6F2-85E65F773DC0.jpeg (相似度: 0.599)
  💜 [Sharon 匹配] 92B08E53-C557-4178-845C-4B808A479F28_1_201_a.jpeg (相似度: 0.681)
  💜 [Sharon 匹配] 05F908A3-BEBC-4075-B819-AECCFFFC7033.jpeg (相似度: 0.741)
  💜 [Sharon 匹配] 4874E6A4-3FA0-4FC3-8E2C-102B463AE81F.jpeg (相似度: 0.717)
  💙 [John 匹配] 4874E6A4-3FA0-4FC3-8E2C-102B463AE81F.jpeg (相似度: 0.759)
  💜 [Sharon 匹配] E489B687-0A66-4228-B0C4-3FA15965C594.jpeg (相似度: 0.741)
  💙 [John 匹配] E489B687-0A66-4228-B0C4-3FA15965C594.jpeg (相似度: 0.828)
  💜 [Sharon 匹配] 200ACD3B-223F-4BF9-9C7D-3C99AADEF099.jpeg (相似度: 0.700)
  💜 [Sharon 匹配] 65D39BB9-C6C9-481B-A1D1-C6EC11713F0E_1_201_a.jpeg (相似度: 0.481)
  💙 [John 匹配] E68BBE9F-57F0-41E1-9299-262B6A7049B9.jpeg (相似度: 0.785)
  💜 [Sharon 匹配] E68BBE9F-57F0-41E1-9299-262B6A7049B9.jpeg (相似度: 0.733)
  💜 [Sharon 匹配] 7ABFC89F-1703-41DA-BFE4-751F3D555CA3_1_201_a.jpeg (相似度: 0.663)
  💙 [John 匹配] 7ABFC89F-1703-41DA-BFE4-751F3D555CA3_1_201_a.jpeg (相似度: 0.809)
  💜 [Sharon 匹配] D0FC5D1E-6EDC-42CA-9B99-CC24CF4049AE_1_201_a.jpeg (相似度: 0.588)
  💜 [Sharon 匹配] 37FC6E13-4BD1-4D7C-A191-9971B26FC44E_1_201_a.jpeg (相似度: 0.490)
  💜 [Sharon 匹配] 5FD413BE-B894-4212-8E4B-4ABAFAD5985B_1_201_a.jpeg (相似度: 0.630)
  💜 [Sharon 匹配] E48057E9-1D1E-463E-9FDC-2E61C288016B_1_201_a.jpeg (相似度: 0.409)
  💜 [Sharon 匹配] FB24A7AF-846E-4973-A9E4-66540036EDA0.jpeg (相似度: 0.729)
  💙 [John 匹配] FB24A7AF-846E-4973-A9E4-66540036EDA0.jpeg (相似度: 0.781)
  💜 [Sharon 匹配] 543CA3DD-65C6-43C1-A32F-A0DEFF78F2B2_1_201_a.jpeg (相似度: 0.540)
  💜 [Sharon 匹配] 10F1AD3F-6806-43BD-A38E-9FB6D08A4BA6.jpeg (相似度: 0.692)
  💜 [Sharon 匹配] 1BC5FA8A-7E5D-4FE8-8846-AE9AB4620085_1_201_a.jpeg (相似度: 0.464)
  💜 [Sharon 匹配] B6544348-1D86-4644-A9E6-3F2761746868.jpeg (相似度: 0.681)
  💙 [John 匹配] 14F471E2-862E-4930-AFF2-E664CA01A225.jpeg (相似度: 0.809)
  💜 [Sharon 匹配] 14F471E2-862E-4930-AFF2-E664CA01A225.jpeg (相似度: 0.689)
  💜 [Sharon 匹配] F228817E-92FF-41CB-939D-D7C13270AA83.jpeg (相似度: 0.721)
  💙 [John 匹配] F228817E-92FF-41CB-939D-D7C13270AA83.jpeg (相似度: 0.795)
  💜 [Sharon 匹配] DB66C4C0-7CC0-4880-9C0B-3EA8CC7555D3.jpeg (相似度: 0.706)
  💜 [Sharon 匹配] 68DD825C-60AF-4AEC-9A24-40F22F82647E_1_201_a.jpeg (相似度: 0.453)
  💜 [Sharon 匹配] 9A8084ED-4345-40DC-BD26-497DD4D288C3.jpeg (相似度: 0.706)
  💙 [John 匹配] 9C106834-4999-432B-AB80-C81F1704395F_1_201_a.jpeg (相似度: 0.804)
  💜 [Sharon 匹配] 8142D06F-AA84-44E4-A447-50821B1FA770.jpeg (相似度: 0.664)
  💜 [Sharon 匹配] 3E045F2C-D780-4D4A-9239-CE5304F0359E_1_201_a.jpeg (相似度: 0.458)
  💜 [Sharon 匹配] 33476D24-AD79-4D17-B379-90DB2A9276FE.jpeg (相似度: 0.712)
  💙 [John 匹配] 040562E0-B6D1-4172-BA53-C15D8E55E0AB.jpeg (相似度: 0.741)
  💖 [Sophia 匹配] 884AC89D-A89F-45A9-8541-C66C72E4F90B.jpeg (相似度: 0.426)
  💖 [Sophia 匹配] C4B87766-8713-437C-887A-A855004A5C02_1_201_a.jpeg (相似度: 0.463)
  💙 [John 匹配] C4B87766-8713-437C-887A-A855004A5C02_1_201_a.jpeg (相似度: 0.699)
  💜 [Sharon 匹配] C4B87766-8713-437C-887A-A855004A5C02_1_201_a.jpeg (相似度: 0.601)
  💙 [John 匹配] 7010782D-6202-4AD7-842F-8C99985B7E07.jpeg (相似度: 0.760)
  💜 [Sharon 匹配] 7010782D-6202-4AD7-842F-8C99985B7E07.jpeg (相似度: 0.687)
  💜 [Sharon 匹配] 2ADBB5D0-5BBC-44B3-A9C0-8329F01E8617.jpeg (相似度: 0.784)
  💖 [Sophia 匹配] 2ADBB5D0-5BBC-44B3-A9C0-8329F01E8617.jpeg (相似度: 0.626)
  💖 [Sophia 匹配] FDDE1CD2-96AC-45F8-9DDE-02B275CD3E53.jpeg (相似度: 0.515)
  💜 [Sharon 匹配] B48E4DC0-B2A4-4EAC-9DE6-E679B531AEAD.jpeg (相似度: 0.680)
  💙 [John 匹配] B48E4DC0-B2A4-4EAC-9DE6-E679B531AEAD.jpeg (相似度: 0.726)
  💙 [John 匹配] D8F7FF97-BE67-408C-8BFD-D654F0EA75AE.jpeg (相似度: 0.782)
  💜 [Sharon 匹配] D8F7FF97-BE67-408C-8BFD-D654F0EA75AE.jpeg (相似度: 0.728)
  💜 [Sharon 匹配] 5A651751-FF25-487B-ACE8-7EE6D9997EFB.jpeg (相似度: 0.688)
  💙 [John 匹配] 5A651751-FF25-487B-ACE8-7EE6D9997EFB.jpeg (相似度: 0.782)
  💙 [John 匹配] F11FF671-A0F9-479C-91E2-352B951BCC20.jpeg (相似度: 0.762)
  💖 [Sophia 匹配] F11FF671-A0F9-479C-91E2-352B951BCC20.jpeg (相似度: 0.505)
  💜 [Sharon 匹配] F11FF671-A0F9-479C-91E2-352B951BCC20.jpeg (相似度: 0.670)
  💖 [Sophia 匹配] 93CB8D1A-3C77-4AAC-9622-2BABD0FD3346.jpeg (相似度: 0.600)
  💜 [Sharon 匹配] 6D5D287D-4CBB-4555-A2CD-45EBDACC71F2.jpeg (相似度: 0.733)
  💙 [John 匹配] 6D5D287D-4CBB-4555-A2CD-45EBDACC71F2.jpeg (相似度: 0.764)
  💜 [Sharon 匹配] 12021603-9834-47B0-B2EB-ED3133D62996.jpeg (相似度: 0.758)
  💖 [Sophia 匹配] 12021603-9834-47B0-B2EB-ED3133D62996.jpeg (相似度: 0.611)
  💙 [John 匹配] 7B7E5D2D-071C-41BA-823A-AC84DFD8FFDB.jpeg (相似度: 0.772)
  💜 [Sharon 匹配] 7B7E5D2D-071C-41BA-823A-AC84DFD8FFDB.jpeg (相似度: 0.760)
  💙 [John 匹配] 66030801-ABD4-4382-93A6-A6A0F63DC62E.jpeg (相似度: 0.754)
  💜 [Sharon 匹配] 66030801-ABD4-4382-93A6-A6A0F63DC62E.jpeg (相似度: 0.741)
  💖 [Sophia 匹配] AB6F5959-072B-4CC0-8F92-364D6FF5126D.jpeg (相似度: 0.754)
  💙 [John 匹配] AB6F5959-072B-4CC0-8F92-364D6FF5126D.jpeg (相似度: 0.817)
  💙 [John 匹配] 5815F537-40F6-4C46-9001-8E811378E3A9.jpeg (相似度: 0.776)
  💖 [Sophia 匹配] 5815F537-40F6-4C46-9001-8E811378E3A9.jpeg (相似度: 0.703)
  💜 [Sharon 匹配] 5815F537-40F6-4C46-9001-8E811378E3A9.jpeg (相似度: 0.724)
  💙 [John 匹配] 88FFE24E-FABD-4851-B59F-FE46C48DE121.jpeg (相似度: 0.747)
  💖 [Sophia 匹配] 88FFE24E-FABD-4851-B59F-FE46C48DE121.jpeg (相似度: 0.669)
  💙 [John 匹配] 7790F52E-CB38-4E0E-8698-371DFEEFD823.jpeg (相似度: 0.792)
  💖 [Sophia 匹配] 7790F52E-CB38-4E0E-8698-371DFEEFD823.jpeg (相似度: 0.674)
  💖 [Sophia 匹配] BCC8D646-6CC2-4E8D-911D-C41D39D2758D.jpeg (相似度: 0.725)
  💙 [John 匹配] BCC8D646-6CC2-4E8D-911D-C41D39D2758D.jpeg (相似度: 0.818)
  💖 [Sophia 匹配] 14060B23-022D-4054-B9FC-3DE96CFB6F9D.jpeg (相似度: 0.679)
  💜 [Sharon 匹配] 14060B23-022D-4054-B9FC-3DE96CFB6F9D.jpeg (相似度: 0.704)
  💖 [Sophia 匹配] 635F3641-B35F-43CF-BC77-652DB5E8B310.jpeg (相似度: 0.657)
  💙 [John 匹配] 986A6BAC-AACA-4585-8A79-E1BF0DAAA6DE.jpeg (相似度: 0.833)
  💖 [Sophia 匹配] 986A6BAC-AACA-4585-8A79-E1BF0DAAA6DE.jpeg (相似度: 0.762)
  💖 [Sophia 匹配] 580ED779-13A5-41A5-81CE-33185AC46906_1_201_a.jpeg (相似度: 0.677)
  💜 [Sharon 匹配] F1FFA15D-9E84-4CD4-9065-EF55796BE750.jpeg (相似度: 0.727)
  💜 [Sharon 匹配] CCB590E0-4FBA-43FA-BD3A-657834895338.jpeg (相似度: 0.746)
  💖 [Sophia 匹配] CCB590E0-4FBA-43FA-BD3A-657834895338.jpeg (相似度: 0.407)
  💜 [Sharon 匹配] 9E18F4A6-D770-42A9-876D-FFBEC9F34B15.jpeg (相似度: 0.625)
  💙 [John 匹配] 8BC5308E-87F6-4B5D-A918-2494B9F02F27.jpeg (相似度: 0.794)
  💖 [Sophia 匹配] 8BC5308E-87F6-4B5D-A918-2494B9F02F27.jpeg (相似度: 0.671)
  💜 [Sharon 匹配] 8BC5308E-87F6-4B5D-A918-2494B9F02F27.jpeg (相似度: 0.693)
  💜 [Sharon 匹配] D8E140A5-86F9-466C-9B59-3FDE2F464418.jpeg (相似度: 0.653)
  💜 [Sharon 匹配] 929C67C9-B4F1-46B3-9C95-8407ED2A68AD.jpeg (相似度: 0.739)
  💙 [John 匹配] 21AD468D-A574-4BD4-BB43-33526D2F9B0C.jpeg (相似度: 0.750)
  💖 [Sophia 匹配] 21AD468D-A574-4BD4-BB43-33526D2F9B0C.jpeg (相似度: 0.593)
  💜 [Sharon 匹配] FDE3CFC4-D2C7-4783-B508-E06987723427.jpeg (相似度: 0.739)
  💙 [John 匹配] 59C4A80C-EBBB-48C1-832F-F8DD88833953.jpeg (相似度: 0.822)
  💖 [Sophia 匹配] ED9AA65B-E15E-47A7-AD0D-919993DE2019_1_201_a.jpeg (相似度: 0.748)
  💖 [Sophia 匹配] 3F315A5A-BFE6-4748-B9F4-2E0A7BF1E050_1_201_a.jpeg (相似度: 0.662)
  💖 [Sophia 匹配] 7BAB8345-96A8-4365-A9EB-32243CC109DD_1_201_a.jpeg (相似度: 0.669)
⏳ 已深度辨識 6500 / 8413 張相片 (1901.7 秒)...
  💖 [Sophia 匹配] 6F87F6A5-4CBD-4FCE-8B18-866CCF6F7616.jpeg (相似度: 0.711)
  💙 [John 匹配] 6F87F6A5-4CBD-4FCE-8B18-866CCF6F7616.jpeg (相似度: 0.812)
  💖 [Sophia 匹配] AB33FF80-D85A-467B-8435-5E8914774A94.jpeg (相似度: 0.671)
  💖 [Sophia 匹配] 9A122913-2F63-4A42-964C-EE6E8C85D663.jpeg (相似度: 0.691)
  💙 [John 匹配] 9A122913-2F63-4A42-964C-EE6E8C85D663.jpeg (相似度: 0.789)
  💜 [Sharon 匹配] 4489140D-1B69-4A1B-80BB-4E4B61139514.jpeg (相似度: 0.743)
  💜 [Sharon 匹配] F42B61F8-899A-464E-A493-A0B98729E1C8.jpeg (相似度: 0.725)
  💙 [John 匹配] 6D96A80B-0A84-4324-9A5C-C7955C47689D.jpeg (相似度: 0.765)
  💖 [Sophia 匹配] 6D96A80B-0A84-4324-9A5C-C7955C47689D.jpeg (相似度: 0.471)
  💖 [Sophia 匹配] C927C3D7-B46E-4D86-ABA7-C99C62723ACC_1_201_a.jpeg (相似度: 0.744)
  💖 [Sophia 匹配] 992D244F-96C4-4754-ACBA-35F8D2C31B43.jpeg (相似度: 0.735)
  💙 [John 匹配] 992D244F-96C4-4754-ACBA-35F8D2C31B43.jpeg (相似度: 0.823)
  💙 [John 匹配] 6C6B306E-1CE7-4339-A697-545B6F086FD3.jpeg (相似度: 0.792)
  💖 [Sophia 匹配] 6C6B306E-1CE7-4339-A697-545B6F086FD3.jpeg (相似度: 0.678)
  💜 [Sharon 匹配] 6C6B306E-1CE7-4339-A697-545B6F086FD3.jpeg (相似度: 0.672)
  💜 [Sharon 匹配] 2392AB1B-BA1F-49BA-B58E-53E527624CE3.jpeg (相似度: 0.734)
  💙 [John 匹配] IMG_9750.jpeg (相似度: 0.525)
  💜 [Sharon 匹配] IMG_9746.jpeg (相似度: 0.624)
  💙 [John 匹配] IMG_9746.jpeg (相似度: 0.676)
  💖 [Sophia 匹配] IMG_9746.jpeg (相似度: 0.557)
  💜 [Sharon 匹配] IMG_0404.jpeg (相似度: 0.664)
  💜 [Sharon 匹配] IMG_0392.jpeg (相似度: 0.712)
  💙 [John 匹配] IMG_0392.jpeg (相似度: 0.830)
  💜 [Sharon 匹配] IMG_0412.jpeg (相似度: 0.639)
  💙 [John 匹配] IMG_0412.jpeg (相似度: 0.734)
  💜 [Sharon 匹配] IMG_0393.jpeg (相似度: 0.559)
  💙 [John 匹配] IMG_0393.jpeg (相似度: 0.566)
  💜 [Sharon 匹配] IMG_0405.jpeg (相似度: 0.696)
  💜 [Sharon 匹配] IMG_0402.jpeg (相似度: 0.654)
  💙 [John 匹配] IMG_0394.jpeg (相似度: 0.797)
  💜 [Sharon 匹配] IMG_0394.jpeg (相似度: 0.714)
  💙 [John 匹配] IMG_0422.jpeg (相似度: 0.822)
  💜 [Sharon 匹配] IMG_0422.jpeg (相似度: 0.717)
  💜 [Sharon 匹配] IMG_0398.jpeg (相似度: 0.625)
  💙 [John 匹配] IMG_0419.jpeg (相似度: 0.699)
  💜 [Sharon 匹配] IMG_0419.jpeg (相似度: 0.676)
  💜 [Sharon 匹配] IMG_0399.jpeg (相似度: 0.648)
  💜 [Sharon 匹配] IMG_0395.jpeg (相似度: 0.692)
  💙 [John 匹配] IMG_0395.jpeg (相似度: 0.658)
  💜 [Sharon 匹配] IMG_0403.jpeg (相似度: 0.667)
  💙 [John 匹配] IMG_0416.jpeg (相似度: 0.741)
  💜 [Sharon 匹配] IMG_0416.jpeg (相似度: 0.613)
  💙 [John 匹配] IMG_0396.jpeg (相似度: 0.646)
  💜 [Sharon 匹配] IMG_0396.jpeg (相似度: 0.576)
  💜 [Sharon 匹配] IMG_0400.jpeg (相似度: 0.633)
  💙 [John 匹配] IMG_0421.jpeg (相似度: 0.817)
  💜 [Sharon 匹配] IMG_0421.jpeg (相似度: 0.732)
  💜 [Sharon 匹配] IMG_0401.jpeg (相似度: 0.665)
  💜 [Sharon 匹配] IMG_0397.jpeg (相似度: 0.711)
  💙 [John 匹配] IMG_0397.jpeg (相似度: 0.840)
  💙 [John 匹配] IMG_0426.jpeg (相似度: 0.826)
  💜 [Sharon 匹配] IMG_0426.jpeg (相似度: 0.759)
  💜 [Sharon 匹配] IMG_0406.jpeg (相似度: 0.697)
  💜 [Sharon 匹配] IMG_0407.jpeg (相似度: 0.631)
  💜 [Sharon 匹配] IMG_0391.jpeg (相似度: 0.710)
  💙 [John 匹配] IMG_0391.jpeg (相似度: 0.803)
  💙 [John 匹配] IMG_0070.JPG (相似度: 0.471)
  💜 [Sharon 匹配] IMG_0648.jpeg (相似度: 0.462)
  💜 [Sharon 匹配] IMG_0633.jpeg (相似度: 0.489)
  💜 [Sharon 匹配] IMG_0652.jpeg (相似度: 0.568)
  💜 [Sharon 匹配] IMG_0644.jpeg (相似度: 0.438)
  💜 [Sharon 匹配] IMG_0629.jpeg (相似度: 0.500)
  💜 [Sharon 匹配] IMG_0628.jpeg (相似度: 0.456)
  💜 [Sharon 匹配] IMG_0645.jpeg (相似度: 0.547)
  💜 [Sharon 匹配] IMG_0632.jpeg (相似度: 0.522)
  💜 [Sharon 匹配] IMG_0649.jpeg (相似度: 0.468)
  💜 [Sharon 匹配] IMG_0642.jpeg (相似度: 0.529)
  💜 [Sharon 匹配] IMG_0639.jpeg (相似度: 0.572)
  💜 [Sharon 匹配] IMG_0635.jpeg (相似度: 0.493)
  💜 [Sharon 匹配] IMG_0634.jpeg (相似度: 0.533)
  💜 [Sharon 匹配] IMG_0643.jpeg (相似度: 0.444)
  💜 [Sharon 匹配] IMG_0640.jpeg (相似度: 0.565)
  💜 [Sharon 匹配] IMG_0636.jpeg (相似度: 0.464)
  💜 [Sharon 匹配] IMG_0641.jpeg (相似度: 0.551)
  💜 [Sharon 匹配] IMG_0631.jpeg (相似度: 0.500)
  💜 [Sharon 匹配] IMG_0646.jpeg (相似度: 0.547)
  💜 [Sharon 匹配] IMG_0650.jpeg (相似度: 0.557)
  💜 [Sharon 匹配] IMG_0651.jpeg (相似度: 0.565)
  💜 [Sharon 匹配] IMG_0647.jpeg (相似度: 0.426)
  💜 [Sharon 匹配] IMG_0630.jpeg (相似度: 0.527)
  💙 [John 匹配] IMG_9957.jpeg (相似度: 0.777)
  💜 [Sharon 匹配] IMG_9957.jpeg (相似度: 0.747)
  💙 [John 匹配] IMG_9956.jpeg (相似度: 0.781)
  💜 [Sharon 匹配] IMG_9956.jpeg (相似度: 0.716)
  💜 [Sharon 匹配] IMG_9951.jpeg (相似度: 0.657)
  💜 [Sharon 匹配] IMG_9949.jpeg (相似度: 0.696)
  💙 [John 匹配] IMG_9955.jpeg (相似度: 0.756)
  💜 [Sharon 匹配] IMG_9955.jpeg (相似度: 0.708)
  💙 [John 匹配] IMG_9954.jpeg (相似度: 0.756)
  💜 [Sharon 匹配] IMG_9954.jpeg (相似度: 0.737)
  💜 [Sharon 匹配] IMG_0672.jpeg (相似度: 0.597)
  💜 [Sharon 匹配] IMG_0740.jpeg (相似度: 0.406)
  💜 [Sharon 匹配] IMG_0701.jpeg (相似度: 0.604)
  💙 [John 匹配] IMG_0701.jpeg (相似度: 0.637)
  💜 [Sharon 匹配] IMG_0756.jpeg (相似度: 0.400)
  💙 [John 匹配] IMG_0669.jpeg (相似度: 0.671)
  💜 [Sharon 匹配] IMG_0678.jpeg (相似度: 0.580)
  💜 [Sharon 匹配] IMG_0675.jpeg (相似度: 0.556)
  💜 [Sharon 匹配] IMG_0679.jpeg (相似度: 0.583)
  💜 [Sharon 匹配] IMG_0695.jpeg (相似度: 0.412)
  💜 [Sharon 匹配] IMG_0768.jpeg (相似度: 0.480)
  💙 [John 匹配] IMG_0768.jpeg (相似度: 0.668)
  💜 [Sharon 匹配] IMG_0713.jpeg (相似度: 0.482)
  💙 [John 匹配] IMG_0744.jpeg (相似度: 0.682)
  💜 [Sharon 匹配] IMG_0744.jpeg (相似度: 0.445)
  💜 [Sharon 匹配] IMG_0699.jpeg (相似度: 0.486)
  💜 [Sharon 匹配] IMG_0733.jpeg (相似度: 0.598)
  💜 [Sharon 匹配] IMG_0676.jpeg (相似度: 0.540)
  💙 [John 匹配] IMG_0764.jpeg (相似度: 0.652)
  💜 [Sharon 匹配] IMG_0764.jpeg (相似度: 0.471)
  💜 [Sharon 匹配] IMG_0724.jpeg (相似度: 0.498)
  💜 [Sharon 匹配] IMG_0698.jpeg (相似度: 0.459)
  💜 [Sharon 匹配] IMG_0732.jpeg (相似度: 0.632)
  💜 [Sharon 匹配] IMG_0677.jpeg (相似度: 0.633)
  💜 [Sharon 匹配] IMG_0712.jpeg (相似度: 0.538)
  💙 [John 匹配] IMG_0704.jpeg (相似度: 0.579)
  💙 [John 匹配] IMG_0769.jpeg (相似度: 0.674)
  💜 [Sharon 匹配] IMG_0769.jpeg (相似度: 0.486)
  💜 [Sharon 匹配] IMG_0758.jpeg (相似度: 0.440)
  💙 [John 匹配] IMG_0703.jpeg (相似度: 0.651)
  💜 [Sharon 匹配] IMG_0703.jpeg (相似度: 0.575)
  💜 [Sharon 匹配] IMG_0743.jpeg (相似度: 0.456)
  💙 [John 匹配] IMG_0743.jpeg (相似度: 0.691)
  💜 [Sharon 匹配] IMG_0714.jpeg (相似度: 0.541)
  💙 [John 匹配] IMG_0702.jpeg (相似度: 0.654)
  💜 [Sharon 匹配] IMG_0702.jpeg (相似度: 0.596)
  💙 [John 匹配] IMG_0763.jpeg (相似度: 0.681)
  💜 [Sharon 匹配] IMG_0763.jpeg (相似度: 0.437)
  💜 [Sharon 匹配] IMG_0734.jpeg (相似度: 0.612)
  💙 [John 匹配] IMG_0734.jpeg (相似度: 0.629)
  💜 [Sharon 匹配] IMG_0671.jpeg (相似度: 0.544)
  💙 [John 匹配] IMG_0146.jpeg (相似度: 0.715)
  💜 [Sharon 匹配] IMG_0146.jpeg (相似度: 0.606)
  💙 [John 匹配] IMG_0154.jpeg (相似度: 0.771)
  💜 [Sharon 匹配] IMG_0143.jpeg (相似度: 0.627)
  💜 [Sharon 匹配] IMG_0144.jpeg (相似度: 0.628)
  💖 [Sophia 匹配] IMG_9828.jpeg (相似度: 0.704)
  💙 [John 匹配] IMG_9828.jpeg (相似度: 0.666)
  💜 [Sharon 匹配] IMG_9828.jpeg (相似度: 0.514)
  💖 [Sophia 匹配] IMG_9853.jpeg (相似度: 0.662)
  💜 [Sharon 匹配] IMG_9853.jpeg (相似度: 0.411)
  💖 [Sophia 匹配] IMG_9845.jpeg (相似度: 0.604)
  💜 [Sharon 匹配] IMG_9845.jpeg (相似度: 0.452)
  💖 [Sophia 匹配] IMG_9832.jpeg (相似度: 0.605)
  💖 [Sophia 匹配] IMG_9824.jpeg (相似度: 0.733)
  💖 [Sophia 匹配] IMG_9799.jpeg (相似度: 0.494)
  💖 [Sophia 匹配] IMG_9849.jpeg (相似度: 0.630)
  💖 [Sophia 匹配] IMG_9848.jpeg (相似度: 0.597)
  💜 [Sharon 匹配] IMG_9848.jpeg (相似度: 0.416)
  💖 [Sophia 匹配] IMG_9798.jpeg (相似度: 0.403)
  💖 [Sophia 匹配] IMG_9825.jpeg (相似度: 0.689)
  💙 [John 匹配] IMG_9825.jpeg (相似度: 0.674)
  💜 [Sharon 匹配] IMG_9825.jpeg (相似度: 0.535)
  💖 [Sophia 匹配] IMG_9833.jpeg (相似度: 0.699)
  💖 [Sophia 匹配] IMG_9844.jpeg (相似度: 0.576)
  💖 [Sophia 匹配] IMG_9813.jpeg (相似度: 0.696)
  💖 [Sophia 匹配] IMG_9852.jpeg (相似度: 0.683)
  💙 [John 匹配] IMG_9852.jpeg (相似度: 0.710)
  💜 [Sharon 匹配] IMG_9852.jpeg (相似度: 0.476)
  💖 [Sophia 匹配] IMG_9829.jpeg (相似度: 0.695)
  💜 [Sharon 匹配] IMG_9829.jpeg (相似度: 0.405)
  💙 [John 匹配] IMG_9829.jpeg (相似度: 0.672)
  💖 [Sophia 匹配] IMG_9834.jpeg (相似度: 0.682)
  💖 [Sophia 匹配] IMG_9822.jpeg (相似度: 0.678)
  💜 [Sharon 匹配] IMG_9822.jpeg (相似度: 0.402)
  💜 [Sharon 匹配] IMG_9789.jpeg (相似度: 0.656)
  💙 [John 匹配] IMG_9789.jpeg (相似度: 0.761)
  💖 [Sophia 匹配] IMG_9818.jpeg (相似度: 0.765)
  💜 [Sharon 匹配] IMG_9785.jpeg (相似度: 0.649)
  💖 [Sophia 匹配] IMG_9802.jpeg (相似度: 0.452)
  💖 [Sophia 匹配] IMG_9814.jpeg (相似度: 0.582)
  💖 [Sophia 匹配] IMG_9843.jpeg (相似度: 0.605)
  💖 [Sophia 匹配] IMG_9793.jpeg (相似度: 0.459)
  💜 [Sharon 匹配] IMG_9792.jpeg (相似度: 0.683)
  💙 [John 匹配] IMG_9792.jpeg (相似度: 0.737)
  💖 [Sophia 匹配] IMG_9815.jpeg (相似度: 0.698)
  💖 [Sophia 匹配] IMG_9803.jpeg (相似度: 0.435)
  💖 [Sophia 匹配] IMG_9819.jpeg (相似度: 0.707)
  💖 [Sophia 匹配] IMG_9788.jpeg (相似度: 0.745)
  💜 [Sharon 匹配] IMG_9788.jpeg (相似度: 0.702)
  💖 [Sophia 匹配] IMG_9823.jpeg (相似度: 0.727)
  💖 [Sophia 匹配] IMG_9835.jpeg (相似度: 0.677)
  💖 [Sophia 匹配] IMG_9820.jpeg (相似度: 0.699)
  💙 [John 匹配] IMG_9791.jpeg (相似度: 0.760)
  💜 [Sharon 匹配] IMG_9791.jpeg (相似度: 0.718)
  💖 [Sophia 匹配] IMG_9816.jpeg (相似度: 0.706)
  💖 [Sophia 匹配] IMG_9787.jpeg (相似度: 0.744)
  💜 [Sharon 匹配] IMG_9786.jpeg (相似度: 0.708)
  💖 [Sophia 匹配] IMG_9817.jpeg (相似度: 0.730)
  💙 [John 匹配] IMG_9790.jpeg (相似度: 0.746)
  💜 [Sharon 匹配] IMG_9790.jpeg (相似度: 0.701)
  💖 [Sophia 匹配] IMG_9821.jpeg (相似度: 0.751)
  💖 [Sophia 匹配] IMG_9778.jpeg (相似度: 0.423)
  💖 [Sophia 匹配] IMG_9847.jpeg (相似度: 0.579)
  💖 [Sophia 匹配] IMG_9806.jpeg (相似度: 0.451)
  💖 [Sophia 匹配] IMG_9851.jpeg (相似度: 0.701)
  💙 [John 匹配] IMG_9851.jpeg (相似度: 0.705)
  💜 [Sharon 匹配] IMG_9851.jpeg (相似度: 0.456)
  💜 [Sharon 匹配] IMG_9826.jpeg (相似度: 0.535)
  💖 [Sophia 匹配] IMG_9826.jpeg (相似度: 0.672)
  💙 [John 匹配] IMG_9826.jpeg (相似度: 0.683)
  💖 [Sophia 匹配] IMG_9830.jpeg (相似度: 0.715)
  💙 [John 匹配] IMG_9830.jpeg (相似度: 0.675)
  💜 [Sharon 匹配] IMG_9830.jpeg (相似度: 0.507)
  💖 [Sophia 匹配] IMG_9831.jpeg (相似度: 0.734)
  💙 [John 匹配] IMG_9831.jpeg (相似度: 0.673)
  💜 [Sharon 匹配] IMG_9831.jpeg (相似度: 0.468)
  💙 [John 匹配] IMG_9827.jpeg (相似度: 0.653)
  💖 [Sophia 匹配] IMG_9827.jpeg (相似度: 0.682)
  💜 [Sharon 匹配] IMG_9827.jpeg (相似度: 0.419)
  💙 [John 匹配] IMG_9850.jpeg (相似度: 0.651)
  💖 [Sophia 匹配] IMG_9850.jpeg (相似度: 0.673)
  💖 [Sophia 匹配] IMG_9846.jpeg (相似度: 0.577)
  💜 [Sharon 匹配] IMG_9846.jpeg (相似度: 0.405)
  💙 [John 匹配] IMG_9862.jpeg (相似度: 0.731)
  💜 [Sharon 匹配] IMG_9862.jpeg (相似度: 0.593)
  💖 [Sophia 匹配] IMG_9862.jpeg (相似度: 0.711)
  💜 [Sharon 匹配] IMG_9861.jpeg (相似度: 0.558)
  💙 [John 匹配] IMG_9861.jpeg (相似度: 0.753)
  💖 [Sophia 匹配] IMG_9861.jpeg (相似度: 0.645)
  💙 [John 匹配] IMG_9860.jpeg (相似度: 0.695)
  💜 [Sharon 匹配] IMG_9860.jpeg (相似度: 0.449)
  💖 [Sophia 匹配] IMG_9860.jpeg (相似度: 0.537)
  💜 [Sharon 匹配] IMG_0222.jpeg (相似度: 0.658)
  💜 [Sharon 匹配] IMG_0223.jpeg (相似度: 0.627)
  💜 [Sharon 匹配] IMG_0224.jpeg (相似度: 0.701)
  💜 [Sharon 匹配] IMG_0225.jpeg (相似度: 0.698)
  💜 [Sharon 匹配] IMG_0226.jpeg (相似度: 0.675)
  💙 [John 匹配] IMG_0230.jpeg (相似度: 0.839)
  💜 [Sharon 匹配] IMG_0230.jpeg (相似度: 0.682)
  💙 [John 匹配] IMG_0231.jpeg (相似度: 0.871)
  💜 [Sharon 匹配] IMG_0231.jpeg (相似度: 0.635)
  💜 [Sharon 匹配] IMG_0227.jpeg (相似度: 0.682)
  💜 [Sharon 匹配] IMG_0221.jpeg (相似度: 0.692)
  💜 [Sharon 匹配] IMG_0202.jpeg (相似度: 0.663)
  💜 [Sharon 匹配] IMG_0184.jpeg (相似度: 0.712)
  💜 [Sharon 匹配] IMG_0203.jpeg (相似度: 0.600)
  💜 [Sharon 匹配] IMG_0188.jpeg (相似度: 0.618)
  💙 [John 匹配] IMG_0188.jpeg (相似度: 0.792)
  💙 [John 匹配] IMG_0195.jpeg (相似度: 0.794)
  💜 [Sharon 匹配] IMG_0195.jpeg (相似度: 0.597)
  💜 [Sharon 匹配] IMG_0204.jpeg (相似度: 0.599)
  💜 [Sharon 匹配] IMG_0176.jpeg (相似度: 0.570)
  💜 [Sharon 匹配] IMG_0199.jpeg (相似度: 0.570)
  💜 [Sharon 匹配] IMG_0208.jpeg (相似度: 0.694)
  💜 [Sharon 匹配] IMG_0209.jpeg (相似度: 0.636)
  💜 [Sharon 匹配] IMG_0177.jpeg (相似度: 0.536)
  💜 [Sharon 匹配] IMG_0198.jpeg (相似度: 0.635)
  💜 [Sharon 匹配] IMG_0182.jpeg (相似度: 0.630)
  💜 [Sharon 匹配] IMG_0205.jpeg (相似度: 0.639)
  💙 [John 匹配] IMG_0194.jpeg (相似度: 0.752)
  💜 [Sharon 匹配] IMG_0194.jpeg (相似度: 0.631)
  💜 [Sharon 匹配] IMG_0181.jpeg (相似度: 0.624)
  💜 [Sharon 匹配] IMG_0206.jpeg (相似度: 0.673)
  💜 [Sharon 匹配] IMG_0178.jpeg (相似度: 0.625)
  💜 [Sharon 匹配] IMG_0174.jpeg (相似度: 0.609)
  💜 [Sharon 匹配] IMG_0175.jpeg (相似度: 0.609)
  💙 [John 匹配] IMG_0196.jpeg (相似度: 0.738)
  💜 [Sharon 匹配] IMG_0196.jpeg (相似度: 0.619)
  💜 [Sharon 匹配] IMG_0179.jpeg (相似度: 0.562)
  💜 [Sharon 匹配] IMG_0207.jpeg (相似度: 0.640)
  💜 [Sharon 匹配] IMG_0180.jpeg (相似度: 0.613)
  💙 [John 匹配] IMG_0220.jpeg (相似度: 0.811)
  💜 [Sharon 匹配] IMG_0172.jpeg (相似度: 0.678)
  💜 [Sharon 匹配] IMG_0187.jpeg (相似度: 0.673)
  💙 [John 匹配] IMG_0187.jpeg (相似度: 0.720)
  💜 [Sharon 匹配] IMG_0200.jpeg (相似度: 0.680)
  💜 [Sharon 匹配] IMG_0201.jpeg (相似度: 0.682)
  💜 [Sharon 匹配] IMG_0186.jpeg (相似度: 0.692)
  💙 [John 匹配] IMG_0186.jpeg (相似度: 0.808)
  💜 [Sharon 匹配] IMG_0173.jpeg (相似度: 0.604)
  💜 [Sharon 匹配] IMG_0465.jpeg (相似度: 0.516)
  💙 [John 匹配] IMG_0577.jpeg (相似度: 0.604)
  💜 [Sharon 匹配] IMG_0473.jpeg (相似度: 0.681)
  💜 [Sharon 匹配] IMG_0541.jpeg (相似度: 0.514)
  💙 [John 匹配] IMG_0576.jpeg (相似度: 0.675)
  💜 [Sharon 匹配] IMG_0474.jpeg (相似度: 0.472)
  💜 [Sharon 匹配] IMG_0546.jpeg (相似度: 0.585)
  💜 [Sharon 匹配] IMG_0545.jpeg (相似度: 0.491)
  💜 [Sharon 匹配] IMG_0544.jpeg (相似度: 0.562)
  💜 [Sharon 匹配] IMG_0471.jpeg (相似度: 0.658)
  💙 [John 匹配] IMG_0575.jpeg (相似度: 0.702)
  💜 [Sharon 匹配] IMG_0543.jpeg (相似度: 0.547)
  💜 [Sharon 匹配] IMG_0542.jpeg (相似度: 0.542)
  💜 [Sharon 匹配] IMG_0466.jpeg (相似度: 0.569)
  💜 [Sharon 匹配] IMG_0470.jpeg (相似度: 0.680)
  💜 [Sharon 匹配] IMG_0520.jpeg (相似度: 0.468)
  💜 [Sharon 匹配] IMG_0582.jpeg (相似度: 0.506)
  💜 [Sharon 匹配] IMG_0516.jpeg (相似度: 0.510)
  💜 [Sharon 匹配] IMG_0500.jpeg (相似度: 0.499)
  💜 [Sharon 匹配] IMG_0501.jpeg (相似度: 0.508)
  💜 [Sharon 匹配] IMG_0491.jpeg (相似度: 0.461)
  💜 [Sharon 匹配] IMG_0537.jpeg (相似度: 0.520)
  💜 [Sharon 匹配] IMG_0521.jpeg (相似度: 0.503)
  💜 [Sharon 匹配] IMG_0584.jpeg (相似度: 0.416)
  💜 [Sharon 匹配] IMG_0496.jpeg (相似度: 0.458)
  💜 [Sharon 匹配] IMG_0510.jpeg (相似度: 0.411)
  💜 [Sharon 匹配] IMG_0506.jpeg (相似度: 0.486)
  💜 [Sharon 匹配] IMG_0526.jpeg (相似度: 0.479)
  💜 [Sharon 匹配] IMG_0530.jpeg (相似度: 0.501)
  💜 [Sharon 匹配] IMG_0531.jpeg (相似度: 0.523)
  💜 [Sharon 匹配] IMG_0527.jpeg (相似度: 0.485)
  💜 [Sharon 匹配] IMG_0507.jpeg (相似度: 0.511)
  💜 [Sharon 匹配] IMG_0511.jpeg (相似度: 0.452)
  💜 [Sharon 匹配] IMG_0504.jpeg (相似度: 0.470)
  💜 [Sharon 匹配] IMG_0512.jpeg (相似度: 0.488)
  💜 [Sharon 匹配] IMG_0494.jpeg (相似度: 0.499)
  💜 [Sharon 匹配] IMG_0528.jpeg (相似度: 0.463)
  💜 [Sharon 匹配] IMG_0508.jpeg (相似度: 0.537)
  💜 [Sharon 匹配] IMG_0498.jpeg (相似度: 0.528)
  💜 [Sharon 匹配] IMG_0524.jpeg (相似度: 0.410)
  💜 [Sharon 匹配] IMG_0499.jpeg (相似度: 0.452)
  💜 [Sharon 匹配] IMG_0509.jpeg (相似度: 0.525)
  💜 [Sharon 匹配] IMG_0529.jpeg (相似度: 0.483)
  💜 [Sharon 匹配] IMG_0495.jpeg (相似度: 0.477)
  💜 [Sharon 匹配] IMG_0513.jpeg (相似度: 0.512)
  💜 [Sharon 匹配] IMG_0505.jpeg (相似度: 0.501)
  💜 [Sharon 匹配] IMG_0518.jpeg (相似度: 0.453)
  💜 [Sharon 匹配] IMG_0522.jpeg (相似度: 0.529)
  💜 [Sharon 匹配] IMG_0502.jpeg (相似度: 0.479)
  💜 [Sharon 匹配] IMG_0514.jpeg (相似度: 0.494)
  💜 [Sharon 匹配] IMG_0492.jpeg (相似度: 0.478)
  💜 [Sharon 匹配] IMG_0581.jpeg (相似度: 0.513)
  💜 [Sharon 匹配] IMG_0493.jpeg (相似度: 0.471)
  💜 [Sharon 匹配] IMG_0515.jpeg (相似度: 0.525)
  💜 [Sharon 匹配] IMG_0503.jpeg (相似度: 0.502)
  💜 [Sharon 匹配] IMG_0523.jpeg (相似度: 0.423)
  💜 [Sharon 匹配] IMG_0519.jpeg (相似度: 0.464)
  💜 [Sharon 匹配] IMG_0609.jpeg (相似度: 0.631)
  💜 [Sharon 匹配] IMG_0613.jpeg (相似度: 0.665)
  💜 [Sharon 匹配] IMG_0612.jpeg (相似度: 0.645)
  💜 [Sharon 匹配] IMG_0624.jpeg (相似度: 0.504)
  💜 [Sharon 匹配] IMG_0615.jpeg (相似度: 0.527)
  💜 [Sharon 匹配] IMG_0619.jpeg (相似度: 0.503)
  💜 [Sharon 匹配] IMG_0623.jpeg (相似度: 0.481)
  💜 [Sharon 匹配] IMG_0622.jpeg (相似度: 0.528)
  💜 [Sharon 匹配] IMG_0618.jpeg (相似度: 0.480)
  💜 [Sharon 匹配] IMG_0617.jpeg (相似度: 0.517)
  💜 [Sharon 匹配] IMG_0621.jpeg (相似度: 0.537)
  💜 [Sharon 匹配] IMG_0620.jpeg (相似度: 0.619)
  💜 [Sharon 匹配] IMG_0616.jpeg (相似度: 0.439)
  💜 [Sharon 匹配] IMG_0611.jpeg (相似度: 0.645)
  💜 [Sharon 匹配] IMG_0607.jpeg (相似度: 0.474)
  💜 [Sharon 匹配] IMG_0606.jpeg (相似度: 0.553)
  💜 [Sharon 匹配] IMG_0610.jpeg (相似度: 0.594)
  💜 [Sharon 匹配] IMG_0626.jpeg (相似度: 0.471)
  💜 [Sharon 匹配] IMG_0595.jpeg (相似度: 0.506)
  💜 [Sharon 匹配] IMG_0601.jpeg (相似度: 0.446)
  💜 [Sharon 匹配] IMG_0596.jpeg (相似度: 0.417)
  💙 [John 匹配] IMG_0456.jpeg (相似度: 0.497)
  💜 [Sharon 匹配] IMG_0446.jpeg (相似度: 0.407)
  💜 [Sharon 匹配] IMG_0259.jpeg (相似度: 0.655)
  💙 [John 匹配] IMG_0275.jpeg (相似度: 0.769)
  💜 [Sharon 匹配] IMG_0275.jpeg (相似度: 0.617)
  💜 [Sharon 匹配] IMG_0255.jpeg (相似度: 0.631)
  💜 [Sharon 匹配] IMG_0280.jpeg (相似度: 0.582)
  💜 [Sharon 匹配] IMG_0279.jpeg (相似度: 0.647)
  💜 [Sharon 匹配] IMG_0278.jpeg (相似度: 0.665)
  💜 [Sharon 匹配] IMG_0254.jpeg (相似度: 0.606)
  💜 [Sharon 匹配] IMG_0262.jpeg (相似度: 0.534)
  💜 [Sharon 匹配] IMG_0253.jpeg (相似度: 0.647)
  💜 [Sharon 匹配] IMG_0290.jpeg (相似度: 0.464)
  💜 [Sharon 匹配] IMG_0252.jpeg (相似度: 0.669)
  💙 [John 匹配] IMG_0267.jpeg (相似度: 0.823)
  💙 [John 匹配] IMG_0266.jpeg (相似度: 0.839)
  💜 [Sharon 匹配] IMG_0261.jpeg (相似度: 0.474)
  💜 [Sharon 匹配] IMG_0257.jpeg (相似度: 0.609)
  💜 [Sharon 匹配] IMG_0256.jpeg (相似度: 0.661)
  💙 [John 匹配] IMG_0276.jpeg (相似度: 0.794)
  💜 [Sharon 匹配] IMG_0276.jpeg (相似度: 0.607)
  💜 [Sharon 匹配] IMG_0788.JPG (相似度: 0.607)
  💙 [John 匹配] IMG_0788.JPG (相似度: 0.759)
  💙 [John 匹配] IMG_0789.JPG (相似度: 0.766)
  💜 [Sharon 匹配] IMG_0789.JPG (相似度: 0.606)
  💙 [John 匹配] IMG_0670.JPG (相似度: 0.732)
  💜 [Sharon 匹配] IMG_0670.JPG (相似度: 0.659)
  💜 [Sharon 匹配] IMG_0476.JPG (相似度: 0.565)
  💙 [John 匹配] IMG_0476.JPG (相似度: 0.703)
  💜 [Sharon 匹配] IMG_0784.JPG (相似度: 0.591)
  💙 [John 匹配] IMG_0784.JPG (相似度: 0.774)
  💙 [John 匹配] IMG_0785.JPG (相似度: 0.774)
  💜 [Sharon 匹配] IMG_0785.JPG (相似度: 0.586)
  💜 [Sharon 匹配] IMG_0791.JPG (相似度: 0.666)
  💜 [Sharon 匹配] IMG_0787.JPG (相似度: 0.577)
  💙 [John 匹配] IMG_0787.JPG (相似度: 0.756)
  💙 [John 匹配] IMG_0786.JPG (相似度: 0.757)
  💜 [Sharon 匹配] IMG_0786.JPG (相似度: 0.574)
  💜 [Sharon 匹配] IMG_0783.JPG (相似度: 0.574)
  💙 [John 匹配] IMG_0783.JPG (相似度: 0.747)
  💙 [John 匹配] IMG_9721.JPG (相似度: 0.735)
  💖 [Sophia 匹配] IMG_9721.JPG (相似度: 0.551)
  💙 [John 匹配] IMG_9720.JPG (相似度: 0.724)
  💖 [Sophia 匹配] IMG_9720.JPG (相似度: 0.575)
  💖 [Sophia 匹配] IMG_9722.JPG (相似度: 0.524)
  💙 [John 匹配] IMG_9722.JPG (相似度: 0.731)
  💙 [John 匹配] IMG_9723.JPG (相似度: 0.731)
  💖 [Sophia 匹配] IMG_9723.JPG (相似度: 0.555)
  💙 [John 匹配] IMG_9718.JPG (相似度: 0.711)
  💜 [Sharon 匹配] IMG_9718.JPG (相似度: 0.572)
  💖 [Sophia 匹配] IMG_9718.JPG (相似度: 0.546)
  💖 [Sophia 匹配] IMG_9719.JPG (相似度: 0.444)
  💜 [Sharon 匹配] IMG_9719.JPG (相似度: 0.539)
  💙 [John 匹配] IMG_9719.JPG (相似度: 0.701)
  💙 [John 匹配] IMG_9714.JPG (相似度: 0.729)
  💜 [Sharon 匹配] IMG_9714.JPG (相似度: 0.485)
  💜 [Sharon 匹配] IMG_9700.JPG (相似度: 0.657)
  💜 [Sharon 匹配] IMG_9701.JPG (相似度: 0.646)
  💜 [Sharon 匹配] IMG_9715.JPG (相似度: 0.552)
  💙 [John 匹配] IMG_9715.JPG (相似度: 0.741)
  💜 [Sharon 匹配] IMG_9703.JPG (相似度: 0.629)
  💙 [John 匹配] IMG_9717.JPG (相似度: 0.724)
  💜 [Sharon 匹配] IMG_9717.JPG (相似度: 0.630)
  💖 [Sophia 匹配] IMG_9717.JPG (相似度: 0.520)
  💙 [John 匹配] IMG_9716.JPG (相似度: 0.741)
  💜 [Sharon 匹配] IMG_9716.JPG (相似度: 0.616)
  💖 [Sophia 匹配] IMG_9716.JPG (相似度: 0.549)
  💜 [Sharon 匹配] IMG_9702.JPG (相似度: 0.649)
  💜 [Sharon 匹配] IMG_9699.JPG (相似度: 0.627)
  💜 [Sharon 匹配] IMG_9713.JPG (相似度: 0.487)
  💜 [Sharon 匹配] IMG_9705.JPG (相似度: 0.615)
  💜 [Sharon 匹配] IMG_9704.JPG (相似度: 0.633)
  💙 [John 匹配] IMG_0340.jpeg (相似度: 0.528)
  💜 [Sharon 匹配] IMG_0338.jpeg (相似度: 0.415)
  💜 [Sharon 匹配] IMG_0334.jpeg (相似度: 0.500)
  💜 [Sharon 匹配] IMG_0335.jpeg (相似度: 0.429)
  💜 [Sharon 匹配] IMG_0339.jpeg (相似度: 0.408)
  💜 [Sharon 匹配] IMG_0333.jpeg (相似度: 0.454)
  💖 [Sophia 匹配] IMG_0824.jpeg (相似度: 0.641)
  💜 [Sharon 匹配] IMG_0814.jpeg (相似度: 0.619)
  💜 [Sharon 匹配] IMG_0822.jpeg (相似度: 0.615)
  💖 [Sophia 匹配] IMG_0834.jpeg (相似度: 0.610)
  💖 [Sophia 匹配] IMG_1008.JPG (相似度: 0.658)
  💙 [John 匹配] IMG_1020.JPG (相似度: 0.755)
  💜 [Sharon 匹配] IMG_1020.JPG (相似度: 0.682)
  💜 [Sharon 匹配] IMG_0818.jpeg (相似度: 0.677)
  💖 [Sophia 匹配] IMG_1021.JPG (相似度: 0.544)
  💜 [Sharon 匹配] IMG_1021.JPG (相似度: 0.596)
  💜 [Sharon 匹配] IMG_1018.JPG (相似度: 0.622)
  💙 [John 匹配] IMG_1018.JPG (相似度: 0.751)
  💜 [Sharon 匹配] IMG_0823.jpeg (相似度: 0.634)
  💜 [Sharon 匹配] IMG_0815.jpeg (相似度: 0.637)
  💖 [Sophia 匹配] IMG_1027.JPG (相似度: 0.624)
  💙 [John 匹配] IMG_1027.JPG (相似度: 0.645)
  💙 [John 匹配] IMG_1013.jpeg (相似度: 0.541)
  💙 [John 匹配] IMG_1016.JPG (相似度: 0.773)
  💖 [Sophia 匹配] IMG_1017.JPG (相似度: 0.736)
  💙 [John 匹配] IMG_1017.JPG (相似度: 0.792)
  💙 [John 匹配] IMG_1015.JPG (相似度: 0.756)
  💖 [Sophia 匹配] IMG_1015.JPG (相似度: 0.615)
  💜 [Sharon 匹配] IMG_1015.JPG (相似度: 0.694)
  💙 [John 匹配] IMG_1014.JPG (相似度: 0.771)
  💖 [Sophia 匹配] IMG_1014.JPG (相似度: 0.534)
  💜 [Sharon 匹配] IMG_1014.JPG (相似度: 0.684)
  💜 [Sharon 匹配] IMG_0821.jpeg (相似度: 0.559)
  💙 [John 匹配] IMG_1011.jpeg (相似度: 0.496)
  💜 [Sharon 匹配] IMG_9632.jpeg (相似度: 0.503)
  💜 [Sharon 匹配] IMG_9601.jpeg (相似度: 0.445)
  💖 [Sophia 匹配] IMG_9563.jpeg (相似度: 0.404)
  💖 [Sophia 匹配] IMG_9562.jpeg (相似度: 0.404)
  💜 [Sharon 匹配] IMG_9966.jpeg (相似度: 0.695)
  💜 [Sharon 匹配] IMG_9965.jpeg (相似度: 0.673)
  💖 [Sophia 匹配] IMG_8686.jpeg (相似度: 0.701)
  💙 [John 匹配] IMG_8686.jpeg (相似度: 0.770)
  💜 [Sharon 匹配] IMG_8686.jpeg (相似度: 0.595)
  💙 [John 匹配] IMG_8690.jpeg (相似度: 0.754)
  💖 [Sophia 匹配] IMG_8690.jpeg (相似度: 0.657)
  💜 [Sharon 匹配] IMG_8690.jpeg (相似度: 0.577)
  💖 [Sophia 匹配] IMG_8700.jpeg (相似度: 0.664)
  💜 [Sharon 匹配] IMG_8700.jpeg (相似度: 0.625)
  💜 [Sharon 匹配] IMG_8648.jpeg (相似度: 0.594)
  💙 [John 匹配] IMG_8701.jpeg (相似度: 0.449)
  💙 [John 匹配] IMG_8687.jpeg (相似度: 0.747)
  💜 [Sharon 匹配] IMG_8687.jpeg (相似度: 0.567)
  💖 [Sophia 匹配] IMG_8687.jpeg (相似度: 0.729)
  💜 [Sharon 匹配] IMG_8696.jpeg (相似度: 0.582)
  💖 [Sophia 匹配] IMG_8696.jpeg (相似度: 0.752)
  💙 [John 匹配] IMG_8696.jpeg (相似度: 0.782)
  💖 [Sophia 匹配] IMG_8697.jpeg (相似度: 0.678)
  💖 [Sophia 匹配] IMG_8698.jpeg (相似度: 0.730)
  💙 [John 匹配] IMG_8704.jpeg (相似度: 0.414)
  💖 [Sophia 匹配] IMG_8694.jpeg (相似度: 0.742)
  💜 [Sharon 匹配] IMG_8694.jpeg (相似度: 0.610)
  💙 [John 匹配] IMG_8694.jpeg (相似度: 0.763)
  💙 [John 匹配] IMG_8695.jpeg (相似度: 0.791)
  💖 [Sophia 匹配] IMG_8695.jpeg (相似度: 0.750)
  💜 [Sharon 匹配] IMG_8695.jpeg (相似度: 0.593)
  💜 [Sharon 匹配] IMG_8699.jpeg (相似度: 0.642)
  💖 [Sophia 匹配] IMG_8699.jpeg (相似度: 0.697)
  💜 [Sharon 匹配] IMG_8647.jpeg (相似度: 0.548)
  💙 [John 匹配] IMG_8684.jpeg (相似度: 0.770)
  💖 [Sophia 匹配] IMG_8684.jpeg (相似度: 0.675)
  💜 [Sharon 匹配] IMG_8684.jpeg (相似度: 0.585)
  💙 [John 匹配] IMG_8688.jpeg (相似度: 0.770)
  💜 [Sharon 匹配] IMG_8688.jpeg (相似度: 0.569)
  💖 [Sophia 匹配] IMG_8688.jpeg (相似度: 0.655)
  💖 [Sophia 匹配] IMG_8685.jpeg (相似度: 0.700)
  💙 [John 匹配] IMG_8685.jpeg (相似度: 0.759)
  💜 [Sharon 匹配] IMG_8685.jpeg (相似度: 0.606)
  💙 [John 匹配] IMG_8693.jpeg (相似度: 0.766)
  💖 [Sophia 匹配] IMG_8693.jpeg (相似度: 0.650)
  💜 [Sharon 匹配] IMG_8693.jpeg (相似度: 0.582)
  💙 [John 匹配] IMG_8703.jpeg (相似度: 0.458)
  💜 [Sharon 匹配] IMG_9712.jpeg (相似度: 0.524)
  💙 [John 匹配] IMG_9757.jpeg (相似度: 0.439)
  💜 [Sharon 匹配] IMG_9764.jpeg (相似度: 0.586)
  💖 [Sophia 匹配] IMG_9764.jpeg (相似度: 0.542)
  💙 [John 匹配] IMG_9764.jpeg (相似度: 0.739)
  💜 [Sharon 匹配] IMG_9769.jpeg (相似度: 0.510)
  💜 [Sharon 匹配] IMG_9946.jpeg (相似度: 0.593)
  💙 [John 匹配] IMG_0035.jpeg (相似度: 0.714)
  💖 [Sophia 匹配] IMG_0035.jpeg (相似度: 0.673)
  💙 [John 匹配] IMG_0039.jpeg (相似度: 0.725)
  💜 [Sharon 匹配] IMG_0039.jpeg (相似度: 0.600)
  💖 [Sophia 匹配] IMG_0039.jpeg (相似度: 0.696)
  💙 [John 匹配] IMG_0038.jpeg (相似度: 0.716)
  💖 [Sophia 匹配] IMG_0038.jpeg (相似度: 0.723)
  💜 [Sharon 匹配] IMG_0038.jpeg (相似度: 0.619)
  💙 [John 匹配] IMG_0034.jpeg (相似度: 0.702)
  💖 [Sophia 匹配] IMG_0034.jpeg (相似度: 0.699)
  💖 [Sophia 匹配] IMG_0033.jpeg (相似度: 0.672)
  💜 [Sharon 匹配] IMG_0033.jpeg (相似度: 0.577)
  💙 [John 匹配] IMG_0033.jpeg (相似度: 0.687)
  💙 [John 匹配] IMG_0037.jpeg (相似度: 0.749)
  💖 [Sophia 匹配] IMG_0037.jpeg (相似度: 0.685)
  💙 [John 匹配] IMG_0040.jpeg (相似度: 0.477)
  💙 [John 匹配] IMG_0041.jpeg (相似度: 0.482)
  💙 [John 匹配] IMG_0036.jpeg (相似度: 0.745)
  💖 [Sophia 匹配] IMG_0036.jpeg (相似度: 0.732)
  💖 [Sophia 匹配] IMG_0166.jpeg (相似度: 0.760)
  💜 [Sharon 匹配] IMG_0166.jpeg (相似度: 0.689)
  💜 [Sharon 匹配] IMG_0111.jpeg (相似度: 0.611)
  💜 [Sharon 匹配] IMG_0110.jpeg (相似度: 0.617)
  💖 [Sophia 匹配] IMG_0167.jpeg (相似度: 0.778)
  💖 [Sophia 匹配] IMG_0160.jpeg (相似度: 0.699)
  💖 [Sophia 匹配] IMG_0161.jpeg (相似度: 0.695)
  💙 [John 匹配] IMG_0115.jpeg (相似度: 0.631)
  💜 [Sharon 匹配] IMG_0115.jpeg (相似度: 0.601)
  💖 [Sophia 匹配] IMG_0162.jpeg (相似度: 0.747)
  💜 [Sharon 匹配] IMG_0162.jpeg (相似度: 0.660)
  💖 [Sophia 匹配] IMG_0163.jpeg (相似度: 0.728)
  💜 [Sharon 匹配] IMG_0163.jpeg (相似度: 0.678)
  💜 [Sharon 匹配] IMG_0114.jpeg (相似度: 0.589)
  💙 [John 匹配] IMG_0114.jpeg (相似度: 0.728)
  💜 [Sharon 匹配] IMG_0164.jpeg (相似度: 0.647)
  💖 [Sophia 匹配] IMG_0164.jpeg (相似度: 0.740)
  💙 [John 匹配] IMG_0113.jpeg (相似度: 0.662)
  💜 [Sharon 匹配] IMG_0113.jpeg (相似度: 0.608)
  💙 [John 匹配] IMG_0168.jpeg (相似度: 0.766)
  💖 [Sophia 匹配] IMG_0168.jpeg (相似度: 0.782)
  💙 [John 匹配] IMG_0169.jpeg (相似度: 0.770)
  💖 [Sophia 匹配] IMG_0169.jpeg (相似度: 0.761)
  💙 [John 匹配] IMG_0112.jpeg (相似度: 0.738)
  💜 [Sharon 匹配] IMG_0165.jpeg (相似度: 0.662)
  💖 [Sophia 匹配] IMG_0165.jpeg (相似度: 0.758)
  💙 [John 匹配] 9993370D-BCA0-4E4B-A538-11C86B679E09.jpeg (相似度: 0.580)
  💖 [Sophia 匹配] BB325778-98BA-4F9A-9192-44E72216F6C2.jpeg (相似度: 0.971)
  💜 [Sharon 匹配] C2E8B1E1-BC41-405A-8EBF-332C0CCEFEFD_1_105_c.jpeg (相似度: 0.684)
  💙 [John 匹配] AFEE410F-9DFB-4A43-A1A8-95C0F7878284_1_105_c.jpeg (相似度: 0.783)
  💜 [Sharon 匹配] AFEE410F-9DFB-4A43-A1A8-95C0F7878284_1_105_c.jpeg (相似度: 0.631)
  💜 [Sharon 匹配] 7E23A5D2-612C-41C5-95EC-8001CB1E2278_1_105_c.jpeg (相似度: 0.678)
  💜 [Sharon 匹配] CDC126E7-7AA0-4CFB-951F-E8776068E55A_1_105_c.jpeg (相似度: 0.693)
  💜 [Sharon 匹配] F60FC993-8ECA-40F8-A3B2-C5DF601CBCD6_1_105_c.jpeg (相似度: 0.662)
  💜 [Sharon 匹配] D8DAD5D8-BFF6-4993-BE17-495B16DEC4E9_1_105_c.jpeg (相似度: 0.683)
  💙 [John 匹配] 87A033A8-A790-4B16-BB44-A75470AD0276_1_105_c.jpeg (相似度: 0.801)
  💜 [Sharon 匹配] 87A033A8-A790-4B16-BB44-A75470AD0276_1_105_c.jpeg (相似度: 0.642)
  💙 [John 匹配] C9589C0B-6841-4033-9E88-56282AD90979_1_105_c.jpeg (相似度: 0.796)
  💜 [Sharon 匹配] C9589C0B-6841-4033-9E88-56282AD90979_1_105_c.jpeg (相似度: 0.661)
  💖 [Sophia 匹配] 6F69A506-468A-4020-AD2E-3A3011161497.jpeg (相似度: 0.543)
  💙 [John 匹配] 2946EBCC-CB43-46BE-8037-714147BFC4EA.jpeg (相似度: 0.585)
  💖 [Sophia 匹配] 2946EBCC-CB43-46BE-8037-714147BFC4EA.jpeg (相似度: 0.516)
  💙 [John 匹配] 12A39A9C-6C3D-4A85-8B66-A00D1D82F9B0.jpeg (相似度: 0.698)
  💖 [Sophia 匹配] 6B369281-4C88-4E19-9E2F-985D7A8E3F86.jpeg (相似度: 0.428)
  💜 [Sharon 匹配] 6B369281-4C88-4E19-9E2F-985D7A8E3F86.jpeg (相似度: 0.593)
  💜 [Sharon 匹配] 464A9266-833F-46FC-AF2C-F249671D368C.jpeg (相似度: 0.660)
  💖 [Sophia 匹配] 464A9266-833F-46FC-AF2C-F249671D368C.jpeg (相似度: 0.558)
  💙 [John 匹配] 464A9266-833F-46FC-AF2C-F249671D368C.jpeg (相似度: 0.742)
  💖 [Sophia 匹配] AE68A418-A247-4561-AABA-0160CC65CFD8.jpeg (相似度: 0.417)
  💙 [John 匹配] AE68A418-A247-4561-AABA-0160CC65CFD8.jpeg (相似度: 0.588)
  💜 [Sharon 匹配] AE68A418-A247-4561-AABA-0160CC65CFD8.jpeg (相似度: 0.455)
  💙 [John 匹配] DEB7B45A-83DA-4351-B961-420027C4627B.jpeg (相似度: 0.697)
  💙 [John 匹配] 304BFD77-B204-41DA-9D76-E8CB919B6474.jpeg (相似度: 0.770)
  💙 [John 匹配] 7523ABAD-ECA6-4361-BA5A-72AB542D4D5E.jpeg (相似度: 0.687)
  💙 [John 匹配] A98421F6-ECDE-4DD9-A3E8-A6A2305596BF.jpeg (相似度: 0.759)
  💙 [John 匹配] 4ED04919-CB44-4A3B-939C-6EF6CD8FF157.jpeg (相似度: 0.633)
  💙 [John 匹配] BEB4199E-6E22-45D0-988D-AD9F8100F9D0.jpeg (相似度: 0.641)
  💜 [Sharon 匹配] BEB4199E-6E22-45D0-988D-AD9F8100F9D0.jpeg (相似度: 0.635)
  💙 [John 匹配] B1BA94FF-8374-4505-92FA-0817205A0899.jpeg (相似度: 0.610)
  💜 [Sharon 匹配] B1BA94FF-8374-4505-92FA-0817205A0899.jpeg (相似度: 0.650)
  💙 [John 匹配] 0146185A-AB45-4005-BE0E-03076EB217D4.jpeg (相似度: 0.488)
  💖 [Sophia 匹配] 1C4AC542-7762-4195-A39F-CCA18E1DD796.jpeg (相似度: 0.534)
  💖 [Sophia 匹配] 18C30D87-83F0-4B8A-8DD4-4A4DA1F0A5F1.jpeg (相似度: 0.509)
  💖 [Sophia 匹配] 7C5BF432-6474-47E6-8BAD-6463CA7C9F3A.jpeg (相似度: 0.501)
  💖 [Sophia 匹配] 5B37F9AF-1099-4E0F-A45F-CD0B4AB69E7B.jpeg (相似度: 0.526)
  💖 [Sophia 匹配] DE9A9D7F-BCC3-479D-97E1-582F5E9427EF.jpeg (相似度: 0.471)
  💖 [Sophia 匹配] FC4C5547-3925-4B62-BF29-A76836143CED.jpeg (相似度: 0.439)
  💖 [Sophia 匹配] FF31D66C-DC1D-4ABB-8FDE-BAD7DFCF00AF.jpeg (相似度: 0.454)
  💖 [Sophia 匹配] 72B3E462-A9B1-478A-8D8D-A34043E8B5C3.jpeg (相似度: 0.452)
  💖 [Sophia 匹配] C01F0444-7B07-4F96-A3C4-9C8C585A1A13.jpeg (相似度: 0.519)
  💖 [Sophia 匹配] 10421A3A-C98B-4BCE-9BA3-D5115D5E01C3.jpeg (相似度: 0.413)
  💖 [Sophia 匹配] 1A24A72F-8C62-4BC2-A85B-7F90C0514ED5.jpeg (相似度: 0.563)
  💖 [Sophia 匹配] CEA8598A-FC0F-4146-86C1-C248977F3166.jpeg (相似度: 0.514)
  💙 [John 匹配] A6DC47FE-4288-4EC9-9CA9-8503A59E5BED.jpeg (相似度: 0.722)
  💖 [Sophia 匹配] 4269CD63-E9F9-46EA-92EB-8C898D488415.jpeg (相似度: 0.486)
  💖 [Sophia 匹配] 6C71897E-2204-4A1A-AE61-DDD51A823018.jpeg (相似度: 0.549)
  💖 [Sophia 匹配] 01B591A2-0809-43F2-8329-858E07C095C8.jpeg (相似度: 0.610)
  💖 [Sophia 匹配] B9282106-DE34-42D7-8788-704481A8F6BA.jpeg (相似度: 0.607)
  💖 [Sophia 匹配] DB83C476-141E-45B5-9881-0100293BC8F9.jpeg (相似度: 0.542)
  💖 [Sophia 匹配] B2F72CE3-89C8-490B-8608-57A4456AF910.jpeg (相似度: 0.583)
  💖 [Sophia 匹配] 4AEF8B3C-07F2-4931-9789-56BADCF45519.jpeg (相似度: 0.470)
  💜 [Sharon 匹配] 01D2F8E5-0206-4483-85FA-EDF9CB85D081.jpeg (相似度: 0.679)
⏳ 已深度辨識 7500 / 8413 張相片 (2145.9 秒)...
  💖 [Sophia 匹配] EEDD20DD-32C8-4EC9-8A12-3D94A5C56F96.jpeg (相似度: 0.528)
  💖 [Sophia 匹配] 6FADDF6B-3997-4EB5-B558-75299996644D.jpeg (相似度: 0.525)
  💖 [Sophia 匹配] 76DB1B60-756A-4EE2-8D4E-F77503D0D7DD.jpeg (相似度: 0.461)
  💖 [Sophia 匹配] C498FEBE-BD5D-4ACD-B5E0-5E0D969AB471.jpeg (相似度: 0.417)
  💖 [Sophia 匹配] 57E39FFE-6E46-4808-8E1F-DEB88B132421.jpeg (相似度: 0.537)
  💖 [Sophia 匹配] 9A90D4BD-0099-44E4-931C-C3EF1E140B09.jpeg (相似度: 0.636)
  💖 [Sophia 匹配] 77DB2B4C-79D1-4331-A225-9309D65785CB.jpeg (相似度: 0.580)
  💖 [Sophia 匹配] 203E6822-F25C-4D52-A43B-6CE06D113F1C.jpeg (相似度: 0.550)
  💖 [Sophia 匹配] 660D77C3-4430-4A4E-83EE-7BBED6BEF11E.jpeg (相似度: 0.593)
  💖 [Sophia 匹配] 38058D52-F434-4BF1-B54B-36011100D9C7.jpeg (相似度: 0.568)
  💖 [Sophia 匹配] 79D38552-C0F8-4F3F-83B0-484709D72C79.jpeg (相似度: 0.474)
  💙 [John 匹配] D116192C-0120-4BFC-B083-A657357FEC9C.jpeg (相似度: 0.740)
  💖 [Sophia 匹配] D116192C-0120-4BFC-B083-A657357FEC9C.jpeg (相似度: 0.561)
  💖 [Sophia 匹配] 29D6315F-7226-44BF-88C0-B89196E37510.jpeg (相似度: 0.541)
  💖 [Sophia 匹配] 0EAFCABC-443B-43DE-9090-7F6325615B22.jpeg (相似度: 0.476)
  💜 [Sharon 匹配] 55F1B6FE-3BD7-4232-9A25-4F6DA186B4A0.jpeg (相似度: 0.674)
  💖 [Sophia 匹配] F19E3E2D-2E7A-4018-8B09-58744005584E.jpeg (相似度: 0.567)
  💖 [Sophia 匹配] F3F7A274-2398-4563-B046-234201D6DB25.jpeg (相似度: 0.486)
  💖 [Sophia 匹配] 00BFB7A2-3A42-4BA9-B5D5-08CCFE808BFE.jpeg (相似度: 0.464)
  💖 [Sophia 匹配] 87393E9B-3FA6-47E6-A8E7-0D0D00527255.jpeg (相似度: 0.588)
  💖 [Sophia 匹配] EB29105D-FFF0-4DF6-A68E-CA9E6BC8C484.jpeg (相似度: 0.566)
  💖 [Sophia 匹配] CAD4EAE4-320B-47FB-8669-E951C953A043.jpeg (相似度: 0.563)
  💖 [Sophia 匹配] 245D0C2B-EA37-4F88-92CA-107E12F8AFF8.jpeg (相似度: 0.469)
  💖 [Sophia 匹配] 6FD5C03A-FC58-4F79-8CA0-E1ACA8165315.jpeg (相似度: 0.510)
  💖 [Sophia 匹配] 4A3265E3-C1F3-451F-9C05-F5A8EF575998.jpeg (相似度: 0.528)
  💖 [Sophia 匹配] 5609E27B-2560-4E9B-845A-3A4C136EE321.jpeg (相似度: 0.478)
  💙 [John 匹配] C36A5808-4B2A-4875-A80D-5489AED42318.jpeg (相似度: 0.778)
  💜 [Sharon 匹配] C36A5808-4B2A-4875-A80D-5489AED42318.jpeg (相似度: 0.724)
  💜 [Sharon 匹配] C1B20E81-3DB2-4487-ACD6-125E09CCC7AA.jpeg (相似度: 0.559)
  💜 [Sharon 匹配] 5DB316E7-1A28-4E7A-B939-4DE3DCF0D637.jpeg (相似度: 0.657)
  💖 [Sophia 匹配] 5E60610A-4806-4EF2-8A21-00E328ACB764.jpeg (相似度: 0.439)
  💜 [Sharon 匹配] 533EA289-1FE4-48F2-870E-1E173E99F30F.jpeg (相似度: 0.651)
  💜 [Sharon 匹配] D41D6387-5FD4-4EB1-A5BE-76DD409E8FB0.jpeg (相似度: 0.665)
  💜 [Sharon 匹配] 5CB6A450-CB48-42DF-869F-5A2DE221D09C.jpeg (相似度: 0.669)
  💜 [Sharon 匹配] 26C6E966-E446-4579-B63E-C0E2963FE98C.jpeg (相似度: 0.677)
  💜 [Sharon 匹配] D1782B81-A780-4C58-92B6-F3E4C01EB106.jpeg (相似度: 0.631)
  💜 [Sharon 匹配] 140D1F25-7070-49D3-9954-B926BD09E2C8.jpeg (相似度: 0.588)
  💖 [Sophia 匹配] 1E4DF294-5BEB-41B3-AE82-2401450A6B0D_1_201_a.jpeg (相似度: 0.556)
  💖 [Sophia 匹配] 8BDECCB6-B7AD-475E-A6F1-2CB73068AF2B_1_201_a.jpeg (相似度: 0.551)
  💖 [Sophia 匹配] D863F0A8-0AC9-4357-8ADD-350A750F7F77_1_201_a.jpeg (相似度: 0.493)
  💜 [Sharon 匹配] C802B34C-8604-4B48-8F77-8BA49B77C101.jpeg (相似度: 0.679)
  💖 [Sophia 匹配] BD4B7236-3596-4903-BEF5-3BF466C51676_1_201_a.jpeg (相似度: 0.556)
  💜 [Sharon 匹配] 5B10436F-663F-417E-98B0-87864138A8D8.jpeg (相似度: 0.769)
  💜 [Sharon 匹配] 306E103F-400F-448A-B42E-820E66175F1A.jpeg (相似度: 0.746)
  💖 [Sophia 匹配] 14510079-8865-4A7F-855B-BAFC14C036D0_1_201_a.jpeg (相似度: 0.580)
  💖 [Sophia 匹配] A1531A6E-AB93-4992-B71B-C73CCE41B8C4_1_201_a.jpeg (相似度: 0.552)
  💖 [Sophia 匹配] AA451908-EFB5-40ED-931A-00166482B9BE_1_201_a.jpeg (相似度: 0.574)
  💜 [Sharon 匹配] 0D1F8B68-406F-4C54-BDEB-D3983F323495_1_201_a.jpeg (相似度: 0.625)
  💜 [Sharon 匹配] 3E6065BA-C443-43B7-8D8A-73031B301808.jpeg (相似度: 0.752)
  💖 [Sophia 匹配] 2875B7C5-218B-4F04-8B67-8359335274FA_1_201_a.jpeg (相似度: 0.523)
  💙 [John 匹配] 2875B7C5-218B-4F04-8B67-8359335274FA_1_201_a.jpeg (相似度: 0.716)
  💖 [Sophia 匹配] 279169CF-6CA1-4762-BD0D-2B1B488C8B9C_1_201_a.jpeg (相似度: 0.555)
  💖 [Sophia 匹配] 528AAD8A-A591-4A4D-9E8E-5D68D09FD1E4_1_201_a.jpeg (相似度: 0.603)
  💖 [Sophia 匹配] 15A43537-305E-439F-A4B1-F014970BACAC_1_201_a.jpeg (相似度: 0.564)
  💖 [Sophia 匹配] 0D8DE2D6-F66F-4DE5-914A-6E6AB11C2116_1_201_a.jpeg (相似度: 0.464)
  💖 [Sophia 匹配] 89CB5B10-69B9-402A-A5BD-17641A0C52B1_1_201_a.jpeg (相似度: 0.579)
  💖 [Sophia 匹配] 5F328C60-D608-4EA6-A8CF-1F8DB93F7744_1_201_a.jpeg (相似度: 0.619)
  💙 [John 匹配] 5F328C60-D608-4EA6-A8CF-1F8DB93F7744_1_201_a.jpeg (相似度: 0.657)
  💖 [Sophia 匹配] 07C4F1C2-A27F-4CC1-84B5-DF3D9AC3D505_1_201_a.jpeg (相似度: 0.546)
  💙 [John 匹配] 296660F0-2239-4F0F-BE07-76871CD21FE9.jpeg (相似度: 0.636)
  💜 [Sharon 匹配] E67841B4-20BA-4FE1-AF4E-C7718D09C77C.jpeg (相似度: 0.641)
  💙 [John 匹配] E67841B4-20BA-4FE1-AF4E-C7718D09C77C.jpeg (相似度: 0.763)
  💙 [John 匹配] 1C87D965-02B8-4D1F-A90A-E32C17EB3C66.jpeg (相似度: 0.781)
  💜 [Sharon 匹配] 1C87D965-02B8-4D1F-A90A-E32C17EB3C66.jpeg (相似度: 0.577)
  💖 [Sophia 匹配] 2B5DA7EC-7544-4F7C-BB2F-D7B5EFC319AD.jpeg (相似度: 0.568)
  💙 [John 匹配] 2B5DA7EC-7544-4F7C-BB2F-D7B5EFC319AD.jpeg (相似度: 0.715)
  💙 [John 匹配] 7993A057-0C3A-4FC6-82D5-CCF51D0B0823.jpeg (相似度: 0.713)
  💖 [Sophia 匹配] 7993A057-0C3A-4FC6-82D5-CCF51D0B0823.jpeg (相似度: 0.527)
  💜 [Sharon 匹配] 7993A057-0C3A-4FC6-82D5-CCF51D0B0823.jpeg (相似度: 0.534)
  💙 [John 匹配] 765CFDCB-E9F9-4D97-9BF1-D65E742CDC63.jpeg (相似度: 0.635)
  💙 [John 匹配] F0C5F6A4-870F-420C-93F5-D8FC38CBD24D.jpeg (相似度: 0.652)
  💜 [Sharon 匹配] 49FC7A5E-2D54-409A-B482-D982D587502A.jpeg (相似度: 0.614)
  💙 [John 匹配] 49FC7A5E-2D54-409A-B482-D982D587502A.jpeg (相似度: 0.807)
  💖 [Sophia 匹配] 8631D0B3-19E4-45B2-8E89-D2B2BD88EECC.jpeg (相似度: 0.555)
  💙 [John 匹配] 8631D0B3-19E4-45B2-8E89-D2B2BD88EECC.jpeg (相似度: 0.792)
  💖 [Sophia 匹配] 9AD9ACF0-B387-4024-A20B-7A143450D80C.jpeg (相似度: 0.518)
  💜 [Sharon 匹配] 3012AF0F-347B-4E9E-88D2-B65EAA2F8B2C.jpeg (相似度: 0.582)
  💙 [John 匹配] 3012AF0F-347B-4E9E-88D2-B65EAA2F8B2C.jpeg (相似度: 0.782)
  💜 [Sharon 匹配] 244F4913-F177-4B6F-97DE-DDD5D4ACD5C4.jpeg (相似度: 0.625)
  💖 [Sophia 匹配] ED8262A8-D2B5-4495-8147-4EF2AF27EB16.jpeg (相似度: 0.512)
  💙 [John 匹配] A4A74760-4B91-4CFE-8305-224F92DF69EC.jpeg (相似度: 0.643)
  💙 [John 匹配] 4CB41CB3-7D24-4068-9FD0-676D695D30E3.jpeg (相似度: 0.642)
  💖 [Sophia 匹配] 4B5B2587-B0BA-4617-9D71-A786B08A1150.jpeg (相似度: 0.558)
  💙 [John 匹配] 4316B80E-B215-4986-A95D-FD38AE9036A8.jpeg (相似度: 0.754)
  💜 [Sharon 匹配] 4316B80E-B215-4986-A95D-FD38AE9036A8.jpeg (相似度: 0.673)
  💖 [Sophia 匹配] 4316B80E-B215-4986-A95D-FD38AE9036A8.jpeg (相似度: 0.615)
  💙 [John 匹配] C41C3CAB-01B9-48F7-B0F0-16F3C7C01898.jpeg (相似度: 0.784)
  💖 [Sophia 匹配] C41C3CAB-01B9-48F7-B0F0-16F3C7C01898.jpeg (相似度: 0.454)
  💙 [John 匹配] C7D8840B-DF04-428A-BE17-4D1ED35C3554.jpeg (相似度: 0.699)
  💖 [Sophia 匹配] C7D8840B-DF04-428A-BE17-4D1ED35C3554.jpeg (相似度: 0.506)
  💜 [Sharon 匹配] C7D8840B-DF04-428A-BE17-4D1ED35C3554.jpeg (相似度: 0.648)
  💙 [John 匹配] 75CF860F-34D7-4293-84D7-A8CB14B57A0C.jpeg (相似度: 0.700)
  💖 [Sophia 匹配] 75CF860F-34D7-4293-84D7-A8CB14B57A0C.jpeg (相似度: 0.421)
  💙 [John 匹配] 10C1C13A-7FE6-4AC1-9798-3D8D450A7381.jpeg (相似度: 0.753)
  💜 [Sharon 匹配] 10C1C13A-7FE6-4AC1-9798-3D8D450A7381.jpeg (相似度: 0.620)
  💖 [Sophia 匹配] 10C1C13A-7FE6-4AC1-9798-3D8D450A7381.jpeg (相似度: 0.617)
  💙 [John 匹配] 6E58AD65-71F1-408D-A643-08310766D90F.jpeg (相似度: 0.791)
  💖 [Sophia 匹配] 6E58AD65-71F1-408D-A643-08310766D90F.jpeg (相似度: 0.557)
  💜 [Sharon 匹配] 6E58AD65-71F1-408D-A643-08310766D90F.jpeg (相似度: 0.600)
  💜 [Sharon 匹配] 5BC5A5F9-DFCA-401B-94D1-03D2A880626A.jpeg (相似度: 0.629)
  💙 [John 匹配] 5BC5A5F9-DFCA-401B-94D1-03D2A880626A.jpeg (相似度: 0.757)
  💖 [Sophia 匹配] 5BC5A5F9-DFCA-401B-94D1-03D2A880626A.jpeg (相似度: 0.574)
  💖 [Sophia 匹配] DAE893E2-1F73-4496-94E8-3FB97560FC19.jpeg (相似度: 0.545)
  💜 [Sharon 匹配] 36F418B5-10D7-4F1D-ADAC-1F999E8D0E2C.jpeg (相似度: 0.616)
  💙 [John 匹配] 36F418B5-10D7-4F1D-ADAC-1F999E8D0E2C.jpeg (相似度: 0.789)
  💙 [John 匹配] 6949DAF5-C1A2-41C6-9A22-6D1A95168422_1_201_a.jpeg (相似度: 0.781)
  💖 [Sophia 匹配] 6949DAF5-C1A2-41C6-9A22-6D1A95168422_1_201_a.jpeg (相似度: 0.595)
  💜 [Sharon 匹配] 6949DAF5-C1A2-41C6-9A22-6D1A95168422_1_201_a.jpeg (相似度: 0.658)
  💜 [Sharon 匹配] 1BDF87C8-6402-411A-A4EB-5431473DC029.jpeg (相似度: 0.631)
  💙 [John 匹配] F72E5E29-42A6-4CDB-AD51-BAE8635B1DA0.jpeg (相似度: 0.736)
  💜 [Sharon 匹配] F72E5E29-42A6-4CDB-AD51-BAE8635B1DA0.jpeg (相似度: 0.486)
  💜 [Sharon 匹配] B1C2292F-EED8-488A-8BA7-9B443838D39B_1_201_a.jpeg (相似度: 0.708)
  💖 [Sophia 匹配] B1C2292F-EED8-488A-8BA7-9B443838D39B_1_201_a.jpeg (相似度: 0.468)
  💖 [Sophia 匹配] D90E99F8-FAF0-4036-A858-C0EBD7CD1B82.jpeg (相似度: 0.606)
  💜 [Sharon 匹配] D90E99F8-FAF0-4036-A858-C0EBD7CD1B82.jpeg (相似度: 0.683)
  💖 [Sophia 匹配] 4C8F6A75-30B6-4A58-9004-09E801EE16DF.jpeg (相似度: 0.631)
  💖 [Sophia 匹配] 96E8DAC7-6330-4A77-976B-43A8C1B63721_1_201_a.jpeg (相似度: 0.583)
  💙 [John 匹配] 96E8DAC7-6330-4A77-976B-43A8C1B63721_1_201_a.jpeg (相似度: 0.759)
  💜 [Sharon 匹配] 96E8DAC7-6330-4A77-976B-43A8C1B63721_1_201_a.jpeg (相似度: 0.692)
  💖 [Sophia 匹配] 261D8E11-17BA-45A0-AF5D-AEF584135C57.jpeg (相似度: 0.604)
  💙 [John 匹配] E310D4E9-945A-4DFD-A4EC-384EF7A42CB3.jpeg (相似度: 0.797)
  💖 [Sophia 匹配] E310D4E9-945A-4DFD-A4EC-384EF7A42CB3.jpeg (相似度: 0.607)
  💜 [Sharon 匹配] E310D4E9-945A-4DFD-A4EC-384EF7A42CB3.jpeg (相似度: 0.684)
  💙 [John 匹配] 7A0C414F-9037-46FE-86DA-F3E8E3BA1AFF.jpeg (相似度: 0.791)
  💖 [Sophia 匹配] 7A0C414F-9037-46FE-86DA-F3E8E3BA1AFF.jpeg (相似度: 0.613)
  💜 [Sharon 匹配] 7A0C414F-9037-46FE-86DA-F3E8E3BA1AFF.jpeg (相似度: 0.738)
  💖 [Sophia 匹配] 0CF0374E-7B3D-4F83-9C38-61CD3C94490B.jpeg (相似度: 0.660)
  💙 [John 匹配] 0CF0374E-7B3D-4F83-9C38-61CD3C94490B.jpeg (相似度: 0.542)
  💜 [Sharon 匹配] 0CF0374E-7B3D-4F83-9C38-61CD3C94490B.jpeg (相似度: 0.500)
  💖 [Sophia 匹配] 25F76AC4-429F-4CF8-A7BF-C98397F07954.jpeg (相似度: 0.644)
  💙 [John 匹配] 25F76AC4-429F-4CF8-A7BF-C98397F07954.jpeg (相似度: 0.785)
  💜 [Sharon 匹配] 25F76AC4-429F-4CF8-A7BF-C98397F07954.jpeg (相似度: 0.699)
  💖 [Sophia 匹配] 416569E2-A555-4C4F-A490-0FE10F9040EE.jpeg (相似度: 0.587)
  💜 [Sharon 匹配] 416569E2-A555-4C4F-A490-0FE10F9040EE.jpeg (相似度: 0.707)
  💖 [Sophia 匹配] 3929E5AB-26C6-45EE-B3A6-F1F78DFE984C_1_201_a.jpeg (相似度: 0.585)
  💜 [Sharon 匹配] 3929E5AB-26C6-45EE-B3A6-F1F78DFE984C_1_201_a.jpeg (相似度: 0.729)
  💖 [Sophia 匹配] 28A4AFAC-787B-4BB0-A646-EAD27A0D7AA7_1_201_a.jpeg (相似度: 0.578)
  💜 [Sharon 匹配] 28A4AFAC-787B-4BB0-A646-EAD27A0D7AA7_1_201_a.jpeg (相似度: 0.687)
  💙 [John 匹配] C7B483D8-DA3A-467E-A8AF-E22F7BE0B44E.jpeg (相似度: 0.699)
  💖 [Sophia 匹配] AEEE1BD6-1D35-40BA-9FE0-9F5DA9886DEE.jpeg (相似度: 0.639)
  💖 [Sophia 匹配] 7CDE0FB1-2130-4D0E-BD90-BE8354B85239.jpeg (相似度: 0.658)
  💙 [John 匹配] 7CDE0FB1-2130-4D0E-BD90-BE8354B85239.jpeg (相似度: 0.772)
  💜 [Sharon 匹配] 7CDE0FB1-2130-4D0E-BD90-BE8354B85239.jpeg (相似度: 0.684)
  💙 [John 匹配] 5480AB29-4E85-41C5-A4B0-BEAA8D8B36B9.jpeg (相似度: 0.781)
  💖 [Sophia 匹配] 5480AB29-4E85-41C5-A4B0-BEAA8D8B36B9.jpeg (相似度: 0.581)
  💜 [Sharon 匹配] 5480AB29-4E85-41C5-A4B0-BEAA8D8B36B9.jpeg (相似度: 0.701)
  💖 [Sophia 匹配] 69065668-6518-4EA6-A345-D90B26E0EB0A.jpeg (相似度: 0.517)
  💙 [John 匹配] 69065668-6518-4EA6-A345-D90B26E0EB0A.jpeg (相似度: 0.757)
  💖 [Sophia 匹配] 89D27A7B-4881-436C-8DC2-9284E97F114D.jpeg (相似度: 0.535)
  💜 [Sharon 匹配] 89D27A7B-4881-436C-8DC2-9284E97F114D.jpeg (相似度: 0.693)
  💖 [Sophia 匹配] 06ED4209-4D09-4C32-87D8-4C82AAE0409D.jpeg (相似度: 0.534)
  💙 [John 匹配] 06ED4209-4D09-4C32-87D8-4C82AAE0409D.jpeg (相似度: 0.753)
  💖 [Sophia 匹配] D4826F32-9611-4823-B4DA-12248D5580EF.jpeg (相似度: 0.575)
  💖 [Sophia 匹配] 6EF6F82B-2A6E-4BCD-B6B1-1AFF7FADAF1B.jpeg (相似度: 0.613)
  💜 [Sharon 匹配] 6EF6F82B-2A6E-4BCD-B6B1-1AFF7FADAF1B.jpeg (相似度: 0.696)
  💜 [Sharon 匹配] 18EC63AC-4A5B-4E2D-9C33-AB287A5D1D84.jpeg (相似度: 0.716)
  💖 [Sophia 匹配] 18EC63AC-4A5B-4E2D-9C33-AB287A5D1D84.jpeg (相似度: 0.562)
  💙 [John 匹配] A69CA8E5-1BD9-4F9D-A19A-A735344476C1.jpeg (相似度: 0.775)
  💖 [Sophia 匹配] A69CA8E5-1BD9-4F9D-A19A-A735344476C1.jpeg (相似度: 0.624)
  💜 [Sharon 匹配] A69CA8E5-1BD9-4F9D-A19A-A735344476C1.jpeg (相似度: 0.721)
  💜 [Sharon 匹配] 8C27A35E-A2D0-4C85-AAE1-43B735A16EB1.jpeg (相似度: 0.701)
  💖 [Sophia 匹配] 8C27A35E-A2D0-4C85-AAE1-43B735A16EB1.jpeg (相似度: 0.470)
  💜 [Sharon 匹配] E268698B-5A7B-4FC0-B867-97B3A840CD58.jpeg (相似度: 0.714)
  💖 [Sophia 匹配] E268698B-5A7B-4FC0-B867-97B3A840CD58.jpeg (相似度: 0.481)
  💖 [Sophia 匹配] 29672A06-5641-47A2-83EF-BA40BFD0D46A.jpeg (相似度: 0.647)
  💙 [John 匹配] 29672A06-5641-47A2-83EF-BA40BFD0D46A.jpeg (相似度: 0.773)
  💖 [Sophia 匹配] F788E87D-1118-44DA-8F2F-4D1715CB981C.jpeg (相似度: 0.621)
  💙 [John 匹配] D18F01AD-54A0-420E-A9F5-90AFE5231AD1.jpeg (相似度: 0.737)
  💖 [Sophia 匹配] D18F01AD-54A0-420E-A9F5-90AFE5231AD1.jpeg (相似度: 0.554)
  💖 [Sophia 匹配] 6055F7AE-9BA2-4449-B163-E666BEBAF294.jpeg (相似度: 0.573)
  💜 [Sharon 匹配] 6055F7AE-9BA2-4449-B163-E666BEBAF294.jpeg (相似度: 0.470)
  💙 [John 匹配] 6055F7AE-9BA2-4449-B163-E666BEBAF294.jpeg (相似度: 0.436)
  💖 [Sophia 匹配] 2F65E7F4-879E-495E-A09E-F9E97042CB0D.jpeg (相似度: 0.622)
  💙 [John 匹配] 2F65E7F4-879E-495E-A09E-F9E97042CB0D.jpeg (相似度: 0.785)
  💜 [Sharon 匹配] 2F65E7F4-879E-495E-A09E-F9E97042CB0D.jpeg (相似度: 0.711)
  💖 [Sophia 匹配] 031F5EC1-B6FA-499F-8AC2-EF034A12541A.jpeg (相似度: 0.487)
  💖 [Sophia 匹配] A5B35762-BDF1-4020-B61E-7EC4A14E6598.jpeg (相似度: 0.437)
  💖 [Sophia 匹配] A7B52707-825C-435A-A30C-B16ADC5CE6B0.jpeg (相似度: 0.464)
  💖 [Sophia 匹配] 8412CC82-ACA2-482F-8B0B-036B98AB795F.jpeg (相似度: 0.502)
  💖 [Sophia 匹配] 5DF85779-C37E-41E0-8297-5B323E1EC4F0.jpeg (相似度: 0.420)
  💖 [Sophia 匹配] D2029CA8-64B8-4C73-B233-AEE97A9D5FD5.jpeg (相似度: 0.575)
  💖 [Sophia 匹配] 5A90B226-5182-4680-9ACB-F7F78E4F17A6.jpeg (相似度: 0.528)
  💖 [Sophia 匹配] 7C09B45E-17DE-4269-8BFC-A26855FE2494.jpeg (相似度: 0.582)
  💖 [Sophia 匹配] 9E5221C3-EF34-4941-A13D-6391C0305B35.jpeg (相似度: 0.562)
  💖 [Sophia 匹配] 22039A42-2F51-4513-97CE-57B6C6DDF799.jpeg (相似度: 0.417)
  💖 [Sophia 匹配] 54F83FEC-7492-4726-8DBE-97CD12D4AE28.jpeg (相似度: 0.593)
  💖 [Sophia 匹配] AB6F42A9-CD87-4A86-8E8F-2783F160A143.jpeg (相似度: 0.581)
  💖 [Sophia 匹配] 15521E52-65F0-481F-8FCB-1EDA6A3852BE_1_201_a.jpeg (相似度: 0.445)
  💖 [Sophia 匹配] 744F1A29-6C43-4853-AD9C-A545FC7F2C94.jpeg (相似度: 0.517)
  💖 [Sophia 匹配] A52348B3-C67E-4E9C-89FB-F151F4B43762.jpeg (相似度: 0.484)
  💖 [Sophia 匹配] 54F09243-3E3A-4C09-A380-7AED04528086.jpeg (相似度: 0.527)
  💙 [John 匹配] 54F09243-3E3A-4C09-A380-7AED04528086.jpeg (相似度: 0.691)
  💜 [Sharon 匹配] 54F09243-3E3A-4C09-A380-7AED04528086.jpeg (相似度: 0.722)
  💖 [Sophia 匹配] 0A12A4DF-3717-403B-9606-6FA6DCD9AB1E.jpeg (相似度: 0.470)
  💖 [Sophia 匹配] 060256E7-F340-49F6-A660-7E38A8F42B4E.jpeg (相似度: 0.447)
  💖 [Sophia 匹配] 519137BE-53C8-4DFA-9433-803B10587AC4.jpeg (相似度: 0.401)
  💜 [Sharon 匹配] 9CD1A24D-6108-4C2A-A525-0C337B2E0787.jpeg (相似度: 0.707)
  💖 [Sophia 匹配] 2A80EFAE-3F5C-480E-971C-B245E93A07F0_1_201_a.jpeg (相似度: 0.466)
  💙 [John 匹配] CCB47490-B330-48EC-AC28-5738CC6B4869.jpeg (相似度: 0.683)
  💜 [Sharon 匹配] CCB47490-B330-48EC-AC28-5738CC6B4869.jpeg (相似度: 0.626)
  💖 [Sophia 匹配] CCB47490-B330-48EC-AC28-5738CC6B4869.jpeg (相似度: 0.565)
  💖 [Sophia 匹配] 12B499FA-F0AA-4FBF-9D4A-699F593883C6.jpeg (相似度: 0.518)
  💜 [Sharon 匹配] 3A64C39E-E084-4B90-AEB1-E603C8F92550.jpeg (相似度: 0.671)
  💖 [Sophia 匹配] 4630DE86-50DC-4BDB-B1B2-47F8A52FB7BB.jpeg (相似度: 0.410)
  💖 [Sophia 匹配] A72982E0-68C8-413E-82D5-997B8D5C1287.jpeg (相似度: 0.422)
  💖 [Sophia 匹配] 65CCBCD6-C9A8-4B74-A88E-ABC953955F5E.jpeg (相似度: 0.432)
  💖 [Sophia 匹配] 2D84E56B-4395-4D1C-AAC0-826B027C8388.jpeg (相似度: 0.416)
  💜 [Sharon 匹配] 13230774-EB58-47A1-BA90-2A04CD4C402A_1_201_a.jpeg (相似度: 0.672)
  💖 [Sophia 匹配] 59DE52A2-84A1-446E-B7A6-1E391B2A2B61.jpeg (相似度: 0.410)
  💖 [Sophia 匹配] 8631AD9A-B67E-4216-A4D1-0DA541E04F44.jpeg (相似度: 0.561)
  💖 [Sophia 匹配] B5102349-41AE-4B7F-882F-220FE1B8B66E.jpeg (相似度: 0.449)
  💖 [Sophia 匹配] D83BE002-C81F-4928-A0C6-B4580A2346EE.jpeg (相似度: 0.548)
  💖 [Sophia 匹配] EA8CFBBE-EB42-4E27-A258-0BE2A85F70F4.jpeg (相似度: 0.571)
  💖 [Sophia 匹配] D5FC6F52-AD36-4BE1-BFF3-E9DDCD939B17.jpeg (相似度: 0.516)
  💖 [Sophia 匹配] 8B179819-F746-4E31-BDD6-BFCCA9C14348.jpeg (相似度: 0.541)
  💙 [John 匹配] 8B179819-F746-4E31-BDD6-BFCCA9C14348.jpeg (相似度: 0.666)
  💜 [Sharon 匹配] 8B179819-F746-4E31-BDD6-BFCCA9C14348.jpeg (相似度: 0.606)
  💖 [Sophia 匹配] 6A026F76-2C6D-4D7A-944B-2E8FD2C4AA68.jpeg (相似度: 0.538)
  💖 [Sophia 匹配] CCC8D8D6-D3B8-477E-AB62-7B4DD772EE45.jpeg (相似度: 0.514)
  💖 [Sophia 匹配] AF22010A-259F-43B1-8829-AA159B0C5EEC.jpeg (相似度: 0.526)
  💖 [Sophia 匹配] A60F8F6C-AB6F-4716-994D-BA65EF15631E.jpeg (相似度: 0.451)
  💖 [Sophia 匹配] D3BFA290-6EB7-4B7C-9E42-FA929D5C0627.jpeg (相似度: 0.541)
  💖 [Sophia 匹配] 286E9B4E-7DA2-45DC-92B7-F86EDB1DD449.jpeg (相似度: 0.545)
  💙 [John 匹配] 286E9B4E-7DA2-45DC-92B7-F86EDB1DD449.jpeg (相似度: 0.670)
  💜 [Sharon 匹配] 286E9B4E-7DA2-45DC-92B7-F86EDB1DD449.jpeg (相似度: 0.656)
  💖 [Sophia 匹配] 8982D8AB-B18B-4869-9725-81079A95E6BE.jpeg (相似度: 0.423)
  💖 [Sophia 匹配] 297691F5-FA5D-43F9-8579-BE448AA66DB8.jpeg (相似度: 0.513)
  💖 [Sophia 匹配] 7D3E4F22-CECD-4D06-8BF7-C3E89E390678.jpeg (相似度: 0.537)
  💙 [John 匹配] 49D569DA-40EA-4DA0-86E7-AFD91BB89CF5.jpeg (相似度: 0.748)
  💙 [John 匹配] B97DBB9B-1FAF-4DF7-B7BB-EAAE5AF4A2E2.jpeg (相似度: 0.700)
  💜 [Sharon 匹配] B97DBB9B-1FAF-4DF7-B7BB-EAAE5AF4A2E2.jpeg (相似度: 0.641)
  💙 [John 匹配] DE7209A9-0BA7-437D-81F8-B1CEE8BF71A3.jpeg (相似度: 0.779)
  💜 [Sharon 匹配] 0DCDE12F-6AD5-401E-8BC3-0DC4499B0D85.jpeg (相似度: 0.605)
  💙 [John 匹配] 0DCDE12F-6AD5-401E-8BC3-0DC4499B0D85.jpeg (相似度: 0.703)
  💙 [John 匹配] 2B8CA72D-7FBF-4BA4-95F7-A8C1F752CC5D.jpeg (相似度: 0.754)
  💜 [Sharon 匹配] 788628BB-C979-4112-98C5-CA7CFA00D36D.jpeg (相似度: 0.662)
  💙 [John 匹配] 788628BB-C979-4112-98C5-CA7CFA00D36D.jpeg (相似度: 0.756)
  💙 [John 匹配] 830B7731-E6DF-44CB-A1BD-A66D0CBB0611.jpeg (相似度: 0.702)
  💜 [Sharon 匹配] 830B7731-E6DF-44CB-A1BD-A66D0CBB0611.jpeg (相似度: 0.630)
  💙 [John 匹配] 5868A5EB-5E90-48C3-A690-51B11F41F396.jpeg (相似度: 0.784)
  💜 [Sharon 匹配] E046FB4F-CCEC-42B4-8F1E-3F4E88DD366B.jpeg (相似度: 0.640)
  💙 [John 匹配] C74AF6AA-B2D7-4DC1-8865-527D9BDC5A66.jpeg (相似度: 0.693)
  💜 [Sharon 匹配] C74AF6AA-B2D7-4DC1-8865-527D9BDC5A66.jpeg (相似度: 0.552)
  💜 [Sharon 匹配] 5260F05E-9434-4925-8895-7B720AA07468.jpeg (相似度: 0.669)
  💙 [John 匹配] 6329DA5D-7923-4AF5-9509-9F62B2CBA8F4.jpeg (相似度: 0.759)
  💙 [John 匹配] AC42DB5F-B538-4CE4-8AC5-DA1240FFB0FC.jpeg (相似度: 0.712)
  💜 [Sharon 匹配] AC42DB5F-B538-4CE4-8AC5-DA1240FFB0FC.jpeg (相似度: 0.532)
  💙 [John 匹配] 8179F473-D3ED-4834-9A56-1DC45E36796D.jpeg (相似度: 0.692)
  💜 [Sharon 匹配] 4D67685F-5344-4E07-A143-CA75B9C514FF.jpeg (相似度: 0.620)
  💙 [John 匹配] 025631D4-0DB5-4B0D-9F63-C0352A5F6E22.jpeg (相似度: 0.738)
  💙 [John 匹配] F72A0B10-42D1-4FAB-907D-869C9912BAB7.jpeg (相似度: 0.705)
  💙 [John 匹配] 16315DD4-8ED0-4DF0-A25E-B3E68145D712.jpeg (相似度: 0.706)
  💜 [Sharon 匹配] 60CFCFAD-E716-4415-9B23-7D98FB286746.jpeg (相似度: 0.740)
  💖 [Sophia 匹配] 60CFCFAD-E716-4415-9B23-7D98FB286746.jpeg (相似度: 0.595)
  💖 [Sophia 匹配] 2DC77E15-5C56-49FC-9B5B-8C31F65ECF3A.jpeg (相似度: 0.647)
  💜 [Sharon 匹配] 2DC77E15-5C56-49FC-9B5B-8C31F65ECF3A.jpeg (相似度: 0.770)
  💖 [Sophia 匹配] F20BC289-B59D-4070-9A09-440F4E4E7E8E.jpeg (相似度: 0.558)
  💜 [Sharon 匹配] F20BC289-B59D-4070-9A09-440F4E4E7E8E.jpeg (相似度: 0.739)
  💖 [Sophia 匹配] 5C50806C-2DDE-4570-B279-1750635A34AE.jpeg (相似度: 0.545)
  💙 [John 匹配] 061CAF0E-7BE3-4441-AE52-41D14E2626C4.jpeg (相似度: 0.697)
  💜 [Sharon 匹配] 061CAF0E-7BE3-4441-AE52-41D14E2626C4.jpeg (相似度: 0.674)
  💖 [Sophia 匹配] B796E42B-10F5-4A7F-9AA2-639C7754545C.jpeg (相似度: 0.539)
  💖 [Sophia 匹配] 00A966A8-59E9-4366-8CA2-47CD676C3409.jpeg (相似度: 0.466)
  💖 [Sophia 匹配] 07F2B0C3-D94F-4F73-ADC0-780D8D2B0BBF.jpeg (相似度: 0.515)
  💖 [Sophia 匹配] E89ED6BC-D5B5-4CDF-988C-AA37ECAEBD0E.jpeg (相似度: 0.534)
  💖 [Sophia 匹配] 80BFE792-8F85-4646-96B9-33A879C8841F.jpeg (相似度: 0.515)
  💖 [Sophia 匹配] 3B12A169-6BC3-49E5-AF87-80976D61782C.jpeg (相似度: 0.442)
  💖 [Sophia 匹配] 5FE2E7D2-9073-4DA3-B88C-9E11E56992F8_1_201_a.jpeg (相似度: 0.558)
  💖 [Sophia 匹配] 650E724C-D012-4C15-9E9C-C25D01CC8FE7.jpeg (相似度: 0.439)
  💖 [Sophia 匹配] C9BF9EAF-42A1-42B9-B9CE-F4F366B206EE.jpeg (相似度: 0.558)
  💖 [Sophia 匹配] FCEAAAE4-AF83-4197-BB7F-AA32D11DED12.jpeg (相似度: 0.538)
  💜 [Sharon 匹配] FCEAAAE4-AF83-4197-BB7F-AA32D11DED12.jpeg (相似度: 0.659)
  💖 [Sophia 匹配] 4A7828CF-2E80-4D57-872F-A8A972DDF474.jpeg (相似度: 0.573)
  💖 [Sophia 匹配] 53433AC1-DBFE-4716-BFD5-5B9356C10680.jpeg (相似度: 0.542)
  💜 [Sharon 匹配] 53433AC1-DBFE-4716-BFD5-5B9356C10680.jpeg (相似度: 0.648)
  💖 [Sophia 匹配] D2FE51E1-C8FF-4D02-939C-53BB888CD2CA.jpeg (相似度: 0.563)
  💖 [Sophia 匹配] 6A513749-6D41-4412-B456-494816B301BB.jpeg (相似度: 0.506)
  💖 [Sophia 匹配] 31D97DC1-CAA7-45FE-8D3C-43859ACF9191.jpeg (相似度: 0.473)
  💜 [Sharon 匹配] 31D97DC1-CAA7-45FE-8D3C-43859ACF9191.jpeg (相似度: 0.583)
  💙 [John 匹配] 31D97DC1-CAA7-45FE-8D3C-43859ACF9191.jpeg (相似度: 0.683)
  💖 [Sophia 匹配] 3B10C2B1-BC46-472B-8996-DCB6F1E01252.jpeg (相似度: 0.554)
  💜 [Sharon 匹配] 88AC73B2-F00E-43FD-8EE2-39E110C791F1.jpeg (相似度: 0.668)
  💖 [Sophia 匹配] E9B8480C-3A00-4523-806D-BE38623CB1F7.jpeg (相似度: 0.464)
  💖 [Sophia 匹配] 5D3972F5-BB26-4799-8AB2-EB7562627A70.jpeg (相似度: 0.533)
  💖 [Sophia 匹配] 11FE5B19-5526-45B7-9C48-38D98E759D25.jpeg (相似度: 0.488)
  💖 [Sophia 匹配] C5E54C23-38AD-4A26-A963-33CECB0897EA.jpeg (相似度: 0.547)
  💖 [Sophia 匹配] 56BC5313-08BB-4A9E-A7F0-06653B6514BF.jpeg (相似度: 0.496)
  💖 [Sophia 匹配] CB6937F1-6570-422B-99A4-A5B654F1FA09.jpeg (相似度: 0.544)
  💖 [Sophia 匹配] 03BE6C75-0D20-4E97-B688-1841099EBC17.jpeg (相似度: 0.545)
  💖 [Sophia 匹配] 148AF2D1-5009-4022-B1A2-A7E4E8D3F891.jpeg (相似度: 0.552)
  💙 [John 匹配] 148AF2D1-5009-4022-B1A2-A7E4E8D3F891.jpeg (相似度: 0.684)
  💜 [Sharon 匹配] 148AF2D1-5009-4022-B1A2-A7E4E8D3F891.jpeg (相似度: 0.630)
  💖 [Sophia 匹配] 919137AA-DEB6-472B-8994-A15894CB5306.jpeg (相似度: 0.432)
  💖 [Sophia 匹配] E35A3EEC-EFC6-40C2-B73B-2FDF9FF840B9.jpeg (相似度: 0.597)
  💙 [John 匹配] E35A3EEC-EFC6-40C2-B73B-2FDF9FF840B9.jpeg (相似度: 0.751)
  💜 [Sharon 匹配] E35A3EEC-EFC6-40C2-B73B-2FDF9FF840B9.jpeg (相似度: 0.630)
  💙 [John 匹配] 1D21817C-FB2A-4280-AF6E-7CAAAE1C2173.jpeg (相似度: 0.766)
  💖 [Sophia 匹配] 1D21817C-FB2A-4280-AF6E-7CAAAE1C2173.jpeg (相似度: 0.596)
  💜 [Sharon 匹配] 1D21817C-FB2A-4280-AF6E-7CAAAE1C2173.jpeg (相似度: 0.642)
  💙 [John 匹配] FD01EB6D-D6FB-4336-8ECC-D2BEA40DB0DE.jpeg (相似度: 0.741)
  💖 [Sophia 匹配] FD01EB6D-D6FB-4336-8ECC-D2BEA40DB0DE.jpeg (相似度: 0.435)
  💖 [Sophia 匹配] BF71CB44-ABDC-4FFF-A1D0-77525BC6A066.jpeg (相似度: 0.614)
  💜 [Sharon 匹配] BF71CB44-ABDC-4FFF-A1D0-77525BC6A066.jpeg (相似度: 0.583)
  💖 [Sophia 匹配] 661D31FD-9600-44C2-B6C7-1F4C25B82539.jpeg (相似度: 0.513)
  💖 [Sophia 匹配] 658162B5-4086-4586-8B56-B3B523B5D5E7.jpeg (相似度: 0.604)
  💜 [Sharon 匹配] 658162B5-4086-4586-8B56-B3B523B5D5E7.jpeg (相似度: 0.571)
  💖 [Sophia 匹配] 27DEFBE5-477D-44BB-B75D-F5044ABDDC5D.jpeg (相似度: 0.609)
  💜 [Sharon 匹配] 27DEFBE5-477D-44BB-B75D-F5044ABDDC5D.jpeg (相似度: 0.577)
  💖 [Sophia 匹配] 319E06EC-4569-46DB-B7CA-0E9BF54F377C.jpeg (相似度: 0.577)
  💙 [John 匹配] 319E06EC-4569-46DB-B7CA-0E9BF54F377C.jpeg (相似度: 0.762)
  💜 [Sharon 匹配] 319E06EC-4569-46DB-B7CA-0E9BF54F377C.jpeg (相似度: 0.588)
  💙 [John 匹配] C2580E5A-CDD3-492E-9AD8-0E2A734D8C17.jpeg (相似度: 0.769)
  💖 [Sophia 匹配] C2580E5A-CDD3-492E-9AD8-0E2A734D8C17.jpeg (相似度: 0.594)
  💜 [Sharon 匹配] C2580E5A-CDD3-492E-9AD8-0E2A734D8C17.jpeg (相似度: 0.568)
  💖 [Sophia 匹配] 8B2649C4-B381-4337-8A99-83C113DEA0A8.jpeg (相似度: 0.568)
  💙 [John 匹配] 8B2649C4-B381-4337-8A99-83C113DEA0A8.jpeg (相似度: 0.779)
  💜 [Sharon 匹配] 8B2649C4-B381-4337-8A99-83C113DEA0A8.jpeg (相似度: 0.654)
  💙 [John 匹配] 7196D3E7-AF8F-4AD2-9AB5-FE7948B9BE14_1_201_a.jpeg (相似度: 0.747)
  💖 [Sophia 匹配] 7196D3E7-AF8F-4AD2-9AB5-FE7948B9BE14_1_201_a.jpeg (相似度: 0.596)
  💖 [Sophia 匹配] C085FDB2-6EFD-4F42-834A-82F809EBFFB3.jpeg (相似度: 0.553)
  💜 [Sharon 匹配] C085FDB2-6EFD-4F42-834A-82F809EBFFB3.jpeg (相似度: 0.553)
  💖 [Sophia 匹配] 743D4AFB-244B-4753-B434-AFBDEB4D30DD.jpeg (相似度: 0.608)
  💜 [Sharon 匹配] 743D4AFB-244B-4753-B434-AFBDEB4D30DD.jpeg (相似度: 0.599)
  💜 [Sharon 匹配] D5326B83-B317-4786-9288-524B54D06D70.jpeg (相似度: 0.460)
  💖 [Sophia 匹配] B38CC820-3DF4-48FF-92A0-4D1A431E71F2.jpeg (相似度: 0.626)
  💜 [Sharon 匹配] B38CC820-3DF4-48FF-92A0-4D1A431E71F2.jpeg (相似度: 0.573)
  💙 [John 匹配] 4B81B5F6-9932-48C7-81BA-268A53A6AAF2.jpeg (相似度: 0.594)
  💙 [John 匹配] 4B81B5F6-9932-48C7-81BA-268A53A6AAF2.jpeg (相似度: 0.404)
  💜 [Sharon 匹配] 8A209E39-F249-44BE-B4E9-6ED35F0ACFC0.jpeg (相似度: 0.426)
  💖 [Sophia 匹配] C2146B76-8252-40F7-8CD8-9B595124FD9E.jpeg (相似度: 0.579)
  💙 [John 匹配] C2146B76-8252-40F7-8CD8-9B595124FD9E.jpeg (相似度: 0.736)
  💜 [Sharon 匹配] C2146B76-8252-40F7-8CD8-9B595124FD9E.jpeg (相似度: 0.639)
  💙 [John 匹配] 05266200-7F47-43CA-BC2D-72A14F61E945.jpeg (相似度: 0.805)
  💖 [Sophia 匹配] 05266200-7F47-43CA-BC2D-72A14F61E945.jpeg (相似度: 0.573)
  💙 [John 匹配] C933A4B6-97C8-4372-8CB7-2CDD44073A9D.jpeg (相似度: 0.755)
  💖 [Sophia 匹配] C933A4B6-97C8-4372-8CB7-2CDD44073A9D.jpeg (相似度: 0.531)
  💜 [Sharon 匹配] C933A4B6-97C8-4372-8CB7-2CDD44073A9D.jpeg (相似度: 0.626)
  💜 [Sharon 匹配] 0C2B902B-6F0F-4F43-B39F-5DC1A5F962D6.jpeg (相似度: 0.497)
  💙 [John 匹配] 9B9F8786-8FDD-4ED6-AA1D-0164D355C1F4.jpeg (相似度: 0.775)
  💖 [Sophia 匹配] 9B9F8786-8FDD-4ED6-AA1D-0164D355C1F4.jpeg (相似度: 0.562)
  💜 [Sharon 匹配] 9B9F8786-8FDD-4ED6-AA1D-0164D355C1F4.jpeg (相似度: 0.684)
  💙 [John 匹配] CC04B9D9-9C9D-4EAB-824D-354B367F2C00_1_201_a.jpeg (相似度: 0.763)
  💖 [Sophia 匹配] CC04B9D9-9C9D-4EAB-824D-354B367F2C00_1_201_a.jpeg (相似度: 0.543)
  💜 [Sharon 匹配] CC04B9D9-9C9D-4EAB-824D-354B367F2C00_1_201_a.jpeg (相似度: 0.693)
  💙 [John 匹配] 72505A55-5090-4BF3-A601-11ED938EDF76_1_201_a.jpeg (相似度: 0.758)
  💖 [Sophia 匹配] 72505A55-5090-4BF3-A601-11ED938EDF76_1_201_a.jpeg (相似度: 0.565)
  💜 [Sharon 匹配] 72505A55-5090-4BF3-A601-11ED938EDF76_1_201_a.jpeg (相似度: 0.658)
  💖 [Sophia 匹配] 92E2B9F4-8850-437D-A3B7-B13C999D0E37.jpeg (相似度: 0.592)
  💙 [John 匹配] 92E2B9F4-8850-437D-A3B7-B13C999D0E37.jpeg (相似度: 0.750)
  💜 [Sharon 匹配] 92E2B9F4-8850-437D-A3B7-B13C999D0E37.jpeg (相似度: 0.624)
  💜 [Sharon 匹配] 9C429D85-B80C-4D20-A800-47B42AA3B27A.jpeg (相似度: 0.633)
  💖 [Sophia 匹配] 9C429D85-B80C-4D20-A800-47B42AA3B27A.jpeg (相似度: 0.629)
  💙 [John 匹配] 9C429D85-B80C-4D20-A800-47B42AA3B27A.jpeg (相似度: 0.723)
  💜 [Sharon 匹配] 2DB3BCD6-84B0-4255-BED2-4BCE67C91AE0.jpeg (相似度: 0.538)
  💜 [Sharon 匹配] D56DBC28-C8BE-4B7E-9E67-5630CFA82EC1.jpeg (相似度: 0.590)
  💖 [Sophia 匹配] D56DBC28-C8BE-4B7E-9E67-5630CFA82EC1.jpeg (相似度: 0.597)
  💙 [John 匹配] D56DBC28-C8BE-4B7E-9E67-5630CFA82EC1.jpeg (相似度: 0.728)
  💖 [Sophia 匹配] 01C4F065-7B98-4E87-A236-5DDC86140141.jpeg (相似度: 0.635)
  💜 [Sharon 匹配] 01C4F065-7B98-4E87-A236-5DDC86140141.jpeg (相似度: 0.657)
  💙 [John 匹配] 01C4F065-7B98-4E87-A236-5DDC86140141.jpeg (相似度: 0.743)
  💜 [Sharon 匹配] 044A08F5-E83A-4005-BDD9-42B9710FBD0F.jpeg (相似度: 0.574)
  💜 [Sharon 匹配] CC1CA217-90D1-4505-A4C0-46E563D41CAA.jpeg (相似度: 0.552)
  💖 [Sophia 匹配] 56F6D652-445F-46F6-B0F5-72182E5E4010.jpeg (相似度: 0.615)
  💙 [John 匹配] 56F6D652-445F-46F6-B0F5-72182E5E4010.jpeg (相似度: 0.788)
  💜 [Sharon 匹配] 505A8BAA-018A-4267-8CFF-DE116B2B011E.jpeg (相似度: 0.643)
  💜 [Sharon 匹配] AFEA8DE5-2C43-47C2-8BD7-2FCDBBB991A3.jpeg (相似度: 0.589)
  💜 [Sharon 匹配] 5AE4724B-C1E3-430C-8650-BA5A88371E37.jpeg (相似度: 0.676)
  💙 [John 匹配] C71FA187-6A78-4BA0-BA87-1DCF60B93FC4.jpeg (相似度: 0.733)
  💜 [Sharon 匹配] C71FA187-6A78-4BA0-BA87-1DCF60B93FC4.jpeg (相似度: 0.665)
  💜 [Sharon 匹配] ED93D554-DC7A-4C16-99C3-29F05A14DCC5.jpeg (相似度: 0.665)
  💜 [Sharon 匹配] 6F820529-87EA-49F6-887B-D754893FD5E9.jpeg (相似度: 0.617)
  💜 [Sharon 匹配] 47C41C97-9778-4AE0-8A39-94E27363A192.jpeg (相似度: 0.612)
  💜 [Sharon 匹配] 255687EB-45B9-4371-951A-310EC96085F4.jpeg (相似度: 0.570)
  💜 [Sharon 匹配] E3D27305-DC79-45D3-AD9B-27DF8BCFAF05.jpeg (相似度: 0.642)
  💜 [Sharon 匹配] 102ABFAF-697F-4F84-AFB1-3393D866FC17.jpeg (相似度: 0.630)
  💜 [Sharon 匹配] 0CEF21FC-5D13-48A4-9EA6-0F8B2E52B23D.jpeg (相似度: 0.625)
  💜 [Sharon 匹配] 7787EFCF-956E-4079-9659-E87CCDEEE366.jpeg (相似度: 0.547)
  💜 [Sharon 匹配] 52092D82-583D-42FA-88FF-EBB7B85D14F2.jpeg (相似度: 0.591)
  💜 [Sharon 匹配] C991EE52-F0D5-45EC-8665-7D8FDB4AF445.jpeg (相似度: 0.604)
  💜 [Sharon 匹配] FD4D41EF-8AD5-424F-BD32-A56444909F7D.jpeg (相似度: 0.645)
  💜 [Sharon 匹配] F037C0BD-FB65-499A-ACB0-2F08DEDED51C.jpeg (相似度: 0.543)
  💜 [Sharon 匹配] D32D86F4-6958-47A5-85A9-4DB7C9A064F3.jpeg (相似度: 0.669)
  💜 [Sharon 匹配] 3943FA66-4FAC-4B82-824E-5CDC99EED3AB.jpeg (相似度: 0.539)
  💜 [Sharon 匹配] 68059B55-57D7-4CCE-9EFA-6AAB35611EF9.jpeg (相似度: 0.650)
  💜 [Sharon 匹配] 6140D34A-E90C-43FC-9530-02ED62DEA896.jpeg (相似度: 0.648)
  💜 [Sharon 匹配] 8D6986F6-3EFF-4887-B533-68CC2EBCEAE4.jpeg (相似度: 0.713)
  💙 [John 匹配] 8D6986F6-3EFF-4887-B533-68CC2EBCEAE4.jpeg (相似度: 0.738)
  💜 [Sharon 匹配] 4B162F79-A4BB-4D8B-B6D8-D0211CD030F3.jpeg (相似度: 0.615)
  💜 [Sharon 匹配] 04C6E3FD-57E2-4DE3-97BF-362034542516.jpeg (相似度: 0.589)
  💜 [Sharon 匹配] E34A9578-E1B6-4633-86C4-F1D950E4CC43.jpeg (相似度: 0.611)
  💜 [Sharon 匹配] 491E4BE8-6E64-41E5-94A1-65745050EC39.jpeg (相似度: 0.609)
  💙 [John 匹配] C61E92AA-8960-44D2-A129-73D47BE09CED.jpeg (相似度: 0.687)
  💙 [John 匹配] D056444A-4296-4164-95C4-D9D70DB1D100.jpeg (相似度: 0.799)
  💜 [Sharon 匹配] D056444A-4296-4164-95C4-D9D70DB1D100.jpeg (相似度: 0.619)
  💖 [Sophia 匹配] D056444A-4296-4164-95C4-D9D70DB1D100.jpeg (相似度: 0.482)
  💖 [Sophia 匹配] FC9EC787-7F2E-42D2-AB16-419D088148FC.jpeg (相似度: 0.425)
  💙 [John 匹配] 6B973780-C9F8-4F9B-B77F-F128C58B9AB0_1_201_a.jpeg (相似度: 0.751)
  💜 [Sharon 匹配] 6B973780-C9F8-4F9B-B77F-F128C58B9AB0_1_201_a.jpeg (相似度: 0.735)
  💖 [Sophia 匹配] 6B973780-C9F8-4F9B-B77F-F128C58B9AB0_1_201_a.jpeg (相似度: 0.572)
  💜 [Sharon 匹配] 50F77831-C84F-4A4D-98EB-A981F03F47FE_1_201_a.jpeg (相似度: 0.746)
  💜 [Sharon 匹配] 6AC3C196-75CE-42E3-8C06-08CCD2316B68.jpeg (相似度: 0.712)
  💜 [Sharon 匹配] 92488BAF-C346-416A-BFC5-D5748F6A38A8.jpeg (相似度: 0.664)
  💜 [Sharon 匹配] 2BB5F010-F3B9-4A80-9B12-7B4EB8C6B07F.jpeg (相似度: 0.689)
  💙 [John 匹配] D089054C-068B-471E-BEA4-C2AB97C2E6C5.jpeg (相似度: 0.793)
  💖 [Sophia 匹配] D089054C-068B-471E-BEA4-C2AB97C2E6C5.jpeg (相似度: 0.549)
  💜 [Sharon 匹配] D089054C-068B-471E-BEA4-C2AB97C2E6C5.jpeg (相似度: 0.632)
  💙 [John 匹配] FB5A2B4F-927B-4291-B6D0-6B3424A13179.jpeg (相似度: 0.764)
  💜 [Sharon 匹配] FB5A2B4F-927B-4291-B6D0-6B3424A13179.jpeg (相似度: 0.588)
  💖 [Sophia 匹配] FB5A2B4F-927B-4291-B6D0-6B3424A13179.jpeg (相似度: 0.497)
  💖 [Sophia 匹配] 3F6CD6C7-C30E-459B-A620-940834283DCF.jpeg (相似度: 0.523)
  💙 [John 匹配] 55844B81-7BBE-4BFD-B9D5-53F8955A9CF6.jpeg (相似度: 0.768)
  💜 [Sharon 匹配] 55844B81-7BBE-4BFD-B9D5-53F8955A9CF6.jpeg (相似度: 0.596)
  💖 [Sophia 匹配] 55844B81-7BBE-4BFD-B9D5-53F8955A9CF6.jpeg (相似度: 0.550)
  💖 [Sophia 匹配] 93DDB902-21D5-4F6D-B894-553D83C0A74D.jpeg (相似度: 0.535)
  💜 [Sharon 匹配] 24687380-6D07-4048-A2CE-7C5F2D3BA35B.jpeg (相似度: 0.578)
  💜 [Sharon 匹配] C2C9FD2B-D474-4C74-8196-0EE53273C300.jpeg (相似度: 0.587)
  💙 [John 匹配] 39BAE66E-0770-4E2B-8A40-02CA57D2A18C.jpeg (相似度: 0.673)
  💖 [Sophia 匹配] 39BAE66E-0770-4E2B-8A40-02CA57D2A18C.jpeg (相似度: 0.492)
  💜 [Sharon 匹配] 4C4FA2C5-9D43-4A1E-A4F6-12142973DE02.jpeg (相似度: 0.622)
  💜 [Sharon 匹配] 0B0DBECC-7DF4-4E22-9FAC-EAE18851BFDE.jpeg (相似度: 0.530)
  💙 [John 匹配] FD699FEA-25CD-4F97-8747-2656C72CC998.jpeg (相似度: 0.645)
  💜 [Sharon 匹配] D8B08A1B-5361-491C-BEB6-2176A2EA3744.jpeg (相似度: 0.728)
  💜 [Sharon 匹配] CF3AA63D-4D3D-4054-A5B6-412349A99F74_1_201_a.jpeg (相似度: 0.554)
  💜 [Sharon 匹配] 91EC008C-D0C8-420B-BE2A-2B630735E235.jpeg (相似度: 0.602)
  💙 [John 匹配] 716F92B8-091A-4897-A93E-FC4290D07090.jpeg (相似度: 0.771)
  💙 [John 匹配] C6611408-76ED-4389-954B-E191F07C6A24.jpeg (相似度: 0.629)
  💖 [Sophia 匹配] 70A1E43A-C5BD-4A62-B753-C457B74E9970_1_201_a.jpeg (相似度: 0.528)
  💜 [Sharon 匹配] 70A1E43A-C5BD-4A62-B753-C457B74E9970_1_201_a.jpeg (相似度: 0.705)
  💜 [Sharon 匹配] 94988045-C346-47BB-BB4E-8779B475F27B.jpeg (相似度: 0.597)
  💖 [Sophia 匹配] 795AF6A5-3692-4613-8FF9-5139D56DD9E3.jpeg (相似度: 0.521)
  💜 [Sharon 匹配] 795AF6A5-3692-4613-8FF9-5139D56DD9E3.jpeg (相似度: 0.614)
  💙 [John 匹配] 795AF6A5-3692-4613-8FF9-5139D56DD9E3.jpeg (相似度: 0.741)
⏳ 已深度辨識 8000 / 8413 張相片 (2314.7 秒)...
  💜 [Sharon 匹配] 8DF2C285-2AA9-45BF-96E2-16FC4FE98102.jpeg (相似度: 0.648)
  💜 [Sharon 匹配] F01E531A-8E79-49F6-AD13-F1EE9AA43D2F.jpeg (相似度: 0.633)
  💙 [John 匹配] F01E531A-8E79-49F6-AD13-F1EE9AA43D2F.jpeg (相似度: 0.654)
  💖 [Sophia 匹配] 47A675EB-BB48-4BD1-8A9B-EDD543FE4E53.jpeg (相似度: 0.458)
  💜 [Sharon 匹配] 47A675EB-BB48-4BD1-8A9B-EDD543FE4E53.jpeg (相似度: 0.661)
  💙 [John 匹配] 47A675EB-BB48-4BD1-8A9B-EDD543FE4E53.jpeg (相似度: 0.719)
  💜 [Sharon 匹配] 0FB1573C-9683-4EB4-AB4B-151B591F8DE7_1_201_a.jpeg (相似度: 0.681)
  💜 [Sharon 匹配] 799418CD-9088-421A-8609-322E230BB003.jpeg (相似度: 0.591)
  💜 [Sharon 匹配] 62B16C96-45B4-412F-B286-C5141C228B1E.jpeg (相似度: 0.626)
  💙 [John 匹配] 5C3CC47B-0ABA-4323-B373-7B395D4CB414.jpeg (相似度: 0.784)
  💜 [Sharon 匹配] A867DA4B-7CF3-4385-8E6C-540E1338D14A.jpeg (相似度: 0.553)
  💜 [Sharon 匹配] 12AB9149-F4FE-4BB1-B436-619F625162D2_1_201_a.jpeg (相似度: 0.648)
  💖 [Sophia 匹配] 12AB9149-F4FE-4BB1-B436-619F625162D2_1_201_a.jpeg (相似度: 0.553)
  💜 [Sharon 匹配] 7BCC7B3D-A9E3-49A4-9C18-9D8ACB369E48.jpeg (相似度: 0.629)
  💜 [Sharon 匹配] C2BE5730-D014-4976-A756-458BEE012435.jpeg (相似度: 0.635)
  💜 [Sharon 匹配] 8D38D4B2-4EAC-4D0F-BDFC-0196D8A0FBD2.jpeg (相似度: 0.580)
  💙 [John 匹配] 9CBEE742-EE9F-4794-B35B-E7FEA425652B.jpeg (相似度: 0.708)
  💖 [Sophia 匹配] 9CBEE742-EE9F-4794-B35B-E7FEA425652B.jpeg (相似度: 0.582)
  💜 [Sharon 匹配] 9CBEE742-EE9F-4794-B35B-E7FEA425652B.jpeg (相似度: 0.728)
  💙 [John 匹配] 2D4BA39B-E97B-49CD-B314-7C0C824386B0.jpeg (相似度: 0.765)
  💜 [Sharon 匹配] 2D4BA39B-E97B-49CD-B314-7C0C824386B0.jpeg (相似度: 0.745)
  💜 [Sharon 匹配] B087C96F-53A2-4B09-A565-5F8E85E830B3_1_201_a.jpeg (相似度: 0.652)
  💜 [Sharon 匹配] A4109C42-5B67-4E15-8F80-BFBAE815BD53.jpeg (相似度: 0.577)
  💖 [Sophia 匹配] 132F98F7-64B0-428B-B900-7C6DDCC953B8.jpeg (相似度: 0.509)
  💜 [Sharon 匹配] 132F98F7-64B0-428B-B900-7C6DDCC953B8.jpeg (相似度: 0.624)
  💙 [John 匹配] 132F98F7-64B0-428B-B900-7C6DDCC953B8.jpeg (相似度: 0.670)
  💙 [John 匹配] 6B4FE86E-5900-4F0B-855A-6DC465BC71FE_1_201_a.jpeg (相似度: 0.728)
  💙 [John 匹配] D5270D76-5894-4119-99D3-5ED60D23C71D.jpeg (相似度: 0.408)
  💜 [Sharon 匹配] F8E107FD-05A6-483E-B6E3-5FC474E6A88B.jpeg (相似度: 0.686)
  💖 [Sophia 匹配] CDE09356-1BE8-4DEC-9617-E3A748B8764C.jpeg (相似度: 0.602)
  💙 [John 匹配] CDE09356-1BE8-4DEC-9617-E3A748B8764C.jpeg (相似度: 0.730)
  💜 [Sharon 匹配] CDE09356-1BE8-4DEC-9617-E3A748B8764C.jpeg (相似度: 0.684)
  💜 [Sharon 匹配] C70C216D-8ACC-4AC3-8D11-FF2AE03F873C.jpeg (相似度: 0.594)
  💜 [Sharon 匹配] 46210EF5-BBA8-4075-9E5F-42B9165351B2.jpeg (相似度: 0.631)
  💜 [Sharon 匹配] 4780E3A6-7DE5-4459-889D-1C4D21808D24.jpeg (相似度: 0.720)
  💜 [Sharon 匹配] 7F454946-ED0F-4B43-883F-A54A56C2D5EF.jpeg (相似度: 0.619)
  💜 [Sharon 匹配] 911D0573-D124-42A2-BA52-DEC340CD8A8E.jpeg (相似度: 0.514)
  💜 [Sharon 匹配] 050C0630-21F9-4DC1-BF34-1362BBB311D7.jpeg (相似度: 0.583)
  💜 [Sharon 匹配] 3E10B34F-14A0-4BAD-A6C5-B92A9AE5C8B6.jpeg (相似度: 0.641)
  💜 [Sharon 匹配] 2BF3E9F7-8452-4734-8586-DF7902EDFF4B.jpeg (相似度: 0.558)
  💜 [Sharon 匹配] 9C1844AB-3C30-4B34-B35C-ABF3B8912D3D.jpeg (相似度: 0.539)
  💙 [John 匹配] 99442EC3-6F09-46AB-A915-DBF55CB3349A.jpeg (相似度: 0.815)
  💜 [Sharon 匹配] 99442EC3-6F09-46AB-A915-DBF55CB3349A.jpeg (相似度: 0.735)
  💜 [Sharon 匹配] AD2BA1B4-AF01-4F82-B323-602605B192D0.jpeg (相似度: 0.567)
  💜 [Sharon 匹配] 229AB0FE-802A-4A72-AE06-4F531D024895.jpeg (相似度: 0.591)
  💜 [Sharon 匹配] 1CCFC568-984A-4BC4-8D98-1D45B2B06F88.jpeg (相似度: 0.661)
  💖 [Sophia 匹配] B7257717-F748-4039-93D1-A2524F79EE78_1_201_a.jpeg (相似度: 0.600)
  💜 [Sharon 匹配] B7257717-F748-4039-93D1-A2524F79EE78_1_201_a.jpeg (相似度: 0.726)
  💜 [Sharon 匹配] A705963E-81B2-4387-9262-6F1139341EA5_1_201_a.jpeg (相似度: 0.646)
  💙 [John 匹配] 158E2313-0349-416E-A370-B4C7B78C1E51.jpeg (相似度: 0.811)
  💜 [Sharon 匹配] 158E2313-0349-416E-A370-B4C7B78C1E51.jpeg (相似度: 0.743)
  💖 [Sophia 匹配] AE75DEE3-571B-4916-883B-7C9EEB40465D.jpeg (相似度: 0.491)
  💖 [Sophia 匹配] 6DAAECA2-EE8F-4181-AA63-240BE6320887.jpeg (相似度: 0.632)
  💙 [John 匹配] 6DAAECA2-EE8F-4181-AA63-240BE6320887.jpeg (相似度: 0.755)
  💜 [Sharon 匹配] 6DAAECA2-EE8F-4181-AA63-240BE6320887.jpeg (相似度: 0.675)
  💜 [Sharon 匹配] 4276098A-AA25-4C00-8252-898F6C0D94FB.jpeg (相似度: 0.620)
  💖 [Sophia 匹配] 4276098A-AA25-4C00-8252-898F6C0D94FB.jpeg (相似度: 0.584)
  💖 [Sophia 匹配] 4D5760CF-B121-4F98-B7C6-1CC9EDF69741.jpeg (相似度: 0.548)
  💖 [Sophia 匹配] B5ADAF27-09C3-4D40-84F2-5DD964F47D42.jpeg (相似度: 0.536)
  💖 [Sophia 匹配] 945375CF-C971-4663-99C9-05292A0E68F2.jpeg (相似度: 0.566)
  💙 [John 匹配] 06779581-5679-48BF-9068-2476B03C2A15.jpeg (相似度: 0.729)
  💖 [Sophia 匹配] 217BCE43-D1F5-43BA-B03F-2724644C99BF.jpeg (相似度: 0.558)
  💖 [Sophia 匹配] B52D234E-D410-4E5F-860E-A87133EFEA71.jpeg (相似度: 0.519)
  💖 [Sophia 匹配] 3AA0AFA2-15EB-4E95-9C52-25147D7EE84D.jpeg (相似度: 0.469)
  💙 [John 匹配] 8E2E2193-721E-428A-801F-B6EC16C2BDC7.jpeg (相似度: 0.639)
  💖 [Sophia 匹配] 09839684-7124-41D7-B747-C8D14CF88E29.jpeg (相似度: 0.408)
  💖 [Sophia 匹配] 2628DB57-B880-414C-B8E8-A9F29687DE93.jpeg (相似度: 0.531)
  💜 [Sharon 匹配] 2628DB57-B880-414C-B8E8-A9F29687DE93.jpeg (相似度: 0.664)
  💖 [Sophia 匹配] 90A54CB4-4BBA-445E-BE5F-888C378FE531.jpeg (相似度: 0.504)
  💖 [Sophia 匹配] A14562EB-0845-4E17-B7E2-7579F58CA8B6.jpeg (相似度: 0.577)
  💖 [Sophia 匹配] 4F6E3D74-980E-4294-8493-B04F04913B19.jpeg (相似度: 0.622)
  💖 [Sophia 匹配] 0F70C2D8-20FF-45E8-8EC6-26AF51F4BA00.jpeg (相似度: 0.573)
  💖 [Sophia 匹配] 982C0E21-652A-40A9-B00E-E9F715AD358A.jpeg (相似度: 0.560)
  💖 [Sophia 匹配] 83BE93AC-C86A-4C29-AC67-DE63A3981B21_1_201_a.jpeg (相似度: 0.625)
  💖 [Sophia 匹配] 2D7CD42F-FD89-46FA-8DFF-D72EFEF5D032.jpeg (相似度: 0.662)
  💖 [Sophia 匹配] D5FB7C07-61D7-42B6-9153-E486BB713AC7.jpeg (相似度: 0.595)
  💙 [John 匹配] F4B4445F-25BA-4847-8225-03C1855AF0EC.jpeg (相似度: 0.632)
  💖 [Sophia 匹配] 9B4D6A84-7582-45C1-BE02-750807D226D2.jpeg (相似度: 0.576)
  💖 [Sophia 匹配] C53D776B-135E-47D5-B1FA-F388B2D0DBEC.jpeg (相似度: 0.578)
  💙 [John 匹配] 3C57DBA6-FE10-4322-95D9-76CE995539AC.jpeg (相似度: 0.730)
  💖 [Sophia 匹配] 3C57DBA6-FE10-4322-95D9-76CE995539AC.jpeg (相似度: 0.613)
  💜 [Sharon 匹配] 3C57DBA6-FE10-4322-95D9-76CE995539AC.jpeg (相似度: 0.712)
  💖 [Sophia 匹配] 55DF4AA4-9906-424F-95AD-09762DD160D9.jpeg (相似度: 0.586)
  💜 [Sharon 匹配] 55DF4AA4-9906-424F-95AD-09762DD160D9.jpeg (相似度: 0.614)
  💖 [Sophia 匹配] 0004A490-AB75-4DE6-828A-C63F92310997.jpeg (相似度: 0.550)
  💜 [Sharon 匹配] 0004A490-AB75-4DE6-828A-C63F92310997.jpeg (相似度: 0.651)
  💖 [Sophia 匹配] 90B20AE6-5C03-4D3A-9D35-7A524949C5EC.jpeg (相似度: 0.595)
  💖 [Sophia 匹配] 4473EADE-DA33-4D0F-B3FD-5182594D63BB.jpeg (相似度: 0.519)
  💖 [Sophia 匹配] 7D15D0C5-268A-4FC6-917A-AC81A8094B25.jpeg (相似度: 0.512)
  💖 [Sophia 匹配] 0AA288D1-7404-4B80-8311-5FDF793A0958.jpeg (相似度: 0.588)
  💙 [John 匹配] 727FB0BC-8027-4FFF-B0E8-86F2C3464F44.jpeg (相似度: 0.748)
  💖 [Sophia 匹配] F0E27672-733E-4F72-9B9D-B9FE78C35862.jpeg (相似度: 0.506)
  💖 [Sophia 匹配] 4B59AE09-17E4-4223-A70A-5166E3B4AE33.jpeg (相似度: 0.544)
  💖 [Sophia 匹配] 0CB0EFA5-B4DD-4487-9FB0-EF9524FEB65E.jpeg (相似度: 0.511)
  💜 [Sharon 匹配] 0CB0EFA5-B4DD-4487-9FB0-EF9524FEB65E.jpeg (相似度: 0.633)
  💖 [Sophia 匹配] 8E69A22A-AC46-4C9C-9A3F-B6BCA77852D5.jpeg (相似度: 0.637)
  💖 [Sophia 匹配] 60636074-1255-42BC-967D-8122C0D783B7.jpeg (相似度: 0.588)
  💖 [Sophia 匹配] 9C63EEA9-CB36-4997-9A5A-97D0DC35488D.jpeg (相似度: 0.537)
  💖 [Sophia 匹配] 0DE0DEE2-7A62-4FDF-8FB1-6891EEB3B452.jpeg (相似度: 0.524)
  💖 [Sophia 匹配] F5ECCFF9-BE5D-4020-85C8-496538AF1D16.jpeg (相似度: 0.575)
  💖 [Sophia 匹配] 41B25601-9E3F-4112-AC72-C9B3984720B5.jpeg (相似度: 0.549)
  💜 [Sharon 匹配] 41B25601-9E3F-4112-AC72-C9B3984720B5.jpeg (相似度: 0.657)
  💖 [Sophia 匹配] 02AB0C0B-12EE-492C-88CC-647646BE89C0.jpeg (相似度: 0.491)
  💖 [Sophia 匹配] 95976799-3E8E-4008-A2DB-95457E4E3377.jpeg (相似度: 0.510)
  💜 [Sharon 匹配] C8C98A84-9B62-441F-BFCB-755911486837.jpeg (相似度: 0.613)
  💖 [Sophia 匹配] C8C98A84-9B62-441F-BFCB-755911486837.jpeg (相似度: 0.501)
  💖 [Sophia 匹配] FC3AFE97-8968-4FB6-B32B-722AB4D5A4F5.jpeg (相似度: 0.525)
  💖 [Sophia 匹配] 08913478-68EA-4303-9897-F2CE0BE18F52.jpeg (相似度: 0.527)
  💖 [Sophia 匹配] FB4906EC-25F7-4211-AF62-BE13F4D42DAA_1_201_a.jpeg (相似度: 0.538)
  💖 [Sophia 匹配] F59A5238-6FD7-4085-912C-1658EC3C75CC.jpeg (相似度: 0.539)
  💜 [Sharon 匹配] F59A5238-6FD7-4085-912C-1658EC3C75CC.jpeg (相似度: 0.654)
  💖 [Sophia 匹配] 5A5C7A86-58D5-46A1-99F9-6362339D508C.jpeg (相似度: 0.530)
  💖 [Sophia 匹配] ABA4F2F3-D2D9-40E5-BA6D-E0925CFB40CA.jpeg (相似度: 0.642)
  💖 [Sophia 匹配] 7F630F0C-0C9F-4F7C-8C3D-80B58561244C.jpeg (相似度: 0.580)
  💖 [Sophia 匹配] 52989957-C3B7-4341-B373-EFB9B3C907F4.jpeg (相似度: 0.557)
  💖 [Sophia 匹配] 49BBF2B1-100C-4620-B584-7E41AF539514.jpeg (相似度: 0.528)
  💖 [Sophia 匹配] 8D5E2EDC-FC79-48FA-B59D-F808D12205F3.jpeg (相似度: 0.572)
  💖 [Sophia 匹配] 9515FA4F-9698-4F26-A1AB-E50DE7CD5730.jpeg (相似度: 0.465)
  💖 [Sophia 匹配] 90E6595A-699D-4B4F-B87E-4B7184B869B8.jpeg (相似度: 0.453)
  💙 [John 匹配] E7C1E906-E997-471F-A2A0-1D6439062902.jpeg (相似度: 0.734)
  💙 [John 匹配] 2A8B7BD0-4ABF-4965-8CE7-61DE52FFDA0F.jpeg (相似度: 0.728)
  💖 [Sophia 匹配] 906A86B7-B390-48AD-A50D-E83E4DAAF35A_1_201_a.jpeg (相似度: 0.572)
  💖 [Sophia 匹配] 83C16AC5-8321-4FA9-AC94-6EC211ABB141.jpeg (相似度: 0.496)
  💜 [Sharon 匹配] 5824DBDD-3780-4F71-BF97-0D479E4DD692.jpeg (相似度: 0.622)
  💙 [John 匹配] 73575870-79E0-47A1-816A-5CC58A83C5A1.jpeg (相似度: 0.697)
  💖 [Sophia 匹配] 92EAB760-9141-4960-BB37-9F5DB17AEFE2.jpeg (相似度: 0.559)
  💖 [Sophia 匹配] A2A5C26D-0267-4F1E-B706-28EC72F1CCD0.jpeg (相似度: 0.546)
  💜 [Sharon 匹配] 937249F0-A793-49A5-9332-EFF561779481.jpeg (相似度: 0.668)
  💙 [John 匹配] 937249F0-A793-49A5-9332-EFF561779481.jpeg (相似度: 0.748)
  💖 [Sophia 匹配] C87350A6-C632-474A-8128-E1AB71B22CE9.jpeg (相似度: 0.442)
  💙 [John 匹配] 38EE3BD9-018E-4C76-95DC-71A8391320F4.jpeg (相似度: 0.818)
  💖 [Sophia 匹配] 38EE3BD9-018E-4C76-95DC-71A8391320F4.jpeg (相似度: 0.636)
  💜 [Sharon 匹配] 38EE3BD9-018E-4C76-95DC-71A8391320F4.jpeg (相似度: 0.691)
  💙 [John 匹配] 65386FE7-A0D2-4534-BAC5-2CF008E267C0.jpeg (相似度: 0.707)
  💜 [Sharon 匹配] 65386FE7-A0D2-4534-BAC5-2CF008E267C0.jpeg (相似度: 0.675)
  💖 [Sophia 匹配] EDE598DC-B170-44C8-8F49-B0DE5B61D0FB.jpeg (相似度: 0.413)
  💖 [Sophia 匹配] 4ED49504-5C8A-4851-81C8-8B7741F7D203.jpeg (相似度: 0.451)
  💙 [John 匹配] F70336E3-3621-4167-809F-2CEB27117965.jpeg (相似度: 0.779)
  💙 [John 匹配] 8FE79041-AEC3-43CC-AC8E-DC7102B1E18A.jpeg (相似度: 0.814)
  💙 [John 匹配] B389B1B3-DA33-4EA3-9624-BBA51CBB3056.jpeg (相似度: 0.674)
  💙 [John 匹配] 3243E69B-11E8-482F-9462-D6E5E57BD4D2.jpeg (相似度: 0.718)
  💙 [John 匹配] E6A1C26D-3FD5-4480-815D-F5089AEF15AB.jpeg (相似度: 0.725)
  💖 [Sophia 匹配] 6D7F8276-9286-4E5D-85B7-6F7951BA80F1.jpeg (相似度: 0.417)
  💖 [Sophia 匹配] 48AAF5B6-7E3B-4658-86BD-2F56B37EDB2E.jpeg (相似度: 0.456)
  💖 [Sophia 匹配] 4DBD144C-E8BE-4AFA-873A-22944B2FD3E0.jpeg (相似度: 0.500)
  💖 [Sophia 匹配] 47529C6F-F95B-4EA2-9C4B-208989440D4D.jpeg (相似度: 0.504)
  💜 [Sharon 匹配] 9DF62CDD-69A6-416A-9496-05C552FEE402.jpeg (相似度: 0.694)
  💙 [John 匹配] 9DF62CDD-69A6-416A-9496-05C552FEE402.jpeg (相似度: 0.837)
  💖 [Sophia 匹配] 9DF62CDD-69A6-416A-9496-05C552FEE402.jpeg (相似度: 0.606)
  💖 [Sophia 匹配] 5B427B6D-2975-4E86-B95C-A1B0C3BE5E41.jpeg (相似度: 0.643)
  💖 [Sophia 匹配] AE1F5FF9-217A-4060-BB96-A96659A30882.jpeg (相似度: 0.468)
  💙 [John 匹配] 69AF671E-D9F3-474D-88D1-631AD020FB65.jpeg (相似度: 0.805)
  💖 [Sophia 匹配] 69AF671E-D9F3-474D-88D1-631AD020FB65.jpeg (相似度: 0.663)
  💜 [Sharon 匹配] 69AF671E-D9F3-474D-88D1-631AD020FB65.jpeg (相似度: 0.657)
  💜 [Sharon 匹配] FACBF496-51A6-4404-AC45-BCB2F47C2961.jpeg (相似度: 0.683)
  💖 [Sophia 匹配] FACBF496-51A6-4404-AC45-BCB2F47C2961.jpeg (相似度: 0.635)
  💖 [Sophia 匹配] 0A2F81EF-CF4E-4BDD-A2A7-BF4CB2E9254E.jpeg (相似度: 0.461)
  💖 [Sophia 匹配] ED477961-45B1-47D8-BFF7-55327493F9F2.jpeg (相似度: 0.491)
  💙 [John 匹配] C3E2C07C-AC54-451A-A2B3-EAC6D80F6322.jpeg (相似度: 0.746)
  💜 [Sharon 匹配] C3E2C07C-AC54-451A-A2B3-EAC6D80F6322.jpeg (相似度: 0.681)
  💖 [Sophia 匹配] 744E8B69-FB7B-40B9-BFFA-F8A69CD7D648.jpeg (相似度: 0.533)
  💜 [Sharon 匹配] 744E8B69-FB7B-40B9-BFFA-F8A69CD7D648.jpeg (相似度: 0.731)
  💜 [Sharon 匹配] BAE1D721-6DE6-4691-B732-1C4CAF444C57.jpeg (相似度: 0.714)
  💖 [Sophia 匹配] BAE1D721-6DE6-4691-B732-1C4CAF444C57.jpeg (相似度: 0.533)
  💖 [Sophia 匹配] 5CD6DEE6-2D8D-4731-84A4-8924A27BC6FB.jpeg (相似度: 0.415)
  💜 [Sharon 匹配] 95811C91-E9BA-48E3-ABC4-8CC872A1FB0D.jpeg (相似度: 0.691)
  💙 [John 匹配] 95811C91-E9BA-48E3-ABC4-8CC872A1FB0D.jpeg (相似度: 0.755)
  💜 [Sharon 匹配] 72B21010-E70E-42BC-8058-934CF44CB5F9_1_201_a.jpeg (相似度: 0.684)
  💖 [Sophia 匹配] 72B21010-E70E-42BC-8058-934CF44CB5F9_1_201_a.jpeg (相似度: 0.571)
  💜 [Sharon 匹配] 2D03FE0C-D5CD-42DC-A066-D26414166293.jpeg (相似度: 0.663)
  💙 [John 匹配] 2D03FE0C-D5CD-42DC-A066-D26414166293.jpeg (相似度: 0.772)
  💙 [John 匹配] 4EB56ABB-D7F3-47F2-90FC-B3F7C6FB87C1.jpeg (相似度: 0.804)
  💖 [Sophia 匹配] 748B32FC-607C-4A26-A411-653794E7A928.jpeg (相似度: 0.530)
  💜 [Sharon 匹配] A7FB5C90-7982-467E-A036-652FB61EE11F.jpeg (相似度: 0.713)
  💙 [John 匹配] A7FB5C90-7982-467E-A036-652FB61EE11F.jpeg (相似度: 0.789)
  💙 [John 匹配] 3ECAC658-C593-4D64-A47D-26AB67A2A6B2.jpeg (相似度: 0.785)
  💖 [Sophia 匹配] 3ECAC658-C593-4D64-A47D-26AB67A2A6B2.jpeg (相似度: 0.605)
  💜 [Sharon 匹配] 3ECAC658-C593-4D64-A47D-26AB67A2A6B2.jpeg (相似度: 0.655)
  💙 [John 匹配] 186F4F93-6C43-4457-89AA-225507017457.jpeg (相似度: 0.797)
  💜 [Sharon 匹配] 186F4F93-6C43-4457-89AA-225507017457.jpeg (相似度: 0.682)
  💖 [Sophia 匹配] 94D5A4C2-1F11-48B5-A348-D279074AC974.jpeg (相似度: 0.549)
  💜 [Sharon 匹配] 52624DFC-FDBD-44D1-96C5-AE5DA5FFC961.jpeg (相似度: 0.689)
  💖 [Sophia 匹配] 6DD16C3C-EE6D-4877-96FA-8C31FDD1BA18.jpeg (相似度: 0.537)
  💜 [Sharon 匹配] 6DD16C3C-EE6D-4877-96FA-8C31FDD1BA18.jpeg (相似度: 0.688)
  💙 [John 匹配] 3D146860-C303-4E5E-8526-86AAA733EC47.jpeg (相似度: 0.727)
  💜 [Sharon 匹配] 3D146860-C303-4E5E-8526-86AAA733EC47.jpeg (相似度: 0.658)
  💖 [Sophia 匹配] FEF3F450-C5E2-4F6F-ABFF-91C405CC485E.jpeg (相似度: 0.511)
  💜 [Sharon 匹配] FEF3F450-C5E2-4F6F-ABFF-91C405CC485E.jpeg (相似度: 0.713)
  💖 [Sophia 匹配] 7191BD89-963B-426B-9FE7-94F70C34FC36.jpeg (相似度: 0.513)
  💖 [Sophia 匹配] 18B1B435-B2C3-4847-8476-F163883D6B44_1_201_a.jpeg (相似度: 0.497)
  💙 [John 匹配] D84E0DC2-039B-4C2F-B4F5-2C10CC81FC9F.jpeg (相似度: 0.774)
  💜 [Sharon 匹配] D84E0DC2-039B-4C2F-B4F5-2C10CC81FC9F.jpeg (相似度: 0.714)
  💖 [Sophia 匹配] 96B0DA7D-B885-4A7F-9FDB-25C3E4E36710.jpeg (相似度: 0.555)
  💜 [Sharon 匹配] 96B0DA7D-B885-4A7F-9FDB-25C3E4E36710.jpeg (相似度: 0.703)
  💖 [Sophia 匹配] 713FEE86-87FD-4AE8-93BF-D9DDED0B5320.jpeg (相似度: 0.574)
  💜 [Sharon 匹配] B7032C25-3B88-4230-BB91-E63A4C8AB73C.jpeg (相似度: 0.712)
  💖 [Sophia 匹配] EE3EF9AA-958C-4747-9F17-343FABF35323_1_201_a.jpeg (相似度: 0.539)
  💙 [John 匹配] B82A518F-6EAD-4CE2-80BA-051EC937B2D7.jpeg (相似度: 0.784)
  💜 [Sharon 匹配] B82A518F-6EAD-4CE2-80BA-051EC937B2D7.jpeg (相似度: 0.656)
  💜 [Sharon 匹配] DD34A3ED-3469-440C-B21F-43A08FA09DBA.jpeg (相似度: 0.654)
  💙 [John 匹配] 88A85CA9-2A08-43BE-B411-5D80FEE4CC9D.jpeg (相似度: 0.715)
  💜 [Sharon 匹配] 88A85CA9-2A08-43BE-B411-5D80FEE4CC9D.jpeg (相似度: 0.506)
  💙 [John 匹配] BB9D587E-4C06-4BB0-BEF5-D98160A9E6DE.jpeg (相似度: 0.811)
  💜 [Sharon 匹配] BB9D587E-4C06-4BB0-BEF5-D98160A9E6DE.jpeg (相似度: 0.724)
  💖 [Sophia 匹配] 399F7FCB-FD96-46DA-BE55-B7F1CF61673D.jpeg (相似度: 0.568)
  💜 [Sharon 匹配] 399F7FCB-FD96-46DA-BE55-B7F1CF61673D.jpeg (相似度: 0.706)
  💙 [John 匹配] 149C4688-B7D8-4F36-AF88-F4B6675E7C8F.jpeg (相似度: 0.740)
  💜 [Sharon 匹配] 149C4688-B7D8-4F36-AF88-F4B6675E7C8F.jpeg (相似度: 0.664)
  💙 [John 匹配] 6BD6C694-241F-4BBB-A795-30649B404909.jpeg (相似度: 0.799)
  💜 [Sharon 匹配] 6BD6C694-241F-4BBB-A795-30649B404909.jpeg (相似度: 0.699)
  💖 [Sophia 匹配] 21EC8CDD-EDC5-4802-9C34-0072D7E97A08.jpeg (相似度: 0.545)
  💜 [Sharon 匹配] 22C4A1C6-0BD6-4573-8A8F-2A86AE878112.jpeg (相似度: 0.761)
  💖 [Sophia 匹配] EBA04493-F3BC-4646-AA49-AE31CB7A0472.jpeg (相似度: 0.579)
  💜 [Sharon 匹配] EBA04493-F3BC-4646-AA49-AE31CB7A0472.jpeg (相似度: 0.730)
  💙 [John 匹配] EBA04493-F3BC-4646-AA49-AE31CB7A0472.jpeg (相似度: 0.782)
  💜 [Sharon 匹配] E9EE0EB5-3822-4C89-8CB3-6E40FB49D49C.jpeg (相似度: 0.669)
  💙 [John 匹配] E9EE0EB5-3822-4C89-8CB3-6E40FB49D49C.jpeg (相似度: 0.711)
  💖 [Sophia 匹配] 4EF778F6-B5E2-4E98-90D5-E660260220AC_1_201_a.jpeg (相似度: 0.576)
  💜 [Sharon 匹配] 548FDB82-BFEB-4398-B514-DF4E3907FF67.jpeg (相似度: 0.736)
  💜 [Sharon 匹配] FFC67319-0F98-405E-9D83-8788EB3DFE5E.jpeg (相似度: 0.667)
  💜 [Sharon 匹配] DB23685C-60A7-480F-AC04-708E543BA8B4.jpeg (相似度: 0.741)
  💙 [John 匹配] DB23685C-60A7-480F-AC04-708E543BA8B4.jpeg (相似度: 0.764)
  💙 [John 匹配] D9B61043-7FBB-4E03-BF5C-F4CBC9375333.jpeg (相似度: 0.796)
  💜 [Sharon 匹配] D9B61043-7FBB-4E03-BF5C-F4CBC9375333.jpeg (相似度: 0.713)
  💖 [Sophia 匹配] D9B61043-7FBB-4E03-BF5C-F4CBC9375333.jpeg (相似度: 0.604)
  💖 [Sophia 匹配] 40ACA6AB-FE82-436F-8A04-2280A0822CA4.jpeg (相似度: 0.439)
  💖 [Sophia 匹配] FFF48D27-C448-465E-B08E-AC6757337637.jpeg (相似度: 0.552)
  💜 [Sharon 匹配] A3F5B0DA-8868-424B-8051-065D4BA06D6E.jpeg (相似度: 0.654)
  💖 [Sophia 匹配] A3F5B0DA-8868-424B-8051-065D4BA06D6E.jpeg (相似度: 0.503)
  💖 [Sophia 匹配] 89799121-EDD7-41EF-9EDF-41580BEACB44.jpeg (相似度: 0.483)
  💜 [Sharon 匹配] 8D605F83-93AF-492C-85E7-23D6D119CD79.jpeg (相似度: 0.681)
  💖 [Sophia 匹配] 8D605F83-93AF-492C-85E7-23D6D119CD79.jpeg (相似度: 0.449)
  💖 [Sophia 匹配] 3CB9FF20-40C8-471B-9952-0139C78F4CF5.jpeg (相似度: 0.599)
  💖 [Sophia 匹配] 932C9D74-E217-4B0D-8CBC-06F2824B4B6B.jpeg (相似度: 0.513)
  💜 [Sharon 匹配] 932C9D74-E217-4B0D-8CBC-06F2824B4B6B.jpeg (相似度: 0.591)
  💜 [Sharon 匹配] 12ACF7F4-5AE0-48B0-A8D5-A23B7174DE69.jpeg (相似度: 0.513)
  💖 [Sophia 匹配] 052A60D1-6D76-4192-96BE-C801AAA6B0D3.jpeg (相似度: 0.521)
  💙 [John 匹配] 052A60D1-6D76-4192-96BE-C801AAA6B0D3.jpeg (相似度: 0.653)
  💖 [Sophia 匹配] 136CA677-EDF0-4D3C-872F-C0C01F94A36E.jpeg (相似度: 0.642)
  💙 [John 匹配] C64FA04C-6FA7-4DF2-9171-926FEB52035D.jpeg (相似度: 0.780)
  💖 [Sophia 匹配] 56D9D557-52BF-4011-AD4B-32508429D061.jpeg (相似度: 0.648)
  💖 [Sophia 匹配] B85B93D6-C71A-4522-AAE1-977D7E575A1E.jpeg (相似度: 0.653)
  💖 [Sophia 匹配] 3C796EFA-4EDD-466C-8853-1682D13A673A.jpeg (相似度: 0.646)
  💖 [Sophia 匹配] 17C21232-B0F7-491C-8C7F-6FDE40961073.jpeg (相似度: 0.603)
  💙 [John 匹配] 2B8B7180-37D5-4902-B146-418EC1263DD8.jpeg (相似度: 0.800)
  💖 [Sophia 匹配] 2B8B7180-37D5-4902-B146-418EC1263DD8.jpeg (相似度: 0.671)
  💙 [John 匹配] D724F5D0-8E99-4FD9-9907-1205896352D5.jpeg (相似度: 0.715)
  💜 [Sharon 匹配] D724F5D0-8E99-4FD9-9907-1205896352D5.jpeg (相似度: 0.717)
  💜 [Sharon 匹配] 8F10AE11-CB29-4E4E-815B-7C2130514A3D.jpeg (相似度: 0.660)
  💜 [Sharon 匹配] 7247237D-B2F1-46A4-A23F-3241E1132100.jpeg (相似度: 0.670)
  💙 [John 匹配] 7ABB2137-F4DA-4461-BB98-6E08A959F7D2.jpeg (相似度: 0.710)
  💜 [Sharon 匹配] 7ABB2137-F4DA-4461-BB98-6E08A959F7D2.jpeg (相似度: 0.714)
  💜 [Sharon 匹配] 964E015F-1A1D-48D0-9F72-C24EB59A706A.jpeg (相似度: 0.687)
  💙 [John 匹配] 51CA55E7-F898-43EB-8CFB-2CF2DBE84243.jpeg (相似度: 0.708)
  💜 [Sharon 匹配] 51CA55E7-F898-43EB-8CFB-2CF2DBE84243.jpeg (相似度: 0.724)
  💙 [John 匹配] 594149DC-FDA1-4082-AD28-92DAF7DC0CE0.jpeg (相似度: 0.725)
  💜 [Sharon 匹配] 594149DC-FDA1-4082-AD28-92DAF7DC0CE0.jpeg (相似度: 0.698)
  💜 [Sharon 匹配] 9DB73FB7-3540-4FF5-A673-1BFDCB15D3DA.jpeg (相似度: 0.666)
  💙 [John 匹配] 390E1893-411B-4114-9125-3ADE91D6F2EC.jpeg (相似度: 0.730)
  💜 [Sharon 匹配] 390E1893-411B-4114-9125-3ADE91D6F2EC.jpeg (相似度: 0.697)
  💙 [John 匹配] 964ED5AA-9505-4600-B389-B8DB14291160.jpeg (相似度: 0.699)
  💜 [Sharon 匹配] 964ED5AA-9505-4600-B389-B8DB14291160.jpeg (相似度: 0.693)
  💙 [John 匹配] 5C6D737B-4F58-4417-9360-C04B59F7FB36.jpeg (相似度: 0.704)
  💙 [John 匹配] 959FA0DE-463B-436F-B16B-5DEDD1EEF306.jpeg (相似度: 0.697)
  💜 [Sharon 匹配] 959FA0DE-463B-436F-B16B-5DEDD1EEF306.jpeg (相似度: 0.653)
  💙 [John 匹配] 85CD17C5-29F4-4335-99B5-4007D1E48C5D.jpeg (相似度: 0.691)
  💜 [Sharon 匹配] 85CD17C5-29F4-4335-99B5-4007D1E48C5D.jpeg (相似度: 0.652)
  💙 [John 匹配] 3508D3C5-C4FC-4201-AA1D-3EF2D9A14218.jpeg (相似度: 0.783)
  💜 [Sharon 匹配] 3508D3C5-C4FC-4201-AA1D-3EF2D9A14218.jpeg (相似度: 0.722)
  💖 [Sophia 匹配] 3508D3C5-C4FC-4201-AA1D-3EF2D9A14218.jpeg (相似度: 0.663)
  💖 [Sophia 匹配] 93607AC1-C8F7-4E42-BFE6-2434EE554576.jpeg (相似度: 0.429)
  💖 [Sophia 匹配] F8B2D5BF-8407-4E9F-8A10-9764ACC0CC95.jpeg (相似度: 0.535)
  💙 [John 匹配] F8B2D5BF-8407-4E9F-8A10-9764ACC0CC95.jpeg (相似度: 0.513)
  💖 [Sophia 匹配] 6F3E8563-1B6B-490F-B317-469AD3D7DFA0.jpeg (相似度: 0.650)
  💜 [Sharon 匹配] 6F3E8563-1B6B-490F-B317-469AD3D7DFA0.jpeg (相似度: 0.701)
  💙 [John 匹配] 6F3E8563-1B6B-490F-B317-469AD3D7DFA0.jpeg (相似度: 0.779)
  💜 [Sharon 匹配] 31A4C6A1-DB4E-4D22-93FE-8B96F68F884A.jpeg (相似度: 0.692)
  💖 [Sophia 匹配] 31A4C6A1-DB4E-4D22-93FE-8B96F68F884A.jpeg (相似度: 0.635)
  💙 [John 匹配] 31A4C6A1-DB4E-4D22-93FE-8B96F68F884A.jpeg (相似度: 0.785)
  💙 [John 匹配] ED68D6AE-F753-407A-AF55-0778D7C0A162.jpeg (相似度: 0.784)
  💜 [Sharon 匹配] ED68D6AE-F753-407A-AF55-0778D7C0A162.jpeg (相似度: 0.693)
  💖 [Sophia 匹配] ED68D6AE-F753-407A-AF55-0778D7C0A162.jpeg (相似度: 0.659)
  💖 [Sophia 匹配] 6CE6AC7A-8280-40B7-B6C0-20E7D6383BA4.jpeg (相似度: 0.600)
  💖 [Sophia 匹配] E03A0BDB-EFA8-4355-B9AB-3A6606F9F8DD.jpeg (相似度: 0.674)
  💖 [Sophia 匹配] 7716F8B2-A407-48C4-87AE-701C3DBE0C6A.jpeg (相似度: 0.576)
  💜 [Sharon 匹配] B718E700-D81B-44C2-9AAD-0BEEE0FF31EC.jpeg (相似度: 0.680)
  💖 [Sophia 匹配] B718E700-D81B-44C2-9AAD-0BEEE0FF31EC.jpeg (相似度: 0.672)
  💙 [John 匹配] B718E700-D81B-44C2-9AAD-0BEEE0FF31EC.jpeg (相似度: 0.788)
  💖 [Sophia 匹配] 54A137B3-C0C2-4312-AC4A-CAB11F2ECB9C.jpeg (相似度: 0.458)
  💖 [Sophia 匹配] 740F7609-5C87-4725-8ABC-2682959FD48E.jpeg (相似度: 0.534)
  💖 [Sophia 匹配] 91AF34D5-D813-4B41-B0FF-A9C36CA6325E.jpeg (相似度: 0.557)
  💜 [Sharon 匹配] 91AF34D5-D813-4B41-B0FF-A9C36CA6325E.jpeg (相似度: 0.660)
  💙 [John 匹配] 91AF34D5-D813-4B41-B0FF-A9C36CA6325E.jpeg (相似度: 0.787)
  💖 [Sophia 匹配] A2A20BBC-811B-4B8D-83DF-6BD85263F929.jpeg (相似度: 0.442)
  💜 [Sharon 匹配] A2A20BBC-811B-4B8D-83DF-6BD85263F929.jpeg (相似度: 0.536)
  💙 [John 匹配] A2A20BBC-811B-4B8D-83DF-6BD85263F929.jpeg (相似度: 0.772)
  💖 [Sophia 匹配] 0667CFF0-8298-41E9-8B2D-BFBA463ABB30.jpeg (相似度: 0.552)
  💜 [Sharon 匹配] 0667CFF0-8298-41E9-8B2D-BFBA463ABB30.jpeg (相似度: 0.601)
  💙 [John 匹配] 0667CFF0-8298-41E9-8B2D-BFBA463ABB30.jpeg (相似度: 0.746)
  💜 [Sharon 匹配] 6714DA81-45C1-482F-97CF-05468D6472F8.jpeg (相似度: 0.597)
  💖 [Sophia 匹配] 6714DA81-45C1-482F-97CF-05468D6472F8.jpeg (相似度: 0.423)
  💖 [Sophia 匹配] 153B59C5-C85F-4ADF-87D2-3E7A4DEB9C15.jpeg (相似度: 0.606)
  💜 [Sharon 匹配] 153B59C5-C85F-4ADF-87D2-3E7A4DEB9C15.jpeg (相似度: 0.707)
  💙 [John 匹配] 153B59C5-C85F-4ADF-87D2-3E7A4DEB9C15.jpeg (相似度: 0.774)
  💖 [Sophia 匹配] 05135CDC-2DD1-4066-813C-26006297B7BE.jpeg (相似度: 0.603)
  💖 [Sophia 匹配] 469E8F6F-5B69-40FE-A6F5-A4EEB8759EEE.jpeg (相似度: 0.583)
  💜 [Sharon 匹配] 8A7FD33E-A7EE-487A-A518-43179FF1649C.jpeg (相似度: 0.695)
  💖 [Sophia 匹配] 589D6440-CCCE-42BC-840C-8E8826B242BA.jpeg (相似度: 0.658)
  💖 [Sophia 匹配] 5889E706-EDC6-4B70-979C-16CA7991F427.jpeg (相似度: 0.491)
  💜 [Sharon 匹配] 5889E706-EDC6-4B70-979C-16CA7991F427.jpeg (相似度: 0.650)
  💖 [Sophia 匹配] 10CF8AD8-3DC2-471D-8D61-9A5D6F49AD8A.jpeg (相似度: 0.597)
  💙 [John 匹配] 10CF8AD8-3DC2-471D-8D61-9A5D6F49AD8A.jpeg (相似度: 0.792)
  💜 [Sharon 匹配] 10CF8AD8-3DC2-471D-8D61-9A5D6F49AD8A.jpeg (相似度: 0.705)
  💖 [Sophia 匹配] DDA0B8B8-2328-4C82-95E3-7EC923C653FB.jpeg (相似度: 0.591)
  💙 [John 匹配] DDA0B8B8-2328-4C82-95E3-7EC923C653FB.jpeg (相似度: 0.780)
  💜 [Sharon 匹配] DDA0B8B8-2328-4C82-95E3-7EC923C653FB.jpeg (相似度: 0.727)
  💜 [Sharon 匹配] D35BCEBA-0731-483C-BA71-C141070F97F8.jpeg (相似度: 0.625)
  💖 [Sophia 匹配] D35BCEBA-0731-483C-BA71-C141070F97F8.jpeg (相似度: 0.586)
  💖 [Sophia 匹配] 2603D08E-0C74-41B5-AB81-A8D26BFE0224.jpeg (相似度: 0.452)
  💜 [Sharon 匹配] 29BD0BEB-C133-4A9D-B6EC-790B00E9A921.jpeg (相似度: 0.688)
  💖 [Sophia 匹配] 29BD0BEB-C133-4A9D-B6EC-790B00E9A921.jpeg (相似度: 0.579)
  💙 [John 匹配] 29BD0BEB-C133-4A9D-B6EC-790B00E9A921.jpeg (相似度: 0.774)
  💙 [John 匹配] 6F425B12-0BD8-4C25-80AE-CF07FEC7DC01.jpeg (相似度: 0.793)
  💖 [Sophia 匹配] 6F425B12-0BD8-4C25-80AE-CF07FEC7DC01.jpeg (相似度: 0.614)
  💜 [Sharon 匹配] 6F425B12-0BD8-4C25-80AE-CF07FEC7DC01.jpeg (相似度: 0.700)
  💖 [Sophia 匹配] F1A16DCB-465E-432C-908C-3F4945BAE12D.jpeg (相似度: 0.568)
  💙 [John 匹配] F1A16DCB-465E-432C-908C-3F4945BAE12D.jpeg (相似度: 0.776)
  💜 [Sharon 匹配] F1A16DCB-465E-432C-908C-3F4945BAE12D.jpeg (相似度: 0.723)
  💖 [Sophia 匹配] CF687D12-1284-4E8A-ADF8-B541001FDAC6.jpeg (相似度: 0.601)
  💖 [Sophia 匹配] 32BE1A20-4D00-4B30-B8F2-298A64749958.jpeg (相似度: 0.544)
  💖 [Sophia 匹配] 7174F57F-5EAB-48E0-9625-3661703AAADA.jpeg (相似度: 0.642)
  💜 [Sharon 匹配] 7174F57F-5EAB-48E0-9625-3661703AAADA.jpeg (相似度: 0.718)
  💙 [John 匹配] 7174F57F-5EAB-48E0-9625-3661703AAADA.jpeg (相似度: 0.748)
  💖 [Sophia 匹配] CECCE62C-3957-492B-8AE8-098F27CBDF70.jpeg (相似度: 0.526)
  💜 [Sharon 匹配] CECCE62C-3957-492B-8AE8-098F27CBDF70.jpeg (相似度: 0.664)
  💙 [John 匹配] CB07B1DD-173A-486D-83FD-4AE9E98027DF.jpeg (相似度: 0.800)
  💜 [Sharon 匹配] CB07B1DD-173A-486D-83FD-4AE9E98027DF.jpeg (相似度: 0.688)
  💖 [Sophia 匹配] CB07B1DD-173A-486D-83FD-4AE9E98027DF.jpeg (相似度: 0.617)
  💜 [Sharon 匹配] 095CB9B6-1947-4D21-93C6-ADAD2A32AFE4.jpeg (相似度: 0.659)
  💖 [Sophia 匹配] 095CB9B6-1947-4D21-93C6-ADAD2A32AFE4.jpeg (相似度: 0.477)